#"f_a, f(q)"
10000000,0,-4.23588725318145e-10,-2.10700920453266e-10,-1.56808235873425e-10,7.21622055567984e-10,2.79646171285345e-09,7.66235467874526e-09,1.76485529252353e-08,3.689552436347e-08,7.19043410163715e-08,1.32711260215461e-07,2.34137345336336e-07,3.97376621242113e-07,6.51758310531167e-07,1.0366633787565e-06,1.60345730775332e-06,2.41729607832287e-06,3.55861792330018e-06,5.12412100322269e-06,7.22702837410031e-06,9.99647183480142e-06,1.35758853564631e-05,1.8120386724628e-05,2.37932353546941e-05,3.07615724150436e-05,3.91917584298101e-05,4.92447037059702e-05,6.1071620514974e-05,7.48106020417466e-05,9.05843509153094e-05,0.000108499251065156,0.000128645823227259,0.00015110045453493,0.000175928171072162,0.000203186147462735,0.000232927626924503,0.000265205950302836,0.000300078453657117,0.000337610072161947,0.00037787655865211,0.000420967289812961,0.000466987661831712,0.000516061073570631,0.000568330561155709,0.000623960128560603,0.000683135766332513,0.000746066226801538,0.000812983623999798,0.000884143944068404,0.000959827594168906,0.00104033998494992,0.00112601230057665,0.00121720238924303,0.00131429580822033,0.0014177072356575,0.00152788162803508,0.00164529618391724,0.0017704620179569,0.00190392602202233,0.00204627394175596,0.00219813335633609,0.00236017800740523,0.00253313339396294,0.00271778425655188,0.00291498353150131,0.003125664670425,0.00335085433443238,0.00359168940929838,0.0038494346286326,0.0041255008777512,0.0044214663887993,0.00473909532274949,0.0050803569696258,0.00544744307851839,0.00584278383898217,0.00626906029530622,0.00672921483917559,0.00722645699728401,0.00776426478802928,0.00834637875533151,0.00897678742843999,0.00965970238426574,0.0103995188266937,0.0112007644596819,0.0120680335818486,0.0130059020152187,0.0140188293882989,0.0151110496359579,0.0162864527714181,0.0175484821898366,0.0189000635663122,0.0203435923558387,0.0218809994295983,0.0235139031336165,0.0252438012289503,0.0270723227831597,0.0290014568216578,0.0310337870810489,0.0331727397438453,0.0354228226427116,0.0377898816119309,0.040281309295794,0.042906139380809,0.0456749809006872,0.0485997633177356,0.051693345685444,0.0549691019242117,0.0584406094426398,0.0621215186324719,0.0660256212721371,0.0701670154163907,0.074560269997662,0.0792205025567493,0.0841633923704738,0.0894051817462584,0.0949627510296385,0.100853722418034,0.107096573339561,0.113710631838283,0.120715959574555,0.128133037460049,0.135982303796616,0.144283560388759,0.153055584341042,0.162316115669146,0.172082334981916,0.182371208605555,0.193199299142443,0.204581901013013,0.216532310394977,0.22906192316341,0.242181603454219,0.255904137685584,0.270246721195834,0.285230060777223,0.300868474276724,0.317148980022352,0.334009230447698,0.3513339830884,0.368981419776494,0.386826490300393,0.404792515426802,0.422851778286745,0.440999193571036,0.45921778900188,0.477452596498798,0.495599538200794,0.513507935053309,0.53099175773359,0.547843241232436,0.563842692450079,0.578762043049202,0.592365259515338,0.604410403759625,0.614654504661105,0.622858488137605,0.628789193315793,0.632218263543302,0.632921431589657,0.630683487903084,0.62531126849647,0.616650982966458,0.60460249642493,0.589125120594689,0.570235851041168,0.548006904020145,0.522569727078933,0.494127032280564,0.462967847502513,0.429478057892454,0.394141139777921,0.357527992437334,0.320277588093968,0.283070414936418,0.246596275135484,0.211519044430166,0.178442635316292,0.147882019788216,0.120240455231039,0.0957922242254906,0.0746717446054437,0.056872306827717,0.0422568330290965,0.0305795293257713,0.0215147679971667,0.0146890836424909,0.00971253232778209,0.00620625286814468,0.00382402867495446,0.00226671172093999,0.00128942448639771,0.000702059271759097,0.000364922487488869,0.000180417133186863,8.4802716756755e-05,3.73726912528985e-05,1.59960892829176e-05,5.72489951083477e-06,2.82708871837505e-06,0
10234114.0210545,0,-4.08171116095575e-10,-2.04920201052645e-10,-1.5634688433476e-10,6.80433743843835e-10,2.65897629372406e-09,7.30318121821951e-09,1.68376658253176e-08,3.52169853672052e-08,6.86503151060821e-08,1.26723201995357e-07,2.23592301629073e-07,3.79504024202137e-07,6.22482212802791e-07,9.90166663016111e-07,1.53167331448033e-06,2.30934215551954e-06,3.4001975210358e-06,4.89693369589876e-06,6.90823966612076e-06,9.55830434585071e-06,1.29853977357637e-05,1.73395037941065e-05,2.27790808943449e-05,2.94671342614395e-05,3.75668855723612e-05,4.72374003283843e-05,5.86295677751479e-05,7.18828103661185e-05,8.71228290083292e-05,0.000104460575766392,0.000123992506907747,0.000145802031245783,0.000169961953668904,0.000196537640339081,0.000225590609071638,0.000257182264508688,0.000291377551514604,0.000328248372596828,0.000367876677281552,0.000410357190844845,0.000455799769909703,0.000504331418728129,0.000556097991644318,0.000611265586851956,0.000670021630141693,0.000732575747095673,0.000799160499782373,0.000870031914524581,0.000945470028842301,0.00102577956557492,0.00111129061384059,0.00120235960464434,0.00129937024465845,0.00140273499659611,0.00151289666828488,0.0016303299056494,0.00175554295746005,0.00188907995506533,0.00203152362924873,0.0021834986537257,0.00234567538104288,0.00251877549572095,0.00270357935400669,0.00290093483082936,0.00311176831158602,0.00333709815556753,0.00357805078437186,0.00383587805362348,0.00411197615216784,0.0044079056194221,0.00472541122735465,0.00506644141714798,0.00543316604473801,0.00582799206498084,0.00625357771411257,0.00671284158430944,0.00720897077611283,0.00774542217993463,0.00832592132495065,0.00895445299239931,0.00963524458223618,0.0103727342603239,0.0111715225268322,0.0120363033924423,0.0129717661666679,0.0139824747081237,0.0150727417005053,0.0162465012810217,0.0175072081364748,0.0188577951097478,0.0203006806102658,0.0218378511037837,0.0234709991960125,0.0252017004596084,0.0270316232514642,0.0289627292052814,0.0309975062813651,0.0331392028717374,0.035392115688757,0.0377618538931473,0.0402556114250778,0.0428822816111903,0.0456524248652054,0.0485780090644608,0.0516719873035879,0.0549478346289012,0.0584191812418546,0.0620996587609104,0.0660030052410448,0.0701432669203036,0.0745350621628786,0.0791936482369648,0.0841349235832243,0.0893753037669915,0.0949316205921073,0.100821095596625,0.10706131859832,0.113670433423847,0.12066730700604,0.128071802454612,0.135904692822998,0.14418718256559,0.15294011661779,0.162183235121307,0.171934914446402,0.182212017213221,0.193029793878048,0.204401533735376,0.216338594373122,0.228850657545701,0.241946074886202,0.255631678673018,0.269911934666413,0.284787019888641,0.300250191912753,0.316286840348963,0.332878502396486,0.350009098136812,0.36766099454017,0.385791319470583,0.404301717758913,0.42303319977516,0.441800980618275,0.460444967523074,0.47885588323428,0.496961374237554,0.514689242671641,0.531934881454167,0.548548360332989,0.564340788893345,0.579099282158388,0.592597236381109,0.604593520261869,0.614828384406902,0.623031021548046,0.628940856408869,0.632325594268078,0.632981687431498,0.630723676200667,0.625377048115309,0.61677960944017,0.604791185531093,0.589313988399043,0.570321121022644,0.547880821094468,0.522164663664993,0.493439783876512,0.462055031562316,0.428430791666438,0.393055196614621,0.356482510074424,0.319326585664664,0.282243982997477,0.245906043069147,0.210964176363181,0.178014679626308,0.147567746397161,0.120022596458761,0.0956497172172281,0.0745817387910421,0.0568141910312287,0.0422159495789369,0.0305481891548711,0.0214904338425283,0.0146714619899767,0.00970134899290552,0.00620040485737376,0.00382181173085079,0.00226643706354545,0.001289865201547,0.000702559981050761,0.000365246205758358,0.0001805689355938,8.48337534662272e-05,3.73702448261934e-05,1.59678192816328e-05,5.71523306210453e-06,2.81476570992352e-06,0
10473708.9795945,0,-3.90392265616924e-10,-1.95696536250423e-10,-1.49192272373763e-10,6.51125115609375e-10,2.54227320194886e-09,6.98037338021335e-09,1.60897959722598e-08,3.36473449518618e-08,6.55827061764447e-08,1.21050462757132e-07,2.1357199246052e-07,3.62488145072786e-07,5.94575427564569e-07,9.45809760525844e-07,1.46315642132598e-06,2.20626077642967e-06,3.24887555357114e-06,4.67984943620612e-06,6.60350237621324e-06,9.13923825560689e-06,1.24202951005972e-05,1.65916066874816e-05,2.1806841177731e-05,2.82247821029736e-05,3.60053102062543e-05,4.53053154820705e-05,5.62749024714489e-05,6.90542393187077e-05,8.37713403614972e-05,0.0001005409704284,0.000119464733123525,0.000140632277379595,0.000164123449915667,0.00019001115132905,0.0002183646248326,0.000249252917519036,0.000282748300303668,0.000318929498841385,0.000357884651307314,0.000399713949305144,0.000444531952776056,0.000492469614570448,0.000543676007123299,0.000598319778982602,0.000656590333561163,0.00071869880644279,0.000784878813845041,0.000855387072680484,0.000930503982574719,0.00101053425432506,0.0010958076425364,0.0011866798422539,0.00128353354381371,0.00138677991720283,0.00149685995777672,0.00161424621370015,0.00173944480900575,0.00187299762836501,0.00201548494400014,0.00216752860720046,0.00232979612084659,0.0025030059384038,0.00268793415370777,0.00288542341783027,0.00309639376286107,0.00332185544136493,0.00356292448886565,0.00382083983355035,0.0040969828243972,0.0043928963654266,0.00471030550289325,0.00505113797379768,0.00541754096016227,0.00581190034575786,0.00623685305100618,0.0066952988693684,0.00719040813482918,0.00772562302867087,0.0083046562741227,0.00893148084366176,0.00961031340602582,0.0103455861941677,0.0111419060593348,0.0120039918847967,0.0129365878769773,0.013944351691206,0.015031722144165,0.0162027799725378,0.0174611287296769,0.018809826903041,0.0202513843312395,0.0217878495887273,0.0234209508796365,0.0251522856251092,0.026983519386281,0.0289165962703499,0.0309539272290286,0.0330986477431765,0.0353548604174625,0.0377279507081763,0.0402248380336985,0.0428541539902146,0.0456262316058196,0.0485528941653885,0.0516470669107456,0.0549223132939068,0.0583924419521938,0.0620712936497701,0.0659727565403108,0.0701109414815852,0.0745004232977741,0.0791563793398817,0.0840946388224477,0.0893316240736301,0.0948842259606121,0.100769788043415,0.107005953033148,0.113610792054342,0.120602766975173,0.128001087241992,0.135825804756361,0.144097922692569,0.152838842247977,0.16206949636548,0.171809239310545,0.182075175429987,0.192882091103187,0.204242841806587,0.216168703874137,0.228669357486035,0.24175264120863,0.255424402252528,0.269688707400377,0.28454822151776,0.300004356408913,0.316056539466139,0.332699094934753,0.349912782783852,0.367649388584633,0.385815511967746,0.404270742815281,0.42285168351893,0.44141241833655,0.45985364772047,0.478119066102004,0.496163214919241,0.513913464196944,0.531246168927911,0.547982947406323,0.563902241726766,0.57875861520162,0.592303113537624,0.60429728067444,0.61451348387984,0.622723016638134,0.628686573756037,0.632159839692898,0.632908239026983,0.630716478795079,0.625391685243275,0.616769820226724,0.604729250088868,0.589206910664331,0.570211207073324,0.547827850928724,0.522219124561029,0.493622036643367,0.462350355297464,0.428799513358205,0.39344896374379,0.356857253374379,0.319648260219354,0.282489425284663,0.246063435912295,0.21103466254427,0.178012566282833,0.147516595720645,0.119948272483547,0.0955741002703173,0.0745194270494494,0.0567718241202021,0.0421931613947613,0.0305398921042333,0.0214899545477286,0.014673284174528,0.00970239265253082,0.00619981771875121,0.00382001785527373,0.00226421420929367,0.00128781212054464,0.00070097090676675,0.000364152348508172,0.000179903868902405,8.4447933752055e-05,3.71857541824697e-05,1.58670459397112e-05,5.68383422626756e-06,2.79536742493951e-06,0
10718913.1920513,0,-3.72287699492585e-10,-1.85969537887781e-10,-1.40936627816314e-10,6.24114827685091e-10,2.43041925139401e-09,6.66778110774413e-09,1.53629450451815e-08,3.21197848330444e-08,6.25965059066389e-08,1.15529776294527e-07,2.03825797314298e-07,3.4594973632537e-07,5.67473303353413e-07,9.02766857244861e-07,1.39672175590573e-06,2.10638565070662e-06,3.10235672736174e-06,4.46977265380242e-06,6.30873038276054e-06,8.73399614372393e-06,1.1873910419121e-05,1.58684602978798e-05,2.08665758751777e-05,2.70227989465651e-05,3.44935583641675e-05,4.34333527983475e-05,5.39911749514547e-05,6.63075029306178e-05,8.05121323984072e-05,9.67230329850342e-05,0.000115046298646686,0.000135577143895604,0.000158401798265313,0.000183600084357014,0.00021124843175799,0.000241423083202785,0.000274203295962211,0.000309674402131581,0.000347930628998755,0.000389077640638524,0.000433234823973505,0.000480537298467372,0.000531137644510404,0.00058520741719932,0.000642938432957387,0.000704543785111138,0.000770258678556712,0.000840341134895025,0.000915072584883486,0.000994758489761028,0.00107972903423782,0.00117034005071179,0.00126697408114201,0.00137004163365234,0.00147998275945512,0.00159726881459612,0.00172240439773933,0.00185592968187313,0.00199842296804059,0.00215050379212519,0.0023128372344888,0.00248613886558967,0.00267118125729074,0.00286880241970304,0.00307991668642679,0.00330552669271776,0.00354673879553714,0.00380477967700339,0.00408101566481833,0.00437697220612598,0.00469435402009568,0.0050350660604805,0.005401231588825,0.00579521054487472,0.00621961405854958,0.00667731646901433,0.00717146322761236,0.00770547413774977,0.00828304089353792,0.0089081188913886,0.00958491104519363,0.0103178415447156,0.0111115180096733,0.0119706755522684,0.0129000990128777,0.0139045161535461,0.0149884717498321,0.0161561860535289,0.0174114267855331,0.018757419807419,0.020196824848798,0.0217318012668648,0.0233641404575551,0.0250954598505675,0.026927417149782,0.028861927270171,0.030901369591207,0.033048825223916,0.0353083158644891,0.0376850943801922,0.0401858876182167,0.042819089094261,0.0455947706801791,0.0485245181524286,0.0516210857394771,0.0548979487875005,0.0583689248528744,0.0620479120668544,0.0659488931891585,0.0700860605997905,0.0744740619454538,0.0791281420232752,0.0840642241899843,0.0892988532767138,0.0948491398696753,0.100732693178209,0.106967528509223,0.113571982590095,0.120564503416139,0.127963611507002,0.135787860842624,0.144056125327489,0.15278774460993,0.162002640118572,0.171720917540084,0.181962259508821,0.192744964796878,0.204085031014386,0.215995212093002,0.228484350351802,0.241556962347448,0.255213273428141,0.269449643227021,0.284259269729769,0.299632504463752,0.315555626807245,0.332006550794433,0.348946242813315,0.366306522448234,0.383981076881979,0.401836399545665,0.41975806143569,0.437714558935773,0.455774832855239,0.474026972528714,0.492439433396448,0.510782615162445,0.528680769536982,0.545742921988319,0.561667809930901,0.57626809325413,0.589428771009951,0.601038991813314,0.610931372163368,0.618861160158739,0.624548165358544,0.627761023747435,0.6283715275502,0.626317052315894,0.621498027936334,0.613712114021699,0.602690307020375,0.588194307465113,0.570090982340158,0.548374215746371,0.523163539376248,0.494705381951986,0.46337182451639,0.429644947437166,0.39408939503561,0.3573245555785,0.32000286487995,0.282792150880193,0.246356636040388,0.211333770893273,0.178307987348083,0.14778412031317,0.120162912623794,0.095720868864222,0.0745973594088904,0.0567919313722883,0.0421733077772956,0.0304992637899878,0.0214446641140081,0.0146338853296678,0.00967351660317776,0.00618151687603834,0.00380989291391012,0.00225933073862502,0.0012858097340447,0.000700362058983332,0.000364131273048334,0.000180093936334412,8.46464205983875e-05,3.73589145659102e-05,1.59539004391559e-05,5.74961222696196e-06,2.81184852221268e-06,0
10969857.9789238,0,-3.55188643035928e-10,-1.77118047128782e-10,-1.33605092521339e-10,5.97885051245167e-10,2.32455388888243e-09,6.37435306997687e-09,1.46839294311961e-08,3.06970390008335e-08,5.98205774166466e-08,1.10403742813408e-07,1.94781350670852e-07,3.30603367011915e-07,5.42316978600678e-07,8.62789465084865e-07,1.33496406357927e-06,2.01343889535214e-06,2.96582433575123e-06,4.27372488264732e-06,6.03319181463326e-06,8.35451449521396e-06,1.13612601475163e-05,1.51885341711217e-05,1.99805106387191e-05,2.58873667236929e-05,3.30618343223835e-05,4.16556438878649e-05,5.18161676425741e-05,6.36835641372772e-05,7.73886807540224e-05,9.30518908174906e-05,0.000110782940064015,0.000130681770008086,0.000152840190760302,0.000177344209551868,0.000204276792470317,0.000233720838603332,0.000265762176390571,0.00030049244688106,0.000338011791219741,0.000378431304364925,0.000421875245826569,0.000468483026143367,0.000518410976387589,0.000571833861531319,0.000628946222931964,0.000689963489212029,0.000755122871435357,0.000824684128309721,0.000898930173022784,0.000978167702495332,0.00106272788878081,0.00115296727826102,0.00124926877332503,0.0013520429438839,0.00146172955711891,0.00157879924888085,0.00170375556598849,0.0018371374202758,0.0019795217069723,0.00213152618800364,0.00229381365041255,0.00246709721781376,0.00265214612063932,0.00284979413743921,0.00306094993578428,0.00328660887508244,0.00352786764975884,0.00378594093407869,0.00406218028008383,0.00435809350330133,0.00467536510603013,0.00501587718315043,0.0053817291300016,0.00577525656998562,0.00619904729124287,0.00665595542756104,0.00714911165933687,0.00768192742259276,0.00825809472073107,0.00888157538375165,0.00955658344167256,0.0102875525805577,0.0110790936699746,0.0119359342544939,0.0128628424674322,0.0138645320581682,0.0149455532208038,0.0161101768862554,0.0173622842843208,0.0187052810026158,0.0201420612840119,0.0216750344397794,0.0233062169409754,0.0250373868761392,0.026870276744416,0.0288067935828848,0.0308492497513599,0.0330006038365462,0.0352647204838021,0.0376466336591711,0.0401527875713572,0.0427912051593105,0.0455715376335441,0.0485049449517595,0.0516038387940928,0.0548815242034782,0.0583518522486646,0.0620289608515002,0.0659271720006082,0.070061000405407,0.0744452860841062,0.0790952928084641,0.0840268509781312,0.0892564049066826,0.0948010812874204,0.10067862387494,0.106907328700083,0.113505810054845,0.120492866149359,0.127887270613856,0.135707790175619,0.143973142992214,0.152702133430798,0.161913626555123,0.171626590310204,0.181859835108306,0.192631580921514,0.203958530923867,0.215854759036587,0.228330540973506,0.241391598317284,0.255038796644061,0.269268291810919,0.284071803275555,0.299436604208472,0.315344546568554,0.331769625299781,0.348674896860935,0.366012381894581,0.383730850533841,0.401788787918677,0.420153139633952,0.438762841574895,0.457476876172353,0.476073607928774,0.494333060089077,0.512125759726536,0.529401121788791,0.546083062798316,0.561988003148143,0.576839834132557,0.590345707041167,0.602257926589873,0.612386594570569,0.620570917820144,0.62663445804728,0.630352992346169,0.631456407819686,0.629665414334564,0.624740420280655,0.616510735210136,0.604867234554785,0.58973518098743,0.571066370792685,0.548871192266114,0.523268444897956,0.49451391355035,0.462991968946873,0.429183804132624,0.393633805655247,0.356927081633636,0.319679648391372,0.282533276966813,0.246143142475002,0.211151792004882,0.178153498897203,0.147659101381408,0.120068884865319,0.0956551715166904,0.074553473563663,0.0567619906801677,0.0421505013873745,0.0304790672676343,0.0214249672376446,0.0146144639002196,0.00965523537676232,0.00616553879024642,0.00379708695806136,0.00224998190762957,0.0012796206301956,0.000696665206641828,0.000362142086576783,0.000179145889015109,8.42342926332216e-05,3.72181193648013e-05,1.58961738581156e-05,5.74504741184957e-06,2.80429273635084e-06,0
11226677.7351081,0,-3.39976805232256e-10,-1.69828174656659e-10,-1.286010597065e-10,5.70367386290082e-10,2.22067840434701e-09,6.09196245556317e-09,1.40356394328185e-08,2.93438331633995e-08,5.718515977002e-08,1.0554083653602e-07,1.86202268746499e-07,3.16042979872718e-07,5.18437546330388e-07,8.24817398782062e-07,1.27626180069068e-06,1.9250209180983e-06,2.83583517014208e-06,4.08690653349442e-06,5.77037770648869e-06,7.99219513278075e-06,1.08712707011177e-05,1.45379144304296e-05,1.91315816901054e-05,2.47980559534002e-05,3.16862611778631e-05,3.99449552051982e-05,4.97195864053647e-05,6.11495926065423e-05,7.43663824339333e-05,8.94921689436879e-05,0.000106639733816121,0.000125913101514051,0.000147409014754149,0.000171219041087779,0.000197432107748489,0.000226137258157503,0.000257426455997881,0.000291397310753208,0.000328155636259809,0.000367817804910805,0.00041051291084428,0.000456384709626148,0.00050559337073278,0.000558317059395507,0.000614753306371958,0.000675120170457074,0.000739657215890387,0.000808626272438121,0.00088231218344951,0.000961023424708209,0.00104509276925178,0.00113487805236099,0.0012307632550583,0.0013331596850753,0.00144250750763867,0.00155927751319544,0.0016839732046961,0.00181713293633701,0.00195933266693961,0.00211118917260952,0.00227336407386504,0.00244656847573085,0.0026315689662766,0.00282919592823267,0.00304035317091828,0.00326602947736242,0.00350731262155223,0.00376540604511224,0.00404164737731872,0.00433752709599857,0.00465470912255651,0.00499505288846127,0.00536063260056686,0.00575375688626905,0.0061769878908184,0.00663315509651687,0.00712537014479722,0.0076570317329178,0.00823182875746967,0.00885373097674858,0.00952696854989401,0.010255999509882,0.0110454590434368,0.0119000951367224,0.0128246901584569,0.0138239680918383,0.0149024969337834,0.0160645869650464,0.0173141983923395,0.0186548679881145,0.0200896705455776,0.0216212279503791,0.0232517698511588,0.0249832513236113,0.026817515944587,0.0287564963746381,0.0308024427724404,0.0329581702268834,0.0352273224934096,0.0376146386706324,0.0401261929822278,0.0427695778479633,0.0455539813324876,0.0484901349680443,0.0515901332792877,0.0548671535648163,0.0583351660925037,0.0620086585878713,0.0659024858019104,0.0700317565917249,0.0744118344445692,0.0790583345547667,0.0839871679404828,0.0892146326875138,0.0947574765684664,0.100633027427957,0.106859163725224,0.113454324103916,0.120437376563127,0.127827605249497,0.135644678182633,0.143908651047867,0.152639796128372,0.161858177574777,0.17158299969594,0.181831885979568,0.192620343443214,0.203961372320561,0.215865122163559,0.228338385890164,0.241384154024712,0.255001541373314,0.26918647217488,0.283932990878505,0.299234359994566,0.315082336970149,0.331463559844134,0.348354189560187,0.365715880750581,0.383495228550463,0.401625417101529,0.420027061527262,0.438606984756505,0.457256687467019,0.475852512056841,0.494257377733183,0.512322269612399,0.529886437141087,0.546776803609802,0.562807305231892,0.577777277458327,0.591467073015836,0.603631794900174,0.613999837930857,0.622284953662803,0.62821246673241,0.631547227606348,0.632106850390918,0.629753964314737,0.624375536503506,0.615864597114298,0.604117651208886,0.589050003454862,0.570614872976619,0.548809355415704,0.523675780645281,0.495330277429384,0.464023731197824,0.430187415537917,0.394415619353491,0.357397673700105,0.319850397182819,0.282479096366328,0.245958434090584,0.210917090733958,0.177920848316867,0.147454543682895,0.119902991849418,0.0955320335910796,0.0744740671047193,0.0567236441559911,0.0421461191719203,0.0304981716972444,0.0214562506065807,0.0146484118461974,0.00968564432861282,0.00618960571151205,0.00381449515298342,0.00226170916431281,0.00128702374308925,0.00070102142389407,0.000364485249559624,0.000180281052209176,8.47021025983588e-05,3.7389913294848e-05,1.59345634620799e-05,5.75860308761589e-06,2.8000977751017e-06,0
11489510.0018731,0,-3.24372504489818e-10,-1.61412165818343e-10,-1.21216519623968e-10,5.47946276184245e-10,2.12661645333055e-09,5.82794728840033e-09,1.34204298155603e-08,2.80487087367575e-08,5.46494460510504e-08,1.00845827931736e-07,1.77900881644012e-07,3.01933891443783e-07,4.95278603274482e-07,7.87974672261098e-07,1.21929643246509e-06,1.83922238009451e-06,2.70971774516823e-06,3.90569476730184e-06,5.51551546610718e-06,7.64092037934467e-06,1.03963027077709e-05,1.39073004082628e-05,1.83087444264134e-05,2.37420724427585e-05,3.03523848139217e-05,3.82853725406575e-05,4.7684376401133e-05,5.86878354152318e-05,7.14273497838451e-05,8.60265212022093e-05,0.000102600650290332,0.000121257281293982,0.000142097504236079,0.00016521786309507,0.000190712684464635,0.000218676640353101,0.000249207378885894,0.000282408099206706,0.00031838999235389,0.000357274509309042,0.000399195451124893,0.000444300872864981,0.000492754842584299,0.000544739022864839,0.000600454079196731,0.000660120914185654,0.000723981697152255,0.000792300735268064,0.000865365202593444,0.00094348578478733,0.0010269973755844,0.00111625985754651,0.00121165904057764,0.00131360790192438,0.00142254793751138,0.0015389509445295,0.00166332104840012,0.00179619699875598,0.00193815475316022,0.00208981061153583,0.00225182525169365,0.00242490855407607,0.00260982544399879,0.00280740345736323,0.00301854248689207,0.00324422639792414,0.00348553601226846,0.00374366561413735,0.00401994036643912,0.00431583541517949,0.00463299616778131,0.00497325949310398,0.00533867358389144,0.0057315184960019,0.00615432539117507,0.00660989230818256,0.00710129963022357,0.00763191862779808,0.00820541590334942,0.00882574601717229,0.00949713420874254,0.0102240415469969,0.0110111155760288,0.0118631234434806,0.0127848717407558,0.013781115872423,0.0148564672123521,0.0160152995041527,0.0172616647584633,0.0185992197752719,0.020031182489253,0.0215603212272337,0.0231889934462761,0.024919250012188,0.0267529820239617,0.0286921420428407,0.0307389854219321,0.0328963210682483,0.0351677846024564,0.0375580813608541,0.0400732157509583,0.0427206590053328,0.0455094150176058,0.0484499861456651,0.0515541816181162,0.0548348773958173,0.058305735294239,0.0619809892035297,0.0658753237114962,0.0700038042999757,0.0743818801310867,0.0790253051158849,0.0839501434109469,0.0891727038728347,0.0947096692773167,0.10057819349604,0.106796142840704,0.113382156523915,0.120355699331775,0.127736814737349,0.135545806456269,0.143802658507668,0.152526407162381,0.161734592873232,0.171443030621963,0.181666265137212,0.192418412556227,0.203714100512434,0.215568431710361,0.227995850413768,0.241008045396978,0.254612059360692,0.268809029476264,0.283593611297377,0.298953523366179,0.314869236966146,0.331314000506563,0.34825431757526,0.365650313492322,0.383455183203827,0.401612866378272,0.420053268388243,0.43868476366808,0.457386042071578,0.476004034505152,0.494366639887468,0.512309082076911,0.529693601549154,0.54639771626395,0.562273459203115,0.577113405318329,0.590655698643584,0.602621646423597,0.612752039551554,0.620818433866464,0.626613311433687,0.629939368096566,0.630613582107986,0.628482066718526,0.623423176526171,0.615320952182278,0.604024379535354,0.589339248735936,0.571084509261642,0.549186098093935,0.523742791665469,0.495028742467186,0.463455559707554,0.429532499599112,0.393836708327568,0.356987694247967,0.319626232168441,0.282401722588852,0.245963243040296,0.210943638072184,0.177932043080902,0.14743993923923,0.119869704586997,0.0954923430806068,0.0744371480572659,0.0566933684326593,0.042122638729079,0.0304802278276686,0.0214425840525517,0.0146381573592952,0.00967821402492359,0.00618449698392346,0.0038111999383373,0.00225972599484378,0.00128590914283212,0.000700435902887621,0.000364191781831297,0.000180148478408981,8.46344459489174e-05,3.73738718626876e-05,1.59143566007068e-05,5.76418271540234e-06,2.79369627134662e-06,0
11758495.5405216,0,-3.08412426553571e-10,-1.51924284603492e-10,-1.11520183190664e-10,5.30621491317599e-10,2.04263704294056e-09,5.58335102460862e-09,1.28411037685959e-08,2.68181312142909e-08,5.2226793954153e-08,9.63442622530309e-08,1.69923030964133e-07,2.88354131625445e-07,4.72967001780636e-07,7.52459306003395e-07,1.1643660391371e-06,1.75647741808168e-06,2.58808556240696e-06,3.73093285859043e-06,5.26973497903206e-06,7.30216891331449e-06,9.93824976849002e-06,1.3299069190174e-05,1.75149287829297e-05,2.27229675634312e-05,2.90644444237457e-05,3.66818858336803e-05,4.57163370852249e-05,5.63049561318546e-05,6.85791605350245e-05,8.26634826053557e-05,9.86752140961519e-05,0.000116724841125523,0.000136917195101265,0.00015935318570954,0.000184131946093508,0.000211353219821241,0.000241119836658165,0.000273540153071956,0.000308730382596121,0.000346816777752535,0.000387937657985494,0.000432245279686644,0.000479907575272615,0.000531109740015768,0.000586055686457142,0.0006449693140886,0.000708095627248435,0.000775701628242417,0.000848077129761658,0.000925535407156591,0.00100841390566973,0.00109707496219869,0.00119190673102853,0.00129332430298137,0.00140177116702372,0.00151772093318435,0.00164167922720881,0.00177418595921395,0.00191581815021799,0.00206719307863713,0.00222897201359304,0.00240186483412496,0.00258663587536539,0.00278411139835182,0.00299518865320395,0.00322084679903919,0.00346216051604988,0.00372031515390118,0.00399662405169559,0.0042925478465811,0.0046097140851028,0.00494993853900927,0.00531524570843961,0.00570788846402042,0.00613036851391345,0.00658545148425825,0.00707618325079217,0.00760589863205758,0.00817822668606456,0.00879708517442019,0.00946666589397833,0.0101914038095783,0.0109759322683375,0.0118250204373742,0.012743498585437,0.0137361717100118,0.0148077292802299,0.0159626531202093,0.017205128035534,0.0185389695399781,0.0199675639261049,0.0214938471304485,0.0231203244968661,0.0248491569434871,0.026682310998409,0.0286217677248445,0.0306697680862779,0.0328290766490351,0.0351032452207792,0.0374968683637491,0.0400158082669163,0.0426673785623699,0.0454604143341965,0.048405235065407,0.0515134749110942,0.0547978126911538,0.0582717061403732,0.0619491753450682,0.0658446997847933,0.0699732133610857,0.0743501403773359,0.0789913811303601,0.0839132621039317,0.0891324288314904,0.0946657896969649,0.100530578732266,0.106744482406796,0.113325868391053,0.120293910416723,0.127668608277572,0.135470522220254,0.143720260476048,0.152437636341123,0.161640866949258,0.171345923214049,0.181566666753242,0.192315507394526,0.203604592789581,0.21544653350378,0.22785443250238,0.240840737728798,0.254415422009459,0.268583708524891,0.283344001274624,0.298686273874138,0.314591332007408,0.331030824740644,0.3479677634218,0.365356988308131,0.383145205719111,0.401270121060469,0.419658417643361,0.438222811332237,0.456859417055031,0.475446924613521,0.493847702839761,0.511908568596314,0.529458885857966,0.546307566830087,0.56224430085872,0.57704778105187,0.590496347591308,0.602373351263188,0.612464641879254,0.620552617313935,0.626413307525249,0.629820996182307,0.630561237947487,0.628445742449511,0.623314667394931,0.615019898377256,0.603410078886274,0.588349142932092,0.569765922264889,0.547693443308134,0.522271817663766,0.493735148650989,0.462410831979155,0.428727634853664,0.393212632222178,0.35647164791926,0.319161932418028,0.281964185491303,0.24555521640177,0.210580750931572,0.17762820631911,0.147200000041755,0.119689347835778,0.0953616827133355,0.0743446948888127,0.0566287228110741,0.0420776416809076,0.0304489978352044,0.0214210255043003,0.0146233937027762,0.00966817130281878,0.00617766958974683,0.00380652800294606,0.00225650472127146,0.00128369069662865,0.000698937759422324,0.000363212959652204,0.00017954954277073,8.42786790655605e-05,3.71945155869798e-05,1.58112646566229e-05,5.72968833223162e-06,2.7717049795177e-06,0
12033778.4077759,0,-2.93782138539861e-10,-1.43698266599903e-10,-1.03749867261505e-10,5.11804428698888e-10,1.95925578440231e-09,5.34573103865757e-09,1.2283523742388e-08,2.56395680589464e-08,4.99132136245346e-08,9.205276281212e-08,1.62325203559237e-07,2.75428418933986e-07,4.51735094720504e-07,7.18663086382233e-07,1.11208662613521e-06,1.67770348945977e-06,2.47224525265034e-06,3.5644112377159e-06,5.03540679681774e-06,6.97898283017556e-06,9.50090448935722e-06,1.27178225239623e-05,1.67555766549359e-05,2.17470209085743e-05,2.78295179112711e-05,3.51422946383175e-05,4.38238785423421e-05,5.40098348899347e-05,6.58310018082893e-05,7.94123708896174e-05,9.48726951732172e-05,0.000112324832925695,0.000131876765847958,0.000153633175190146,0.000177697423449645,0.000204173782056305,0.000233169765976759,0.000264798449640286,0.000299180691050919,0.000336447241169004,0.00037674070773756,0.000420217379682521,0.000467048953096056,0.000517424124679483,0.000571550050779785,0.000629653697388497,0.000691982985404402,0.000758807755790752,0.000830420609640122,0.000907137646986601,0.000989299110945972,0.00107727012253356,0.00117144155988836,0.00127223117772718,0.00138008497843391,0.00149547886778769,0.00161892061836596,0.00175095218466268,0.00189215244358446,0.0020431403419794,0.00220457848529957,0.00237717771900804,0.00256170291583818,0.00275897983264057,0.00296990388658722,0.00319545109323039,0.00343669062121594,0.0036947999448856,0.00397108201830403,0.00426698360877171,0.0045841153978396,0.00492427336250607,0.00528945901296889,0.00568189986180832,0.00610406896385879,0.00655870239969702,0.00704881400912421,0.0075777064137166,0.00814897663188216,0.00876651317211862,0.00943448340296265,0.0101573054173732,0.0109396081498271,0.0117861715975553,0.0127018546796281,0.0136915111362586,0.0147598980672357,0.0159115831534703,0.0171508580592136,0.01848166034768,0.0199075155077863,0.0214315035610952,0.0230562751236356,0.0247841193150381,0.0266170934349813,0.0285572296578759,0.0306067712663916,0.0327684368459314,0.035045699592678,0.0374430292086392,0.0399661285393341,0.042622112271332,0.0454195871554776,0.0483686399612141,0.0514806795687217,0.0547681974260026,0.0582445050048441,0.0619235161350902,0.065819647478277,0.0699478071198793,0.0743234585890816,0.078962602991978,0.0838817727348898,0.0890978501825861,0.0946280333230844,0.100489767687417,0.106700880883705,0.113279759294103,0.120245469426101,0.127617858444468,0.135417323028459,0.143664482185778,0.152379384547503,0.161580625323807,0.171284347885864,0.181503863576171,0.192250081029851,0.20353291103633,0.215362826043515,0.227751794796391,0.240712810806001,0.254258108133413,0.26839645668614,0.283130279426016,0.298453174146363,0.314348352681528,0.330788087698239,0.347733921980315,0.365137294621846,0.382940433742539,0.401077204898356,0.419472775167591,0.438040356485164,0.456674569498789,0.475245442908647,0.493601518779824,0.511586072977625,0.529052736307242,0.545856156606521,0.561818144693863,0.576710116627402,0.590283381367213,0.602316134557876,0.612618681314173,0.620990245437845,0.627177210945074,0.63087728748782,0.631793049716176,0.629697544261895,0.624446782838154,0.615911072731759,0.603912061082553,0.588287696748986,0.569043670778015,0.546401110543447,0.520676296173161,0.492152844445265,0.461088033607831,0.427799983247112,0.392717141077622,0.356366990576309,0.319349280860573,0.282317405678446,0.245956804232238,0.210948642173821,0.17792331120017,0.147416986347464,0.119840879783068,0.0954650306629824,0.0744142424454834,0.0566738291833899,0.0421037910658226,0.0304600420581482,0.0214208444735931,0.0146162707935691,0.00965818878529034,0.00616791084777643,0.00379869338062584,0.00225106732291744,0.00128035821280929,0.000697125653287727,0.000362346314586301,0.000179205299224072,8.41686642698804e-05,3.71967940765656e-05,1.58141864646905e-05,5.75672969971757e-06,2.7723636502412e-06,0
12315506.0329283,0,-2.84309394681824e-10,-1.40730341349498e-10,-1.04777118484098e-10,4.83136490476118e-10,1.86759452812188e-09,5.10998482908511e-09,1.17549587341688e-08,2.45485056220747e-08,4.7799110034851e-08,8.81584424410748e-08,1.5545322574593e-07,2.63748719304755e-07,4.32538985251181e-07,6.88059049855184e-07,1.06463841179769e-06,1.60601589743526e-06,2.36650977338005e-06,3.41193101459876e-06,4.82012778159325e-06,6.68106459699354e-06,9.09636871823741e-06,1.21783185239518e-05,1.60483005472672e-05,2.08348174012198e-05,2.66711813301591e-05,3.36930698107785e-05,4.20361441229372e-05,5.18339344315611e-05,6.32161735159707e-05,7.63077183645838e-05,9.12281404049942e-05,0.000108091999318689,0.000127009750094257,0.000148089179545959,0.000171437238963057,0.000197162129420936,0.000225375498834097,0.000256194641515198,0.000289744629137511,0.000326160337761751,0.000365588349839514,0.000408188737225362,0.000454136764707078,0.000503624485195801,0.000556862207894045,0.000614079881325257,0.00067552828577769,0.000741480065913838,0.000812230620249238,0.00088809882943718,0.000969427747632073,0.00105658533739628,0.00114996531735133,0.00124998820192461,0.00135710264718032,0.00147178712522776,0.00159455189007142,0.00172594131666018,0.00186653657844648,0.00201695868097151,0.00217787224554739,0.00234998989325814,0.00253407745722835,0.00273096084664453,0.00294153463243007,0.00316677216761691,0.0034077378739173,0.00366560195627402,0.00394165713710493,0.00423733714357883,0.00455423630869282,0.00489413093924434,0.00525900048439281,0.00565104751139567,0.00607271904790559,0.00652672438815102,0.00701605163532103,0.00754398120911209,0.00811409424207818,0.00873027325568238,0.00939669449608825,0.010117803452274,0.010898274032758,0.0117429471947546,0.0126567515291761,0.0136446064465609,0.0147113190520971,0.0158614824804093,0.0170993879579075,0.0184289618347578,0.0198537260490442,0.0213768027824075,0.0230009518692885,0.0247286334913258,0.0265621053803512,0.0285035663546713,0.0305553293784038,0.0327200480010763,0.035000985464125,0.0374022632309106,0.0399291325476416,0.0425881870946669,0.0453875305254955,0.0483368500110745,0.0514473794474425,0.0547317492072047,0.0582037317395875,0.0618779542927273,0.0657696083545328,0.0698942108793013,0.0742674440773394,0.0789050952627588,0.083823091962281,0.0890376383888187,0.0945653577203657,0.100423477457957,0.106629863980689,0.113203099793656,0.120162324659958,0.127527180623004,0.135317480438119,0.14355307774658,0.152253557581178,0.161438321400735,0.171126566982062,0.181337511765766,0.192090190476311,0.203403087392341,0.215293120420377,0.227774026784475,0.240853607513706,0.254530352360364,0.268790914033969,0.2836107515127,0.298958729573917,0.314803876903387,0.331120637941218,0.347889572682228,0.365092654378653,0.382704658586441,0.400683886667602,0.418966044986649,0.437463687078545,0.456069917784102,0.474662036491859,0.493101626211328,0.51123207660788,0.528877485434615,0.54584529783051,0.561931309010073,0.576924385103581,0.590609687894278,0.602770264453542,0.613186184426263,0.621630278785405,0.627862334066522,0.631627682911329,0.632666319019815,0.630732545862114,0.625617497239963,0.617165007136589,0.605276422198432,0.589907055617877,0.571061509973951,0.54879521529643,0.52322484228213,0.494544824506208,0.463047175169516,0.429142934211891,0.393374629700725,0.356398584546572,0.318929835036127,0.28167604202626,0.245296584660277,0.210393672590747,0.177513078602407,0.147134084340899,0.119646592077364,0.0953246503527058,0.0743069025391904,0.0565909148248352,0.0420428749722057,0.0304195438073148,0.0213975380235203,0.0146053790144313,0.00965470317967515,0.0061678289479793,0.00379953772760651,0.00225171900443863,0.00128055968980556,0.000696999626874374,0.00036208020921205,0.000178942941747231,8.39596166245922e-05,3.7068108373416e-05,1.57319692681794e-05,5.72503311528272e-06,2.75223134665444e-06,0
12603829.2967973,0,-2.70984393414259e-10,-1.33747221159346e-10,-9.92063821877734e-11,4.61909104669145e-10,1.78219811357332e-09,4.87343621406387e-09,1.12072106575086e-08,2.34002727813066e-08,4.55584032874774e-08,8.4021459917746e-08,1.48157448463119e-07,2.51378822624958e-07,4.12281294041289e-07,6.55901461797953e-07,1.0150173602971e-06,1.53141681008173e-06,2.25703378272336e-06,3.25484719763618e-06,4.59943676764444e-06,6.37710481750586e-06,8.68550005026738e-06,1.16327186210713e-05,1.53359058677741e-05,1.99194336366255e-05,2.55127765514567e-05,3.22482492131881e-05,4.02587891000839e-05,4.96759729930767e-05,6.06284369279819e-05,7.3240832427771e-05,8.76333987926453e-05,0.000103922170440546,0.000122219780596784,0.000142636774259182,0.00016528330861862,0.000190271105993406,0.00021771553450277,0.000247737710260598,0.000280466545454264,0.000316040705152587,0.000354610466815847,0.000396339469542618,0.000441406384982402,0.000490006511398053,0.000542353269762684,0.000598679593533791,0.000659239169047753,0.000724307520542995,0.000794182914452052,0.000869187169179085,0.000949666361749587,0.00103599155094312,0.00112855964058978,0.00122779440447437,0.00133414787727555,0.00144810203308345,0.00157017071273716,0.00170090194574288,0.00184088068528217,0.00199073180586405,0.00215112343199039,0.00232277127703951,0.00250644393040154,0.00270296905877579,0.00291324145801953,0.00313823334675578,0.00337900625935808,0.0036367249738362,0.00391267398472031,0.00420827666670285,0.0045251140252363,0.00486494595097658,0.00522973228164698,0.00562165373410457,0.00604313128907729,0.00649684430628768,0.00698574643834512,0.00751307746151145,0.00808237238645393,0.0086974623102162,0.00936247001162289,0.0100817917276141,0.0108600655553419,0.0117021225384745,0.0126129186102569,0.0135974482943534,0.0146606425930013,0.0158072654277782,0.0170418101386548,0.0183684175940695,0.0197908170107602,0.0213123071483828,0.0229357746800797,0.0246637490671627,0.0264985086620799,0.0284422247337061,0.0304971491646621,0.0326658447493478,0.0349514428526689,0.0373579013153168,0.0398902682137793,0.0425549042637712,0.045359653120959,0.0483139164026948,0.0514286222726685,0.0547160921858269,0.0581898056351627,0.0618641762820984,0.0657542997967995,0.0698757899966303,0.0742446411335956,0.0788771150207486,0.0837896737925584,0.0889989203234838,0.0945216435282839,0.100374940517169,0.106576388387306,0.113144232002684,0.120097391723487,0.127455414532497,0.135238139707813,0.143465503081758,0.15215717003717,0.161332610461992,0.171011024052039,0.181211578399746,0.191953174451859,0.20325405694162,0.215130833888786,0.227596973834806,0.240660479597486,0.254320926685907,0.26856715245724,0.283377330529162,0.298722493283113,0.314572135856249,0.330898976918603,0.347679932933105,0.364892352308819,0.382506835709135,0.400479728618948,0.418748356028297,0.437230077883395,0.455823405955721,0.474408508340099,0.49284632174073,0.510977981367451,0.528626287932131,0.545598991758527,0.561692409166387,0.57669458824199,0.590388180634027,0.602552878179781,0.612966104660749,0.621400550245241,0.627619474149947,0.631374406232811,0.632411142330385,0.630485859314381,0.62538633609583,0.616949706891551,0.605070810007376,0.58970142028602,0.570846281429653,0.54856359992306,0.522974301911952,0.49427894631706,0.462778357271747,0.428892082694366,0.393163347385038,0.356237181337673,0.318811938076039,0.281585067865698,0.245216777282959,0.210315804614523,0.177433496392841,0.147052005492706,0.119562860976405,0.0952416064703279,0.0742281394876648,0.0565204695334062,0.0419840967942406,0.0303741714195206,0.0213653861974112,0.0145846744999963,0.0096428007290133,0.00616195488195683,0.00379731562363146,0.00225140425940686,0.0012810384215585,0.000697661548620961,0.000362649209933149,0.000179347071864447,8.4199628730415e-05,3.72101811424092e-05,1.57882368012822e-05,5.76336838838859e-06,2.75788552218274e-06,0
12898902.6125331,0,-2.53861547312725e-10,-1.22236930052739e-10,-8.50184373994459e-11,4.54142639561744e-10,1.7182520218376e-09,4.67032081653543e-09,1.07113711535712e-08,2.23329934667717e-08,4.34447522317224e-08,8.00854437491876e-08,1.41180752350623e-07,2.39514919769001e-07,3.9282035446672e-07,6.24983460200504e-07,9.67294458281003e-07,1.4596710499451e-06,2.15176161187439e-06,3.10382859593959e-06,4.38731269245151e-06,6.08499178060928e-06,8.29067393621398e-06,1.11084004547566e-05,1.46511795105438e-05,1.90393188096932e-05,2.43984704056329e-05,3.08575366563271e-05,3.85466078011794e-05,4.75951052316974e-05,5.81302885962268e-05,7.02762516475563e-05,8.41534856872735e-05,9.9879035378948e-05,0.000117567216126587,0.000137330816160327,0.000159282677558113,0.000183537533662765,0.000210213980881747,0.000239436488913137,0.00027133737736264,0.000306058708836011,0.000343754097818032,0.000384590439028317,0.000428749554751252,0.000476429773468557,0.000527847454854558,0.00058323839975136,0.000642859144337321,0.000706988096768552,0.000775926513111659,0.000849999316792829,0.000929555868660903,0.00101497068978361,0.00110664425915512,0.00120500406587826,0.00131050592337705,0.00142363558765849,0.00154491071388971,0.00167488318879496,0.00181414184527835,0.0019633154118161,0.00212307596133263,0.0022941431628938,0.00247728904887247,0.00267334429687486,0.00288320603868182,0.00310784708579818,0.00334832789824824,0.0036058102837714,0.00388157310429795,0.00417703051873837,0.0044937512800816,0.00483348008819074,0.00519815830577077,0.00558994466202177,0.00601123588639739,0.00646468454573665,0.00695321537242612,0.00748003697034238,0.00804865093460815,0.00866285237124076,0.00932672505380209,0.010044624751282,0.0108211491580953,0.0116610933183219,0.0125693879243669,0.0135510226340549,0.0146109561248582,0.0157540166195286,0.0169848056941341,0.0183076101594433,0.0197263322336225,0.0212444470317224,0.0228649970339088,0.0245906298308727,0.0264236844675007,0.0283663489198003,0.0304208674676023,0.032589807410995,0.0348763576215728,0.0372846159625421,0.0398198563210509,0.0424887162197171,0.0452992897016996,0.0482611155483333,0.0513850393329031,0.0546830034860716,0.0581677972556646,0.0618528636570174,0.0657521829176809,0.0698803205768573,0.0742525473314243,0.0788849360865467,0.0837944017511802,0.0889984873177571,0.0945151357425994,0.100362362891968,0.106558150544414,0.11312046164321,0.120067386097891,0.127417307042342,0.1351888676426,0.143400850343033,0.152071795739694,0.161219635952124,0.170861347357387,0.181012910883319,0.191689763655478,0.202907627968954,0.214682946494108,0.227030773700767,0.239958090721858,0.253453841177067,0.267484010998482,0.28200324917019,0.296985237776267,0.312454598548613,0.328492125806376,0.345198931138507,0.362635750611463,0.380774023914156,0.399486676401873,0.418577766342451,0.437826813478983,0.457023031731388,0.475980907061945,0.494542646692002,0.512574088472132,0.529955350969217,0.546566416342743,0.562271702309592,0.576909491438559,0.590289137099172,0.60219476809695,0.612392408674495,0.620637901212463,0.626684172460783,0.630287386296146,0.63121226820055,0.629237393625948,0.624161435915918,0.615811276676826,0.604052424789696,0.588801436563011,0.570039179786586,0.547823289587573,0.522298220060933,0.493701707071475,0.462366869203305,0.428719482780398,0.39327019494155,0.356601641618636,0.319350639217828,0.282185809862817,0.245781214629351,0.210786953126405,0.177798348728266,0.147326131242754,0.119770555904882,0.0954023345922939,0.0743526395680416,0.0566135077774158,0.042048837089171,0.0304148602152786,0.0213877023194945,0.0145947014000379,0.00964582442911544,0.00616177838339808,0.00379619383836481,0.00225038115425241,0.00128041117744401,0.000697381359787887,0.000362571730929928,0.000179362289768796,8.4225356033327e-05,3.72523038178132e-05,1.57899526621019e-05,5.7909342542167e-06,2.75187649466057e-06,0
13200884.0083142,0,-2.43943196402966e-10,-1.17528233989053e-10,-8.21180549475594e-11,4.3476195413478e-10,1.64609179694895e-09,4.47442748280401e-09,1.02607147794757e-08,2.13894807942478e-08,4.16012264839936e-08,7.66725919357584e-08,1.35140641906709e-07,2.29232075062609e-07,3.75905767243358e-07,5.98007449671981e-07,9.25468282130103e-07,1.39648117476052e-06,2.05856600869634e-06,2.96943028347603e-06,4.19753172333045e-06,5.82226220346654e-06,7.93369606646555e-06,1.06318802069608e-05,1.40256849024133e-05,1.82312785047805e-05,2.33703303883987e-05,2.95680794709235e-05,3.69514252777901e-05,4.56472019233434e-05,5.57807816596762e-05,6.74751251542516e-05,8.08503539683249e-05,9.60238717024732e-05,0.000113111011155547,0.000132226143410874,0.000153484151919677,0.000177002158754779,0.000202901395921214,0.000231309127720016,0.000262360551603022,0.000296200633449776,0.000332985872741424,0.000372885989285336,0.000416085552443414,0.000462785562241035,0.00051320495723098,0.000567582074849597,0.000626175961416015,0.000689267592668261,0.000757160873876346,0.000830183552250475,0.000908687957842181,0.00099305178243186,0.00108367889116044,0.00118100031812901,0.00128547550136916,0.00139759389081515,0.00151787692785336,0.00164688032558905,0.00178519685030676,0.00193345914725454,0.00209234326247531,0.00226257283147216,0.00244492380088641,0.00264023020091801,0.00284939194294438,0.00307338367756692,0.00331326588431342,0.00357019825955263,0.00384545535853701,0.00414044390397768,0.00445672188015477,0.00479601942239533,0.00516025994357969,0.00555158070062573,0.00597235303338064,0.00642520172778281,0.00691302093511922,0.00743898770335702,0.00800657066491565,0.00861953518190988,0.00928193832997711,0.00999811502026426,0.0107726540355559,0.0116103540259384,0.0125161665768366,0.0134951199847246,0.0145522283231156,0.0156923946043762,0.0169203099713669,0.0182403594055555,0.0196565545984271,0.0211724922735711,0.0227913372044829,0.024515862308761,0.026348526777714,0.0282916138207583,0.030347426883902,0.0325185262805684,0.034808022511345,0.0372198575376004,0.039759060182205,0.0424319739075103,0.045246370782497,0.0482114643703858,0.0513378335752057,0.054637232029485,0.0581223551192216,0.0618066573137707,0.0657042004490998,0.0698296679845294,0.0741984363261444,0.0788266418753498,0.0837312306247315,0.0889297579055353,0.0944402219526662,0.100280722047698,0.106469395373186,0.113024333377754,0.119963775981492,0.127306201776171,0.135070390085484,0.143275318276571,0.151939856944198,0.161082417200691,0.170720478968575,0.180870335668989,0.191547036909814,0.202764796301703,0.214537370333729,0.226877489545311,0.239793699026365,0.253284343057628,0.26733203307589,0.281905811862339,0.296976340329324,0.312538928226694,0.328627451966915,0.345302403937485,0.362613165796415,0.380554901099932,0.399045673227004,0.417934588623967,0.437030943044753,0.456135282617369,0.475059820429864,0.493636931815458,0.511719063646977,0.529171991629101,0.545862714978199,0.561645832968611,0.576353578047583,0.589792450922976,0.601745777746351,0.61197973371599,0.620250554977772,0.62631155347189,0.62991935212033,0.630839441925745,0.628851687454076,0.623756672874505,0.615383731318204,0.603601091669845,0.588327864809731,0.569546793187586,0.547316237238171,0.521780039955612,0.49317444268662,0.461831455529741,0.428177691045406,0.392727204198082,0.356067366097528,0.318838433063947,0.281708991021148,0.245349440009748,0.21040443084724,0.177464422356531,0.147037322165112,0.119522704827775,0.0951919355197372,0.0741771531204377,0.056470920389047,0.0419369281889536,0.0303306248968546,0.0213272022668242,0.0145533573306293,0.00961895647955027,0.00614514349537603,0.00378634166605325,0.00224476990706878,0.00127732431753139,0.000695741034842512,0.00036173180059351,0.000178955710871739,8.40342813868811e-05,3.7176277227595e-05,1.5752858269531e-05,5.78315048144925e-06,2.74525515301997e-06,0
13509935.2119803,0,-2.35732902355847e-10,-1.15531313901379e-10,-8.43116063624126e-11,4.06782474466265e-10,1.56054441727909e-09,4.25900688331607e-09,9.78411282300495e-09,2.04151581591942e-08,3.9727637906612e-08,7.32427010493157e-08,1.29119552282449e-07,2.19043347669613e-07,3.59222295529942e-07,5.7149275854707e-07,8.84468188292642e-07,1.33466946839566e-06,1.96755308825439e-06,2.83834919173001e-06,4.01262173943482e-06,5.56647513748947e-06,7.58635401344986e-06,1.01684148770993e-05,1.34174870595185e-05,1.7445681204663e-05,2.23707415701778e-05,2.83142685004113e-05,3.53999554341351e-05,4.3751988112017e-05,5.34937414096973e-05,6.4746883274782e-05,7.76309581927112e-05,9.22634788817108e-05,0.000108760510004361,0.000127237688902003,0.000147811599401101,0.000170601397537749,0.000195730588108579,0.000223328865236828,0.000253533944948311,0.000286493350394161,0.000322366133732157,0.000361324535224719,0.000403555596739402,0.000449262729256261,0.000498667229711121,0.000552009765420867,0.00060955172141758,0.000671576467239339,0.000738390439676894,0.000810324065159943,0.000887732615721395,0.000970996962940221,0.00106052441242368,0.00115674968043782,0.00126013612954915,0.00137117727965961,0.00149039873417214,0.00161836060439199,0.0017556601396703,0.00190293463699031,0.00206086499947227,0.00223017973532048,0.00241165958962704,0.00260614336316778,0.00281453479670506,0.00303781133456281,0.00327703490348721,0.00353336467361535,0.00380807185512644,0.00410255725972298,0.00441837039847485,0.0047572299859534,0.0051210460470239,0.00551194065322203,0.00593226958556413,0.00638464116083746,0.00687193277014226,0.0073973030234081,0.00796420148894506,0.00857636873374771,0.00923783397824683,0.00995290048987119,0.0107261237668623,0.0115622753777349,0.0124662950051295,0.013443225982104,0.0144981357054118,0.0156360183087069,0.0168616922639405,0.0181796973327617,0.0195942033041379,0.0211089458188168,0.0227272061990356,0.0244518305983188,0.0262853147548495,0.0282299509194705,0.0302880239182634,0.032462061871863,0.0347551017003188,0.0371709502249975,0.0397144242069959,0.0423915823579396,0.0452098951573624,0.048178324360761,0.051307301288653,0.0546085319311089,0.0580947587701966,0.061779509128255,0.0656768904736406,0.0698015971574077,0.07416895515091,0.0787950607463307,0.083696844249113,0.0888919283375923,0.0943984111441628,0.100234521968605,0.106418439546822,0.112968222844773,0.11990195293715,0.127237892367715,0.13499454977246,0.143190611467379,0.151844612287591,0.160974585996524,0.170597555778979,0.180729216364166,0.191383760361482,0.202574165403117,0.214312555699901,0.22660965533152,0.239471456845931,0.252892377290971,0.266848418617964,0.281298982759933,0.296205357918539,0.311561987481458,0.327420570326361,0.343882887605199,0.361055898317905,0.378989480560702,0.397630173105087,0.416812944893982,0.436289985618635,0.455779514533952,0.475015088107634,0.493780354516729,0.511920097038931,0.529326367954543,0.545908479455358,0.561561811351009,0.576147765214683,0.589488501732527,0.601372523320215,0.611564955109363,0.619818072981169,0.625880257516353,0.629503245239075,0.630448316754856,0.628492213321893,0.623433576560789,0.615100630421276,0.603360645376922,0.588131264233927,0.569393090331359,0.547202191200721,0.521700666739574,0.493123605253326,0.461801650960618,0.428159199121557,0.392708026656029,0.356035334486473,0.318785092318903,0.281632935614516,0.245256734176243,0.210305784141069,0.177370953196446,0.146957170402027,0.119459604981943,0.0951455775658165,0.0741445938198761,0.05644827434599,0.0419207087134903,0.0303183918232052,0.0213175679830261,0.014545662830433,0.00961291467799089,0.00614058719499348,0.00378309188798678,0.00224259801846278,0.00127597144200639,0.000694958944921176,0.000361312075454934,0.000178751202555808,8.39367513077235e-05,3.71448079255047e-05,1.57296039308779e-05,5.78803106549328e-06,2.7376906502437e-06,0
13826221.7376466,0,-2.25041926163787e-10,-1.09596295484544e-10,-7.93411935214437e-11,3.90707331755091e-10,1.49316334510758e-09,4.07018207791275e-09,9.34435515054032e-09,1.94905619473747e-08,3.79206474235319e-08,6.99045832202876e-08,1.23232764603127e-07,2.09066332839087e-07,3.42893351273665e-07,5.45590389655167e-07,8.44529184929604e-07,1.27466983451164e-06,1.87956200252796e-06,2.71217130355024e-06,3.83544767685356e-06,5.32256284830282e-06,7.25676348449084e-06,9.73081501732857e-06,1.28460462191373e-05,1.67110430856516e-05,2.14400784696793e-05,2.71513967635994e-05,3.39654961194612e-05,4.20035603828409e-05,5.13861863188066e-05,6.22325280074118e-05,7.46599405039847e-05,8.87841538410979e-05,0.000104719952726339,0.000122582294851934,0.000142487769188554,0.000164556271228708,0.000188912768386901,0.000215689079591661,0.000245025616709369,0.000277073057922872,0.000311993925875046,0.000349964127004216,0.000391174404892095,0.000435831787850832,0.000484161083898532,0.000536406293233015,0.000592831801457521,0.000653723737812614,0.000719391014050015,0.000790166337325823,0.000866407057369199,0.000948495949867607,0.00103684233714063,0.00113188289881401,0.00123408320849534,0.00134393930306828,0.00146197968991262,0.0015887677426605,0.00172490463447204,0.0018710321727286,0.00202783659174061,0.00219605213108106,0.0023764657151898,0.00256992251067697,0.00277733268338607,0.00299967906473719,0.00323802815125676,0.00349354189644623,0.0037674920486519,0.00406127595495227,0.00437643653370497,0.00471468184028978,0.00507790479792574,0.00546820555767932,0.00588791317175093,0.00633960354940976,0.00682611811426697,0.00735057997898139,0.00791640074006425,0.00852729040514739,0.00918725295604711,0.00990057597597015,0.0106718101415798,0.0115057324134958,0.0124072961144199,0.0133815686340188,0.0144336451228614,0.0155685652374016,0.0167912071728256,0.0181062022619368,0.0195178457079896,0.0210300426714197,0.0226462767374969,0.0243696285411301,0.0262028330993707,0.0281483810587286,0.0302086809193357,0.0323862539579623,0.0346839705081563,0.0371053114129861,0.0396546526866783,0.0423375180996683,0.0451608006457891,0.0481329088923507,0.051263830273084,0.0545650689530787,0.058049504326486,0.0617311803796138,0.065625042220935,0.0697466911018774,0.0741121992024418,0.0787379642511487,0.0836406548452889,0.0888372102431386,0.094344847598955,0.100181072881118,0.106363686094962,0.112910744508674,0.119840640886553,0.127172177805045,0.134924728616449,0.143118203864166,0.151772866192714,0.16090872499156,0.170544925991368,0.180698967725635,0.191386455665173,0.202620753702941,0.214413223884595,0.226773145830921,0.23970792501939,0.2532227416324,0.267320005804166,0.281998235978923,0.297250589503821,0.313063314652068,0.329414210263305,0.346271526016137,0.363593188546299,0.381326514248676,0.399408049583813,0.417763272614643,0.436305657223014,0.454934891037201,0.473534405153991,0.491968973188901,0.51008351428751,0.527703918961065,0.544639557071538,0.560686050263006,0.575626672332966,0.589233270312242,0.601268664745921,0.611492938018179,0.619671124376995,0.625578795463511,0.629001691003532,0.629732655271276,0.627572285876577,0.622340473399679,0.613894940853106,0.602143229623827,0.587036037699343,0.568551350540952,0.546694937694699,0.521531573792252,0.493229927857367,0.462090496402058,0.428542689563343,0.393121054215434,0.356436472812907,0.319149609143447,0.281945926103206,0.245509997365354,0.210497908099685,0.177507855687193,0.147050727330481,0.11952413588928,0.0951938175816852,0.0741850436596094,0.0564847561199015,0.041953669626876,0.0303468197601565,0.0213405002825003,0.0145628689092697,0.00962490725904977,0.0061483345737817,0.00378770761212911,0.00224511540934139,0.00127721680107314,0.000695512484873563,0.000361529458402208,0.000178829367394547,8.39560900598495e-05,3.71591101383526e-05,1.57235758875542e-05,5.79809785121108e-06,2.73290797435336e-06,0
14149912.9743458,0,-2.14936773276154e-10,-1.04253711646957e-10,-7.48813959089747e-11,3.75275325111892e-10,1.43006465054594e-09,3.89434484017163e-09,8.935854634528e-09,1.86319667160105e-08,3.6241088286793e-08,6.67961789840956e-08,1.17737413995178e-07,1.9972508512541e-07,3.27554252584035e-07,5.21171300476402e-07,8.06735257441561e-07,1.21766865831481e-06,1.79562379236445e-06,2.59128618318669e-06,3.66493690047489e-06,5.08670516521385e-06,6.93646114065543e-06,9.30332562727991e-06,1.22848061226175e-05,1.59856045476518e-05,2.05161768871446e-05,2.59911550220236e-05,3.25277621993707e-05,4.02443624054252e-05,4.92592780644808e-05,5.96899890297609e-05,7.16527905176709e-05,8.52629422842012e-05,0.000100635293990167,0.000117885327119961,0.000137130524579998,0.000158491950567092,0.00018209594532327,0.000208075850840659,0.000236573703105534,0.000267741847439429,0.000301744491504742,0.000338759189876472,0.000378978339513836,0.000422610598862292,0.000469882341210427,0.000521039046279575,0.000576346727120425,0.00063609316430495,0.000700589071599435,0.000770169152318511,0.000845193106245208,0.00092604645100239,0.0010131414510401,0.00110691823346314,0.00120784610948666,0.00131642510121268,0.00143318797149771,0.00155870271738392,0.00169357518311599,0.00183845228501019,0.00199402536065367,0.00216103419113955,0.00234027161872771,0.00253258839845686,0.00273890011599555,0.00296019553253961,0.00319754496546889,0.00345211299599372,0.00372517267073118,0.00401812009805309,0.00433249382401562,0.00466999455564754,0.00503250402091509,0.00542210815798467,0.00584111734116649,0.00629208623132821,0.00677783127858957,0.00730144751290692,0.00786631727097401,0.00847611947826785,0.00913482717803458,0.00984669974011534,0.0106162624872005,0.0114482757480514,0.0123476870330045,0.013319570706498,0.0143690508002518,0.015501212390649,0.0167210077364898,0.0180331586842964,0.0194420763727798,0.020951796074125,0.0225659396170484,0.0242877275774708,0.0261200236613788,0.0280654325582801,0.0301264463701105,0.0323056335647924,0.0346058625838049,0.0370305668975976,0.0395840069617564,0.0422715389118768,0.0450998398767217,0.0480770627838007,0.0512129216044568,0.054518658748064,0.0580069239340214,0.0616915843663517,0.0655874626808557,0.0697100749194557,0.0740754459145864,0.078699894848447,0.0836000319061076,0.0887927104486465,0.0942951081900142,0.100124730830063,0.106299463527659,0.112837415207679,0.119756956892297,0.127076738255081,0.134815753734419,0.142993712126655,0.151630780867405,0.160747511517153,0.170363923011271,0.180499043683507,0.191170097476678,0.202392178294024,0.214177680644303,0.226535954906238,0.23947305054603,0.252991790722317,0.267091838956898,0.281769536925312,0.2970171487333,0.312821733140707,0.329163733696201,0.346014185908626,0.363326888104359,0.381022637713974,0.398973746238509,0.417011980280839,0.434978319107754,0.452792757775768,0.470484348958342,0.488137693789637,0.505783879333347,0.523312809880146,0.540463220016674,0.556880431467215,0.572194648931703,0.586079066060345,0.598275965233401,0.608592686679587,0.616875002583088,0.622969504934325,0.626694653713493,0.627835547091371,0.626162001084211,0.621454491653048,0.613522607256972,0.602212768786521,0.587413274586384,0.569066376961753,0.547189433308185,0.521898688794745,0.49342581848212,0.46212087125628,0.428441370332327,0.392932276313186,0.356202819662561,0.318904359450886,0.281709792317573,0.245292147240581,0.21029966002865,0.177326887496296,0.146884417230756,0.119371529426957,0.0950561047355052,0.0740647159814381,0.0563840634756386,0.0418732839466214,0.0302853806255016,0.021295098962705,0.0145300036694506,0.00960133819832322,0.00613152013605716,0.0037758337972297,0.00223691053809692,0.00127174232540324,0.000692027114471869,0.000359430428582595,0.000177643005641123,8.33258170914107e-05,3.68538193825287e-05,1.55742506512747e-05,5.74726231367709e-06,2.70353070745573e-06,0
14481182.2767453,0,-2.05301577782325e-10,-9.94887797085077e-11,-7.14205431065683e-11,3.58546270095338e-10,1.36565753238889e-09,3.71824490998715e-09,8.53063721082258e-09,1.77853781378891e-08,3.45920729008766e-08,6.37541955573661e-08,1.1237339988141e-07,1.90626489471189e-07,3.12640326261733e-07,4.97465280420744e-07,7.70093139977429e-07,1.16246741177197e-06,1.71441594637354e-06,2.47443209240446e-06,3.50023049519114e-06,4.85901303080383e-06,6.62739786350297e-06,8.89098988388351e-06,1.17436013831667e-05,1.5286165070848e-05,1.96254136658839e-05,2.48724276594375e-05,3.11411723286951e-05,3.85471532619742e-05,4.72063147233696e-05,5.72342862544925e-05,6.87460519274354e-05,8.1856078070552e-05,9.66788908975667e-05,0.000113330054104946,0.000131927461988085,0.000152592853208485,0.000175453447268878,0.000200643619676277,0.000228306546747386,0.000258595805456324,0.000291676885460117,0.000327728656474855,0.000366944824615921,0.000409535388172589,0.000455728008085998,0.000505769518866719,0.000559927268446395,0.000618490469803583,0.000681771420865666,0.000750106684857417,0.000823858025170553,0.000903413413975231,0.000989188004866756,0.00108162518903563,0.00118119780979121,0.00128840989940959,0.00140379849575678,0.00152793617245782,0.00166143364453187,0.00180494295068678,0.00195916096852573,0.0021248333209958,0.00230275898336101,0.00249379524361273,0.00269886411348836,0.00291896003114791,0.00315515918593825,0.00340863050524873,0.00368064930327522,0.00397261251155901,0.00428605646298195,0.00462267598297198,0.00498434488037824,0.00537313680313149,0.0057913461890535,0.00624150826897275,0.00672641705821892,0.0072491425714665,0.00781303901944181,0.00842175673456791,0.00907923900404669,0.00978971657937507,0.0105576908050567,0.0113879022010672,0.0122852902208734,0.0132549317746293,0.0143019718506134,0.0154315366275306,0.0166486396529084,0.0179580914720972,0.019364406848208,0.0208717474037367,0.0224838723527432,0.0242041383512377,0.0260355457926509,0.0279808163810391,0.0300425372034843,0.0322233298399678,0.0345260732394119,0.0369541567383953,0.0395117357477474,0.0422040025873468,0.0450374127682793,0.0480198638485704,0.051160784858807,0.0544711399205169,0.0579633394968269,0.0616510529796762,0.0655489972834934,0.0696726777709232,0.0740381703832436,0.0786619478398929,0.0835607751283089,0.0887516783533793,0.0942519653193984,0.100079258573348,0.106251570491427,0.112787319487789,0.119705402078967,0.127025130494512,0.134766297910007,0.142949007628379,0.151593521998541,0.160719837376984,0.170347008406984,0.180492377623847,0.191170742934172,0.202393986142667,0.214171141940835,0.226509112369696,0.239413530169989,0.25288935441828,0.266940601924222,0.281569088521055,0.296772391348806,0.312541534534115,0.328858753267946,0.345695578313928,0.36301120754081,0.380751547731941,0.398848879549777,0.417222445162919,0.435779351377532,0.454415295031256,0.4730142450926,0.491446648113572,0.509566636681643,0.52720946113554,0.544190855781396,0.560308641892062,0.575345427573718,0.589070662673769,0.601242306269795,0.611610334215868,0.619923867200859,0.625940176731011,0.629431611873006,0.630188820294606,0.628023901773363,0.622778065340066,0.614330650870232,0.602597639169334,0.587514684683361,0.569024375695111,0.547099585253071,0.521804051817204,0.493344632391252,0.46207177314586,0.428440428767573,0.392977857333179,0.356275753572154,0.31898398971846,0.281786502353235,0.24536632097906,0.210373862339688,0.177400807174956,0.146954908414983,0.119434940669235,0.0951101075201653,0.0741087731917839,0.0564189686470215,0.0419004698011276,0.0303064107475606,0.0213114019491962,0.0145427491804434,0.00961138381827793,0.00613942524907772,0.003781941543852,0.002241461143885,0.0012749637446418,0.000694172469261283,0.000360765293404052,0.000178420035143223,8.3740059483179e-05,3.70718153038988e-05,1.56621064713071e-05,5.79992816319988e-06,2.71308225345526e-06,0
14820207.0579886,0,-1.96109547557199e-10,-9.46825231752404e-11,-6.74907721997791e-11,3.44179651051659e-10,1.30754739406504e-09,3.55681536121737e-09,8.15613671756302e-09,1.69988286066903e-08,3.30540971747096e-08,6.09084696635849e-08,1.07342948426915e-07,1.82075592510109e-07,2.98598228591826e-07,4.75108345943485e-07,7.35484975580161e-07,1.1102594345963e-06,1.63751471618532e-06,2.36364389145411e-06,3.34389783275194e-06,4.64266160161629e-06,6.33341538589972e-06,8.49835965189754e-06,1.12277128949888e-05,1.46187211427987e-05,1.8774447910839e-05,2.3802438437879e-05,2.98133696563317e-05,3.69198051671195e-05,4.52351705413858e-05,5.48730481012888e-05,6.5946862836647e-05,7.85699957534098e-05,9.28563224470305e-05,0.00010892113425634,0.000126882369417547,0.000146862062934631,0.000168987920678608,0.000193394949881547,0.000220227072387185,0.00024963868540865,0.000281796162033135,0.000316879293148776,0.00035508272276778,0.000396617372805763,0.00044171184207702,0.000490613903945468,0.000543591867419255,0.000600935989373827,0.000662959782724302,0.000730001164683415,0.000802423633194555,0.00088061717931344,0.000964999406416629,0.00105601653529727,0.00115414470332496,0.00125989157991685,0.00137379826481791,0.00149644168591831,0.00162843731820096,0.00177044234916604,0.00192315910952981,0.00208733914347188,0.00226378772967078,0.00245336883798551,0.00265701139827052,0.00287571664199112,0.00311056687954192,0.00336273665957402,0.00363350531017847,0.00392427200874599,0.00423657294166496,0.00457209986332534,0.00493272002940406,0.00532049741417355,0.00573771322438915,0.0061868855569941,0.0066707885419979,0.00719246746288144,0.00775525168444044,0.00836276288320492,0.00901891536077569,0.00972791275420495,0.0104942301396104,0.0113225891198798,0.012217918059109,0.0131852955974109,0.0142298850894482,0.0153568487150421,0.0165712594845306,0.0178780071525301,0.0192817093804342,0.0207866450817527,0.0223967022034793,0.0241153742456851,0.025945784991881,0.0278907761240852,0.0299530227943045,0.0321352094268766,0.034440243229831,0.0368714865906946,0.0394330277193868,0.0421299258215203,0.044968446037633,0.0479562323032593,0.0511024217706734,0.0544176663541337,0.0579140643160997,0.0616050271085106,0.0655050482236714,0.0696294582436196,0.0739941862768052,0.0786155281425914,0.0835100469139071,0.0886945105043499,0.0941859931458053,0.100001914708852,0.106160224464734,0.112679347821269,0.119578186012242,0.126875901430719,0.13459170131087,0.142744658025408,0.151353550658639,0.160436744044172,0.170011936809028,0.180095839280978,0.190704104892739,0.201851757507288,0.213553978907715,0.225826046930007,0.238681644693666,0.252129494180367,0.266170382439757,0.280796346122659,0.295992716509952,0.31174129056809,0.328022136090873,0.344812424253052,0.362082500806558,0.379790979077306,0.397880667037729,0.416276483909524,0.434885246545731,0.453596725848377,0.47228499937564,0.490809524923005,0.509015567216929,0.526734124978975,0.543781657897521,0.559960104406749,0.575057486136709,0.588849393810359,0.601101286093144,0.611571655051165,0.62001567527388,0.626189342821423,0.629853845248284,0.630780647202503,0.628757402517842,0.623595072568612,0.615135964215692,0.603262753492497,0.587908362654328,0.569066556229527,0.546802386104119,0.521261376425724,0.492676470935811,0.461372088570638,0.427764431612324,0.392356804950251,0.355728708923019,0.318518080935277,0.281397102750611,0.245043189389268,0.210107641293836,0.177184536176242,0.146781965369187,0.119297416766372,0.094999317416772,0.0740169923673292,0.0563408501901131,0.0418333240319356,0.0302494630834666,0.0212646556990836,0.014506064765366,0.00958405267783689,0.00612017751117838,0.00376917700115368,0.00223352130887209,0.00127034938376703,0.000691674878331667,0.000359507538404945,0.000177831871421679,8.3480313834668e-05,3.6971370031091e-05,1.56122298682558e-05,5.79728009179431e-06,2.69950197500577e-06,0
15167168.8847092,0,-1.87355076649962e-10,-9.02699217694308e-11,-6.4144734897248e-11,3.29490171115817e-10,1.25009483615101e-09,3.39890571420716e-09,7.79177755067287e-09,1.62362026006524e-08,3.15665478952269e-08,5.81611726163616e-08,1.02493652870932e-07,1.73842473854291e-07,2.85091216753786e-07,4.53620669087575e-07,7.02244378281373e-07,1.06014129447041e-06,1.56372289904801e-06,2.25736904039644e-06,3.19396672469708e-06,4.4351947373559e-06,6.05151269026676e-06,8.1218355638246e-06,1.07329017185642e-05,1.39783709981075e-05,1.79577168064051e-05,2.27749989564073e-05,2.85376200593159e-05,3.53551750312551e-05,4.33385002024478e-05,5.25990144061178e-05,6.32484211693307e-05,7.5398809696162e-05,8.91631546386561e-05,0.000104656181422114,0.000121995536315445,0.000141303176949953,0.000162706899680044,0.000186341928429869,0.000212352502621675,0.00024089341028612,0.000272131472093756,0.000306246978481239,0.00034343509868463,0.000383907291666338,0.000427892731338465,0.000475639712238912,0.00052741715104096,0.000583515970487121,0.000644250471647433,0.00070995953437298,0.000781007922007232,0.000857787289625283,0.000940717183344061,0.00103024637158211,0.00112685384463353,0.0012310506262608,0.00134338149206614,0.00146442746405427,0.0015948085077921,0.00173518665449072,0.0018862696708072,0.00204881500423176,0.00222363429392026,0.00241159846943718,0.00261364383817058,0.00283077875810108,0.00306409275783538,0.00331476699730424,0.00358408619474239,0.00387345295050713,0.00418440516651559,0.00451863356655785,0.00487800150485205,0.00526456541955991,0.00568059630598537,0.00612859864755464,0.00661132953237326,0.00713181515628277,0.00769336242408663,0.00829956837813573,0.00895432306490853,0.00966180326936357,0.0104264616358472,0.0112529998155462,0.01214633320104,0.0131115394636671,0.0141537932551849,0.0152782875599423,0.0164901465516973,0.0177943338370536,0.0191955601772409,0.0206982158349192,0.0223063128106959,0.0240234715069518,0.0258529444696578,0.0277976865368335,0.0298604717473527,0.0320440586830668,0.0343513904084592,0.0367858265856349,0.0393513923839143,0.0420530252368318,0.0448968069426817,0.0478901353856808,0.0510418646447815,0.0543623512204324,0.0578634130553513,0.0615582402927976,0.065461165310048,0.0695874475321677,0.0739529849829366,0.0785741175035671,0.083467466073869,0.088649893073194,0.0941385093360587,0.0999507629165847,0.106104481211593,0.112617904485796,0.119509607410384,0.126798407573483,0.134503155196426,0.142642634904423,0.151235315769663,0.160299235313504,0.169851594147547,0.179908723215368,0.190486526873902,0.20160190921083,0.213274203812527,0.22552478754815,0.238373256802931,0.251830836696113,0.265894316298632,0.280544484298406,0.295750552127513,0.311478458586399,0.327698402232181,0.344387715667997,0.361527541749365,0.379095154851004,0.397054798198498,0.415350342827925,0.433901102645896,0.452601212367342,0.471321450909831,0.489912367011867,0.508207451443078,0.526025726318501,0.543173492280823,0.559445451419184,0.574625552104612,0.588487991343212,0.600798697803746,0.61131755085047,0.619801356387093,0.62600756849132,0.629698579517672,0.63064675887257,0.628640356533568,0.623490631255563,0.615040048816573,0.603171538542753,0.587818529760252,0.568975580767359,0.546708739090104,0.521164582163116,0.492576916396739,0.461270460168924,0.427660782638854,0.39224964699933,0.355614866389586,0.31839387353225,0.281260639944029,0.24489662049113,0.209957881585779,0.177041718915942,0.146656269109706,0.119195914140326,0.0949243372504408,0.0739664283115652,0.0563097928415495,0.0418159951367585,0.0302406810197697,0.0212605554967368,0.0145041832754374,0.00958305091219524,0.00611945551660871,0.00376853887492736,0.00223294753670006,0.00126986970516981,0.000691311701448971,0.000359259171472096,0.000177680589797906,8.33930167699466e-05,3.6934454923193e-05,1.55849014683364e-05,5.79911539937897e-06,2.68918785622088e-06,0
15522253.5742705,0,-1.7897752267411e-10,-8.5982524500731e-11,-6.07904009976009e-11,3.1582211184583e-10,1.1959269548495e-09,3.24940358074597e-09,7.44608488697927e-09,1.55116830539658e-08,3.01519803802128e-08,5.55467515420277e-08,9.78761693380782e-08,1.65999035852639e-07,2.722179831727e-07,4.33133431487391e-07,6.70540384203095e-07,1.01232430123283e-06,1.49329682079143e-06,2.15590915909367e-06,3.05078107712283e-06,4.23699154120006e-06,5.78209221383832e-06,7.7618261090828e-06,1.02595591020419e-05,1.33654587071321e-05,1.71754796739342e-05,2.17902368923237e-05,2.73138604534793e-05,3.38529339856696e-05,4.15156147380433e-05,5.04110215262944e-05,6.06489556924653e-05,7.2339992816296e-05,8.55959500324223e-05,0.000100530703063725,0.000117261300303186,0.000135909299923765,0.000156602250582404,0.000179475238233469,0.000204672440492707,0.000232348659030911,0.000262670781931909,0.000295819201641615,0.000331989218320488,0.000371392441566585,0.000414258203274708,0.000460834993701757,0.000511391909009627,0.000566220173049207,0.000625634408475595,0.000689974105300755,0.000759604845796193,0.000834919404681178,0.000916338902282075,0.00100431401812852,0.0010993262175589,0.00120188934257899,0.00131255157217482,0.0014318976164059,0.00156055165715913,0.00169918035992638,0.00184849657318624,0.00200926352388777,0.0021822991677162,0.0023684811381061,0.00256875318266292,0.0027841313789394,0.00301571275897032,0.00326468573910397,0.00353234143387353,0.00382008781514848,0.00412946600520955,0.00446216759578847,0.00482005438041094,0.00520517856939711,0.00561980293785196,0.00606642122843654,0.00654777594058419,0.00706687645496854,0.00762700937386606,0.00823175087912982,0.00888496703221931,0.00959081243842573,0.0103537168822888,0.0111783643986959,0.0120696581168125,0.0130326723055683,0.0140725922255927,0.0151946372347153,0.0164039766169977,0.0177056369209376,0.0191044156215192,0.0206048047921234,0.0222109321706811,0.0239265447065342,0.025755024693205,0.0276994486265062,0.0297627075432456,0.0319476487827907,0.034257270813913,0.0366949452170029,0.0392646362792497,0.0419711591116867,0.0448203992603142,0.0478195144461284,0.0509770900034879,0.0543031984386889,0.057809400963023,0.0615086328699448,0.0654150361985506,0.0695437351762483,0.0739105880164676,0.0785319395482409,0.0834244635972126,0.0886050599873603,0.0940908445501342,0.099899268762531,0.106048193650241,0.112556081652994,0.119442084148471,0.126726023140304,0.134428195018929,0.142568948092967,0.151168306555365,0.160245813572364,0.169820659640847,0.179911586256564,0.19053598693383,0.201708161017652,0.213437935584795,0.225730909010581,0.238590745933905,0.252021705736892,0.266029587365553,0.280619943573893,0.295794855242319,0.3115494858185,0.327869563217901,0.344729346656181,0.362089679367171,0.37989626054422,0.398078337350761,0.416548785444321,0.435205117623983,0.453931426535642,0.472600121164076,0.491073127898726,0.509201926658967,0.526826599964669,0.543774129438852,0.559856714093122,0.574870766492555,0.588597277595736,0.600803733308793,0.61124757921371,0.619680763592564,0.62585494094941,0.629526906592516,0.630464303447238,0.628451920933977,0.623298889738134,0.614846778217873,0.602978364892172,0.587627160605792,0.568787659591824,0.546525852151878,0.520988708393161,0.492411239252301,0.461120020330781,0.427532457103245,0.392151155499512,0.355552820428911,0.318371394666799,0.281275649763775,0.244941952066907,0.210023389472621,0.177117211172099,0.146733579953405,0.119269302938501,0.094989766129951,0.0740208843564414,0.0563513128107564,0.0418441424213686,0.0302568022492991,0.0212674175652945,0.014505124434647,0.00958108501427589,0.00611671031639068,0.00376614830084694,0.00223127712217266,0.00126885788902141,0.000690754055514898,0.000358966146781058,0.000177529051234774,8.3311125587824e-05,3.689876230112e-05,1.55562807619133e-05,5.80012728264714e-06,2.67828453478686e-06,0
15885651.2942805,0,-1.70730750280393e-10,-8.24448557963824e-11,-5.91206530856244e-11,2.9828710616446e-10,1.13419151614554e-09,3.0859405415978e-09,7.07641435558521e-09,1.4748272972655e-08,2.86778352118002e-08,5.28460849748637e-08,9.31412071490255e-08,1.58006447104549e-07,2.59171894103935e-07,4.12472158104395e-07,6.38706590226238e-07,9.64500723281943e-07,1.42311286753057e-06,2.05512701127624e-06,2.90897318569147e-06,4.04122429844305e-06,5.51663266279033e-06,7.40788957700274e-06,9.79511520627661e-06,1.27651111212804e-05,1.64104313105615e-05,2.08283467370936e-05,2.61197916563538e-05,3.23883854002209e-05,3.97396204909223e-05,4.82802969781764e-05,5.81182645377245e-05,6.93625098054058e-05,8.21235969042634e-05,9.65144393189095e-05,0.000112651357845634,0.000130655362444873,0.000150653584549784,0.000172780782101202,0.000197180859601302,0.000224008376761113,0.000253430012901358,0.000285625974885994,0.000320791373731884,0.000359137619631118,0.000400893862692964,0.00044630841693817,0.000495650201888285,0.000549210269350644,0.000607303279741097,0.000670268857204238,0.00073847293423668,0.000812309009272352,0.000892199385096594,0.000978596220262949,0.00107198314072823,0.00117287650638505,0.0012818275397938,0.00139942447955125,0.00152629546084671,0.00166311172184031,0.00181059123872674,0.00196950275455894,0.00214067060355813,0.00232497958904634,0.00252338090836658,0.0027368988041602,0.00296663905401365,0.00321379826467802,0.00347967531111574,0.00376568501132021,0.00407337386298518,0.00440443647663014,0.00476073562678662,0.00514432131941893,0.00555745129307189,0.00600261139168878,0.00648253378551161,0.00700021395688478,0.0075589239047413,0.00816222223963033,0.00881395729423853,0.00951826570670268,0.0102795608729479,0.0111025124369627,0.0119920145531055,0.0129531412800262,0.0139910873618381,0.0151110972292432,0.0163183836033163,0.0176180388387024,0.0190149497798891,0.0205137181513987,0.0221186026664376,0.0238334952001564,0.0256619251191784,0.0276071160620316,0.0296720812787525,0.0318597657760547,0.0341732266088355,0.0366158315215391,0.0391914903112525,0.0419048842920873,0.0447617036942003,0.0477688491136799,0.0509346069618874,0.0542687455067387,0.0577825261084909,0.0614886267480362,0.0654009676168231,0.0695344950890235,0.0739049241739361,0.0785285111060963,0.0834218852007789,0.0886019538118479,0.0940859418243213,0.0998914311782156,0.106036470029134,0.112539581604382,0.119419612624234,0.126695452451297,0.134385602211729,0.142507792199827,0.151078772942397,0.16011412941086,0.169628250511857,0.179634646384659,0.190147677089518,0.201186128457348,0.212777052387404,0.224955809497499,0.237758295396158,0.251206261624103,0.265292787998802,0.279977469620961,0.295196116630709,0.310881027176564,0.326981865990461,0.343476827468644,0.360369966203421,0.377676601186796,0.395403679625092,0.413531735053379,0.432003400151953,0.450719711179854,0.469543226217282,0.488305282761978,0.506814614587265,0.52486519564735,0.542241967731346,0.558724318602549,0.574087554254545,0.588103289726879,0.600539448567423,0.611160712726948,0.619729749899569,0.626009602152324,0.629767235005575,0.630778397167041,0.628833596185996,0.62374516642135,0.615355377150597,0.603545788685546,0.588247688024979,0.56945309529117,0.547225493658012,0.52170942696405,0.493137863941054,0.461836137417339,0.428221422154398,0.392797101769406,0.35614159026046,0.318891364182891,0.281718338588367,0.245302347162432,0.210300165124777,0.177313154502122,0.146856200533888,0.119331013059573,0.0950068214533616,0.0740108550723314,0.0563298523529901,0.0418224078802738,0.0302405542255012,0.021257875536938,0.0145008182281357,0.00957972036366606,0.00611639683927399,0.00376584681336299,0.00223068794161508,0.00126808471354742,0.000689999734156425,0.000358367742691218,0.000177126538192346,8.30685771165633e-05,3.67804685586547e-05,1.54822371756125e-05,5.79115519430659e-06,2.65513641022022e-06,0
16257556.6644379,0,-1.63678355099831e-10,-7.81170769442206e-11,-5.45484355580711e-11,2.91137778919885e-10,1.09756047727808e-09,2.97727657359772e-09,6.81587833376178e-09,1.41891117928841e-08,2.7566579275328e-08,5.07626701561111e-08,8.94167951214994e-08,1.51612901538493e-07,2.48579117368113e-07,3.95469877721814e-07,6.1218923683014e-07,9.24216338297584e-07,1.36337994931958e-06,1.96852643186941e-06,2.78602565443743e-06,3.87006686788001e-06,5.28271017455261e-06,7.09367831523734e-06,9.3798960712385e-06,1.22248081236342e-05,1.57175279886613e-05,1.99518883278667e-05,2.50254746960045e-05,3.10387294656502e-05,3.80942097254929e-05,4.62960727691882e-05,5.57498464571642e-05,6.65625204080275e-05,7.88429682315501e-05,9.27026842627186e-05,0.000108256795022215,0.000125625287008933,0.000144934389334123,0.000166318047282794,0.000189919412095596,0.000215892316345032,0.000244402726690764,0.000275630136591778,0.000309768947675354,0.000347029859189633,0.000387641261488218,0.00043185065682162,0.000479926148596462,0.000532157963832134,0.00058885997434314,0.000650371086096428,0.000717056749077361,0.000789310273111056,0.000867554064037122,0.000952240947232545,0.00104385556678899,0.00114291589062483,0.00124997523971863,0.00136562442362738,0.00149049451426803,0.00162526006042765,0.00177064288061429,0.00192741611862914,0.00209640893140028,0.00227851161365532,0.00247468152833266,0.00268594992048831,0.00291342971930743,0.00315832501810613,0.00342194223023539,0.00370570279748536,0.00401115852354655,0.00434000859476522,0.00469411683381785,0.00507553273752891,0.00548651012746919,0.00592952802736271,0.00640730803892862,0.00692283217413335,0.00747935623820052,0.00808041957117723,0.00872984964511056,0.00943176134103332,0.0101905472510268,0.0110108588908943,0.0118975774392824,0.0128557722257962,0.0138906455708623,0.0150074635938174,0.0162114780303949,0.0175078388019848,0.0189015072318856,0.0203971783898476,0.0219992185817303,0.0237116373241125,0.0255380888632726,0.0274819170605969,0.0295462521059995,0.0317341320937964,0.0340486717769544,0.0364932554627317,0.0390717447015302,0.0417887104982972,0.044649654904764,0.0476612327451088,0.0508314370603005,0.0541697222382749,0.0576870602177198,0.0613958940716099,0.0653100169400512,0.0694443672470173,0.0738147991932956,0.0784378408818878,0.0833304721846059,0.0885100014238058,0.0939939905317849,0.0998002940690617,0.105947086117978,0.112452960273989,0.119336897246065,0.126618177158307,0.134316108237058,0.142449676959893,0.151037214406302,0.160096346103225,0.169644571688095,0.179700334148369,0.190283868685362,0.201416535976556,0.213118134221517,0.225403408301757,0.238280171984589,0.251750401350799,0.265812897332676,0.280464394954495,0.295697446683823,0.31149637198903,0.327834331051821,0.344673170858559,0.361965223712644,0.379655049889454,0.397679600152461,0.415967215713891,0.434435752332073,0.452990749885712,0.47152330922173,0.489908060774993,0.508001393991256,0.525640465710623,0.542643293234053,0.558809821985237,0.573923919770385,0.587755991435968,0.600066187374313,0.610607885813426,0.619131392288136,0.625387837505397,0.629133678987116,0.630136144326636,0.628179644919298,0.623072879719439,0.614656550507178,0.602812186197552,0.587472484848523,0.568632632366885,0.546361051483359,0.520808185027048,0.492212697859154,0.460904635269645,0.427304463779698,0.391916771693957,0.355318263888905,0.318140711396477,0.281049646022,0.244718953031065,0.209801359116455,0.17689604041418,0.146516499485667,0.119062924008417,0.0948027350278646,0.073861552618174,0.0562252538480618,0.0417525354446982,0.0301963498613528,0.021231694759682,0.0144866014486502,0.00957293276323939,0.00611383928869297,0.00376541357796262,0.00223111345909866,0.00126870121646952,0.000690522832902617,0.0003587248539959,0.000177339314231267,8.3182238023448e-05,3.6837954654601e-05,1.55065780851568e-05,5.80464886736283e-06,2.65789789764907e-06,0
16638168.8607613,0,-1.56360848908467e-10,-7.44716013024108e-11,-5.18440325994575e-11,2.78635191039564e-10,1.04909487718712e-09,2.84444310936883e-09,6.50980118081083e-09,1.35489856268755e-08,2.63185944164368e-08,4.8458515369706e-08,8.53503772286833e-08,1.44709379991155e-07,2.37253106242872e-07,3.77449922843444e-07,5.8430786470356e-07,8.82167132909524e-07,1.30144597611182e-06,1.87928730061473e-06,2.66005351779744e-06,3.69562432494049e-06,5.04546504782635e-06,6.77645131759011e-06,8.96245715436422e-06,1.16837356427143e-05,1.50261415322918e-05,1.90802611509769e-05,2.39405254430836e-05,2.97043859229626e-05,3.64716307669823e-05,4.43439093969698e-05,5.34245192098795e-05,6.38184899327427e-05,7.56329789872199e-05,8.89779680467983e-05,0.000103967227957242,0.000120719502378918,0.000139359853355361,0.000160021103744692,0.000182845314629341,0.000207985265925752,0.00023560589449174,0.000265885690977762,0.000299018081328553,0.000335212810926499,0.000374697315667792,0.000417718163402488,0.000464542522125061,0.000515459672020541,0.000570782588558244,0.000630849431270668,0.000696025002371872,0.000766702295682855,0.000843303655926597,0.000926282433952635,0.00101612408819982,0.00111334810599595,0.00121850963478787,0.00133220198002562,0.00145505912527382,0.00158775906616052,0.00173102749157628,0.00188564197495494,0.00205243678997984,0.00223230805124786,0.00242621964090765,0.00263521019324015,0.0028604003449316,0.00310300266974231,0.0033643317359153,0.00364581708564123,0.0039490177862572,0.00427563842092695,0.00462754728602376,0.00500679553831036,0.00541563641397939,0.0058565452632164,0.00633223836956074,0.00684568882102204,0.007400141849799,0.00799912402075421,0.00864644877993385,0.00934621628138484,0.0101028033984953,0.0109208481943598,0.0118052207739312,0.0127609827197851,0.0137933361286761,0.014907556832855,0.0161089194416137,0.017402615472733,0.0187936673797972,0.0202868545925711,0.0218866479841458,0.0235971771648028,0.0254222258153468,0.0273652632278403,0.0294295285657935,0.0316181454286654,0.0339342854826041,0.0363813503015226,0.0389631892821935,0.04168432594362,0.0445501766891497,0.0475672687574327,0.0507434146952021,0.0540878433118333,0.0576112410660282,0.0613257474256085,0.0652448089819123,0.0693830434269829,0.07375597183387,0.0783798286376644,0.0832713386482703,0.0884476042730231,0.0939260584322016,0.0997244864270223,0.105861139849014,0.112354806786154,0.119224908195768,0.126491419075888,0.134174654560381,0.142294807455762,0.15087142250217,0.159922799125377,0.169465415374471,0.1795133893624,0.190078380397292,0.201170876535473,0.212803308072385,0.224993927756106,0.237767989083799,0.251153090660772,0.265168556807514,0.279813955259655,0.295063125433297,0.310868000109812,0.327169832325898,0.343912430848145,0.36105041410886,0.378549837361559,0.396381328903416,0.414509344154308,0.432881239107467,0.45141909467701,0.470015656183079,0.48853408814384,0.506810614822711,0.524658642712527,0.541873305844205,0.558235697346512,0.573516439398209,0.587478634484987,0.599880337485768,0.610476941148102,0.61902371876992,0.625278835383813,0.629006908705313,0.629983361130838,0.627999728265578,0.622870225023574,0.614439543374241,0.602591919090054,0.587261231240976,0.568441844253155,0.546199291592815,0.520679731681844,0.492117022552895,0.460836513432561,0.427254658552349,0.391873658542965,0.355270500565605,0.318080136213957,0.280972976563799,0.244627436366272,0.20969889692497,0.176787184823073,0.146405355485649,0.118952998356054,0.0946971676958175,0.0737632581058651,0.0561368463051249,0.0416761034434274,0.0301331780363929,0.0211820431083401,0.0144496610880084,0.00954701625921561,0.00609674980211062,0.0037548580801648,0.00222503227730409,0.00126545200935308,0.00068892541323146,0.000358009660843704,0.000177053357296734,8.30795879229493e-05,3.68127631211724e-05,1.54929611241859e-05,5.81410961804259e-06,2.64930954169588e-06,0
17027691.722259,0,-1.49402928513434e-10,-7.09020994914146e-11,-4.90212646799307e-11,2.67383793837758e-10,1.00434575922706e-09,2.72076778781754e-09,6.22360557147753e-09,1.2948774000834e-08,2.51460218201755e-08,4.62900585559406e-08,8.15182149958277e-08,1.38195854231567e-07,2.26555691083277e-07,3.60413862349803e-07,5.57925694531982e-07,8.42346346966785e-07,1.24274873698702e-06,1.79464891413362e-06,2.54048915010967e-06,3.52993588051827e-06,4.81996196060219e-06,6.47469991754682e-06,8.56507310483458e-06,1.11682324510463e-05,1.43668453030468e-05,1.82482976580768e-05,2.29038803673523e-05,2.84280332410162e-05,3.49177183169455e-05,4.24719853214943e-05,5.11917798016918e-05,6.11800283928649e-05,7.25420161665194e-05,8.53860500225286e-05,9.98243794572327e-05,0.000115974334452642,0.000133959630707538,0.000153911777600312,0.000175971535511616,0.000200290376833543,0.000227031919398248,0.000256373340347488,0.000288506739303868,0.000323640509888834,0.000362000734885598,0.000403832600218061,0.000449401873772444,0.00049899641946878,0.000552927834210933,0.000611532942446092,0.0006751753511675,0.000744247018896139,0.000819169662529903,0.000900396213764702,0.000988412375960069,0.00108373816354533,0.0011869299406921,0.00129858259348365,0.00141933228623048,0.00154985965822167,0.00169089370137003,0.00184321584353755,0.00200766471717865,0.00218514170968453,0.00237661673013003,0.00258313508676036,0.00280582490315741,0.00304590678166165,0.00330470378124041,0.00358365339916215,0.00388432242647256,0.00420842218794051,0.00455782637768024,0.00493458927515913,0.00534096587431622,0.00577943050989064,0.0062526959687146,0.00676372969089058,0.0073157688361858,0.00791232992076074,0.0085572150848629,0.00925451212499593,0.0100085857903789,0.010824063405471,0.0117058070675302,0.0126588762984292,0.0136884785191154,0.0147999059361527,0.0159984642837826,0.0172893917819865,0.0186777767885374,0.0201684828779468,0.0217660868665392,0.0234748349733956,0.0252986370588048,0.0272410942419033,0.0293055654665826,0.0314952772550541,0.0338134725418822,0.0362635869423909,0.0388494580123597,0.0415755387566114,0.0444471261290795,0.0474705709567504,0.0506534556345066,0.0540047433604251,0.0575348377184421,0.0612555692677114,0.0651801245475467,0.0693228721099848,0.0736991698243553,0.0783251590703275,0.0832175240794125,0.0883933597866201,0.0938700916766382,0.099665468826111,0.105797676756559,0.112285472799036,0.11914827800081,0.12640611902803,0.134079329016196,0.142187993550579,0.150751279663816,0.159786775717652,0.169309830333784,0.179333112802419,0.189866851240706,0.200921020832576,0.212509757524599,0.224656411761473,0.237394609581026,0.250761249101132,0.264781734752452,0.279454288169675,0.294742447784326,0.310581015817075,0.326892982341399,0.343608930492703,0.360679997822369,0.378079397434674,0.395793378654608,0.413805846312913,0.432082460948707,0.450558397393865,0.469132129365976,0.487665139780867,0.505986329967115,0.523898791513508,0.541187149754387,0.557623846191346,0.572973778743993,0.586997320938866,0.599452108984799,0.610094510347659,0.618681153548545,0.624971380370575,0.628730486484286,0.629734293202839,0.627774607021675,0.622665977554857,0.614253380451609,0.602421255242374,0.587103508268365,0.5682943851451,0.546059296596092,0.520544666939509,0.491985263499074,0.460707772349766,0.42712983745957,0.391754297798683,0.355158210856016,0.31797619921327,0.280878118600919,0.244541785338274,0.209622106959503,0.176718618805695,0.146344249511072,0.118898642074482,0.0946491079195617,0.0737214058073307,0.0561013697742258,0.0416471535440269,0.0301106202090319,0.0211653405516426,0.01443793325162,0.00953920465306645,0.00609180156224682,0.00375186306276739,0.00222328871737971,0.0012644686080823,0.000688384859272146,0.000357719275783273,0.000176902116667359,8.30014832452051e-05,3.67796533235934e-05,1.54691037331324e-05,5.81674022758806e-06,2.63849526716564e-06,0
17426333.8600965,0,-1.42689957685019e-10,-6.72204323334934e-11,-4.57609053697179e-11,2.57852115315042e-10,9.63848558431961e-10,2.60659165390072e-09,5.95676293921055e-09,1.23857285368307e-08,2.4041435837441e-08,4.42410557099217e-08,7.78886885457159e-08,1.32015463322302e-07,2.16390557620291e-07,3.44206216372474e-07,5.32801649955387e-07,8.0439290974487e-07,1.18676366629511e-06,1.71386966448374e-06,2.42630972837825e-06,3.371622776609e-06,4.60438199406232e-06,6.18607373238644e-06,8.18476788976871e-06,1.06746061085549e-05,1.37351517545517e-05,1.74506592514822e-05,2.1909328569539e-05,2.72026132366997e-05,3.34246475791663e-05,4.06718516725489e-05,4.90427611908405e-05,5.86381144561793e-05,6.95612118739363e-05,8.19185458574976e-05,9.58206821950664e-05,0.000111383356187238,0.000128728733948091,0.000147986785664602,0.00016929672288576,0.000192808450086601,0.000218683991760584,0.000247098897883891,0.000278243632293476,0.000312324927634556,0.000349567159713995,0.00039021377448738,0.000434528760326443,0.000482798194179153,0.000535331812447913,0.000592464616130653,0.000654558522651808,0.000722003855478488,0.000795221028857943,0.000874661988802972,0.000960811814187755,0.00105419041544651,0.00115535448689835,0.00126489980148157,0.00138346398582766,0.00151172967403942,0.00165042831194423,0.00180034451769657,0.00196232089791198,0.00213726352576399,0.00232614782924932,0.00253002547008474,0.00275003197325788,0.00298739551882374,0.00324344691340724,0.0035196322510065,0.00381752556289342,0.00413884548796426,0.00448547142073126,0.00485946243137974,0.00526307674167155,0.00569879000454529,0.0061693146647422,0.00667761604166519,0.00722692645400235,0.00782075621828985,0.00846289869036687,0.00915743123619297,0.00990870818225661,0.0107213458975797,0.0116001983241346,0.0125503214737779,0.0135769276940896,0.0146853262192199,0.0158808546446902,0.0171688032762716,0.0185543354896553,0.020042412029344,0.0216377259320184,0.023344655301135,0.0251672483965778,0.0271092354719214,0.0291740843662561,0.031365096960195,0.0336855469534653,0.0361388592808159,0.0387288148368685,0.0414597712242167,0.0443369004071121,0.0473664003564332,0.0505556684403147,0.0539134485000015,0.057449901281192,0.0611766023188191,0.0651065012755226,0.0692537585460331,0.0736335660899016,0.0782619579599128,0.0831555950425072,0.0883316474095239,0.0938076883005269,0.0996016861102138,0.105732010888007,0.112217485190381,0.119077418346265,0.126331677043928,0.134000564242653,0.142104557021364,0.15066390208069,0.159697877306168,0.16922401975421,0.179257253380919,0.189809496317501,0.200890627357073,0.212511542363269,0.224688531551884,0.237445915571662,0.25081311403051,0.264814890484436,0.279458434025282,0.294724111797072,0.310565435224857,0.326918468003674,0.343715761166554,0.360898022852319,0.378418725111656,0.396240826936931,0.414327622375486,0.432631651905243,0.451084644423653,0.469590780247974,0.488023893756077,0.50622820259615,0.524021712625318,0.5412009517973,0.557546076479686,0.572825495871248,0.586799673306205,0.599224143805467,0.609851968139657,0.618436225753472,0.624732765631474,0.628503852273178,0.62952257059171,0.627578486792586,0.622484249393503,0.614083556464821,0.6022601631333,0.586948049945929,0.568142076885966,0.545908588376791,0.520394832365296,0.491836116838114,0.460559452541715,0.426982870197148,0.391609812840161,0.355018154171483,0.317843430864407,0.2807563250863,0.244435106554603,0.209534449081131,0.176652760648534,0.146300969516992,0.118876187985324,0.094643334186237,0.0737266727594636,0.056111895513412,0.0416582544602611,0.030119386850461,0.0211706466273597,0.0144399786820552,0.00953889527574734,0.00609020586871663,0.00374986538678709,0.00222145060328923,0.00126304353123245,0.000687409697794799,0.000357117597178202,0.000176564298187377,8.28258598964021e-05,3.67003132837146e-05,1.54259383986168e-05,5.81202988129464e-06,2.62568394062679e-06,0
17834308.7693191,0,-1.36313868926734e-10,-6.39082722471445e-11,-4.30798295422552e-11,2.47772686271355e-10,9.23309205880697e-10,2.49415536628045e-09,5.69610450440931e-09,1.18384524587871e-08,2.2971412773875e-08,4.22610325692162e-08,7.43878095482137e-08,1.26062567591615e-07,2.06610362728861e-07,3.28625743576443e-07,5.08666053702592e-07,7.67951726233643e-07,1.13303086757891e-06,1.63636338757504e-06,2.31678003722065e-06,3.219777942203e-06,4.39762533903387e-06,5.90926385902359e-06,7.82001486519342e-06,1.02011148334357e-05,1.31291212753e-05,1.66852431964892e-05,2.09546575270808e-05,2.60258751386851e-05,3.19902172564623e-05,3.89414562425701e-05,4.69756644730682e-05,5.61913026931532e-05,6.66895650797089e-05,7.85749815524585e-05,9.19562615620791e-05,0.000106947346983695,0.00012366863500722,0.000142248326266787,0.00016282383629203,0.000185543233495556,0.00021056667338595,0.000238067799926438,0.000268235122197847,0.000301273384018818,0.000337404955317387,0.000376871221527296,0.000419934017875134,0.00046687724876844,0.00051800846358707,0.000573660405049164,0.000634192788535277,0.000699993912889194,0.000771482232123756,0.000849108106119238,0.000933355302365406,0.00102474288058956,0.00112382714475906,0.00123120399788238,0.00134751158874241,0.00147343357657535,0.0016097031137291,0.00175710710714311,0.00191649105062613,0.00208876480258834,0.00227490837648464,0.00247597933811385,0.00269311968806109,0.00292756512992325,0.00318065501737727,0.00345384373279156,0.00374871433912131,0.0040669931290254,0.00441056683518036,0.00478150031194476,0.00518205569872784,0.00561471111469461,0.00608217923005947,0.0065874242419568,0.00713367581644772,0.00772444054416197,0.00836350727601626,0.00905494851832857,0.00980311392663323,0.0106126166574852,0.0114883085259033,0.0124352480030479,0.0134586543489256,0.0145638518428647,0.0157562046906663,0.0170410419425032,0.018423581377907,0.0199088548637621,0.0215016447717686,0.0232064343881157,0.0250273880813968,0.0269683594078486,0.0290329390748358,0.0312245422197548,0.0335465350719443,0.0360024007535988,0.0385959332008535,0.0413314562264892,0.0442140516365524,0.0472497677008214,0.0504458008711281,0.0538106526658207,0.0573542203292443,0.0610878137221514,0.0650241094163782,0.0691770576790756,0.073561691478759,0.078193947069343,0.0830904820750017,0.0882684928822703,0.0937456202535197,0.0995398727909022,0.105669657507555,0.112153762443047,0.119011454552011,0.126262552558241,0.133927499099846,0.142027255791876,0.150583176966759,0.159616478935779,0.169147503558162,0.17919473681357,0.189773833127612,0.200897237451042,0.212575495632268,0.224820765706185,0.237651262346084,0.251093209323995,0.265176103318662,0.279920584941498,0.295323135454439,0.311345904949187,0.327917520484995,0.344945634836769,0.362335174556304,0.380004144099889,0.397890691167427,0.415949795385699,0.434141898204436,0.452418465846565,0.470708838686608,0.488911641258908,0.506891565456105,0.524480975893032,0.541484637345532,0.557685858109376,0.572852567856665,0.586742526437575,0.599107425717966,0.609696094498202,0.618257374402751,0.624543117308446,0.628311887451056,0.62933348797473,0.627394637035754,0.622305747030507,0.613908997794083,0.602087477942927,0.586775219588675,0.567967639994929,0.545731882164176,0.520216091801908,0.491656481004763,0.460380961585782,0.426808458044413,0.391443192676867,0.354863414388371,0.317704301570468,0.280635281948983,0.244332612960096,0.209448694224971,0.176580201554558,0.146237653202785,0.11881928619256,0.094592038769882,0.0736819494720325,0.0560753463711192,0.0416308659998747,0.0301008620379067,0.0211595089539042,0.0144341601072617,0.00953637371205093,0.0060894076041277,0.00374977879645287,0.00222154342097931,0.00126310472831077,0.000687399712620511,0.000357062864912643,0.000176500050716502,8.27719189152784e-05,3.66684121889423e-05,1.53997276197112e-05,5.81229437719328e-06,2.61341526835244e-06,0
18251834.9431904,0,-1.30165057961238e-10,-6.06441854823868e-11,-4.03272096737091e-11,2.38497020007085e-10,8.85193209373813e-10,2.38778992071172e-09,5.44883569849278e-09,1.13184813873376e-08,2.19537865140622e-08,4.03767135727408e-08,7.10545354390064e-08,1.20392547758579e-07,1.97292050675659e-07,3.13777107063627e-07,4.85658489997242e-07,7.33205486373309e-07,1.081785100234e-06,1.5624262341003e-06,2.21226651743275e-06,3.07484534048423e-06,4.20021728775751e-06,5.64487498344532e-06,7.47148761719899e-06,9.74847897724908e-06,1.25494842672204e-05,1.5952736593007e-05,2.00404406623884e-05,2.48981928196984e-05,3.0614503853854e-05,3.72804747350418e-05,4.4989666115354e-05,5.38381907244934e-05,6.39250452178402e-05,7.53526857686352e-05,8.82278368887542e-05,0.000102662507318346,0.000118775174570773,0.000136692094667653,0.00015654869239187,0.000178490988163211,0.000202677017811363,0.000229278245073956,0.00025848095008953,0.000290487594069551,0.000325518184223509,0.000363811683068226,0.000405627464910716,0.000451246881215562,0.000500974814872213,0.00055514137117396,0.000614103606572778,0.00067824716576634,0.000747988041462458,0.000823774273871652,0.000906087637491444,0.000995445536395142,0.0010924030662326,0.00119755526242306,0.00131153992962028,0.00143504098172986,0.00156879228886197,0.00171358205406069,0.00187025784320598,0.00203973231234033,0.00222298940828723,0.00242109131505772,0.00263518600957589,0.00286651613231333,0.00311642868539086,0.00338638599532949,0.00367797941091696,0.00399294352852541,0.0043331721595138,0.00470073676035579,0.00509790402074313,0.00552715649691623,0.00599120881863229,0.00649302679788383,0.00703584038479321,0.0076231556677374,0.00825876101145276,0.00894672771713685,0.00969140475597241,0.0104974047376254,0.0113695812331377,0.0123129972720854,0.0133328811389095,0.014434574915761,0.0156234695364368,0.0169049358421386,0.0182842502622704,0.0197665216889376,0.0213566288589531,0.0230591681875646,0.0248784303641007,0.026818398554865,0.0288827875462556,0.0310751182448515,0.033398831576626,0.0358574427885665,0.0384547339421068,0.041194963208763,0.0440830923440309,0.0471250152338684,0.0503277471490253,0.053699585099277,0.0572501958036221,0.0609906536022363,0.0649334043284766,0.0690921559786054,0.0734817592459469,0.0781180118095725,0.0830174897937802,0.0881973946799725,0.0936753990521355,0.0994695739718423,0.105598309064031,0.112080285794999,0.118934462011789,0.126180064093147,0.133836649932547,0.141924125617309,0.150462837886886,0.159473465857105,0.168976856540199,0.178993854768596,0.189544989075812,0.200649711865768,0.212324512279391,0.224579944771793,0.237418210656474,0.25083381834054,0.264818429774209,0.279367654326912,0.294484768360799,0.310177534366407,0.326448267835794,0.343281811548939,0.360637040447434,0.378445386617631,0.396615863990568,0.415043318437849,0.433616158347046,0.452220762096437,0.470741871136571,0.489059644853783,0.507044930225324,0.524554324936459,0.541426259119611,0.557478777746434,0.572509220708947,0.586295734280439,0.598600244543436,0.609172664110908,0.617755944821621,0.624091828743919,0.627927105889264,0.629020275450231,0.627148664804133,0.622116049541526,0.613760977556733,0.601965752698356,0.586665954709989,0.567860162554481,0.54561942597101,0.520095740291065,0.491528492194407,0.460247771417048,0.426673597746107,0.391310317956265,0.35473558961139,0.317583630934667,0.280522876700002,0.244228795664913,0.209353304443278,0.176492883032139,0.146158050589992,0.118747140504917,0.0945272168696402,0.0736244419520705,0.0560252350349063,0.041588243531921,0.0300657084176624,0.0211315674579944,0.0144128692614169,0.00952088687333017,0.00607868995351073,0.00374274154071807,0.00221716991360071,0.00126053761583288,0.000685979161073623,0.000356322485734863,0.000176137053867884,8.26024715770444e-05,3.65973339459584e-05,1.53632247176126e-05,5.80875995801558e-06,2.60036922872963e-06,0
18679135.9902078,0,-1.24348964625341e-10,-5.76191894618591e-11,-3.78676543931423e-11,2.29349852472291e-10,8.48345867993179e-10,2.28555255753085e-09,5.21179449365106e-09,1.08207618931864e-08,2.09806038961039e-08,3.85757448936055e-08,6.78698912264076e-08,1.14976580801808e-07,1.88392345822973e-07,2.99596133350817e-07,4.63685051513973e-07,7.00018729340403e-07,1.03283393820101e-06,1.49178928743532e-06,2.11239979348891e-06,2.9363267829205e-06,4.01149864615995e-06,5.39205206777332e-06,7.13809979589499e-06,9.31534760983866e-06,1.1994597761673e-05,1.52511869058237e-05,1.91644124942358e-05,2.38170028006433e-05,2.92946829912339e-05,3.56858836650334e-05,4.30816295483493e-05,5.15756357583234e-05,6.12646285506963e-05,7.22488965843044e-05,8.46330647923702e-05,9.85270699582277e-05,0.000114047309756423,0.0001313179235473,0.000150472154919778,0.000171653757861254,0.000195018424968778,0.000220735200864202,0.000248987850944478,0.000279976246574698,0.000313917755535399,0.000351048607679101,0.000391625367754146,0.000435926456043133,0.000484253770868717,0.000536934343456257,0.000594322071717493,0.00065679951005062,0.000724779565168732,0.000798707367262475,0.000879062020100689,0.000966358573772601,0.00106115005683947,0.00116402988599903,0.00127563466292129,0.00139664756817504,0.00152780222040483,0.00166988711835209,0.00182375087114239,0.00199030796416272,0.00217054497872897,0.00236552786371838,0.00257640942657935,0.00280443809512164,0.00305096776139039,0.00331746864383124,0.00360554022555726,0.00391692510474761,0.00425352525362463,0.00461741918594761,0.00501088034656311,0.00543639549075297,0.0058966836027734,0.00639471290782993,0.00693371515057368,0.00751719763934905,0.00814894986762467,0.00883304464052221,0.00957383362496772,0.0103759329010829,0.0112442029538974,0.0121837165058616,0.0131997169955134,0.0142975679141626,0.0154826912703616,0.0167604992866936,0.0181363235736205,0.0196153428979981,0.0212025187982644,0.02290254763768,0.0247198283336326,0.0266584633567279,0.0287222862543893,0.030914934520066,0.0332399485327852,0.035700917557292,0.03830165813726,0.0410464200117712,0.0439401025657307,0.0469884704874749,0.0501983576968932,0.0535778274170877,0.0571362736224383,0.0608844894897417,0.0648346385002929,0.069000172773243,0.0733957248232851,0.0780369359683532,0.0829402831913067,0.0881229201169749,0.0936025328930339,0.0993972393607309,0.105525530599977,0.112006264743641,0.118858629248166,0.12610211957762,0.133756452219123,0.141841406963361,0.150376668012506,0.159381633116255,0.168875209584049,0.178875614440311,0.189400208211232,0.20046529733815,0.212086054734988,0.224276054411206,0.237045798069128,0.250400271462274,0.26433684903983,0.2788457457723,0.293914328737756,0.309532814530247,0.32569687009224,0.342402942826044,0.359636939934914,0.377361416162516,0.395507558764273,0.413975569338413,0.432642243840098,0.451371492069432,0.470023130068708,0.488456967467871,0.506531993653052,0.524101796700283,0.541008742991806,0.557078649302973,0.572117548530158,0.585910991883229,0.598225905758803,0.608814576891502,0.617420141818962,0.623783034159128,0.627647981825479,0.62877124376032,0.626928151876988,0.62192095593647,0.61358724011237,0.601808914954232,0.586521688203426,0.56772468050477,0.545489682544696,0.519969409854847,0.491403840252134,0.460123588372124,0.426549262879649,0.391185938514466,0.354612111591252,0.317462825814834,0.280407137204595,0.2441207286717,0.209255203764295,0.176406245321032,0.146083308055889,0.118683713872178,0.0944738650476799,0.0735797515507686,0.0559880256712228,0.0415577200898301,0.0300413474595691,0.0211128758520391,0.0143991952293959,0.00951138406171833,0.00607241461739392,0.00373879331892549,0.0022147959857681,0.00125917124585677,0.000685226780088468,0.000355927219662336,0.000175940102938104,8.25088102609792e-05,3.65590063713407e-05,1.53404688278127e-05,5.81219571897913e-06,2.5893311769695e-06,0
19116440.753857,0,-1.18815593898898e-10,-5.46963692699559e-11,-3.54160583783703e-11,2.20935903561801e-10,8.1390592623324e-10,2.18952279492506e-09,4.98859513101758e-09,1.0351355893992e-08,2.00616960383211e-08,3.6873598983058e-08,6.48575410778053e-08,1.09849902887067e-07,1.79962389677404e-07,2.86155260133941e-07,4.42845958152562e-07,6.68526984743831e-07,9.86356637930415e-07,1.42468449093584e-06,2.01747348952744e-06,2.8045858513557e-06,3.83190954941209e-06,5.15131561338624e-06,6.82045208506214e-06,8.90239625305359e-06,1.1465200551931e-05,1.45813775546344e-05,1.83273749801231e-05,2.27830924141598e-05,2.80314882027546e-05,3.41583189384211e-05,4.12520464661525e-05,4.94039390423924e-05,5.87083834920944e-05,6.9263414573279e-05,8.11714561645163e-05,9.45402588823306e-05,0.000109484010318779,0.00012612457834419,0.000144592848737289,0.0001650301258251,0.000187589541487551,0.000212437464835988,0.00023975490330519,0.000269738856175305,0.000302603704132766,0.000338582629379024,0.000377929010685849,0.000420918000242309,0.00046784810765677,0.000519042841718429,0.000574852553781574,0.00063565618045568,0.000701863045588628,0.000773914781986829,0.000852287170708066,0.000937492165327538,0.00103007999018969,0.00113064166726806,0.00123981179831674,0.00135827188441615,0.00148675429292284,0.001626046895592,0.00177699826110515,0.00194052354500549,0.00211761082954847,0.00230932858466215,0.00251683320517042,0.00274137787146839,0.00298432220357937,0.00324714312731494,0.00353144731199138,0.0038389850904815,0.00417166611849994,0.00453157593590715,0.00492099477614451,0.00534241488158819,0.00579856031999067,0.00629240315559782,0.00682717864424836,0.00740639708027804,0.00803385130953991,0.0087136179933403,0.0094500534979548,0.0102477814158024,0.0111116709671712,0.0120468076096581,0.0130584532251989,0.0141519956287358,0.0153328897648406,0.0166065921204148,0.0179784906036537,0.0194538337935947,0.021037668258082,0.0227347877125629,0.024549701210916,0.0264866285116349,0.0285495236443641,0.0307421364685432,0.0330681110970452,0.0355311151450189,0.0381350074510887,0.0408840344507647,0.0437830395779835,0.0468376750994395,0.0500545911155627,0.0534416242964861,0.0570079086860436,0.0607639243044038,0.0647215345109254,0.0688938980696782,0.0732953710018661,0.0779413873936025,0.0828482627967295,0.0880330784569727,0.093513512239381,0.0993077609593449,0.105434443243477,0.111912555209923,0.11876141848738,0.126000621455516,0.133649889698276,0.141728944325876,0.150257258856126,0.159253793630576,0.168736684269681,0.178723023828021,0.189228823967378,0.200269339739957,0.211859617153875,0.224014661197861,0.236747898397423,0.250067275385975,0.263970577416202,0.278444044105074,0.293467863180674,0.309026893667699,0.325118963064461,0.34175268474449,0.358932602269133,0.376638838420732,0.3948115313704,0.413347604425157,0.43210955755319,0.450940997490578,0.469681178531458,0.488174359361232,0.506271526750535,0.52382664510898,0.54068925689234,0.556696886899589,0.57166880381071,0.585402800432847,0.597675019452338,0.608242943264967,0.616850680772441,0.623236090956119,0.627138824821133,0.628308906523223,0.626515452835797,0.621555478855426,0.613262886572316,0.601517651777957,0.586255208162841,0.567475711549195,0.545252823596381,0.519741424958826,0.491183509753765,0.459911273087088,0.426346345618358,0.390994250942555,0.354433426169842,0.317298485913603,0.280257877746627,0.243986689906134,0.209136081332994,0.1763014778494,0.145992201121837,0.118605447681535,0.0944074170884337,0.0735238334364325,0.0559411327495769,0.0415183157511612,0.0300081041310376,0.0210848462888711,0.0143758262036722,0.00949237894438834,0.00605753210379601,0.00372768685190659,0.00220695472062305,0.00125395953055059,0.00068197632113148,0.000354029178322308,0.000174904642650637,8.19806442127204e-05,3.63108222996469e-05,1.52259914154818e-05,5.77328642106898e-06,2.56560913560102e-06,0
19563983.4351706,0,-1.13510108599633e-10,-5.20068492772923e-11,-3.33342674754541e-11,2.12200889284742e-10,7.79511587870552e-10,2.09479802290666e-09,4.76981509091148e-09,9.89311688317275e-09,1.91672883308972e-08,3.52205982456804e-08,6.1937512333989e-08,1.04887850126621e-07,1.71813486180621e-07,2.73176513426446e-07,4.22741941078593e-07,6.38170194258742e-07,9.41584943819486e-07,1.36008008946498e-06,1.92612966993618e-06,2.67786953207045e-06,3.65922867618578e-06,4.91990100281972e-06,6.51516306474174e-06,8.5055584360206e-06,1.09564823947068e-05,1.39377099805386e-05,1.75229154065184e-05,2.17892311640833e-05,2.68168920014954e-05,3.26890034712914e-05,3.94914675897573e-05,4.73130896868759e-05,5.62458814886301e-05,6.63855685120584e-05,7.78323015341384e-05,9.06915591340857e-05,0.000105075218785204,0.000121102767636354,0.000138902615686137,0.000158613469119711,0.000180385733597521,0.000204382925361097,0.000230783067779101,0.000259780063262558,0.000291585083107096,0.000326427973855991,0.000364558668650769,0.000406248717483031,0.000451792929162355,0.000501510976115392,0.000555749215806256,0.00061488255653118,0.000679316274888212,0.000749487953336401,0.000825869492965286,0.000908969093063735,0.000999333481557679,0.00109755046675162,0.00120425179082466,0.00132011644168654,0.00144587471593078,0.00158231287618439,0.00173027829923466,0.00189068566148406,0.00206452356590886,0.00225286171400379,0.00245685888651647,0.00267777168715088,0.00291696437783556,0.00317591939890404,0.00345624980637019,0.00375971289881935,0.00408822544352204,0.0044438801331803,0.00482896387220871,0.0052459752858117,0.00569764398473695,0.00618694715833885,0.00671712513008658,0.0072916932901135,0.0079144495474889,0.00858947717826268,0.00932113996122957,0.0101140709798219,0.0109731529492598,0.0119034869195621,0.0129103562503778,0.0139991772466743,0.0151754412920155,0.0164446525513663,0.0178122581019654,0.0192835796368065,0.0208637508800122,0.0225576664036488,0.0243699475419917,0.0263049322840828,0.0283666962383534,0.0305591086305659,0.0328859153675075,0.0353508661552991,0.0379578693146334,0.0407111745701941,0.0436155797979186,0.0466766317023735,0.0499008288345471,0.0532957954916641,0.0568704145797706,0.060634900899018,0.0646008186540966,0.0687810562170674,0.0731897252113546,0.0778420177601769,0.0827540877329618,0.087942869430686,0.0934259510938047,0.099221454472054,0.105347937493529,0.111824319600043,0.118669785561783,0.125903685148698,0.133545351673602,0.14161394183651,0.150128202035629,0.159106373069121,0.168566231705483,0.178525404377219,0.189001866717694,0.200014382506431,0.211582263880766,0.223723415176002,0.236450225970971,0.249764499308053,0.263655039845891,0.278101437695852,0.293083828600075,0.308593184460718,0.324634243106367,0.34121735415966,0.358342079499493,0.375980769871574,0.39406938398131,0.412508548099365,0.43117235531725,0.449919905776414,0.468604837756653,0.487080220268152,0.505198681957622,0.52280899262208,0.539751116967643,0.555851347441342,0.570918771809626,0.584743678677996,0.597098116679223,0.607738502382054,0.616410050170063,0.622852638809231,0.626807876716279,0.6280269682578,0.626279253485855,0.621361148299616,0.613105464916495,0.601391005377616,0.586152316183758,0.567389266706652,0.545175955272688,0.519668333396098,0.49110986541003,0.459834366603042,0.426265051028228,0.39090884617047,0.354345304923553,0.317209800711573,0.280171158837803,0.243904464103571,0.209060509885669,0.176234061429158,0.14593362984484,0.118555656911937,0.0943658341567658,0.0734897081531589,0.0559137984223795,0.0414972686677016,0.029992898688944,0.0210749091777387,0.0143703281559696,0.00949024985415144,0.00605760938166307,0.00372891353693075,0.00220853240617903,0.00125540344564678,0.000683077373065868,0.000354764804839265,0.000175345280061179,8.22192334044909e-05,3.64320762065887e-05,1.52741889959678e-05,5.8062891309425e-06,2.56426040764729e-06,0
20022003.7181558,0,-1.08458810258789e-10,-4.94193278001987e-11,-3.12870998744132e-11,2.04048522632499e-10,7.47114957387685e-10,2.00530425303189e-09,4.56279608188612e-09,9.45905995076719e-09,1.83194115060598e-08,3.36525734779712e-08,5.916601589606e-08,1.00175762302884e-07,1.64071350425946e-07,2.60839972738912e-07,4.03624249664501e-07,6.09290286742518e-07,8.98973305218763e-07,1.29856652017912e-06,1.83911885536011e-06,2.55711184168565e-06,3.49459469828735e-06,4.69916878565364e-06,6.22382679468375e-06,8.12666630577688e-06,1.04705097782139e-05,1.33224719024025e-05,1.67535197044836e-05,2.08380708846571e-05,2.56536724714707e-05,3.12807962999517e-05,3.78027811342283e-05,4.53059442677647e-05,5.38798783200685e-05,6.36179412578084e-05,7.46179392005089e-05,8.69829925004628e-05,0.000100822570268185,0.000116253667614734,0.000133402085233439,0.000152403785114061,0.000173406287397636,0.000196570072402894,0.000222069980003837,0.000250096592260277,0.000280857613148068,0.000314579287549188,0.000351507811438736,0.000391910853425846,0.000436079155490645,0.000484328194174417,0.000536999982157478,0.000594464945804596,0.00065712378730881,0.000725409564787572,0.000799789617889078,0.000880767776126576,0.00096888655108685,0.00106472977197458,0.0011689253986265,0.00128214894599368,0.0014051276155488,0.0015386449455751,0.00168354603493069,0.00184074384000257,0.00201122594792988,0.00219606193238256,0.00239641151301077,0.00261353327951824,0.00284879455637472,0.00310368229860499,0.00337981438264608,0.00367895403281645,0.00400302435133644,0.00435412442976107,0.00473454735745317,0.0051467982142239,0.00559361227226921,0.00607797216093117,0.00660312378134449,0.00717258832899146,0.00779017037473343,0.00845996060999396,0.00918633214465098,0.00997392964379817,0.0108276493200592,0.0117526113433423,0.0127541217909664,0.0138376264083094,0.0150086548310148,0.0162727588036824,0.0176354453358535,0.0191021092372039,0.0206779714727141,0.0223680260982932,0.0241770061321264,0.0261093726019803,0.0281693260773452,0.0303608595979262,0.0326878355962124,0.0351541016292948,0.0377636376114883,0.0405207220645244,0.0434301310036714,0.0464973317334296,0.0497286836042127,0.0531316027965737,0.0567147189844104,0.0604879488668305,0.0644625411481796,0.0686510676664398,0.0730673404894523,0.0777263059444054,0.0826439084334288,0.087836944502257,0.0933229361710707,0.0991200152312234,0.105246840146703,0.111722526415491,0.118566604659687,0.125798941623574,0.133439637378523,0.14150886779214,0.150026658747584,0.159012614670178,0.168485603268939,0.178463476040439,0.188962794254612,0.199998631814862,0.21158439169625,0.223731562486866,0.236449331215499,0.249743869221069,0.263617265390971,0.278066111287414,0.293079930217597,0.308639535914875,0.324715226816496,0.341264834058027,0.358233451058898,0.375558866887432,0.393185166033029,0.411078678127128,0.429230296879557,0.447631108065139,0.466226615493315,0.484876661667282,0.503349261932834,0.52135530903083,0.538602900298373,0.55484014084892,0.569866860670717,0.583517782244574,0.595634185366148,0.606040662106803,0.614534724046456,0.620887921242032,0.624853967530625,0.626180030428126,0.624619242339019,0.619943800489904,0.611958448863863,0.600514099535449,0.58552121028054,0.566962161453783,0.544901776889798,0.519495064851147,0.490991496868556,0.459735386495878,0.426162139096973,0.39079015764143,0.354208175462167,0.317057781085025,0.280011140949248,0.24374437053577,0.208907715397403,0.176094474623281,0.145811258754536,0.118452497631974,0.0942819919772013,0.0734237183692746,0.0558631182796022,0.041458867903666,0.0299638252012784,0.0210526984265394,0.0143531787836567,0.00947697755280374,0.00604746568376927,0.00372137927952012,0.00220316647146529,0.00125177447582138,0.000680761995614326,0.000353377001301298,0.000174566223137977,8.18097753505446e-05,3.62334409463958e-05,1.51786331593751e-05,5.77510954342648e-06,2.54137794424309e-06,0
20490746.8981585,0,-1.03653845871074e-10,-4.70643952110672e-11,-2.95887611795117e-11,1.95674561709793e-10,7.15026944587015e-10,1.91771233795783e-09,4.36141047484911e-09,9.03845540219029e-09,1.75000849903152e-08,3.21405085449847e-08,5.64977941197628e-08,9.56451875718568e-08,1.56635318480826e-07,2.49001381910559e-07,3.85291070564377e-07,5.81611186098825e-07,8.58151901948082e-07,1.2396580802817e-06,1.75581490934972e-06,2.44151963519359e-06,3.33701937195172e-06,4.48790657174912e-06,5.94497728311566e-06,7.76397095585974e-06,1.00052223934471e-05,1.27332648214533e-05,1.6016427104872e-05,1.99264680127623e-05,2.45382869836878e-05,2.99297454600805e-05,3.61816262848364e-05,4.33777516826044e-05,5.16052740618776e-05,6.09551486147229e-05,7.15227900541903e-05,8.34089059434629e-05,9.67204934624633e-05,0.000111571979821944,0.000128086471950329,0.000146397088024191,0.000166648340497206,0.000188997527535234,0.000213616128948976,0.00024069121398825,0.000270426816068169,0.000303045319433345,0.000338788913779278,0.000377921096886423,0.000420728226969284,0.000467521242628403,0.000518637430240348,0.0005744423320545,0.000635331649804146,0.000701733341999681,0.000774109683174546,0.000852959454034579,0.000938820264478786,0.00103227112831659,0.00113393550511211,0.00124448462715925,0.00136464150385442,0.00149518579247876,0.00163695926300763,0.00179087181136611,0.00195790873547506,0.0021391379414967,0.00233571857940224,0.00254890963830799,0.0027800802443803,0.00303071969292204,0.00330244994558005,0.00359703887638568,0.00391641446926127,0.00426268140437053,0.0046381384374304,0.00504529621678135,0.00548689582162964,0.00596592575281996,0.00648563795271424,0.00704956075122911,0.00766150708940105,0.00832557736968477,0.00904615768110116,0.00982790715784914,0.0106757405494583,0.0115947997399505,0.0125904170285945,0.0136680709807153,0.0148333295487352,0.0160917931601122,0.0174490273289534,0.0189104989666707,0.0204815140827476,0.0221671669684896,0.0239723046589173,0.0259015105489185,0.0279591175254674,0.0301492463878214,0.0324758833410886,0.0349429820503555,0.0375545939129483,0.040315036339637,0.0432290735913538,0.0463021078451158,0.0495403684787492,0.0529510996604724,0.0565426925135348,0.0603248087256497,0.0643084197518114,0.0685058137832347,0.07293054133426,0.0775973138709761,0.0825218745494175,0.0877208462121792,0.0932115921779715,0.0990120737921257,0.105140752291677,0.11161650288564,0.11845856747316,0.125686483295991,0.133320040077548,0.141379128004639,0.149883584265876,0.158852850068318,0.168305648183271,0.178259636465312,0.188731312558527,0.199736177389755,0.211289019872871,0.223403703261343,0.236092003189451,0.249361137716164,0.263211136002454,0.277634255055206,0.292617861842696,0.308149984849234,0.324223406209687,0.340833532795017,0.357969247592145,0.375600113396698,0.393666328786352,0.412076096833622,0.430710639021883,0.449433855251821,0.46810171701781,0.486568135099456,0.504685913286028,0.522303690137427,0.539260773338203,0.555381984753041,0.570474034518011,0.584324260121593,0.596701810133971,0.607360960360726,0.616046020117769,0.6224973582341,0.626458170938136,0.627681833099638,0.625939772149394,0.62102989032945,0.612785539334058,0.601085024880413,0.585861499494955,0.567112949032175,0.544911670395529,0.519412446844353,0.490858479580072,0.459584187080827,0.426013999215718,0.390656360046591,0.354092329420441,0.316958523593775,0.279924610886858,0.243666128685885,0.208834029437698,0.176023028124334,0.145741383392412,0.118385017851048,0.0942187656805523,0.0733669854347178,0.0558148191477814,0.0414201174647508,0.0299346807977061,0.0210322507117669,0.0143398753037882,0.00946902482685058,0.00604317035846862,0.00371935576152528,0.00220240848058341,0.00125162907064023,0.000680853606587258,0.000353519402588012,0.000174685927758365,8.18893612612756e-05,3.62816960075703e-05,1.51969992203282e-05,5.79795018267079e-06,2.53411295516118e-06,0
20970464.0132323,0,-9.85163378738756e-11,-4.45143380619477e-11,-2.6821699377574e-11,1.89016423086628e-10,6.87428591786053e-10,1.83868024261848e-09,4.17765945802552e-09,8.65065273345052e-09,1.67409326540185e-08,3.07332539513699e-08,5.40067377574925e-08,9.14037205769863e-08,1.49658436163842e-07,2.37873353751435e-07,3.68032243834766e-07,5.55518564896974e-07,8.19617207600152e-07,1.18396685772534e-06,1.67693964839526e-06,2.33192061889816e-06,3.18745724531701e-06,4.28725205735243e-06,5.67999639175395e-06,7.41910247802857e-06,9.56242117133689e-06,1.21719867197389e-05,1.53137150524901e-05,1.9056969242912e-05,2.34740696307948e-05,2.86400441061343e-05,3.46328526089898e-05,4.1533915043207e-05,4.94284701612677e-05,5.84055560628399e-05,6.85579496607304e-05,7.99826727454961e-05,9.27823935813845e-05,0.000107067464164653,0.000122957933270974,0.000140585086176134,0.000160092502791779,0.00018163675212296,0.000205388122502096,0.000231531600905304,0.000260268065633843,0.000291815716883465,0.000326411715549358,0.00036431386257371,0.000405802364676884,0.000451181698236761,0.00050078245068983,0.000554963239339419,0.000614112979669695,0.000678652907434154,0.000749038787651705,0.000825762950882128,0.000909356757198329,0.0010003938600171,0.00109949240655103,0.00120731847515089,0.00132459061807049,0.00145208443380161,0.00159063737360716,0.00174115610750334,0.00190462324591129,0.00208210423677992,0.00227475636389658,0.00248383819511972,0.00271071947430586,0.00295689052760875,0.0032239750811715,0.00351374443550545,0.00382813164987588,0.00416924437568828,0.0045393839925578,0.00494106670276549,0.00537704044700388,0.00585029763617017,0.00636409480829973,0.00692197028190337,0.00752774905429041,0.00818554205539106,0.00889975117739696,0.00967505838276833,0.0105164021351468,0.0114289514123041,0.0124180746627253,0.0134892888208344,0.0146482071717009,0.0159004798542099,0.0172517302924555,0.0187075055490691,0.0202732058522116,0.0219540064886919,0.0237548692510667,0.02568053458511,0.0277354350366643,0.0299237977608438,0.0322497958021204,0.0347175084341939,0.0373309680181294,0.0400945239041313,0.0430130675117346,0.0460919411522758,0.0493370898218117,0.0527556171255834,0.0563559349487589,0.0601473321302039,0.0641402034313906,0.0683468346680337,0.0727806957840251,0.0774557199551515,0.0823874673665868,0.0875929187106125,0.0930889841627896,0.0988931716593971,0.105024528938199,0.111502119272218,0.118344944203089,0.125572867935614,0.133205816388192,0.141263845336548,0.149767564765965,0.158736531696856,0.168189241949874,0.178144768628556,0.188621193852792,0.199633954696454,0.211196991058725,0.223322833856043,0.236021019111852,0.249297874837136,0.263156159896337,0.277593772353529,0.292602914457013,0.308169803226381,0.324274515753504,0.340889399584739,0.357976473372364,0.375487922605138,0.393367165006911,0.411545977781655,0.42994217802598,0.448458796314538,0.466981475287961,0.485379375456382,0.503507821432878,0.521203749364214,0.538284552930854,0.55455417760288,0.569801574349283,0.583795552746444,0.596291918553363,0.607041476121688,0.615790527376187,0.622281904719365,0.626260557305399,0.627482207585518,0.625722351879994,0.620784165822467,0.612508680499893,0.600784942061349,0.585556008227196,0.566823169169136,0.54465389128411,0.519191857300859,0.490666172231926,0.459400686354351,0.42582010700903,0.39044278715707,0.353862297888024,0.316725754349463,0.27970769010592,0.243481819406798,0.208692514902715,0.175924865648057,0.145677401778629,0.118340677727717,0.0941804930194388,0.0733266430727037,0.0557705624199974,0.0413742483589476,0.0298907469654449,0.0209933431449496,0.014308131393571,0.00944541315920215,0.00602734319925625,0.00370983502923033,0.00219719760127493,0.00124892370384869,0.000679442689946877,0.00035277316722758,0.000174315121200869,8.17228293991908e-05,3.62084950286851e-05,1.51761922082571e-05,5.82408167651069e-06,2.5264896253636e-06,0
21461411.9785841,0,-9.42134962196389e-11,-4.24342664654197e-11,-2.534265391169e-11,1.81457731725151e-10,6.58644402440811e-10,1.76028491879857e-09,3.99753340663075e-09,8.27452998912396e-09,1.60080475264735e-08,2.93800521295961e-08,5.16171532856757e-08,8.73428769360745e-08,1.42987045710528e-07,2.27241266857468e-07,3.51549786796941e-07,5.3060638578625e-07,7.82835954647316e-07,1.13082986452216e-06,1.60171246340575e-06,2.22741349103683e-06,3.04481891835405e-06,4.09577491285257e-06,5.42694042665282e-06,7.08953852861827e-06,9.13908872473405e-06,1.16351710290875e-05,1.46411672157972e-05,1.82238893631588e-05,2.24531374222431e-05,2.7401438732236e-05,3.31442069502882e-05,3.97602444496427e-05,4.73322018763929e-05,5.59466965252697e-05,6.56942914173143e-05,7.66699018773798e-05,8.89739523054012e-05,0.000102714128134441,0.00011800730478654,0.000134981209033048,0.000153775598588225,0.000174543123652945,0.000197450161859585,0.000222677782075367,0.000250422895843426,0.000280899658609113,0.000314341019401549,0.000351000353893761,0.000391153127238854,0.000435098853302655,0.000483162960919121,0.00053569874436958,0.000593089316503291,0.000655750016857674,0.000724130608733072,0.000798717259566539,0.000880035262854917,0.00096865199189127,0.00106517942225199,0.00117027757731523,0.00128465883218692,0.00140909269455851,0.00154441107252817,0.00169151478721535,0.00185138093171569,0.00202507058675031,0.00221373723121956,0.00241863609615744,0.00264113458754322,0.00288272234702301,0.00314502389232056,0.00342981176647151,0.00373901906787639,0.00407475491000087,0.00443932616013357,0.00483525193224433,0.00526528102786625,0.0057324103803572,0.00623990371689553,0.00679130631963045,0.00739045043950666,0.00804146195277726,0.00874876237656029,0.00951705150804134,0.01035129603462,0.0112567018735014,0.0122386732817998,0.0133027675116423,0.0144546533713617,0.0157000398332437,0.017044624625642,0.0184940416789249,0.0200537573064544,0.0217290497262319,0.0235250479514489,0.025446607832925,0.0274982365794481,0.0296843290700434,0.0320092431622103,0.0344770970545445,0.0370919552006721,0.0398582993642162,0.0427810218582611,0.045865314374937,0.049117115928423,0.0525434162721674,0.0561521901988435,0.0599526469340458,0.0639552817828608,0.0681716010292071,0.0726145861515061,0.0772988251441646,0.0822394943528973,0.0874524239850624,0.0929549460210673,0.0987652591049035,0.104901575938583,0.111382567945725,0.118227373936949,0.125455582428809,0.133087486315162,0.141143071978229,0.149641491755577,0.158602598911409,0.168046500051788,0.17799148057878,0.188454801966927,0.199453259053109,0.211000992620963,0.223109791994032,0.235790571621211,0.249050745591194,0.262891341457743,0.277309447079636,0.292299831213348,0.307849679411239,0.323936163796101,0.340531068148389,0.357600284363678,0.375096470269805,0.392959862315445,0.411123511831078,0.429508027221506,0.44801482243779,0.466528922701352,0.484921897444346,0.503047490153575,0.520741045427555,0.537823755146403,0.554100048751297,0.569354477639068,0.583357195721033,0.595867939911555,0.606635283287316,0.61540219750519,0.621913001124996,0.625914757083222,0.627161183872829,0.625425260877958,0.620510437859696,0.612257151742765,0.600552004983288,0.585337857642805,0.566618487264326,0.5444631405353,0.519015066130136,0.49050230327151,0.459248531781341,0.425677308918539,0.390305603674623,0.353727677734713,0.316592409603475,0.279576786992307,0.243356958572844,0.208577345957952,0.175821284910911,0.145586148569168,0.118261986342773,0.0941142147631543,0.0732721414943907,0.055726576934731,0.0413390542370151,0.0298628192785701,0.0209717089843313,0.0142920793145242,0.00943411672267512,0.00601975395462598,0.00370487206167579,0.00219398645392323,0.00124687952723694,0.00067819197710146,0.000352056559107313,0.000173934712187516,8.15338347504973e-05,3.61225009603001e-05,1.51359669782259e-05,5.81630534755853e-06,2.51042097081849e-06,0
21963853.7241655,0,-9.02614387820689e-11,-4.01586275755968e-11,-2.37152647940651e-11,1.75257552156028e-10,6.32602211014945e-10,1.68843053901143e-09,3.83026364558377e-09,7.92347261450658e-09,1.53208722883428e-08,2.81074950537421e-08,4.93640609736096e-08,8.35054935224769e-08,1.36670402102551e-07,2.1715801999663e-07,3.35898339996617e-07,5.06928558059994e-07,7.47853936353401e-07,1.08026162432088e-06,1.5300712679542e-06,2.12780160874911e-06,2.90873573861919e-06,3.91294997484947e-06,5.18518436708409e-06,6.77457992972151e-06,8.73438488764483e-06,1.11217338153367e-05,1.39974926221164e-05,1.74260299874184e-05,2.14748234301435e-05,2.6214063289299e-05,3.17166082101461e-05,3.80584484744479e-05,4.53194127396579e-05,5.35836758263869e-05,6.29399151957603e-05,7.348145560749e-05,8.53068996996849e-05,9.8521412271181e-05,0.000113238422525254,0.000129581388826736,0.000147685346168997,0.000167698139537439,0.000189781448954128,0.000214111852680574,0.000240882012998986,0.000270301906705022,0.0003026002276893,0.00033802602315916,0.000376850314040549,0.000419367817113641,0.000465898873678924,0.000516791381384991,0.000572422934896949,0.000633202959860578,0.00069957499452044,0.000772018984957958,0.00085105382682288,0.000937240216430261,0.00103118370136841,0.00113353783356173,0.00124500820702074,0.00136635773168245,0.00149841224793952,0.00164206576108201,0.00179828848424604,0.00196813606437325,0.00215275617019746,0.0023533972398152,0.00257142384832565,0.00280832373199144,0.00306571442576305,0.00334536650108409,0.0036492164772082,0.00397937261456509,0.00433814035426132,0.0047280401729298,0.00515182156549903,0.00561248647005537,0.00611330236772292,0.00665781518100706,0.00724986957932142,0.00789360743895696,0.00859345135742268,0.00935412086925398,0.0101806299421871,0.0110782141517289,0.0120522841801417,0.0131084559700268,0.0142524988498758,0.0154901727260233,0.0168271941222912,0.0182693045257661,0.0198221332073397,0.0214910427781641,0.0232812186684493,0.0251976685422348,0.0272451092322571,0.0294280353216692,0.0317508515547053,0.034217855039099,0.0368332670687816,0.0396015398286047,0.042527591267056,0.0456166981015866,0.0488746162597978,0.052308110665947,0.0559251413735667,0.0597347503351868,0.0637470300643826,0.0679731949766944,0.0724259549923459,0.0771195532717411,0.0820690508710908,0.0872902693708563,0.0928001329091367,0.0986162315450309,0.104757096172139,0.111242111619391,0.118089885625374,0.125318969810949,0.13295018173528,0.141004221252049,0.149499202407351,0.158454084786198,0.167889608798121,0.177824548605701,0.188275479219924,0.199258934742443,0.210790292665579,0.222882712388532,0.235546516896828,0.248787331124677,0.262607888503502,0.277008864261973,0.291983768643232,0.307516398349523,0.323585874475163,0.340167494779595,0.357224739169701,0.374706865610288,0.392555019633453,0.410704878816993,0.429075495667345,0.447565331605441,0.466063250600346,0.48444616145892,0.50256388325233,0.520246272518647,0.537318559341895,0.553591770216264,0.568850047606181,0.582861573716643,0.595387325128631,0.606174611014159,0.614962174789501,0.621494283101895,0.62552168241584,0.626800392365388,0.62510080593248,0.62022003148871,0.611992507861866,0.600300742664522,0.585086964342674,0.56636186307552,0.544205682605532,0.518769935713531,0.490287050928566,0.459078175038729,0.425555403522517,0.390222177411732,0.353663689393657,0.316526644393138,0.279493890934449,0.243252059705101,0.208455728459731,0.175694849008125,0.145467865848516,0.118161509332422,0.094036135570588,0.0732160402663919,0.0556882811961208,0.0413129202833349,0.0298438974629678,0.0209568430063773,0.0142799109694798,0.00942435067101016,0.00601235017036113,0.00369962061570184,0.00219047066836289,0.00124461156369874,0.000676754863397967,0.000351161445666609,0.000173405054868885,8.12432537815832e-05,3.59667278498377e-05,1.5045529050749e-05,5.79328979741823e-06,2.48409020501631e-06,0
22478058.3354873,0,-8.63867962865586e-11,-3.83715903830908e-11,-2.224109361466e-11,1.68752100485069e-10,6.07681980475875e-10,1.61974251581598e-09,3.67149213614548e-09,7.59028447495167e-09,1.46692366548595e-08,2.69011484058285e-08,4.72292993189591e-08,7.98711819021386e-08,1.30688390469734e-07,2.07605006295072e-07,3.21056398330206e-07,4.84450210210581e-07,7.14611071117222e-07,1.03218062293106e-06,1.46194552578604e-06,2.03308125285179e-06,2.77930639523273e-06,3.73894079808019e-06,4.95484158491809e-06,6.47419574066559e-06,8.34819721475279e-06,1.06317193060119e-05,1.33831059534958e-05,1.66640811385296e-05,2.05396214091329e-05,2.50776958798719e-05,3.03490411496369e-05,3.6427267782558e-05,4.33893958575856e-05,5.13165936230913e-05,6.02947838540761e-05,7.04150404762862e-05,8.17740547260803e-05,9.44749859995066e-05,0.000108628744441545,0.000124355546061712,0.00014178649852658,0.000161065034333081,0.000182348224420797,0.000205807989903211,0.000231632299035875,0.000260026462631086,0.00029121449531727,0.000325440594653088,0.000362970721183122,0.000404094295974616,0.000449126077149729,0.000498408058455047,0.000552311532201693,0.000611239313097215,0.000675628127473106,0.000745950859664808,0.000822719072488464,0.000906486138947471,0.000997850228545439,0.00109745725531524,0.00120600519186813,0.00132424981039479,0.00145300969768146,0.00159317093018067,0.00174569604336592,0.00191163326140067,0.00209212384350449,0.00228841046603078,0.00250184956320742,0.00273392258616771,0.00298624693243591,0.00326058783156936,0.00355887586057257,0.00388322102996076,0.00423592624553568,0.00461950886615155,0.00503672329842463,0.0054905691858885,0.00598431351794212,0.00652151031418078,0.00710600664254416,0.0077419509468584,0.00843379304427681,0.00918626459215238,0.0100043798920179,0.0108934250219667,0.0118588805223628,0.0129063822886412,0.0140417213424073,0.0152707656203966,0.0165993497816812,0.0180332445837374,0.0195781616791327,0.0212396681813061,0.023023047124083,0.0249333252538731,0.0269754321517251,0.0291541131301852,0.0314737855120955,0.0339387683356826,0.0365535520457738,0.039322765107713,0.0422511434631248,0.0453438444571424,0.048606871483297,0.0520470338296627,0.0556717236036973,0.0594894710082425,0.0635105901070692,0.0677463410943371,0.072208483139005,0.0769106948184159,0.0818685314160085,0.0870977161620805,0.0926143064485177,0.0984360742187803,0.1045819362965,0.111070752565335,0.117921257600436,0.125152412558313,0.13278417529016,0.140836969901364,0.149329946924713,0.158281756321649,0.167712004048698,0.1776397291005,0.188082208739592,0.199055975970102,0.21057614446708,0.222655330913912,0.235303975549218,0.248529739164789,0.262335699443338,0.276719466902002,0.291674443828203,0.307190015906937,0.323246176438593,0.339811028896851,0.356848739403214,0.374316962586789,0.392155661305103,0.410291784007791,0.428646006543051,0.447124565339349,0.46561567518828,0.483992116730945,0.502107085207349,0.519794246546012,0.536873766570786,0.553150657212733,0.568410913331056,0.582425926431183,0.594956912801218,0.605752909224806,0.614552506687389,0.621096003954865,0.625134228693733,0.62642706717221,0.624747728829351,0.619896692043817,0.611709742982105,0.600063183281795,0.584886935883924,0.566179633945969,0.544018855178075,0.518566175555788,0.49006850701873,0.458857061635952,0.425346143303937,0.390034330530299,0.353500515616836,0.31638651131018,0.279370792970551,0.243137516916101,0.208341881753806,0.17557761160326,0.145349155821726,0.118048044135701,0.093935364273127,0.0731328421573436,0.05562403232044,0.0412661285574851,0.029811330006276,0.020934646765288,0.0142645150602817,0.00941313678831802,0.00600388170507329,0.00369334365144845,0.0021861629305946,0.00124198133589075,0.000675351659436606,0.000350498765899029,0.000173121717055131,8.11503348185929e-05,3.59596010449575e-05,1.5030401923816e-05,5.77814460126333e-06,2.48527572600461e-06,0
23004301.1977292,0,-8.26910026677579e-11,-3.62380333991281e-11,-2.06830753027385e-11,1.63155036186677e-10,5.84009238925081e-10,1.55427555450736e-09,3.51893569786176e-09,7.26943791737771e-09,1.40399592613458e-08,2.57335200861598e-08,4.51594475221792e-08,7.6344534661849e-08,1.24885878562036e-07,1.98350679807257e-07,3.0670271181288e-07,4.6273983885343e-07,6.82519620957309e-07,9.85750921843375e-07,1.39612694021615e-06,1.94157377994639e-06,2.65438927228648e-06,3.57125909868588e-06,4.73316343484578e-06,6.1852160489806e-06,7.97647995099865e-06,1.01597655659946e-05,1.27913775364806e-05,1.593080583854e-05,1.96404520325818e-05,2.39855373109899e-05,2.90342550197587e-05,3.48580739981307e-05,4.15320350131526e-05,4.91349999770379e-05,5.77499981961796e-05,6.74648552257991e-05,7.83731467795075e-05,9.05753654946448e-05,0.000104180143997504,0.000119305454479945,0.000136079751750281,0.000154643127996481,0.000175148574430619,0.000197763306135252,0.000222670158268082,0.000250069091113622,0.000280178676144385,0.000313237590484119,0.000349506209940586,0.000389268276565919,0.000432832652822889,0.000480535126288927,0.000532740463313643,0.00058984465744033,0.000652277171439348,0.000720503255502308,0.000795026740207126,0.000876393025411222,0.000965191945058966,0.00106206136761986,0.00116769138001519,0.00128282913025716,0.0014082841569238,0.00154493482826379,0.00169373605708155,0.00185572705606662,0.00203203965985073,0.00222390961594444,0.00243268633881083,0.00265984424667288,0.0029069933028126,0.00317589493924063,0.00346847595032295,0.00378684036004042,0.00413328920304018,0.00451034147110622,0.00492074584744609,0.0053675013329103,0.00585387835974562,0.00638343094070109,0.00696001129190808,0.0075877752961302,0.00827117416798709,0.00901496609807804,0.0098241991483981,0.0107041653887928,0.0116603797448214,0.0126985531874448,0.0138245253569893,0.0150442118978363,0.0163635435995756,0.0177884066853848,0.0193245943406882,0.0209777432469127,0.0227533191343857,0.0246565543804167,0.0266924070328902,0.0288657129196396,0.0311811846419451,0.0336432968671919,0.0362565213851057,0.0390255612158397,0.0419553345426642,0.0450511315237389,0.0483187349355305,0.0517646327487957,0.0553964837147707,0.0592229522763239,0.063253405751771,0.0674985353342144,0.0719708399276989,0.0766837921841991,0.0816514441127679,0.0868893520633301,0.0924144771962742,0.0982440913302299,0.104396222436398,0.110889604706459,0.117742980412368,0.124976061477456,0.1326090314335,0.140660648193066,0.149149884329615,0.15809782433102,0.16752380257929,0.177444336979023,0.187877685256952,0.198842531184506,0.210352754061537,0.222419768063081,0.235055047645913,0.248265862962797,0.262054769907178,0.276421330952618,0.291358858323365,0.306852793427321,0.322885020304744,0.339430013580616,0.356448175530497,0.373892101024759,0.391709837145,0.409832065073427,0.428171827981503,0.446635980568369,0.465115418461387,0.483476727430156,0.501575493852181,0.519254467840351,0.536332982051325,0.552614936961575,0.567888671393518,0.581920109621837,0.59446605729485,0.60528002531274,0.614103419477221,0.620674503509604,0.624742046451669,0.626063710320945,0.624409369296902,0.619576410254237,0.611401289500378,0.599765515961955,0.584604473869427,0.565918708311312,0.543783154855078,0.518351875560062,0.489863767341538,0.458650287091973,0.425136585129858,0.389832633066575,0.353320096482008,0.316236711293408,0.279253488584786,0.243046771968814,0.208268262059964,0.175512839213298,0.145287421057564,0.117985657315734,0.0938705889595004,0.0730661739165005,0.0555584251307251,0.0412063083313287,0.0297619127683992,0.0208980325388115,0.0142400171905883,0.00939789010644807,0.00599460225475969,0.00368758044307385,0.00218255823619896,0.00123987568729149,0.000674321475041073,0.000350142438598621,0.000173059155539446,8.11374145039454e-05,3.59556250191467e-05,1.5049981577609e-05,5.78738509160431e-06,2.46708924754799e-06,0
23542864.1432242,0,-7.91756181592593e-11,-3.45055266104052e-11,-1.94561155893992e-11,1.56958842937153e-10,5.60239306301684e-10,1.48935606208211e-09,3.36946120031807e-09,6.95682037773342e-09,1.34300628851289e-08,2.4606252121575e-08,4.31671730280426e-08,7.2956442579699e-08,1.19316239247818e-07,1.89469333135932e-07,2.92926837371272e-07,4.41907205367377e-07,6.51744544936503e-07,9.41265379196709e-07,1.33311052108334e-06,1.85397768012447e-06,2.53476037559521e-06,3.41056978334939e-06,4.5206514795108e-06,5.90823757974253e-06,7.62037763732685e-06,9.70775670644379e-06,1.22244702333709e-05,1.52277461845636e-05,1.87776914651695e-05,2.2937199698916e-05,2.77720933250746e-05,3.33514278247153e-05,3.97478116923715e-05,4.70376897643732e-05,5.53016823414641e-05,6.46251438389843e-05,7.50990339590787e-05,8.68210401007311e-05,9.98967720599298e-05,0.000114440937338187,0.000130578521596882,0.000148445961304479,0.0001681923318849,0.000189980682028834,0.000213989431813074,0.000240413783129445,0.000269467197944687,0.00030138295074219,0.000336415678604136,0.000374843002510169,0.000416967303440266,0.00046311757915004,0.000513651481699136,0.000568957471772352,0.000629457209050791,0.000695607999294191,0.000767905346027478,0.000846886083324429,0.000933131625091124,0.0010272711600516,0.00112998575628486,0.00124201356887871,0.00136415545974343,0.00149728049567125,0.00164233360690594,0.00180034446026495,0.00197243596393834,0.00215983419244411,0.00236387930882038,0.00258603622215324,0.00282790748683843,0.00309124697974095,0.00337797514674116,0.00369019056883146,0.00403018771716859,0.00440048051860587,0.00480381809869867,0.00524319608008171,0.0057218764988784,0.00624341641947064,0.00681167845586191,0.00743081258079291,0.00810527712655382,0.00883985922433984,0.00963962141577152,0.010509870560547,0.0114561702136534,0.0124842872091448,0.0136001139358058,0.0148096284721906,0.0161188436423911,0.017533743223652,0.01906023862726,0.0207040884704936,0.0224708594612138,0.0243659248721137,0.0263944297955514,0.0285613586200585,0.0308715574501242,0.0333296168726269,0.0359401254467087,0.0387080099533599,0.041638281660685,0.0447360476161822,0.048007131107955,0.0514582701658085,0.055096845872962,0.0589310389070977,0.0629702135663087,0.0672251082962308,0.0717077316754877,0.0764309453764722,0.0814087021590403,0.086656538233698,0.0921910933439107,0.0980291845961451,0.104188408423947,0.110687703792288,0.117546357193779,0.124783347158665,0.132417828267989,0.140469534032536,0.148958359937199,0.157903767949967,0.167324588644429,0.177239196372099,0.187665406393429,0.198620063484339,0.210118467565636,0.222173491101705,0.234794927261326,0.247990005905248,0.261763420666203,0.276114974986571,0.291036779484977,0.306514976027141,0.322532652539202,0.339063220637492,0.356066304647814,0.373495868374059,0.391298834583854,0.409403562247861,0.427726665219612,0.446178381144487,0.464647069320432,0.4829984658688,0.501090723712109,0.518767704327491,0.535847141052906,0.552128677583323,0.567400825619038,0.581435619677774,0.593989005442142,0.604809696230192,0.613643981863708,0.620234396528033,0.624324151923633,0.625668359888756,0.624040418546845,0.619236818301568,0.611089395255165,0.599478144454242,0.58433886198773,0.565671678035816,0.543550547367511,0.518129957832821,0.489651186327979,0.458447609399155,0.424943888397219,0.389649129901759,0.353145196052676,0.316069956027364,0.279095163265481,0.242898632571799,0.208132483140394,0.17539088568553,0.145179822197768,0.117892141846122,0.0937905229666357,0.0729989507619508,0.0555034015029552,0.0411625879203912,0.0297282008388847,0.0208726943668521,0.0142213783867707,0.00938449418998372,0.00598526874734258,0.0036813551513841,0.00217863432131747,0.00123755748713724,0.000673041779377811,0.000349479713758178,0.000172732366666692,8.09823261923749e-05,3.58878985094586e-05,1.501937936511e-05,5.78247935784441e-06,2.45218526988512e-06,0
24094035.6023953,0,-7.5410931625335e-11,-3.26875817817472e-11,-1.84781715943369e-11,1.49243905290687e-10,5.32510427482439e-10,1.41588831609564e-09,3.20497489609899e-09,6.62081583512962e-09,1.27885876604713e-08,2.3440920074163e-08,4.11342643737046e-08,6.95289336280152e-08,1.13713034700335e-07,1.80571375351457e-07,2.79186415055253e-07,4.21246374857505e-07,6.21431087478158e-07,8.97744884073255e-07,1.27179052960499e-06,1.76899969816717e-06,2.41883862137148e-06,3.25494872647189e-06,4.31512178629911e-06,5.64102825140618e-06,7.27779440055702e-06,9.27370186100397e-06,1.16802270397894e-05,1.4552288503415e-05,1.79482788090958e-05,2.19296137265542e-05,2.65601110460241e-05,3.19058788405834e-05,3.80360620145401e-05,4.5024049823514e-05,5.29483871978138e-05,6.18930899289981e-05,7.1947716806532e-05,8.32076948290955e-05,9.57752139600649e-05,0.000109760698124037,0.000125284494769564,0.000142478514050501,0.000161487689432186,0.000182471198112352,0.000205603629208393,0.000231076174072671,0.000259097780732813,0.000289896556778294,0.000323721309978824,0.000360843077467238,0.000401556913803912,0.0004461842247359,0.00049507458104664,0.000548607714416967,0.000607196625136955,0.00067129026540835,0.000741375207083557,0.000817979429609892,0.000901676199805567,0.000993085564878095,0.00109287921158973,0.00120178816454513,0.00132060431169383,0.00145018585370102,0.00159146965034022,0.001745475991359,0.00191331411051366,0.00209620255472651,0.00229547853838768,0.00251258773654513,0.00274911026838066,0.00300680733494412,0.00328760160378704,0.00359355652715084,0.00392694934852803,0.0042903105611464,0.00468638233890932,0.00511813241589153,0.00558881623596905,0.00610200739003208,0.00666157675891656,0.00727164955163918,0.00793666803402808,0.00866148458675095,0.00945120749350653,0.0103110848864649,0.0112467255091836,0.0122640672135914,0.0133689726686941,0.014567360405342,0.0158655157396787,0.0172696133846587,0.0187853926676364,0.0204187182592397,0.0221756321741808,0.0240616012669438,0.0260815594748311,0.0282406919837829,0.0305443421098107,0.0329973538725669,0.0356042053035196,0.0383695428290665,0.0412985888002272,0.0443972689137819,0.0476714557159408,0.0511268024112064,0.0547704511678636,0.0586115775679086,0.0626596013471918,0.0669238991530171,0.0714158548607538,0.0761492471378243,0.0811379966832003,0.086395987189007,0.0919395917652947,0.097786976998385,0.103955058237519,0.110460891719269,0.117324585392324,0.124566374260361,0.132204360041808,0.140257631099557,0.148746341557192,0.157689774079517,0.167107405658763,0.177017642586509,0.187437191973366,0.198383516365531,0.209871854326011,0.22191446569871,0.234523600253961,0.247705897646525,0.261462533272812,0.275795695879479,0.290700674210749,0.306160716829342,0.322158556298419,0.3386723719767,0.35566083361196,0.373071119016052,0.3908549848546,0.408950162688437,0.427258301308412,0.445677595268483,0.464123880249083,0.482480005562909,0.500576757806258,0.518241598290947,0.535309110652602,0.55159176665579,0.566871152972323,0.580909868324329,0.59347215767846,0.604319718444008,0.613187414945604,0.619799004150664,0.623901698992546,0.625263953762798,0.623658911135306,0.618877296613088,0.610757118409427,0.599184788869574,0.584084501417529,0.565442508306898,0.543333245371741,0.517916139320717,0.489435306545484,0.458227207067135,0.424721133590804,0.389433055502679,0.352946090044337,0.315890331048104,0.278929817539538,0.242738160618562,0.20796797608938,0.175223240707527,0.145022213060525,0.11776099319359,0.0936961666931917,0.0729414031924681,0.0554732141819812,0.0411469787344021,0.0297177732093321,0.0208636620295315,0.0142137556139887,0.00937906373112236,0.00598182572969821,0.00367893148487272,0.00217637865229724,0.00123520166974738,0.000670817745008069,0.000347765002293185,0.000171731886763843,8.05401516831054e-05,3.56539384359148e-05,1.48619559775345e-05,5.78342155019288e-06,2.45456592949728e-06,0
24658110.758226,0,-7.23434960016653e-11,-3.1565321765876e-11,-1.91881370861498e-11,1.39923241208353e-10,5.03474473865486e-10,1.34433000645757e-09,3.04844740425797e-09,6.30314601737275e-09,1.21788676964923e-08,2.23244555118716e-08,3.91749093742075e-08,6.62227256245507e-08,1.08329828893187e-07,1.72078774311468e-07,2.6614586440418e-07,4.01679286569301e-07,5.92665933295086e-07,8.56275731424764e-07,1.21316960986664e-06,1.68774784390434e-06,2.30830153299525e-06,3.10703772125408e-06,4.11998549943008e-06,5.38683889963654e-06,6.95080242764502e-06,8.8584619027048e-06,1.11596465065408e-05,1.39072516640524e-05,1.7157052857938e-05,2.0967589949632e-05,2.54001916320761e-05,3.05191679727808e-05,3.63921547303233e-05,4.30905715558589e-05,5.06901563831587e-05,5.92715522696246e-05,6.89209517333022e-05,7.9730839154432e-05,9.18009101644142e-05,0.000105239207053595,0.000120163396113744,0.000136702098115776,0.000154996267789103,0.000175200512024564,0.000197484368646454,0.000222033628119702,0.000249051637540663,0.000278760690077442,0.000311403553818813,0.000347245014747859,0.000386573624906381,0.000429703664772582,0.000476977279587282,0.000528766629926357,0.000585476373100999,0.000647546371167203,0.000715454378141883,0.000789718903254804,0.000870902654466321,0.000959616203858757,0.0010565218252805,0.00116233813142179,0.00127784564213773,0.00140389336987863,0.00154140588562015,0.00169139096001605,0.00185494898597756,0.00203328351384096,0.00222771204196629,0.00243967744808601,0.00267075943820297,0.00292268884931691,0.00319736356033934,0.00349686383717033,0.0038234661760266,0.00417966178859012,0.00456818083899633,0.00499200848118255,0.00545439745077376,0.00595889330574627,0.00650934643767605,0.00710991455033497,0.00776507966440715,0.00847964152501477,0.00925868960318101,0.0101075980141515,0.0110320000204634,0.0120377410736838,0.013130838874646,0.0143174139834444,0.0156036349614262,0.0169956942015198,0.0184997214446104,0.0201217025931836,0.0218674908171283,0.0237427696235202,0.025752994653084,0.027903439239225,0.0301992338779144,0.0326453736415664,0.0352468134189885,0.0380085350956141,0.0409356586562367,0.0440337326809568,0.0473087229651545,0.0507669365940647,0.0544155184099386,0.0582627344361218,0.0623176702750374,0.0665903904445119,0.071092194376911,0.0758355224246453,0.0808340427834121,0.086102551166981,0.0916566236276356,0.0975130613173841,0.103689540828769,0.110203885204453,0.117074535290568,0.124321080608551,0.131962975317636,0.140019147040613,0.148509039826328,0.157452238725795,0.166867758435025,0.176774094805072,0.187188695278461,0.198128227390457,0.209608354505686,0.221641628968727,0.234238032015609,0.247406323683175,0.261150443994613,0.275468353564847,0.290354827452686,0.305798914025917,0.321780573845935,0.338271959616185,0.355238358478937,0.372633812077051,0.390400685222162,0.408471768662176,0.426767327579501,0.44518987306694,0.463628037028893,0.481960774562633,0.500046293646518,0.517716033661981,0.534788477672297,0.551071420032091,0.566349601442886,0.580391940435237,0.592963659347611,0.60381818013611,0.612691339618468,0.619318948250279,0.623449212453062,0.624837972399542,0.623254969834664,0.618499995949064,0.610407841899765,0.598852914756158,0.583763429163243,0.565135659372393,0.543043412188266,0.517643745889606,0.489181758977207,0.457993752198915,0.424504824853469,0.389224252425665,0.352736974003018,0.315683986781181,0.27873585799318,0.24256623029413,0.207823978672733,0.175103467199044,0.144914606908877,0.117655441429063,0.093590949362949,0.0728420541237083,0.0553880046101822,0.041081241099503,0.0296707525644743,0.0208303826560011,0.0141889373659398,0.00935965834477945,0.00596707629198405,0.00366880835307918,0.00217037626480698,0.00123222777010451,0.000669593624478628,0.000347242109607667,0.000171339854624979,8.0219623323177e-05,3.55389469746162e-05,1.48596740779376e-05,5.73486654401544e-06,2.41716434811783e-06,0
25235391.7043477,0,-6.89157086821737e-11,-3.01301612703404e-11,-1.83830081278977e-11,1.33073093285724e-10,4.79229125932391e-10,1.2799541988001e-09,2.90286062064085e-09,6.00268823581581e-09,1.15993378811692e-08,2.12642216529068e-08,3.73187800008346e-08,6.30937696809814e-08,1.03227608887925e-07,1.64002076662242e-07,2.53699134542469e-07,3.82962644571316e-07,5.65150421805026e-07,8.1666653342133e-07,1.15726061575031e-06,1.61026970870856e-06,2.2027637722831e-06,2.96556663725304e-06,3.93316611617751e-06,5.14357634932687e-06,6.63821474587666e-06,8.46179617637807e-06,1.06621911033686e-05,1.32902269753933e-05,1.63995031557653e-05,2.00463279373697e-05,2.42898126481784e-05,2.91920763983908e-05,3.48185238195355e-05,4.12382154086802e-05,4.85243648653673e-05,5.67549663349414e-05,6.60135009442996e-05,7.63897009876886e-05,8.79804277794153e-05,0.000100890704384402,0.000115234881629025,0.000131137920287011,0.000148736732607309,0.00016818150866995,0.000189637032493011,0.000213284010746957,0.000239320390602014,0.000267962762912568,0.000299447836522477,0.000334034022477097,0.000372003158476235,0.000413662427347598,0.000459346466186744,0.000509419578659789,0.000564278150955517,0.000624353320753666,0.000690113668007122,0.000762067958811975,0.000840768538083767,0.000926815035642443,0.00102085798242302,0.00112360366393581,0.00123581973827545,0.00135834168452565,0.00149208008892697,0.00163802881514139,0.0017972748613332,0.00197100833501807,0.00216053302277758,0.00236727882484076,0.00259281377373384,0.0028388572245512,0.00310729497149865,0.00340019418143498,0.00371981991774603,0.00406865528181472,0.00444941861253398,0.00486508066960021,0.00531888953694108,0.00581438640266946,0.00635541097468932,0.00694612061787839,0.00759100738530519,0.00829487337174262,0.00906281297246284,0.00990022559223278,0.0108127737145575,0.0118063288903345,0.012886959251349,0.0140608564177272,0.0153342417377992,0.0167133950147504,0.0182045924072752,0.0198139274832854,0.021547348667109,0.0234107345510453,0.0254097600309849,0.0275498320989098,0.0298361904962035,0.0322740391186054,0.0348685957492954,0.0376249402446666,0.0405481931243914,0.043644098696442,0.0469187987921941,0.0503784342295601,0.0540300633545383,0.0578820270339808,0.0619431795671564,0.0662233681623524,0.0707337968417534,0.0754864640093787,0.0804947103180422,0.085773301621696,0.0913373383121209,0.0972032031844186,0.103388884193007,0.109911711989685,0.116789430404583,0.12404205157012,0.131689012339711,0.139748815763087,0.148241062249555,0.157184883120988,0.166599055891533,0.176502637312899,0.186912869134377,0.197846247505733,0.209317942887567,0.221339950979486,0.233924661583121,0.247081261017513,0.260809629592361,0.275109279535206,0.289980284259852,0.30540931914598,0.3213721622536,0.337844198890538,0.354793960461375,0.372172839152896,0.389920973558685,0.407974010106576,0.426253616133662,0.444659886554158,0.463081506949109,0.481398422163568,0.499469757304734,0.517131192901315,0.534201871963106,0.550485698036274,0.565769517942117,0.579822390765516,0.592404184258493,0.603270861136917,0.612166960714159,0.61882771850994,0.62299166547896,0.624408480101321,0.622848967719791,0.618114091282256,0.610038331680816,0.598498386704728,0.583426093316454,0.564817556917855,0.542743243286599,0.517359611169351,0.488912764222627,0.457737351102119,0.424257425798933,0.388985584867624,0.352509702250927,0.315470620918602,0.278537812929996,0.242384047287708,0.207657824795969,0.174953108055229,0.144779673474118,0.117536271641275,0.0934880426175618,0.0727548990079329,0.0553155441206643,0.0410225093103677,0.0296246098870968,0.0207954438246826,0.014163622288349,0.00934208266306207,0.00595527326442262,0.00366109525128667,0.00216545997735458,0.0012291820237004,0.000667790059558055,0.000346234752224292,0.000170808818809996,7.99605343293607e-05,3.5428087706097e-05,1.48142116267808e-05,5.72078239450976e-06,2.39767777284832e-06,0
25826187.6068267,0,-6.56289856159546e-11,-2.87402303576958e-11,-1.76140785391164e-11,1.2656561609332e-10,4.56141694571635e-10,1.21872000279482e-09,2.76439982679539e-09,5.71698370017079e-09,1.10482556944242e-08,2.02559686453328e-08,3.55534531309657e-08,6.01173603383064e-08,9.83728596826189e-08,1.56314538581012e-07,2.41847863121379e-07,3.65135830242469e-07,5.38937142315465e-07,7.78926019403811e-07,1.1039803698015e-06,1.53641478070495e-06,2.10212221179595e-06,2.83059881506978e-06,3.7548643982257e-06,4.91133617906236e-06,6.33971454522023e-06,8.08288620599519e-06,1.01867963424464e-05,1.27002679451552e-05,1.56748321330577e-05,1.91646745234574e-05,2.32267374719818e-05,2.79209313634333e-05,3.33104058177403e-05,3.94618979952631e-05,4.64462089242319e-05,5.43388223797111e-05,6.32206077857774e-05,7.31785821502353e-05,8.43067739150249e-05,9.67072012444436e-05,0.000110490974712139,0.000125779530089229,0.000142705910266763,0.000161416048516085,0.00018207005381049,0.000204843519486284,0.000229928829920175,0.000257536557350758,0.00028789695705544,0.000321261590401144,0.000357905061467669,0.000398126995044472,0.000442254122504134,0.00049064250354201,0.000543679916942937,0.000601788351083341,0.000665426757392823,0.000735093803158368,0.000811331101286078,0.000894726806092327,0.000985919564834,0.00108560350805165,0.00119453381006749,0.00131353293417591,0.0014434983426692,0.00158541104770224,0.0017403444171566,0.00190947446457087,0.00209409091985252,0.00229560803853802,0.00251557813940595,0.00275570592022571,0.00301785980066875,0.00330408978025005,0.00361664774317617,0.00395800162610781,0.00433085267791838,0.00473815956474318,0.00518316148713168,0.00566938711366916,0.00620066681048601,0.00678115567439471,0.00741533215133586,0.00810799090856632,0.00886424761227752,0.00968951041726691,0.0105894494524993,0.0115699868822731,0.0126372306432333,0.013797411535356,0.0150568754284636,0.0164220124262755,0.0178991652283631,0.0194945857014502,0.0212143766194551,0.0230645421360523,0.0250509915462678,0.0271792912694257,0.0294547431886474,0.0318828016582671,0.0344689195798992,0.0372182644074454,0.0401361470250926,0.0432283586048844,0.0465009470935112,0.0499602987714099,0.053613625059849,0.0574690519597676,0.0615352030417368,0.0658215227098713,0.0703392949059252,0.0751009403514989,0.0801188682812019,0.0854067857269454,0.0909805636708344,0.0968568132076365,0.103051993904476,0.109583321186834,0.116469306451445,0.123729118885614,0.131381822579358,0.139446337769994,0.147941673634153,0.156887454741774,0.166302532841811,0.17620452360916,0.186612261026922,0.197542992482717,0.209009071197646,0.221024396400133,0.233603578486962,0.246751772165801,0.260469358774959,0.274759477540535,0.289618274952901,0.305029909908945,0.320974954435528,0.337429777051937,0.354358411831722,0.371713187465787,0.389440012936856,0.407474459338347,0.425734357339703,0.44412250315292,0.462530623617825,0.480836378501213,0.498897737342009,0.516551675833759,0.533617297555789,0.549901337280099,0.565192018643319,0.57925446432481,0.591847896691026,0.602731678124923,0.611648386449645,0.618327749133149,0.622508163190643,0.623944144766704,0.62240659960354,0.617693066673096,0.60963742714189,0.598116139980385,0.583059234369189,0.564465456228382,0.542409867215294,0.517046376702719,0.488616345800704,0.457454424764901,0.423986287181396,0.388725616331655,0.352262315819282,0.315238029771404,0.278321394128844,0.242184344158899,0.207474474383369,0.174785995141499,0.144629830665003,0.117404678239847,0.0933747720000915,0.0726593610593692,0.0552365094392809,0.0409584443122025,0.0295741428983205,0.0207571803513363,0.0141358542328862,0.00932279920745373,0.00594236936093887,0.00365269322177369,0.00216011699352767,0.00122587828146519,0.000665828158158986,0.000345136646826607,0.000170241287778461,7.96944039305919e-05,3.53135608119374e-05,1.47622913559114e-05,5.70550969191535e-06,2.3800193931856e-06,0
26430814.869741,0,-6.30443162072908e-11,-2.78788900729558e-11,-1.71053168613979e-11,1.2080195252398e-10,4.36170931889702e-10,1.16488667988514e-09,2.64096091270849e-09,5.45954494253037e-09,1.05483973041049e-08,1.93382243848696e-08,3.39433475546474e-08,5.73974210075068e-08,9.39246309834907e-08,1.492459476026e-07,2.3090811353251e-07,3.48619743341965e-07,5.14578847031875e-07,7.43776579043846e-07,1.05426360206459e-06,1.46736434377474e-06,2.00781814195341e-06,2.7038271004404e-06,3.587005041329e-06,4.69225561312885e-06,6.05763192768719e-06,7.7242188578757e-06,9.73603301110327e-06,1.21399113324438e-05,1.4985391089354e-05,1.8324641487993e-05,2.22125145456055e-05,2.67067350036265e-05,3.18682008267499e-05,3.77613613512243e-05,4.44546743491649e-05,5.20211651609901e-05,6.05390909588795e-05,7.0092706488665e-05,8.07731235665571e-05,9.26792624878943e-05,0.000105918913764075,0.000120609900672617,0.000136881317572009,0.000154874779619287,0.000174745706238292,0.000196664641172252,0.000220818541718049,0.000247412188716827,0.000276669651376494,0.000308835866302904,0.000344178406183159,0.000382989341587045,0.000425587328646877,0.000472319850023696,0.000523565579870912,0.000579736881068909,0.000641282511368941,0.000708690492476094,0.000782491385238631,0.000863261739750174,0.000951628128973984,0.00104827199169964,0.00115393528968036,0.00126942679861138,0.00139562935096363,0.00153350867564756,0.00168412236995213,0.00184862967743627,0.00202830345626926,0.00222454096565405,0.00243887597731914,0.00267299583147797,0.00292875203945122,0.00320817546712639,0.00351349987568373,0.00384717540811446,0.00421188546804423,0.00461057287997048,0.00504645499576907,0.00552304210033208,0.00604415972073778,0.0066139453716496,0.00723686080992094,0.00791771380359871,0.00866163336532676,0.00947403511183017,0.0103606154343236,0.0113273343625727,0.0123803710235602,0.013526055664835,0.0147707880565301,0.0161210080557846,0.0175832157887087,0.0191638643044552,0.0208691669543631,0.0227051926693525,0.0246780064736596,0.0267934393976319,0.0290570568822153,0.0314743903030855,0.0340508689689584,0.0367919235018765,0.0397032528861373,0.0427906284732974,0.0460600154150965,0.0495181303649236,0.0531722875621955,0.0570301724615362,0.0611005606661376,0.0653934067193909,0.0699191368714694,0.0746892059830767,0.0797168073712658,0.0850159102827152,0.0906007417441973,0.0964868048946119,0.102691222086847,0.109231729519806,0.116125731047749,0.123391136685001,0.131047533008815,0.139114793173546,0.147611571111959,0.156556967951702,0.165970493915253,0.1758701559054,0.186273822595566,0.197199058341764,0.208660241700311,0.220669695134078,0.233238941814652,0.24637609176565,0.26008486896184,0.274364479620365,0.289208481617535,0.30460536242395,0.320537587864933,0.33697827528188,0.353891275873494,0.371231628192902,0.388944008891395,0.406961260248357,0.425203884313157,0.443577152098427,0.461971004003722,0.480261763132955,0.498308881188667,0.515950399028207,0.533007041334819,0.549285568077529,0.564573693411128,0.578639856593936,0.591243587193543,0.602138839764212,0.611066583993669,0.617761766085424,0.621965999433437,0.623429959152983,0.62192050470684,0.617234045716657,0.609203159699152,0.597702856556399,0.582664928886101,0.56408893148303,0.542048120054002,0.516698231759645,0.488284330308564,0.457141043929037,0.423692585777164,0.388450757599495,0.352003231222318,0.314991888741803,0.278088416619971,0.241967578928352,0.20727778506278,0.174611393234716,0.144476097676506,0.117268529527602,0.093253558089562,0.0725529096407412,0.055146354384256,0.0408858575256566,0.0295188030744547,0.0207168147884383,0.0141070783135989,0.00930247643367402,0.00592821882354465,0.00364316087400932,0.00215405323057854,0.0012222933200484,0.000663863943969068,0.00034413113590627,0.00016973235501085,7.94074145751365e-05,3.51485505228945e-05,1.46938552122215e-05,5.69099796171227e-06,2.35634024647422e-06,0
27049597.3046314,0,-6.03913135576028e-11,-2.666238659419e-11,-1.62555967922939e-11,1.15376682297564e-10,4.1606899431892e-10,1.10997691193422e-09,2.5149642409867e-09,5.19756947969797e-09,1.00416807902293e-08,1.84116177859229e-08,3.23239619104355e-08,5.46728695267768e-08,8.94871770207829e-08,1.4222263450401e-07,2.20076568905638e-07,3.32313119841163e-07,4.90583086167667e-07,7.09219996839758e-07,1.00549409630784e-06,1.39980609102824e-06,1.91580854551408e-06,2.5804513489145e-06,3.423959438054e-06,4.47975765572093e-06,5.78435840111913e-06,7.37722338546838e-06,9.30061256608154e-06,1.15994487873011e-05,1.43212420861032e-05,1.75161023019782e-05,2.12368374203212e-05,2.55391260198007e-05,3.04817622978575e-05,3.61269834800286e-05,4.25409001695378e-05,4.97940521948605e-05,5.79620710923086e-05,6.71264325209658e-05,7.73753039273261e-05,8.88044873308986e-05,0.000101518464533556,0.000115631508093785,0.000131268868393389,0.00014856799024287,0.000167679749513251,0.00018876974157565,0.000212019572167394,0.000237628251948291,0.000265813652099571,0.000296814055304245,0.000330889915488355,0.000368325681613014,0.000409431877485887,0.000454547313604296,0.000504041409348626,0.000558316761681928,0.000617811860304966,0.00068300393492011,0.000754412134793526,0.000832601163675412,0.000918185263149841,0.00101183287485815,0.00111427221695784,0.00122629770709717,0.00134877728073238,0.00148266057697458,0.00162898819684641,0.00178890232747452,0.00196365759659137,0.00215463252805213,0.00236334223328803,0.00259145310604053,0.00284079745657014,0.0031133882979351,0.00341143694315191,0.00373737232321732,0.00409386010243756,0.0044838226506562,0.00491045626830932,0.00537725282771677,0.00588801751661273,0.00644687866730551,0.00705829270812349,0.00772705138656142,0.00845828047184406,0.00925741679551453,0.0101301796776507,0.0110825548137568,0.0121207545375167,0.0132511528422772,0.0144802417564349,0.0158145834445383,0.0172607403397549,0.0188252316202917,0.0205144893125522,0.0223348054532859,0.0242923108637552,0.0263929843109994,0.0286426566280402,0.0310470398030679,0.0336117728976041,0.036342455367851,0.0392448080250627,0.0423248325000122,0.0455887697846556,0.0490431925802823,0.0526953524248515,0.0565532871506072,0.0606256170461297,0.064921776148515,0.0694524169661084,0.0742291227400478,0.0792642236398169,0.0845712568078201,0.0901649511989574,0.0960606401719627,0.102274456470091,0.108823746618924,0.115726305205732,0.123000076786356,0.130663922630976,0.138737349451821,0.147239324610957,0.156188674132551,0.165604531350616,0.175505503867833,0.185909144544587,0.196831696097802,0.208288244837085,0.220292242559238,0.232854045028326,0.245981173383989,0.25967848841415,0.273945441119531,0.288775577491853,0.30415808802439,0.320075281145681,0.336500039585805,0.35339713049256,0.370722320173748,0.3884205874442,0.406425492444598,0.424657062869695,0.443020606370509,0.461407384032919,0.479692834875752,0.497733786384687,0.515368765076028,0.532420269871755,0.548693176922119,0.563974874364651,0.578039141161905,0.590646879017982,0.601547149233883,0.610481625519305,0.61718909908889,0.621409534336369,0.622893281771887,0.62140865076544,0.616749289787254,0.608743674427671,0.597267172273809,0.582252449726174,0.563697421744039,0.541674331983923,0.516339041665375,0.487936359094926,0.456802828820696,0.423366926304944,0.388142082679467,0.351712978823534,0.314718480448863,0.277829681945268,0.241723010706743,0.207050193266599,0.174406425205269,0.144299089682739,0.117121125378514,0.093132542721001,0.0724521731024242,0.0550602782687527,0.040811285554199,0.0294550823212666,0.0206645802799146,0.0140666246800204,0.00927293610386994,0.00590779906007532,0.00362974505321906,0.00214569800147688,0.00121742250720516,0.000661252734742336,0.000342884829063199,0.000169247666248563,7.92833788111627e-05,3.5128484509642e-05,1.46725807635318e-05,5.68415059802141e-06,2.34881331310899e-06,0
27682866.3039207,0,-5.65079447169284e-11,-2.4558112097964e-11,-1.38399105247513e-11,1.12185408705726e-10,3.99900335839514e-10,1.06279388058759e-09,2.40376114862874e-09,4.9625907405377e-09,9.58103583827452e-09,1.75590758105365e-08,3.08188852649617e-08,5.21210152509035e-08,8.53101562351171e-08,1.35594361304338e-07,2.09844570723796e-07,3.16904594052782e-07,4.67897445455564e-07,6.76512642327956e-07,9.59255899012092e-07,1.3356409727899e-06,1.8283066093417e-06,2.46305414246603e-06,3.26881866251423e-06,4.27759837300732e-06,5.52436168389005e-06,7.04693593287573e-06,8.88587672014734e-06,1.10843358751434e-05,1.36879724628225e-05,1.67449512441406e-05,2.03060407919501e-05,2.44247962685425e-05,2.91578173180888e-05,3.45650886050125e-05,4.07104150960938e-05,4.76619498166427e-05,5.54928102640298e-05,6.42817877211375e-05,7.4114154813924e-05,8.50825839493865e-05,9.72881745889961e-05,0.000110841562533013,0.000125864091480176,0.000142489026655455,0.000160862792519493,0.000181146236944174,0.000203515951314343,0.000228165611526713,0.000255307389128677,0.000285173471873064,0.000318017669167923,0.000354117146605691,0.000393774337085922,0.000437319023827028,0.000485110600802525,0.000537540607989428,0.000595035487513226,0.000658059587112893,0.000727118539137107,0.00080276311213457,0.000885593419015754,0.000976263865680151,0.00107548878020133,0.00118404855486028,0.00130279695775411,0.00143266943455705,0.00157469208124906,0.00172999143793384,0.00189980573834332,0.00208549612242568,0.00228856012858716,0.00251064552541083,0.00275356311377343,0.00301930488174703,0.00331006186736781,0.00362823882248713,0.00397647512662674,0.0043576676131978,0.00477498443173939,0.00523189139226567,0.00573216690147077,0.00627990884440277,0.00687955019643365,0.00753587355271457,0.00825399342190272,0.00903933766228873,0.00989764338923685,0.0108349291187777,0.0118574442634317,0.0129716199195924,0.0141840185927376,0.0155012817486476,0.0169300915504801,0.0184771094241761,0.0201488886581248,0.0219518538698524,0.0238923187677055,0.02597646886156,0.0282103297023108,0.0305997641025739,0.0331505737218649,0.0358686210611326,0.038759822222058,0.0418302313364149,0.0450862410928757,0.048534593288571,0.0521825720727919,0.0560382245399112,0.0601101133373519,0.064407557412626,0.0689412031826812,0.0737225038128131,0.0787634745961293,0.0840773600957528,0.0896786168500629,0.0955825933660368,0.101805314258657,0.108363376387487,0.115274188366149,0.122556052274266,0.130227668516289,0.138307890503182,0.146815526283554,0.155769487993635,0.165188678040989,0.175091216399173,0.185494883637065,0.196416426469263,0.207869852579501,0.219868204741772,0.232423383557901,0.245542547233402,0.259229179992469,0.273484118075824,0.288301782761705,0.303669759459403,0.319570678314833,0.335978959100054,0.352859001433556,0.370166461315409,0.387847273629837,0.405834450864782,0.42404807845339,0.442394392522257,0.460765076051168,0.479035577496595,0.49706394300814,0.514690018001139,0.531735568809694,0.548004701088104,0.563285712495285,0.577352882819568,0.589967443250075,0.600879331403068,0.609828902588969,0.616552235254976,0.620789825050598,0.622292527256184,0.62082816952147,0.616190404302108,0.608208306289761,0.596757001265906,0.581767982393065,0.563238021782459,0.541238636352748,0.515924540400264,0.487540051662186,0.456423507134994,0.423005428325477,0.387799625678154,0.351390129502049,0.314415078918624,0.277545067021244,0.241456797609066,0.206803146607159,0.174180261665753,0.144095766379711,0.116942150361166,0.092978491992736,0.0723227607179956,0.0549545253944725,0.0407273958105503,0.0293905248102469,0.0206163963133707,0.0140316749743865,0.00924824390549592,0.00589082598899627,0.00361843271213092,0.00213843085918011,0.00121295452295711,0.000658629457030483,0.0003414122719313,0.000168456750925022,7.88789640612269e-05,3.49354507886587e-05,1.45838707792673e-05,5.64820761375428e-06,2.31920057328845e-06,0
28330961.0183932,0,-5.46512889464855e-11,-2.42913732518318e-11,-1.50235307409604e-11,1.03649065396222e-10,3.75151763024623e-10,1.00211881572496e-09,2.27246348378232e-09,4.6992837658114e-09,9.08386182270756e-09,1.666361788751e-08,2.92689560978848e-08,4.95286264896493e-08,8.110483998625e-08,1.2896063140515e-07,1.9964825694484e-07,3.01607434512595e-07,4.45458962855522e-07,6.44277288581994e-07,9.13825963538538e-07,1.27274020622108e-06,1.74264452226387e-06,2.34820020136023e-06,3.117088568442e-06,4.07994574171376e-06,5.27026718296112e-06,6.72429597908189e-06,8.48090635244265e-06,1.05815008605039e-05,1.30699508433845e-05,1.59926113649116e-05,1.93984269915026e-05,2.33391157502012e-05,2.7869405571862e-05,3.30473301465317e-05,3.89346150706921e-05,4.5597168648934e-05,5.31056712864399e-05,6.15362673380392e-05,7.09713547017391e-05,8.15004526255533e-05,9.3221171688737e-05,0.000106240294726637,0.000120674922330048,0.000136653701654086,0.00015431809281927,0.000173823681534065,0.000195341513772314,0.000219059459226063,0.000245183628512986,0.000273939874566353,0.000305575331817321,0.000340360113435475,0.00037858911840443,0.00042058406338942,0.000466695655078386,0.000517306001702726,0.000572831405083623,0.000633725310636672,0.000700481638561385,0.000773638593925773,0.000853783042395667,0.000941555294797429,0.00103765456873957,0.00114284545318052,0.00125796509132857,0.00138393126917249,0.00152175138166986,0.00167253233734892,0.00183749184108931,0.00201797025358125,0.0022154428103597,0.00243153340733549,0.00266803044227192,0.00292690248949682,0.003210314307587,0.00352064563951954,0.00386051183478835,0.00423278280082688,0.0046406028960459,0.00508741237977048,0.00557695933669253,0.00611331924156631,0.00670091470388363,0.0073445038701267,0.00804916873397213,0.00882033584058147,0.00966376096265344,0.0105854559755837,0.011591665220301,0.0126888689290997,0.0138837047470171,0.015182882394021,0.0165931648706463,0.0181213190476937,0.0197740491432764,0.0215579591531486,0.0234795177911018,0.0255450588847518,0.0277608024181159,0.0301328392388738,0.032667162323781,0.0353697760252575,0.0382467965097179,0.0413045432609165,0.0445495124576673,0.0479884359768606,0.0516286985167144,0.0554784649528878,0.0595463120245191,0.0638414645536246,0.0683742911586087,0.0731561381694892,0.0781991094689354,0.0835164114331592,0.0891224252983647,0.0950321407961304,0.101261278498503,0.107826927482829,0.114746827041607,0.122038426050547,0.129719728362153,0.137810049586889,0.146328021350708,0.155291346248986,0.164718455372201,0.174627799823576,0.185036257429033,0.195959596806535,0.207412687010006,0.219408606378872,0.231958231431716,0.245069598271683,0.258746632234003,0.272988807383499,0.287791379556892,0.303143734303024,0.319027688542298,0.335417112751061,0.352277936784427,0.369566720727067,0.387229179762644,0.405198718987958,0.423395857260806,0.441727692681699,0.460085661856059,0.478344892517429,0.496363162124448,0.513980370516538,0.531019080972255,0.547284630244014,0.56256551242716,0.5766348213459,0.589253173465567,0.600170813885803,0.609129805091806,0.615867695790133,0.620124217576648,0.621649450602134,0.620209566773005,0.615596466448942,0.607638795317203,0.596211481275703,0.581245500849761,0.562738300884215,0.540762142322458,0.51547133733285,0.487109397275644,0.456013057661718,0.422611188316125,0.387418186309807,0.351020851877012,0.314060234710966,0.277208779612081,0.241143523727797,0.206516196119935,0.173921387796704,0.143865523439534,0.116740402305056,0.0928048441996257,0.072176420362166,0.0548339983826395,0.0406305945344583,0.0293149102742102,0.0205590644816228,0.0139896031707032,0.00921846761162749,0.005870537192599,0.00360514224837777,0.00213007454843463,0.00120791932135716,0.000655739142583978,0.000339847209113438,0.000167661858692861,7.85001730008734e-05,3.47654971231298e-05,1.4512154100168e-05,5.63041823165806e-06,2.30358805192623e-06,0
28994228.5388288,0,-5.19637723494453e-11,-2.31787295864802e-11,-1.43938231529943e-11,9.85222731744211e-11,3.56992462868485e-10,9.54110006966463e-10,2.16394321789216e-09,4.47522885592384e-09,8.65091931216655e-09,1.58697949538931e-08,2.78761233893117e-08,4.71763506578663e-08,7.7264176121598e-08,1.2287628446046e-07,1.90267878469215e-07,2.87497105014823e-07,4.24705593791775e-07,6.14380315774309e-07,8.71582392559627e-07,1.21412702220014e-06,1.66270066666363e-06,2.24090728385114e-06,2.97524806751412e-06,3.89505327439473e-06,5.03239184290457e-06,6.42197707094295e-06,8.10107460360742e-06,1.01094181130781e-05,1.24891532334644e-05,1.52848410637398e-05,1.85435435766947e-05,2.23149952302936e-05,2.66518517767982e-05,3.1610007695989e-05,3.72489825504878e-05,4.36323936621019e-05,5.08285146787039e-05,5.89109198089702e-05,6.79592274825705e-05,7.80599533212324e-05,8.93074618174123e-05,0.000101805010178188,0.000115665884654949,0.000131014604148638,0.000147988136449108,0.000166737194371091,0.000187427546521407,0.000210241363303849,0.000235378613500875,0.000263058517991816,0.000293521105566105,0.000327028866244734,0.000363868544165257,0.000404353100989756,0.000448823925161911,0.000497653194332565,0.000551246574894081,0.000610046195492622,0.000674534021175944,0.000745235572079575,0.000822724143913797,0.000907625767618545,0.00100062456666869,0.00110246893812166,0.00121397888470733,0.00133605429214547,0.0014696832417968,0.00161595201837205,0.00177605710660408,0.00195131613554838,0.00214318066762371,0.00235325012119245,0.0025832872241707,0.00283523376987963,0.00311122713296965,0.0034136196675628,0.00374499745909691,0.00410819969735516,0.00450634107329414,0.00494283297926619,0.00542139373053865,0.00594607151458537,0.0065212620141018,0.00715169594214728,0.00784244659666959,0.00859893728248237,0.00942690165705595,0.0103323600547711,0.01132160292268,0.012401135334255,0.0135776225396432,0.0148578530038262,0.016248711336558,0.0177570937180157,0.0193897802754513,0.0211535002732642,0.0230549834338386,0.0251007691567443,0.027297175601921,0.0296504816807536,0.0321669417472568,0.0348527470531526,0.0377141617358392,0.0407576429581705,0.0439898451674126,0.047417747833686,0.0510488222128491,0.0548911706688136,0.0589534835482247,0.0632450842018683,0.0677761660014116,0.0725578993895827,0.0776024349348806,0.0829228097239465,0.0885329253532488,0.094447571937236,0.100682517614662,0.107254567864743,0.114181105572452,0.121479637435483,0.129168082016828,0.137264980469946,0.145788875328453,0.154758317942937,0.164191127429427,0.174104224615756,0.184515002134778,0.195440011132722,0.206892945095833,0.218886451163728,0.231431940649251,0.244536990656559,0.258205536861788,0.272437829549704,0.287228799754261,0.302567579340094,0.318436968589431,0.334811660111048,0.351657051512549,0.368929275496608,0.386575117396923,0.404528657069703,0.42270954403425,0.441024637894908,0.459366912465845,0.477611302320151,0.495614854033238,0.513218877668267,0.530247560440322,0.546505647238781,0.561780981175364,0.575848088769174,0.588468920096848,0.599393008099796,0.608361726656674,0.615113425434193,0.619388154793806,0.620933822928211,0.61951555452551,0.614924825904222,0.606989015923577,0.595582529539256,0.580637436435004,0.562152424046343,0.540200849960407,0.514937136837743,0.4866032988984,0.455534036460244,0.422157027802902,0.386986390670259,0.350609765963217,0.313669659058454,0.27683983539187,0.240798160773972,0.206196743765751,0.173630108708172,0.143604430632549,0.116511262479726,0.0926087566024303,0.072013305600379,0.0547023280908324,0.0405273738766243,0.0292361046809551,0.0205003290440939,0.0139468605401242,0.00918818594540441,0.00584977649643112,0.00359146000060539,0.00212144421180274,0.0012027186527274,0.000652740060755213,0.000338181007697436,0.000166765845157836,7.80419217402744e-05,3.45552434655026e-05,1.44240776961431e-05,5.59267738350567e-06,2.27587229267391e-06,0
29673024.0818887,0,-4.81325122275098e-11,-2.08440316131137e-11,-1.13122690210498e-11,9.68268793070132e-11,3.44147614145278e-10,9.13603999495511e-10,2.06653878444922e-09,4.26799179882095e-09,8.24492612512309e-09,1.51205604083092e-08,2.65575491654765e-08,4.49453774827383e-08,7.36150114191284e-08,1.17083458439003e-07,1.81317986639624e-07,2.74010652120548e-07,4.04849387942126e-07,5.85770275227085e-07,8.3117450529206e-07,1.15809541847671e-06,1.58630657499255e-06,2.1383709008125e-06,2.83963853235225e-06,3.71820185032054e-06,4.80481321197135e-06,6.13277432688e-06,7.73781777277224e-06,9.65801470611686e-06,1.19337479810674e-05,1.46077715930783e-05,1.77253360635665e-05,2.1334342257812e-05,2.5485529358379e-05,3.02327436901488e-05,3.56333125692816e-05,4.17485214045172e-05,4.86441944801441e-05,5.63913583884099e-05,6.50669540193632e-05,7.47546243009473e-05,8.55456189410595e-05,9.75397846793464e-05,0.000110846644401162,0.000125586591086563,0.000141892116022458,0.000159909052046107,0.000179797882998738,0.000201735098035953,0.000225914554153192,0.000252548889391889,0.000281871063477709,0.000314136014980739,0.00034962236177935,0.000388634331291813,0.000431504002259012,0.000478593614424068,0.000530298095618721,0.000587048210331729,0.000649313888261851,0.000717607654050115,0.000792489074415716,0.000874569813589227,0.000964518376999853,0.00106306641423233,0.00117101663134444,0.00128925034180066,0.00141873553131846,0.00156053726129581,0.00171582927221802,0.00188590597083477,0.0020721947227896,0.00227626836114066,0.00249986052681502,0.0027448853395117,0.00301345441157217,0.0033078871817136,0.00363073344488539,0.00398480451425669,0.00437318609831904,0.00479924675164348,0.00526667181115821,0.00577949106342318,0.00634205979313544,0.00695906801741446,0.00763558137654942,0.00837701994410617,0.00918909539505503,0.0100778079742687,0.0110494699112272,0.0121106350722432,0.0132679971094059,0.0145283842531913,0.0158987584766192,0.0173861066169978,0.0189973557892496,0.0207393825097086,0.0226190326471383,0.02464306722168,0.0268180377717799,0.029150335825122,0.0316464798118414,0.0343130558445054,0.0371563981031088,0.0401829145587912,0.043399676524949,0.0468141317366267,0.0504336297033874,0.0542660128730894,0.0583203907397767,0.0626065815056502,0.0671343884458154,0.071914599444776,0.0769596797303563,0.0822825562116212,0.0878964104486339,0.0938160006975706,0.100057191002038,0.106635561247826,0.113567660647822,0.12087194765167,0.128566256879784,0.136667298592862,0.14519390701534,0.154165872022879,0.163600251460722,0.173513582438152,0.183923763036527,0.194846972798433,0.206297136203946,0.21828711945234,0.230827548093604,0.243926134617419,0.257587068533007,0.271809983380267,0.286590228758879,0.301917449834504,0.317773517859562,0.334132986439618,0.350961865760306,0.368216280643463,0.385843670087258,0.403778872391615,0.421940550389818,0.440235559713117,0.458558889676757,0.476786629661059,0.494775893113021,0.512369807712373,0.529393558368851,0.545650390614035,0.560927114294002,0.574998277827837,0.587624333022087,0.598554807747415,0.607532088360425,0.614293141687803,0.618578105102775,0.620137391293507,0.618735538497474,0.614164306511848,0.606254237169615,0.594878621588916,0.579966135904577,0.561513973494724,0.539592608508429,0.514354282878739,0.486043064159108,0.45499629321676,0.421642961567625,0.386498664723589,0.350151754652964,0.313244186081236,0.276448715055495,0.240441479329487,0.205872546314824,0.173335620067081,0.143337382998739,0.116270642425931,0.0923953336726282,0.0718290394233365,0.0545487672846052,0.0404044314170536,0.0291416220231157,0.0204303726188208,0.0138966358243335,0.00915302647366765,0.00582574247196428,0.00357549845567064,0.00211125469432957,0.00119653630380183,0.000649204076211938,0.000336284860309509,0.000165813239390122,7.75850321252646e-05,3.43330253277808e-05,1.43117993710755e-05,5.55014706480385e-06,2.24378366055689e-06,0
30367711.1803546,0,-4.61046237437265e-11,-2.01548130772054e-11,-1.14924805675209e-11,9.09451875651357e-11,3.25336699155209e-10,8.65817233786285e-10,1.9607774330649e-09,4.05271967513421e-09,7.83339605843807e-09,1.43720880560614e-08,2.5252066610638e-08,4.27497668580044e-08,7.00401742252045e-08,1.11431238150011e-07,1.72617112286076e-07,2.60940863670178e-07,3.85653369760746e-07,5.58154157576982e-07,7.92200103712535e-07,1.10406942480379e-06,1.51267171057984e-06,2.03959930011077e-06,2.70912197930962e-06,3.54813479655714e-06,4.58607521661098e-06,5.85482753318479e-06,7.38863219453075e-06,9.22401830573399e-06,1.13997751615138e-05,1.39569772318748e-05,1.69390805190181e-05,2.03920965746142e-05,2.43648253582108e-05,2.89091381791211e-05,3.40803331051126e-05,3.99375801694435e-05,4.65444468249274e-05,5.3969518162943e-05,6.22871194264959e-05,7.1578107301835e-05,8.19307253813331e-05,9.34415456368964e-05,0.000106216497686712,0.000120371975295595,0.000136035997841023,0.000153349459073408,0.000172467400969363,0.000193560346947809,0.000216815703159166,0.000242439206242909,0.000270656465658816,0.000301714607771706,0.000335884036534342,0.000373460382587111,0.000414766621755722,0.000460155385967866,0.000510011569725808,0.00056475518714569,0.000624844683663644,0.000690780556145031,0.000763109367104683,0.000842428341494086,0.000929390823933116,0.0010247125828445,0.0011291783447781,0.00124364919702061,0.00136907217446677,0.00150649067664907,0.00165705458652869,0.00182203086722447,0.00200281892306595,0.00220096523463152,0.00241817519274663,0.0026563297686929,0.00291750561200463,0.00320399353251464,0.00351831331525579,0.00386323598130472,0.00424180857026968,0.00465737204826049,0.00511357649308274,0.00561440341386129,0.00616417886276139,0.00676757302334317,0.00742961190556478,0.00815567604608586,0.00895146838006477,0.00982298952418453,0.0107765373977771,0.0118186668993121,0.0129561150639781,0.0141957567794547,0.0155445997456386,0.0170097314969215,0.0185982334981559,0.020317129519851,0.0221734026888046,0.0241739857740749,0.0263256817154791,0.0286351610342518,0.0311090814803216,0.0337541030182829,0.0365768589399476,0.0395841370931069,0.0427830230569283,0.0461808328459901,0.0497852362030685,0.0536045831662852,0.0576478555043413,0.0619245144003272,0.066444757692534,0.0712197415972049,0.0762614409122291,0.0815825749883874,0.0871966345144199,0.0931178909145336,0.099361573456419,0.105943815661267,0.112881085898194,0.120190220503456,0.127889016170627,0.135995768854992,0.144528367063271,0.15350462564449,0.162942666118097,0.172860105765087,0.183273469131332,0.194198257639771,0.205648767902052,0.217637777340024,0.230175821532966,0.243270130893883,0.256924567187783,0.271139634140917,0.285910820277062,0.301227001566609,0.317070308040948,0.33341602754047,0.350230965963743,0.367471316392004,0.385082556481952,0.402999504169249,0.421144306811036,0.439424475708656,0.457732613939845,0.475945433585577,0.493922585788584,0.511506158527155,0.52852063542769,0.544772245810497,0.560049293305065,0.574124335235523,0.586756194194478,0.597693252427201,0.606677879911365,0.613448874730313,0.617745702851687,0.61931753779464,0.617932330343355,0.613382493029235,0.605493992999893,0.594140524629995,0.579252534383989,0.560824256480359,0.538925206666016,0.513710232935617,0.485423777925032,0.454402666600532,0.421076515559374,0.385961207612259,0.349644632243976,0.312768015217968,0.276003558723099,0.240027392346002,0.205489960575384,0.172985335408673,0.143020747743588,0.115989691771094,0.0921520164773453,0.0716242410440732,0.0543819378455265,0.0402733474711141,0.0290424156969348,0.0203581033784743,0.0138459510694798,0.00911874152420825,0.00580332963487292,0.00356131335644705,0.00210255474320757,0.00119138253292928,0.000646277572672172,0.000334704228939875,0.000164999877748053,7.71847605020879e-05,3.41566454146193e-05,1.42452862160737e-05,5.52526774761017e-06,2.21950407010479e-06,0
31078661.8778201,0,-4.38162063138388e-11,-1.90955079350652e-11,-1.07393156862941e-11,8.69075057973605e-11,3.10307108920739e-10,8.25236292420516e-10,1.86836406375852e-09,3.86119872373511e-09,7.46294023162035e-09,1.36926945802604e-08,2.40599189844974e-08,4.07354970106653e-08,6.67481562876157e-08,1.06208729861394e-07,1.64552676593301e-07,2.48791885369358e-07,3.6776291899003e-07,5.32358060576972e-07,7.55725537643935e-07,1.05342722928002e-06,1.44354531645037e-06,1.946733706529e-06,2.58621556820513e-06,3.38773506872296e-06,4.3794783668754e-06,5.59198330181289e-06,7.05805649381709e-06,8.81271422408002e-06,1.08931616236949e-05,1.3338820831412e-05,1.61914205680922e-05,1.94951624615085e-05,2.3296958087974e-05,2.76467165855159e-05,3.25976910287122e-05,3.82069054647738e-05,4.45356559050612e-05,5.16500960381257e-05,5.96219279379101e-05,6.85291762496278e-05,7.84570267237291e-05,8.9498741698926e-05,0.000101756659948556,0.000115343262633766,0.000130382306900816,0.000147010034032547,0.000165376418120646,0.00018564646746704,0.000208001587822766,0.000232641050815454,0.000259783500613699,0.000289668475638591,0.000322558230543708,0.000358739725043005,0.000398526556861261,0.000442261201357655,0.000490317770515742,0.000543104799261959,0.000601068366781482,0.000664695765379357,0.000734519460391993,0.000811121687099184,0.000895139912609771,0.000987272643045653,0.00108828607174294,0.00119902208826802,0.0013204068823448,0.00145346078130174,0.00159930974417538,0.00175919637966737,0.00193449234953238,0.0021267140884657,0.00233753790808955,0.00256881423995957,0.00282258505702318,0.00310110428436148,0.00340685693276242,0.00374257692696461,0.00411126984992823,0.00451623540421921,0.00496108459808513,0.00544975653160088,0.00598653377811843,0.00657605581251326,0.00722331850737917,0.0079336651041992,0.00871277868646654,0.00956666846219563,0.0105016344237785,0.0115242267981796,0.0126412166599851,0.0138595523505419,0.0151862971092369,0.0166285928613666,0.0181936288554042,0.0198885808871427,0.0217205560955267,0.0236966075317263,0.025823745062044,0.0281088746719228,0.030558811245074,0.0331803943841286,0.0359805348530125,0.0389662519733782,0.0421447728377246,0.0455235893400096,0.0491105739109839,0.0529142421409577,0.0569436404577249,0.061208176137911,0.0657181435739996,0.0704849326705665,0.0755203225362356,0.0808365643268489,0.0864472730061392,0.0923670833477643,0.0986108059030019,0.105193833503006,0.112132691187042,0.11944463347192,0.127147060618931,0.135257472818342,0.143793680978267,0.152773779178256,0.162215575384798,0.172136098313992,0.182551665969072,0.19347785390699,0.20492893324491,0.216917281731844,0.229453030454866,0.242543689870834,0.256193359012897,0.270401985330133,0.285164935319738,0.300471529927009,0.31630391419968,0.332637206795965,0.349438414542005,0.366663972034731,0.384259521761713,0.402160092103581,0.420288202129848,0.438551669258177,0.456843677296862,0.475041797087995,0.493005644063509,0.510577116240528,0.527581229195565,0.543824956958699,0.559096679584172,0.573169154596844,0.585801819017498,0.596742789501088,0.605733750985206,0.612514061166793,0.616824223914274,0.618412736559494,0.617046166253573,0.612516494060595,0.604649661985926,0.593318141476126,0.578451602437036,0.560045885218516,0.538172024685008,0.51298441767809,0.484726429128255,0.453734089872718,0.420436140941341,0.385347752798935,0.34905759630783,0.312209250127577,0.275477055881496,0.23953790015642,0.20504150025478,0.172580469580165,0.142660450314483,0.115673481240903,0.0918786640252308,0.0713924042022951,0.0541898973055182,0.0401186804279852,0.0289218795299483,0.020267469043979,0.0137802584128207,0.00907286107881312,0.00577242170596874,0.00354120231112101,0.00208991792269631,0.00118372490980758,0.000641819730716256,0.000332227492481553,0.000163693788052491,7.65318536547117e-05,3.38512677425531e-05,1.41182785593406e-05,5.48123096182658e-06,2.190498581445e-06,0
31806256.9279412,0,-4.16297782550077e-11,-1.80945990904976e-11,-1.00818435440757e-11,8.2895166999712e-11,2.9555502884156e-10,7.85645076581316e-10,1.77842489478007e-09,3.67516247672711e-09,7.10358473837299e-09,1.30344522371205e-08,2.29061277722489e-08,3.87880173930366e-08,6.35683826733204e-08,1.01168913658462e-07,1.56776969673382e-07,2.37086899405881e-07,3.50538148586538e-07,5.07537037239679e-07,7.20649146997441e-07,1.00475118149718e-06,1.37713420880591e-06,1.85755438077624e-06,2.46823253825487e-06,3.23380994874647e-06,4.18127345757966e-06,5.33986941897755e-06,6.74102753861689e-06,8.41830959123776e-06,1.04073925822859e-05,1.27460997404064e-05,1.54744949866937e-05,1.86350472526591e-05,2.22728601348937e-05,2.64359602446676e-05,3.11756468207334e-05,3.65469059949215e-05,4.26088891321805e-05,4.94254690494547e-05,5.70658943930379e-05,6.56055199478719e-05,7.51265913486372e-05,8.57191102885801e-05,9.74817948153076e-05,0.000110523098721393,0.000124962312178533,0.000140930748138482,0.00015857299985527,0.000178048262699685,0.000199531723493833,0.00022321600790861,0.00024931272076555,0.000278054049655511,0.000309694497421551,0.000344512761985539,0.000382813713449304,0.000424930596091392,0.000471227569130701,0.000522102498264768,0.000577989910352306,0.000639364422082071,0.000706744795805074,0.000780698521462301,0.000861846702549485,0.000950869877077374,0.00104851514701539,0.00115560357766564,0.00127303870847511,0.00140181670429593,0.00154303759005281,0.00169791667530849,0.00186779731814969,0.00205416537937337,0.00225866538320763,0.00248311475949224,0.00272952008660461,0.00300009961874286,0.00329730236484804,0.00362382154106586,0.00398261857360339,0.00437695347834852,0.00481039636383711,0.00528683738104237,0.00581051577403929,0.00638603357937528,0.00701834270783108,0.00771274806983204,0.00847491637342255,0.00931083703436775,0.010226786329187,0.0112293288250044,0.0123252705306786,0.0135215768914555,0.0148253578106159,0.0162438479870621,0.0177843248297911,0.0194540586935623,0.0212603109233322,0.0232102972940655,0.0253111631025955,0.0275700007010902,0.0299938723852817,0.0325898387323774,0.0353649888858874,0.0383265139879426,0.0414818522975964,0.0448387947421651,0.0484054449987107,0.0521902617996832,0.0562023046250347,0.0604513986101577,0.0649480158829127,0.0697031426429575,0.0747284774929338,0.0800366861465408,0.085641280415348,0.0915563895095895,0.0977967799711592,0.104378010149612,0.111316389019993,0.11862874740155,0.126332281828064,0.134444511915688,0.142983117399002,0.151965736238578,0.161409889339824,0.171332606749713,0.181749964014525,0.192677181706857,0.204128497339394,0.216116212800875,0.228650066876122,0.241737321673895,0.255382413214449,0.269585448738743,0.284341006381796,0.299638182213224,0.315460113810051,0.331782068056041,0.348570092888241,0.365780862908307,0.383361192817816,0.401246133811692,0.419357835754068,0.437605022369714,0.455881274769203,0.474064163578987,0.492014318292298,0.509573813678026,0.52656669462475,0.542801054243488,0.558067232754325,0.572136698044333,0.584767821792314,0.595711267164007,0.604709129804266,0.611498078693022,0.615818793391043,0.617421795717365,0.616072433541345,0.611561235586171,0.60371454521533,0.592404187913384,0.577559522867012,0.559177334221224,0.537328648779508,0.512167353155681,0.483937439676548,0.452974987159088,0.419707652819544,0.384650358966912,0.348392931612631,0.311579893196517,0.274885696072418,0.238987641371265,0.204536107432881,0.17212328500661,0.142253793075197,0.115318781197936,0.0915759596293061,0.0711399401622044,0.0539844448682075,0.0399558567811764,0.0287964236608301,0.0201736831729079,0.0137124058932856,0.0090254793602449,0.00574057323653109,0.00352065042918084,0.00207721874723994,0.00117622510927055,0.000637590960018101,0.000329953669420142,0.000162528821003839,7.5964646196908e-05,3.35895084562198e-05,1.40019893543884e-05,5.43597566205927e-06,2.16269726976552e-06,0
32550885.9983506,0,-3.97206123556182e-11,-1.72418079917799e-11,-9.61136724416591e-12,7.88526335475159e-11,2.81170017779411e-10,7.4718196553422e-10,1.69132201505536e-09,3.49523509106731e-09,6.7567089081286e-09,1.24004447654516e-08,2.179741470518e-08,3.69208144502033e-08,6.05252787879239e-08,9.63517249221016e-08,1.4934926754589e-07,2.2590681528378e-07,3.34082851929051e-07,4.83819855948812e-07,6.87129455688645e-07,9.58235061823797e-07,1.31366604965729e-06,1.77230373738245e-06,2.3553855192919e-06,3.08647260068854e-06,3.99138662748706e-06,5.09812489747143e-06,6.43677569263313e-06,8.03946622659937e-06,9.94036896422242e-06,1.2175763514984e-05,1.47841334500596e-05,1.78063067053587e-05,2.12856727750942e-05,2.52684807811603e-05,2.98041955461913e-05,3.49459084723815e-05,4.07507980884753e-05,4.72806327257069e-05,5.46023305491734e-05,6.27886109419212e-05,7.19187596768036e-05,8.20794919598498e-05,9.33658724115871e-05,0.000105882314734376,0.000119743680063156,0.000135076456771561,0.000152019984097299,0.000170727780547497,0.000191368942600598,0.000214129600548652,0.00023921446975688,0.000266848427086268,0.000297278174634581,0.000330774137185192,0.0003676324449313,0.000408176873601613,0.000452761356183767,0.000501772874226277,0.000555634016660448,0.000614806357835564,0.000679794929223604,0.000751152422282714,0.000829483344494503,0.00091545002845855,0.00100978084607583,0.00111327754129787,0.00122682133874565,0.00135138343460471,0.00148803827454313,0.00163797534136076,0.00180250977198576,0.00198309495787171,0.00218134065263165,0.00239903136515679,0.00263814063391735,0.00290084544098118,0.00318954926839751,0.00350690688011327,0.00385584091296256,0.00423956032304105,0.00466158161532529,0.00512575056949864,0.00563626407277334,0.00619767338217411,0.00681487876101229,0.0074931463785332,0.00823811244187499,0.0090557404273792,0.00995229660495376,0.0109343378396339,0.0120086564034755,0.0131822542602138,0.0144623308264417,0.0158561643937188,0.0173710557273093,0.0190144071499069,0.0207936490482932,0.0227160869519106,0.0247890270134331,0.0270198461024628,0.0294157400902917,0.0319837984793419,0.0347314550471442,0.037666377690948,0.0407960517215754,0.0441281486507493,0.0476711112005154,0.0514338721577064,0.0554255517738764,0.0596558912295283,0.0641353931834972,0.0688751222928571,0.0738870071806864,0.0791838533704859,0.0847788134923781,0.0906855964544836,0.0969191879522741,0.103495662587843,0.110430947450908,0.11774063477241,0.125441934515848,0.13355392883698,0.142093796560986,0.151076480548585,0.16052004898055,0.170444368721988,0.180863882937719,0.191790394800848,0.203239892435165,0.215227471029131,0.227760684956112,0.240844179866587,0.254483851661792,0.2686815703139,0.283430856520539,0.298719351425662,0.314530249893538,0.330839618139722,0.347614548147729,0.364812524191644,0.38238012636969,0.40025116553706,0.418347078911421,0.436577837833501,0.454837982870756,0.473003239510205,0.490935399816091,0.508482082966983,0.525466248359938,0.541690024923603,0.556946985900409,0.571014992143091,0.583649538335494,0.594597490042316,0.603601598954744,0.610396354766193,0.614721744636999,0.61633169855976,0.614992740617719,0.610497726377926,0.602677173176428,0.591398817554392,0.576582037074293,0.558218631124394,0.536381487179181,0.511231319838806,0.483021993506306,0.452096335649577,0.418879754022191,0.383876432410109,0.347665094641826,0.310886817935553,0.274221611143558,0.238357556101681,0.203953578620554,0.171602667942935,0.141803591780557,0.114938975430931,0.0912589748129422,0.0708753192660673,0.053763910273394,0.0397741713828367,0.0286503661739904,0.0200612032837211,0.0136304146860305,0.00896896186367681,0.0057037941991752,0.00349789273355942,0.00206359101218506,0.00116828304435537,0.000633074481770992,0.000327486851453716,0.000161279409380543,7.53444054786747e-05,3.32681568289196e-05,1.38894215152599e-05,5.44925918246517e-06,2.1606604177567e-06,0
33312947.8793467,0,-3.75781265556425e-11,-1.63033509414101e-11,-8.95684779465249e-12,7.51918292484451e-11,2.67752536351209e-10,7.11354645516228e-10,1.610188024213e-09,3.32772867546713e-09,6.43331991007984e-09,1.1807735350679e-08,2.07572384990508e-08,3.51624296537884e-08,5.76502224201222e-08,9.17900194751255e-08,1.42306708574351e-07,2.15302024800055e-07,3.18473496613922e-07,4.6131854874686e-07,6.55311890449406e-07,9.14045633313962e-07,1.25332481283453e-06,1.69121498508067e-06,2.24804373228073e-06,2.94636310888794e-06,3.81088495433422e-06,4.86840568585151e-06,6.14773987610143e-06,7.67967963248271e-06,9.49699101485031e-06,1.16344569638163e-05,1.41289780419403e-05,1.70197364318648e-05,2.03484186449515e-05,2.41594952166022e-05,2.85005550315432e-05,3.34226878622969e-05,3.89809166079119e-05,4.52347013138412e-05,5.22485140097187e-05,6.00924766335354e-05,6.88430821837348e-05,7.85840033697018e-05,8.94069750227616e-05,0.000101412762983486,0.000114712214218709,0.000129427412681872,0.000145692887548896,0.000163656910525806,0.000183482855034927,0.000205350636551521,0.000229458208001449,0.000256023114995004,0.000285284156211131,0.000317503200605937,0.000352967085375012,0.000391989693959018,0.000434914367281578,0.000482116487494481,0.00053400628198291,0.000591032298270974,0.000653685391995218,0.000722502799855125,0.000798072791130512,0.000881040856871588,0.000972116367639728,0.001072079760928,0.00118179082368507,0.00130219818892934,0.00143435071899471,0.00157940944532423,0.00173865962561347,0.00191352395120952,0.00210557948846815,0.00231657412683646,0.0025484412686026,0.00280331864893693,0.00308356966768635,0.00339180236512482,0.00373088906159362,0.00410399085759727,0.00451457647130567,0.004966438512325,0.00546371472497865,0.00601090482542255,0.0066128687709397,0.00727482482835952,0.00800235926240479,0.00880141316921453,0.00967823697774207,0.0106393661143929,0.0116916163412002,0.0128420287187192,0.0140977919044275,0.01546622567376,0.0169547689593672,0.0185709059118368,0.0203221033327502,0.0222158273339383,0.0242595558632755,0.0264607332040981,0.0288267740488417,0.0313651337864828,0.034083347389959,0.0369890580646917,0.0400901418228632,0.0433947811906794,0.046911416999085,0.0506488834136438,0.0546166499173264,0.0588247513184047,0.063283667562319,0.0680045089199012,0.0729992010381351,0.0782804205003213,0.0838615259612876,0.0897564699435945,0.095979851654748,0.102547231665185,0.109474852017999,0.116778972674603,0.124476251574368,0.132584301508328,0.141120668958613,0.150102050032432,0.159545279943795,0.169467517936788,0.179884706069823,0.190811136375552,0.20226031444956,0.214244596452044,0.226773838110671,0.23985482678611,0.253491133907752,0.267682523677448,0.282424002107378,0.297704645844914,0.313506875702841,0.329805845889549,0.346568285086286,0.363751395402731,0.381302142614361,0.399156094607055,0.417236092223874,0.435451402062371,0.453696413007782,0.471849391557205,0.489771580846798,0.507305700615516,0.524276057721879,0.540490673644056,0.555740782780068,0.569799380817424,0.582425315399728,0.593368918394292,0.602372680971948,0.609173447519688,0.613511590834173,0.615138260984971,0.61381911365517,0.609343625098652,0.601537091441235,0.590270909900979,0.575472892538481,0.557138473878182,0.535339926869271,0.510233099423907,0.482062724993616,0.45116481406405,0.417966596039858,0.382982258955177,0.346801155570479,0.310068621444232,0.273461843498914,0.237661153601505,0.203318088692477,0.171023978185608,0.141280583243408,0.114474326265568,0.0908579158663433,0.0705419173609713,0.0534971783184129,0.0395682196870822,0.0284961802431823,0.0199480426498646,0.0135484354620258,0.00891058865745755,0.00566313972363848,0.00347054269288168,0.00204612385945472,0.00115774429361509,0.00062708957966015,0.000324264809786371,0.000159602670982338,7.45386128313385e-05,3.29316544566322e-05,1.37207196179859e-05,5.33485629460171e-06,2.10569842245941e-06,0
34092850.6974681,0,-3.56592190013958e-11,-1.5473884677635e-11,-8.33997609953151e-12,7.17414872713792e-11,2.551564633852e-10,6.77344693894893e-10,1.53279392859848e-09,3.167322668795e-09,6.12309036849205e-09,1.12390354959763e-08,1.97599571447709e-08,3.34786823458654e-08,5.49003626332448e-08,8.7430039217738e-08,1.35576439501781e-07,2.05164214873791e-07,3.03544325708571e-07,4.39790455012134e-07,6.24869577664139e-07,8.71776189439341e-07,1.19562347412257e-06,1.61368940257529e-06,2.14541998519262e-06,2.81239603013322e-06,3.63827292831765e-06,4.64870832939868e-06,5.87129747950402e-06,7.33553651295175e-06,9.07282536713772e-06,1.11165167693008e-05,1.35020162973322e-05,1.6266932623375e-05,1.94512805618359e-05,2.30977601973435e-05,2.72521078719323e-05,3.19634729884564e-05,3.72848223541024e-05,4.32734257136827e-05,4.99914065856696e-05,5.75063329846727e-05,6.5891908948875e-05,7.5228786086599e-05,8.56054234818e-05,9.71190072002773e-05,0.000109876470929272,0.000123995631678601,0.000139606345349437,0.000156851760163965,0.00017588966891128,0.000196893875743863,0.000220055665668559,0.000245585380613583,0.00027371403017531,0.000304695024828669,0.000338806094983402,0.000376351252947613,0.000417663179491918,0.000463105949425042,0.000513077682267387,0.000568013678729866,0.000628390480624803,0.000694730226332082,0.000767605212844054,0.000847643212947734,0.000935534304087601,0.00103203889193549,0.00113799512081041,0.00125432713343987,0.00138205732092856,0.00152232017114229,0.00167637174639021,0.00184560027003784,0.00203154673100801,0.0022359258818967,0.00246063385321596,0.00270776046527525,0.00297962214806347,0.00327878866577262,0.00360808609909546,0.00397061158321581,0.004369776059823,0.0048093300961807,0.00529335949171611,0.00582629134820433,0.00641292301402637,0.00705843745794714,0.00776838356871155,0.00854864321756798,0.00940542306286764,0.0103452630685011,0.011374990948219,0.0125016254159484,0.0137323541250878,0.0150745790872264,0.0165358362579968,0.0181236333549398,0.0198454883371751,0.0217090537232028,0.0237219781932342,0.0258917823904693,0.0282260553913301,0.0307325169896143,0.0334188541472786,0.0362928762533029,0.0393627668484623,0.0426369142246028,0.0461238637719665,0.0498327134272408,0.0537731767157897,0.0579553189132572,0.0623896805234205,0.0670875858755738,0.0720611452319762,0.0773229850410707,0.0828862100954213,0.0887648941372157,0.0949740850292552,0.101529054700916,0.108445355456581,0.115739626204412,0.123429015571459,0.131530341300084,0.140060584189694,0.149036843470797,0.158475965229235,0.168394795172873,0.178808796658939,0.189731505472852,0.201177010257453,0.2131585134655,0.225684256322167,0.238759879749287,0.252390619995093,0.266576614068736,0.281310990009007,0.296582404126104,0.312374203157778,0.328661807691761,0.345411621881851,0.362580765577089,0.38011703830509,0.397956842808296,0.416022117047161,0.434221181272285,0.452449512015666,0.470586492444019,0.48849370016013,0.506014356302529,0.52297219013459,0.539174293759537,0.554413603979358,0.568465479591443,0.581087425291064,0.592028911689826,0.601035605484209,0.607843679128236,0.612186714103923,0.613815964459849,0.612504699211028,0.608043521125699,0.600255571438434,0.589014246408549,0.574245320503387,0.555936969167385,0.534160454011922,0.509076697243013,0.480934707826218,0.450073818891001,0.41692180558755,0.381988101644934,0.34585680793839,0.309172718484637,0.272616009374224,0.236871093047666,0.2025929413304,0.170372893882536,0.14070882170309,0.113982242587224,0.0904421005236264,0.070196694563942,0.0532160328828513,0.039344793574325,0.0283242075840708,0.019820689488316,0.0134581246439673,0.00884940980880292,0.00562348218092515,0.00344580039039585,0.00203117848089473,0.00114898390643548,0.000622126976901995,0.000321595063797469,0.000158264865261379,7.38926741104407e-05,3.26204015286674e-05,1.36132278331906e-05,5.3343884043904e-06,2.09534801990925e-06,0
34891012.1340677,0,-3.40530894563047e-11,-1.47212464321447e-11,-7.95466827591281e-12,6.84033989832432e-11,2.43060960242773e-10,6.4503142860862e-10,1.45934862299724e-09,3.01518929717654e-09,5.82878908574505e-09,1.06991532528805e-08,1.8812456031373e-08,3.18776403813994e-08,5.22838123133791e-08,8.32793454946678e-08,1.29167169258071e-07,1.95507776319393e-07,2.89321223343344e-07,4.19275863458357e-07,5.95852801302061e-07,8.31475179385164e-07,1.14059543374334e-06,1.53973909770885e-06,2.04750834751662e-06,2.68455232507383e-06,3.47351207137119e-06,4.4389531512552e-06,5.60730370032413e-06,7.00681786409526e-06,8.66757927374898e-06,1.06215544662317e-05,1.29026963001758e-05,1.55470888101205e-05,1.85931433256249e-05,2.20818695231892e-05,2.60572073748543e-05,3.05663927471085e-05,3.56603733470563e-05,4.13942799826545e-05,4.78279384692343e-05,5.50264401877929e-05,6.30608132101897e-05,7.2008786447468e-05,8.19556170330561e-05,9.29949858374596e-05,0.00010523000331733,0.00011877428599461,0.000133753101033073,0.000150304581202746,0.000168581017625801,0.00018875021664993,0.000210996965749238,0.000235524530012409,0.000262556218226727,0.000292337085959515,0.000325135825363356,0.000361246861953582,0.000400992477731682,0.000444725202947847,0.000492830930119742,0.000545732164697592,0.000603891453946616,0.000667815723769706,0.000738060830218904,0.000815236617754062,0.000900014631860651,0.000993135827094397,0.00109541516316871,0.00120775102049118,0.00133114200536323,0.00146669605019671,0.00161563437714541,0.00177931214852835,0.00195924217208856,0.00215709876607674,0.00237472667864789,0.00261417931259751,0.00287774242579968,0.00316792450905013,0.00348748212783041,0.00383947545604215,0.00422727735392367,0.00465455858524853,0.00512532686790716,0.00564396857250688,0.00621523378332503,0.0068442288462426,0.00753643794722058,0.00829770947753671,0.00913421846476904,0.0100524618726541,0.011059238567924,0.0121615775088382,0.0133667035296992,0.0146820382995277,0.0161151090558307,0.0176735036045729,0.0193649303853555,0.021197115463634,0.0231777055539631,0.025314445244962,0.0276151798056171,0.0300876878566409,0.0327398621618652,0.0355798749940629,0.0386159549918925,0.0418565340124246,0.0453106587928811,0.048987765197405,0.052897419320588,0.0570497251423928,0.0614556157058294,0.0661267331170641,0.0710751471665375,0.0763131832440911,0.0818541171215448,0.0877126171481696,0.0939034574370627,0.100441206555153,0.107341928890468,0.114622771712155,0.122300026091461,0.130390088920036,0.138910577079898,0.14787852280835,0.157310081944727,0.167221901850687,0.17762949707486,0.188546308088216,0.199986152499308,0.211961901887433,0.224481675552873,0.237551025196806,0.251174990058831,0.265353462798016,0.28007924147941,0.295341175007129,0.311122776959625,0.327398502757314,0.344134577759768,0.361289514240149,0.37881135050171,0.396635736665431,0.414685279118382,0.432868317593452,0.451079290722424,0.46919862749848,0.487089490015889,0.504595111660255,0.521539361514517,0.537728528547214,0.552955164974373,0.56699798741444,0.57961549014256,0.590553238706076,0.599558546700043,0.606372217940896,0.610723113044521,0.612356215467778,0.611048199346582,0.606595664476045,0.59882295848178,0.587602439047107,0.572858699951455,0.554578288501797,0.532829919867036,0.50777344647588,0.479660319015815,0.448833969904332,0.415725341742591,0.380844779053297,0.344775066783784,0.308158368561069,0.271673261447471,0.236003924835358,0.201804662848132,0.16966661947286,0.14008739056813,0.113446249617909,0.0899893839994501,0.0698225892175548,0.0529137138207168,0.0391061647906339,0.0281404632572213,0.0196831407424746,0.0133585185403759,0.00877979190405744,0.00557671371697766,0.00341571213995097,0.00201262392403932,0.00113805649461606,0.000615983724247906,0.000318301353091749,0.000156601062381905,7.30902272099362e-05,3.22420807826741e-05,1.3446705543686e-05,5.27967425492077e-06,2.07026211878827e-06,0
35707859.6490046,0,-3.22242448092289e-11,-1.38551569655951e-11,-7.36102209403239e-12,6.53077735120317e-11,2.3144368929726e-10,6.13903370853609e-10,1.38871151546262e-09,2.86936335389122e-09,5.54734902846633e-09,1.01837620697546e-08,1.79086231845712e-08,3.03507327906786e-08,4.97880103723809e-08,7.93193878565775e-08,1.23051797289177e-07,1.86294978566149e-07,2.75754610206321e-07,3.99712833299269e-07,5.68185545879153e-07,7.93047035883797e-07,1.08811565985062e-06,1.46919793806141e-06,1.95409263606261e-06,2.56256068454757e-06,3.3162715544878e-06,4.23874040494219e-06,5.35527185489078e-06,6.69292687493194e-06,8.28052729835909e-06,1.01487052401021e-05,1.23299995301574e-05,1.48590056246045e-05,1.77725846599944e-05,2.11101232690794e-05,2.49138372818594e-05,2.92291260189917e-05,3.41049759559899e-05,3.9594403939116e-05,4.57549616246061e-05,5.26493161290185e-05,6.03458895728539e-05,6.89195669084423e-05,7.84524994724959e-05,8.9034981545146e-05,0.000100766402015546,0.000113756279668136,0.000128125390240108,0.000144006945248808,0.000161547856513451,0.000180910070394013,0.000202271978587803,0.00022582986981321,0.000251799486173426,0.000280417724003404,0.000311944461975117,0.00034666448984756,0.000384889623672661,0.000426961385262387,0.000473253791970518,0.000524176253575354,0.000580177095503312,0.000641748136837852,0.000709429412215256,0.000783813808806286,0.000865553298968227,0.000955366987487636,0.001054048714878,0.00116247516065183,0.00128161650717699,0.00141254940603098,0.00155646811508921,0.00171469656301929,0.00188870583233298,0.00208013066962593,0.00229078339073548,0.00252267157756324,0.00277802056862587,0.00305929410379632,0.00336921093156344,0.00371076572990072,0.00408725580801073,0.00450230065595222,0.0049598556385612,0.00546423006617452,0.00602010165505528,0.00663251887599615,0.0073069001814387,0.00804903045223128,0.00886504343903406,0.0097613967089931,0.0107448484695548,0.0118224193112292,0.0130013528482442,0.014289083452811,0.01569319348244,0.0172213649007481,0.0188813583128338,0.0206809821681333,0.0226280700599195,0.024730502242241,0.0269962027004585,0.0294331202977478,0.0320493189656078,0.0348530718719572,0.0378528485101461,0.0410573354168623,0.0444756084567007,0.0481172046816018,0.0519920213257904,0.0561104467606039,0.0604835859199198,0.0651230727239281,0.0700409286756466,0.0752499723888244,0.0807639753552745,0.0865971752552857,0.0927640705886279,0.0992800596359948,0.106161503508621,0.113424794984953,0.121086174135758,0.129162545256392,0.13767125581794,0.146628850441233,0.156051176434336,0.165954382130014,0.176354053508611,0.187263910796887,0.198696514560871,0.210663688653252,0.223174786586211,0.236235798693491,0.249850028697805,0.264017168141244,0.278731467546488,0.293981503823387,0.309749849899365,0.326011704639722,0.342733839135103,0.359873550076985,0.377378018469136,0.395183647290078,0.413214172503365,0.431378965248071,0.449572634435588,0.467675165566269,0.485549174167432,0.503037369660422,0.519964436401541,0.53613988555344,0.55135610439975,0.56538734001815,0.577993719339308,0.588925670746933,0.597925435152453,0.604730371970684,0.609080934853912,0.610728015777727,0.609438490531884,0.605002804358888,0.597245487742506,0.58603696107739,0.571304962180153,0.553044760856223,0.531329005214362,0.506315416778581,0.478250662824274,0.447472209182755,0.414408401248516,0.379573839184531,0.343558131248405,0.307007316021258,0.270599221802395,0.235014563353319,0.200904617198494,0.16885857507126,0.139373386649026,0.112828428529443,0.0894684476153124,0.069396132638935,0.0525752918697986,0.0388454533885969,0.0279450501999192,0.0195400770681132,0.0132558745514847,0.00870785391950179,0.00552771648536764,0.00338354474124357,0.00199250820732386,0.0011261196885292,0.000609276559973437,0.000314707696535701,0.000154732088052213,7.21862241120093e-05,3.18577858372586e-05,1.32606939858745e-05,5.15905468328166e-06,2.01103259027893e-06,0
36543830.7095725,0,-3.06887243020255e-11,-1.29019280385156e-11,-6.58822999446794e-12,6.27421774569892e-11,2.20896952739793e-10,5.84269200780999e-10,1.32092571368263e-09,2.72895023653248e-09,5.2776016486946e-09,9.6921271172081e-09,1.70494919341906e-08,2.89006440214301e-08,4.74147699364437e-08,7.55454124997051e-08,1.17212208543749e-07,1.7748924457192e-07,2.62787839813662e-07,3.8102351811828e-07,5.41761811398634e-07,7.56339307319166e-07,1.03795679829432e-06,1.40173572840086e-06,1.86472532037571e-06,2.44585333065562e-06,3.16584847595481e-06,4.04719033984666e-06,5.11409148330302e-06,6.39247428264188e-06,7.90996478121562e-06,9.69594138401254e-06,1.17815933848723e-05,1.42000361315198e-05,1.69866006085276e-05,2.01791537355585e-05,2.38182859482877e-05,2.7947581129576e-05,3.26140937847856e-05,3.78688190924209e-05,4.37671296454186e-05,5.03693247849374e-05,5.77412809712143e-05,6.59551634552882e-05,7.50901451215351e-05,8.52331570825207e-05,9.64798956001336e-05,0.000108935942638595,0.000122717720658861,0.000137953566581267,0.000154785127288646,0.000173368704454742,0.000193876461320976,0.00021649781469028,0.000241441027290305,0.000268934983077033,0.000299230996668046,0.000332604464013116,0.000369356885902669,0.000409818668608165,0.000454351896940266,0.000503353335038401,0.000557257944005623,0.000616542184622669,0.000681729063134137,0.000753395301671723,0.000832174865961396,0.00091876353700361,0.00101393345280171,0.00111854263780428,0.00123353141398916,0.00135993929920881,0.00149893888752013,0.00165183112794602,0.00182003296924094,0.00200512989898801,0.00220891871244889,0.00243336657059074,0.00268061880600678,0.00295309247129865,0.00325347744153399,0.0035846898651557,0.00394995803794563,0.00435287631643796,0.00479730426004355,0.00528742243835454,0.00582791801745961,0.00642384360082837,0.0070804001899105,0.00780324046069223,0.00859869110114809,0.00947318824474586,0.0104330845755974,0.0114854577425537,0.0126380010405438,0.0138978873454083,0.0152722635636744,0.016769337121945,0.0183972471633476,0.0201632839909531,0.0220753015894569,0.0241417736595408,0.0263706895495277,0.0287701452549234,0.0313484071642198,0.0341133057378379,0.0370736722991527,0.0402395953867259,0.0436200962742926,0.0472233880810123,0.0510594205189125,0.0551403601052361,0.0594786525328838,0.0640844640362622,0.0689674541895205,0.0741421914833619,0.0796259732683813,0.0854319290528849,0.0915713205652587,0.0980588162253562,0.104912873316152,0.112154692805675,0.119799450075108,0.12785322443015,0.136335438062492,0.145279464713968,0.154694292556161,0.164575060943043,0.174951888121838,0.185859327748869,0.197286135796427,0.209227175616552,0.221723370449743,0.23478980088382,0.248391976520982,0.262529463589893,0.277234646026738,0.292484829113774,0.308231747293562,0.32447363582855,0.34119204238279,0.358314995045223,0.375797574739886,0.393598464663398,0.411603549939795,0.429719001613449,0.447911350368519,0.466040595678888,0.483870270359295,0.501286908325788,0.518224994973263,0.534427202893345,0.549594115615926,0.563595783408802,0.576249314820945,0.58718683401567,0.596119820915192,0.602889729595931,0.607255083953569,0.608918932251738,0.607655189145062,0.603262136943443,0.595530376451743,0.584312908444301,0.56956375840779,0.551309060722494,0.529625413651937,0.504664324577028,0.476666447539451,0.445953001563181,0.412943019094146,0.378161943524519,0.342210138948288,0.30573418943733,0.269409399245072,0.233916342654304,0.199908927735379,0.167973705739438,0.138600564068677,0.112167123803541,0.0889154430297005,0.0689413870917736,0.052208341162954,0.0385577342013573,0.0277252384683896,0.0193764917710947,0.013139303486913,0.00862894030058475,0.00547695548919584,0.00335311646234919,0.00197567649121779,0.00111727666073386,0.000604870711100869,0.000312601421093043,0.000153740557800701,7.1981369692624e-05,3.20000739959911e-05,1.32191080423708e-05,5.05595424959023e-06,2.08022844241372e-06,0
37399373.024788,0,-2.90340489572246e-11,-1.23545126001526e-11,-6.32745014728843e-12,5.96367858848778e-11,2.10229690998955e-10,5.5666950121148e-10,1.25822957380018e-09,2.59884514275447e-09,5.02375349829045e-09,9.2230681257198e-09,1.6222085671671e-08,2.75000877564333e-08,4.51276162138931e-08,7.19240987090348e-08,1.11629131193506e-07,1.69081447202275e-07,2.50396333741861e-07,3.63132021888478e-07,5.16434964461915e-07,7.21155499669497e-07,9.89927543854471e-07,1.33720976104592e-06,1.77928976478356e-06,2.33425747167391e-06,3.02195763573932e-06,3.86393437178673e-06,4.88338184183426e-06,6.10511564835942e-06,7.55557778829493e-06,9.26288417017032e-06,1.1256920408112e-05,1.35694887900081e-05,1.62345050939064e-05,1.92882414953434e-05,2.2769614249056e-05,2.67205164428087e-05,3.11861946535927e-05,3.62156697407687e-05,4.18622082938422e-05,4.81838510096357e-05,5.52440017186312e-05,6.31120862234126e-05,7.18642871175959e-05,8.1584356960876e-05,9.23645117124032e-05,0.00010430640412871,0.000117522173577106,0.00013213556556155,0.000148283122371724,0.000166115452516529,0.000185798564304302,0.00020751527099179,0.000231466676551319,0.000257873761861931,0.000286979121754618,0.000319048869814509,0.000354374722130047,0.000393276333698221,0.000436103983084491,0.000483241641018372,0.000535110347451881,0.000592172199074041,0.000654934828216855,0.000723956495931528,0.000799852037943854,0.000883299691107427,0.000975048504022569,0.00107592708150323,0.00118685385897487,0.00130884766611063,0.0014430398800804,0.0015906880375473,0.00175319042143468,0.00193210125389181,0.00212914774809862,0.00234624767829545,0.00258552876256098,0.00284934799104762,0.00314031247650835,0.0034613007936827,0.00381548418092879,0.00420634810083177,0.00463771166445605,0.00511374368946997,0.0056389761481395,0.00621831403309685,0.00685703870362665,0.00756080229958188,0.00833561558130138,0.00918783104583106,0.0101241207591364,0.0111514460204712,0.0122770206048305,0.0135082723970266,0.0148528121666953,0.0163184015344357,0.017912915954985,0.019644310414289,0.0215206194556691,0.0235499623881185,0.0257405207507257,0.0281005586891654,0.0306384919443522,0.0333629303406388,0.0362826961315863,0.0394068909027718,0.042744982048851,0.0463068609549838,0.0501028445483991,0.0541437478813967,0.0584409232144406,0.0630062917853356,0.067852337735721,0.0729921555687694,0.0784394763199897,0.0842086557980794,0.0903146286083017,0.0967728449400444,0.103599311538842,0.110810485729905,0.118423022814837,0.126453646685223,0.134919165053465,0.143836240021813,0.153221061755078,0.163089200754301,0.173455571614037,0.184334117710376,0.195737378889386,0.207676225856188,0.220159509871141,0.233193439525687,0.246780921949096,0.26092090550578,0.275607556091973,0.290829317908457,0.306568340916209,0.322799623146737,0.339489616791181,0.356595548557631,0.374064912846379,0.39183417340324,0.409826761483535,0.427952372813843,0.446106685538867,0.464169391660873,0.482002606629218,0.499450901238416,0.516341375320336,0.532483118399752,0.547667511540453,0.561670408846642,0.574253841098902,0.585168078643778,0.59415561368094,0.600955297101976,0.605307575005375,0.606961636430707,0.605683514998842,0.601264379840341,0.593530716644866,0.582355016714934,0.567666025714962,0.54945939566175,0.527807436933647,0.502867283993578,0.474886469764581,0.444205503643357,0.41125622195942,0.376555325769709,0.340692718240226,0.304313500584362,0.268093981573247,0.232712854489965,0.198819032277811,0.166998541741417,0.137743855248748,0.111428895064593,0.0882921404803668,0.0684299111767036,0.0518008212121343,0.0382405920413598,0.0274853443353088,0.0192006645802988,0.0130129695975771,0.00853970167530264,0.0054153739450321,0.00331128720203577,0.00194786229119773,0.00109968122754462,0.00059431395264572,0.000306643723224113,0.00015061932200724,7.02155788167075e-05,3.09643469426444e-05,1.28741146380997e-05,5.01550429427615e-06,1.94997994596376e-06,0
38274944.7851631,0,-2.75540381186851e-11,-1.16826149286562e-11,-5.96801959243439e-12,5.67138530754527e-11,1.99677895952051e-10,5.28686420940478e-10,1.19493058133295e-09,2.46840109309894e-09,4.77238809658262e-09,8.76357987241105e-09,1.54179810263575e-08,2.61447170767992e-08,4.29171906011394e-08,6.84241563146186e-08,1.06233796800837e-07,1.60965427335592e-07,2.3845972478787e-07,3.45938493850296e-07,4.92144198982056e-07,6.87451121492792e-07,9.43942027087116e-07,1.27544785791753e-06,1.69755192464702e-06,2.22756421828148e-06,2.88447518985825e-06,3.68890135323622e-06,4.6630371747128e-06,5.83062742257726e-06,7.21697229180791e-06,8.84897497535992e-06,1.07552378603709e-05,1.29662089390123e-05,1.55143781216984e-05,1.84345213997748e-05,2.17639884967689e-05,2.55430329382742e-05,2.98151826488932e-05,3.46276480044717e-05,4.00317718038256e-05,4.60835286726882e-05,5.28440779249572e-05,6.03803752788518e-05,6.87658557467551e-05,7.80811990644376e-05,8.84151702999558e-05,9.98655442489918e-05,0.000112540119688945,0.000126557820010902,0.000142049862076117,0.000159161007833393,0.000178050904335805,0.000198895477045564,0.000221888410191985,0.000247242774159176,0.000275192695180159,0.000305995220830628,0.000339932432124479,0.000377313649915679,0.000418478088972921,0.000463797719860531,0.000513680595381443,0.000568574742409059,0.000628972409587841,0.00069541506555853,0.00076849917107951,0.000848882795801579,0.000937293014276409,0.00103453446483593,0.00114149910573816,0.00125917698851135,0.00138866827311141,0.00153119635029466,0.00168812223637257,0.0018609598870434,0.00205139317356233,0.00226129312018213,0.00249273644365459,0.00274802555646761,0.0030297099531986,0.00334060592390226,0.00368381816854296,0.00406276211645321,0.00448118444201671,0.00494317857160786,0.00545319856090262,0.00601607240749312,0.0066370063031986,0.00732157944732057,0.00807573362140913,0.00890575892389831,0.00981827390298285,0.0108201952699435,0.0119187010125442,0.0131211994935524,0.0144352945802179,0.0158687518423871,0.0174294789812715,0.0191254912654018,0.0209648843611011,0.0229558505081994,0.0251067019499003,0.0274258584721285,0.0299218579642383,0.0326034586685851,0.035479687073205,0.0385598374194858,0.0418535526121354,0.0453709206931268,0.0491224878638507,0.0531192421372499,0.0573727296136402,0.0618950595121463,0.0666988991313225,0.0717974862947777,0.0772046281764922,0.082934748978122,0.0890029076875188,0.0954246515133149,0.102215927549982,0.109393157459516,0.116973142631341,0.12497264624021,0.133408366532868,0.142296939267982,0.151654620006051,0.161497008573042,0.171838859892944,0.182693904715956,0.194074703963397,0.20599213950266,0.218454772461852,0.231468545908858,0.245036344847675,0.259156994465919,0.273824417608473,0.289026987807992,0.304746702108107,0.32095825579649,0.337628180365723,0.354713766467175,0.372162079532079,0.389909372085704,0.407879451428962,0.425982332861437,0.444113600799208,0.462153032262948,0.47996329442593,0.497389367989825,0.514258308006164,0.530379306509954,0.545544326456873,0.559529577728591,0.572097405306804,0.582998321571117,0.59197476857345,0.598766025883,0.603113186506278,0.604766113870036,0.603491221933024,0.599080204856962,0.591360150836853,0.580203486866264,0.565538684253883,0.547361989952669,0.525746993905599,0.500851726107646,0.472924504529724,0.442306643759169,0.409430488340776,0.374812818988294,0.339043449558531,0.302767398149945,0.266660557566307,0.231400553649654,0.197634623942819,0.165946459129213,0.136825545993928,0.110642466467237,0.0876323299485166,0.0678883960017253,0.0513668094785379,0.0379015404105068,0.0272277241495104,0.0190107143723061,0.0128773886123868,0.00844624462242314,0.00535330450327122,0.00327165759477406,0.00192358950844326,0.00108544667349106,0.000586336351025993,0.000302378831441775,0.000148447474099208,6.91629634409104e-05,3.04808465613842e-05,1.26653300317906e-05,4.93171220090525e-06,1.90709382445548e-06,0
39171014.9080926,0,-2.64981237415967e-11,-1.13202967609547e-11,-6.16093067116232e-12,5.3323548616759e-11,1.88874585109866e-10,5.0128498112251e-10,1.13411821303708e-09,2.34424647521153e-09,4.53433359088842e-09,8.32943989742835e-09,1.46589440422572e-08,2.48652985522298e-08,4.08295213926228e-08,6.51157915978858e-08,1.01128777973295e-07,1.53278165575737e-07,2.27141904386732e-07,3.29619177379889e-07,4.690641938025e-07,6.55393118986098e-07,9.00158538423885e-07,1.21658851133494e-06,1.61959111883209e-06,2.12572956022317e-06,2.75317669464266e-06,3.52166125467045e-06,4.45242177655076e-06,5.56818466487354e-06,6.89317432691509e-06,8.45315723149258e-06,1.0275530549061e-05,1.23894659822514e-05,1.48261007137729e-05,1.76187731902794e-05,2.08033117147552e-05,2.44183585613578e-05,2.85057173106805e-05,3.31107494314453e-05,3.82828158362569e-05,4.40757434485781e-05,5.05483572714684e-05,5.77650902343778e-05,6.57966287324518e-05,7.47206344126573e-05,8.46225651859798e-05,9.5596558460343e-05,0.000107746407567845,0.000121186626325282,0.000136043591440793,0.000152456729906539,0.000170579820983268,0.000190582426460668,0.00021265134307228,0.000236992054742824,0.000263830378648659,0.000293414427128655,0.000326016650771774,0.000361935997799929,0.000401500255955001,0.00044506895346893,0.000493036920864795,0.000545837841787924,0.000603948311223292,0.000667892924743521,0.000738249708269005,0.000815656588589982,0.000900818856062663,0.000994517367551812,0.00109761806234938,0.00121108245666774,0.00133597921157211,0.00147349777353399,0.00162496284886233,0.00179184738762598,0.00197579021300899,0.00217861869915831,0.00240235881975707,0.00264925086378743,0.00292178871338722,0.00322273916590213,0.00355513064004703,0.00392229163538726,0.00432791059674139,0.00477601697819542,0.00527096054270384,0.00581747971504579,0.00642072444022351,0.00708618478922841,0.00781969780706475,0.00862750236494819,0.00951616907199884,0.0104925246881223,0.0115636953844943,0.0127370900559965,0.0140203070455866,0.0154210957519859,0.0169473499823707,0.0186071236912971,0.02040866435617,0.022360260491934,0.0244701492192365,0.0267468392194847,0.0291992506554453,0.0318363190540423,0.0346669277266791,0.0377004954781254,0.0409471467198089,0.0444171954566653,0.0481210782741778,0.0520699313554487,0.0562756968897621,0.0607507487070732,0.0655077377159425,0.0705599132983643,0.0759213904830891,0.0816069341419667,0.0876315101033569,0.0940106000527364,0.100760466363425,0.107897619541929,0.11543872315538,0.123400811605372,0.131800454250034,0.140654112014707,0.14997877088514,0.159789713617065,0.170100317205952,0.180925327236162,0.192278858805895,0.204169826915277,0.216605014610634,0.229592572919382,0.243136513555924,0.25723293588502,0.271874942467197,0.287053186874119,0.302749223285349,0.31893570002043,0.335580639848648,0.352642350694714,0.370064972347299,0.387784131081163,0.405727316098024,0.423804686219205,0.441908125440002,0.459918836178483,0.477704058489144,0.495107069993895,0.511950598346811,0.528046515918686,0.543191542674609,0.557160191292409,0.569712464266205,0.580601800044978,0.589572179850963,0.596359956008238,0.600704766686322,0.602358025176823,0.601088853288627,0.596688717291871,0.58898198893558,0.577843331193802,0.563205335697341,0.545062755520221,0.523487569586701,0.498640496087489,0.470771274203662,0.440219776452862,0.407418518282226,0.372887079655893,0.337217064102635,0.301052907189202,0.265069626380988,0.229943586532918,0.196319088835133,0.164776589627398,0.135802794723797,0.109765162728949,0.0868957529725734,0.0672850591967154,0.0508862432587037,0.0375304977517234,0.0269509098844168,0.0188116409677886,0.0127395930424447,0.00835456816970298,0.00529472812800357,0.00323572109948092,0.00190243652180867,0.00107351621666254,0.000579905178503023,0.000299080922155239,0.000146839135839679,6.84148941079353e-05,3.01607314177531e-05,1.2546033861344e-05,4.88878486570708e-06,1.88348145588126e-06,0
40088063.2889846,0,-2.48365122048385e-11,-1.04847158331824e-11,-5.2737405378899e-12,5.13640984519482e-11,1.80499429048833e-10,4.77586016076142e-10,1.07925232505305e-09,2.2294911014325e-09,4.3112841832189e-09,7.91918226883165e-09,1.39378404686515e-08,2.36457237131194e-08,3.88352293642507e-08,6.19509817812394e-08,9.62404885962413e-08,1.45911867635297e-07,2.16290556856468e-07,3.1396653029482e-07,4.46923126588156e-07,6.24639872417467e-07,8.58163645585107e-07,1.16014579038748e-06,1.54484645995211e-06,2.02811145330386e-06,2.62733024356529e-06,3.36138668010006e-06,4.25061549435921e-06,5.31677782647453e-06,6.58306719033147e-06,8.07415498878284e-06,9.81628185413195e-06,1.18373971974391e-05,1.41673451168608e-05,1.68380946397605e-05,1.98840122051586e-05,2.33421723491042e-05,2.7252703837014e-05,3.16591709800753e-05,3.66089945793379e-05,4.21539137628016e-05,4.83504948910403e-05,5.52606979517386e-05,6.29525072476401e-05,7.15006311909309e-05,8.09872821056779e-05,9.15030340985338e-05,0.000103147771892376,0.000116031707432324,0.000130276491831914,0.000146016393377482,0.000163399560276071,0.000182589350490863,0.000203765745673728,0.000227126871678297,0.000252890623664825,0.000281296413641486,0.000312607180167597,0.000347111527253194,0.000385126142682603,0.000426998664603657,0.00047311078464258,0.000523881898049942,0.000579773219942325,0.000641292621267241,0.000708999988961209,0.000783513504939142,0.000865516857812485,0.000955767178465163,0.00105510442729949,0.00116446183141733,0.00128487742621592,0.00141750643294108,0.00156363551996246,0.001724698448975,0.00190229129756906,0.00209819007531019,0.00231436973193995,0.00255302289648112,0.00281658020731023,0.00310773164734917,0.00342944781176334,0.00378500039813963,0.00417798227167692,0.00461232844946443,0.00509232996159552,0.00562264434506097,0.00620830410360673,0.00685471908637265,0.00756766962820538,0.00835329274903448,0.00921806323563326,0.0101687738686011,0.0112125067007434,0.0123565998228138,0.0136086129329004,0.0149763051141174,0.0164676107831544,0.0180906058172296,0.0198534976486744,0.0217646318353178,0.0238324846565867,0.0260656796763766,0.0284730223422021,0.0310635519333335,0.0338465741609803,0.0368316912380762,0.0400288918432928,0.043448619950894,0.047101759065509,0.0509996486325376,0.0551542099123931,0.0595779140228237,0.0642837445854556,0.0692852427664568,0.0745965666128867,0.0802324104342585,0.086208022284915,0.0925391769784714,0.0992420409918501,0.106333187754403,0.113829538728793,0.121748014295646,0.130105362757514,0.138918286771948,0.148203127268993,0.157975371706484,0.168249647191015,0.17903969342681,0.190357888732765,0.202214761756417,0.214618651887433,0.227575360095745,0.2410874364648,0.255153432997084,0.269767102917393,0.284916419236599,0.300583126766786,0.316741835419088,0.333358669583244,0.350390608652999,0.367784702353314,0.385476945341062,0.403391049397894,0.421437238138794,0.439511063402713,0.457492528820094,0.475244873495473,0.492613803075003,0.509426987296569,0.525494479120669,0.540609145013202,0.554547960958244,0.567073915808293,0.577938349901318,0.58688463321504,0.593652535020894,0.597983885856263,0.599628847170665,0.598354363295075,0.593953201101084,0.586253385873689,0.575128753964893,0.560509773333568,0.542394445360731,0.520857451427052,0.496058425857932,0.468247971148567,0.437769745396049,0.405058459198389,0.370633399870441,0.335085965638956,0.299060817898687,0.263231687086041,0.22827231526121,0.194824095675792,0.163463426381715,0.134671796051091,0.108811337575264,0.0861088513556839,0.0666501965276065,0.0503854901519169,0.0371444721032293,0.0266601878955028,0.0185980556850335,0.0125869062341144,0.00824866539397333,0.00522371976681084,0.00318988303888718,0.0018740495324761,0.00105670441619655,0.000570405694951185,0.000293965514641909,0.000144226080281865,6.71575993384572e-05,2.95818883284408e-05,1.22852231566806e-05,4.78378968542166e-06,1.83923579061869e-06,0
41026581.0582719,0,-2.35451786223793e-11,-9.87365870910507e-12,-4.84342165831008e-12,4.90919483435756e-11,1.71965165356667e-10,4.54503077639637e-10,1.02657444343022e-09,2.12016272719207e-09,4.09951407541734e-09,7.53032267262457e-09,1.32546978594819e-08,2.24902223322706e-08,3.69448231010164e-08,5.8949110402553e-08,9.16006808631369e-08,1.38915283416066e-07,2.05977121995316e-07,2.99080132010989e-07,4.25851703552426e-07,5.95351506186042e-07,8.18139989174312e-07,1.10631425313302e-06,1.47351251646757e-06,1.93489221827388e-06,2.50709009785256e-06,3.20817531471486e-06,4.05760820119715e-06,5.07621730465674e-06,6.28620584739359e-06,7.71119663596314e-06,9.37632106213321e-06,1.13083546592268e-05,1.35358978621576e-05,1.60895996152753e-05,1.90024216489855e-05,2.230993873855e-05,2.60506737740229e-05,3.02664670591751e-05,3.50028806890994e-05,4.03096436657821e-05,4.62411397941706e-05,5.28569533556982e-05,6.02224705638874e-05,6.84095515615213e-05,7.74972830863183e-05,8.75728014443013e-05,9.87322041811207e-05,0.000111081536730919,0.000124737867056355,0.000139830431569117,0.000156501858630369,0.000174909465000702,0.000195226632180509,0.000217644294884213,0.000242372501811336,0.000269642159109907,0.000299706947950834,0.000332845390891795,0.000369363295979549,0.000409596451006804,0.000453913682546971,0.000502720412150453,0.000556462743192222,0.000615632092016785,0.000680770295238343,0.000752476002443955,0.000831411620693937,0.000918310916894769,0.00101398810431484,0.00111934823972305,0.00123539869718439,0.00136326089931214,0.00150418441209624,0.00165956221997984,0.001830946887498,0.00202006680317647,0.00222884458804017,0.00245941736731677,0.00271415631429636,0.00299568637091,0.00330690916140271,0.00365102312710069,0.00403154358292716,0.00445232166401274,0.00491756140728705,0.00543183124785937,0.00600006958109892,0.00662759063655544,0.00732008273245716,0.00808359161590857,0.00892450472932124,0.0098495386420162,0.010865711299316,0.0119803054010786,0.0132008439098927,0.0145350728066904,0.0159909268450906,0.0175764911976549,0.0193000179248146,0.0211699172265764,0.0231947276036622,0.025383146758836,0.0277440967323043,0.0302867330834766,0.0330204485885681,0.0359549780242621,0.0391004778273618,0.0424675212929374,0.0460671026341869,0.0499107600622131,0.0540105999320112,0.0583792235917404,0.0630297742799402,0.0679760305685855,0.0732323102598521,0.0788134184155891,0.0847347584957066,0.0910123035083272,0.0976623897827116,0.104701655630576,0.112147066101023,0.1200156651088,0.128324444537356,0.137090131254996,0.146328914181779,0.156056373920732,0.16628733548428,0.177035415171262,0.188312752857894,0.20012984148978,0.212495076758804,0.225414113655487,0.238889244721229,0.252918952165341,0.26749704230938,0.282611426205254,0.298243568289102,0.314367985534266,0.330950926949086,0.347949060379697,0.365309305030589,0.382967750520606,0.400847784036225,0.418859497860947,0.436898828068808,0.454845914690793,0.472564056663012,0.489899195320245,0.506679372145302,0.522715106643376,0.537799818002258,0.55171052700279,0.564210436536741,0.575051866272085,0.583978550576942,0.590730391592345,0.595049722142014,0.596687344883902,0.595410783162222,0.591013617718832,0.583324566259136,0.572218078474362,0.557625839630697,0.539546881278116,0.518056666963937,0.493316150826752,0.465577478967889,0.435185551229669,0.402576173629046,0.368269439399876,0.332856716932804,0.296981845268859,0.261316926505631,0.226533105889475,0.193268399282241,0.162095247614712,0.133490667168422,0.107812095999534,0.085281807271237,0.0659816119864901,0.0498584266951273,0.0367399300368064,0.0263583460330491,0.018379469626405,0.0124335304162835,0.00814458227636289,0.00515554547354613,0.00314687940787178,0.00184799042573294,0.00104157413697466,0.000562012003867383,0.000289529601809781,0.000141999658032538,6.60996813261568e-05,2.91073690863727e-05,1.2084867715059e-05,4.7058483707569e-06,1.80357029339129e-06,0
41987070.8444391,0,-2.23152926049805e-11,-9.30764831189521e-12,-4.47177739626216e-12,4.68346130062361e-11,1.6364780684065e-10,4.32161780053978e-10,9.75776687507481e-10,2.01499745923036e-09,3.89618012574873e-09,7.15749046531194e-09,1.2600476561105e-08,2.13847135404303e-08,3.51376819556571e-08,5.60814498708353e-08,8.71709374444621e-08,1.32238847036503e-07,1.96139878382766e-07,2.84886354804414e-07,4.05767078032386e-07,5.67442324096772e-07,7.80009775087266e-07,1.05503912376882e-06,1.40557646455688e-06,1.84612333889921e-06,2.39259854061408e-06,3.06229323743531e-06,3.87383136359371e-06,4.84714759522581e-06,6.00349378701806e-06,7.36548264518831e-06,8.95717476347557e-06,1.0804210457575e-05,1.29339847011057e-05,1.53758642794543e-05,1.81614450045924e-05,2.13248431817916e-05,2.49030192323714e-05,2.8936133840424e-05,3.34679403010552e-05,3.85462122233777e-05,4.42232127222261e-05,5.05562146532778e-05,5.76080795558238e-05,6.54479051464445e-05,7.41517445142186e-05,8.3803393011964e-05,9.44952734171795e-05,0.000106329385155261,0.000119418347851469,0.000133886501983202,0.000149871106058546,0.000167523597120766,0.000187010929631567,0.000208517017109146,0.00023224427268842,0.000258415277993887,0.000287274666095006,0.000319091142392362,0.000354159815697106,0.000392804876686345,0.000435382543302091,0.000482284551550324,0.000533942004829346,0.000590830083619669,0.000653473078909538,0.000722450182887427,0.000798402539544798,0.000882040895482698,0.000974154134243233,0.00107561935862523,0.00118741304440999,0.00131062315950008,0.00144646254129988,0.00159628378147468,0.00176159526504273,0.00194407740211237,0.00214560130316613,0.00236824775184812,0.00261432668059328,0.00288639794734816,0.00318729255459361,0.00352013424197268,0.00388835835785938,0.00429573070264868,0.00474636621694815,0.00524474165064186,0.00579570085452841,0.00640446051318666,0.00707661224737152,0.00781811002292534,0.00863525221802123,0.00953466989541771,0.0105233044254608,0.0116083771451629,0.0127973644567017,0.0140979720416007,0.0155181055616931,0.0170658604303732,0.0187495133260213,0.0205774947272241,0.0225583939564459,0.0247009982886806,0.0270143123016964,0.029507561303117,0.0321902623924089,0.0350722977395427,0.0381639292821452,0.0414758261056305,0.0450191684760029,0.0488056738888722,0.0528475643333013,0.057157596737994,0.0617491215984323,0.0666360738469441,0.0718329054036053,0.0773545942971737,0.0832167096045747,0.0894353306364763,0.0960268942225239,0.103008212340785,0.110396386797669,0.118208527164517,0.126461678079372,0.135172764396273,0.1443581596934,0.154033366163647,0.164213128073756,0.174911273024565,0.186140041070397,0.197909659864385,0.210228362652303,0.223101921751635,0.236532639727176,0.250518728551722,0.265053857196044,0.280126044488099,0.295716694688768,0.311800129237665,0.328342459228846,0.34530040441113,0.362620665607727,0.380239058474367,0.39807907130482,0.416050853071811,0.43405020170575,0.451957420060943,0.46963585794198,0.486931778015626,0.503674038920265,0.519673343392513,0.534722748406936,0.548600001777788,0.561069516645484,0.571883621613865,0.580786093784804,0.587517776037365,0.591821757135425,0.593449238849226,0.592168497609734,0.587774100529854,0.580095632542751,0.569008625047809,0.554445856903567,0.536407329814108,0.514969908330226,0.490295932326565,0.462638770002742,0.432344764694666,0.399851126520435,0.365678439362544,0.330417798130239,0.294712144210878,0.259231477430768,0.224643677094872,0.191582878645372,0.160617044558583,0.132218123178363,0.10673845254805,0.0843955468470992,0.0652670022440872,0.0492964718006024,0.0363096470764413,0.026038067079797,0.0181480826376241,0.0122715583573962,0.0080349286423743,0.00508389327304798,0.00310178770029104,0.00182072831665386,0.00102577988061579,0.000553267881433234,0.000284917201435327,0.000139688772674893,6.50034121477728e-05,2.86163250762096e-05,1.18777583051666e-05,4.62519450412267e-06,1.76735932476082e-06,0
42970047.0432084,0,-2.17138830295549e-11,-9.36272212742527e-12,-4.61778658223667e-12,4.40684621619091e-11,1.55388100311638e-10,4.10284919111934e-10,9.26089358422454e-10,1.91232814073415e-09,3.69832173400001e-09,6.79747793050369e-09,1.19736865650185e-08,2.03325943172551e-08,3.34253436645857e-08,5.33697311659016e-08,8.29843212751055e-08,1.25928445507105e-07,1.86842515758518e-07,2.71477360206179e-07,3.86805056956045e-07,5.41106537080904e-07,7.44033524740043e-07,1.00664625011054e-06,1.34142372927508e-06,1.76224583356939e-06,2.28435215864529e-06,2.92429167434103e-06,3.69987888151012e-06,4.63017281085198e-06,5.73549498329486e-06,7.03748527921032e-06,8.55917877530262e-06,1.03251143237009e-05,1.23615099873158e-05,1.46964918153682e-05,1.73603316396634e-05,2.03857183951561e-05,2.38080952168324e-05,2.76660082867812e-05,3.2001453981533e-05,3.68602994699816e-05,4.22927623414725e-05,4.83538896153138e-05,5.51040949674144e-05,6.26098061956726e-05,7.09441658803621e-05,8.0187733349447e-05,9.04293261979762e-05,0.0001017670125908,0.000114309056275512,0.0001281748579672,0.00014349616459287,0.000160418434540252,0.000179102118225588,0.000199723892886825,0.000222478103800276,0.000247578823149039,0.000275262119942296,0.00030578762836942,0.000339440286750166,0.000376533501617556,0.00041741303389214,0.00046246008180161,0.000512093186098531,0.000566771779747961,0.00062700399249044,0.000693353211810727,0.000766439955279875,0.000846948043686427,0.000935637570905407,0.00103335603517582,0.00114104832312933,0.00125976417161606,0.00139066658326563,0.00153506055205413,0.00169442075853564,0.00187038338569276,0.00206474815880574,0.00227952868103178,0.00251699125424192,0.00277965282159548,0.00307027784497989,0.00339189445555618,0.00374783955322198,0.00414182881093411,0.00457795796248601,0.00506059481775157,0.00559439957177626,0.00618453693629101,0.00683662517504884,0.00755647700137404,0.00835024631801224,0.00922458226811561,0.0101863179610033,0.0112425165043716,0.0124007715014875,0.0136687674114796,0.0150540575276081,0.0165647839118528,0.0182096742898338,0.0199971259799265,0.0219353499487618,0.0240333640094297,0.0263008908802349,0.0287473603054204,0.0313819417299983,0.0342145672214999,0.0372558363640208,0.0405163912796533,0.0440075764573345,0.0477411973129791,0.0517284943969492,0.0559821791319206,0.0605175023530997,0.0653484970084255,0.0704878951233644,0.0759518178430113,0.0817579452411128,0.0879209870060301,0.094456379409346,0.1013829349643,0.108717392800967,0.116474304128992,0.124671364394661,0.133326809781154,0.142455918137043,0.152075066086919,0.16220166150395,0.172847059738337,0.184020747699511,0.195742146999032,0.208025739503777,0.220862031058794,0.234247645490765,0.248202048760807,0.262720449923494,0.277768586480005,0.29332799528854,0.309382800890451,0.325894399502498,0.342820421013264,0.360110579437037,0.37769422115292,0.395498947639282,0.413445523003439,0.431422104455956,0.449295541498455,0.466934352029528,0.484193260547161,0.500894261065867,0.516847996471863,0.53186147879532,0.545712949133555,0.558159835618676,0.568952049282341,0.577821257517974,0.5845038752626,0.588755916889707,0.590331233882679,0.589003878285459,0.584587290407215,0.576904667940617,0.565812086668771,0.551245315796825,0.533202553412764,0.511753505116442,0.487088866170316,0.459489527723323,0.4292848022996,0.396903329867835,0.362882353942599,0.327798541118446,0.292271257376773,0.256983317590687,0.222611093891936,0.189776077417798,0.159044508801344,0.130884217947001,0.105630265393749,0.0834921777763408,0.0645452936684464,0.0487299066774663,0.0358746535185921,0.0257134010527064,0.0179126006456645,0.0121070704939789,0.00792474365174652,0.00501297533913094,0.00305865020276747,0.00179592978563671,0.00101231580929128,0.000546675055687494,0.000281851453753691,0.000138297362307366,6.45258765644532e-05,2.85450297333439e-05,1.19500391209223e-05,4.63041004826531e-06,1.73822862710529e-06,0
43976036.0930272,0,-1.99604475632067e-11,-8.16912696604641e-12,-3.63698777956835e-12,4.2845245755651e-11,1.48455260290922e-10,3.90950745953852e-10,8.81663683151456e-10,1.81971325733744e-09,3.51811577102322e-09,6.4637465396321e-09,1.13825946835158e-08,1.93261751226878e-08,3.1772130949376e-08,5.07403484977044e-08,7.89200006447983e-08,1.19802792283332e-07,1.77815800272743e-07,2.58446414401269e-07,3.68352004814204e-07,5.15447580946104e-07,7.08966751244773e-07,9.59493753375131e-07,1.27896762833404e-06,1.68066273969524e-06,2.17915309535899e-06,2.79027051193417e-06,3.53106805475463e-06,4.41979986943682e-06,5.47592763043302e-06,6.7201620062099e-06,8.17454444261187e-06,9.86257058993373e-06,1.18093551798386e-05,1.40418371225027e-05,1.65890212735299e-05,1.94822525880682e-05,2.27555207786882e-05,2.64457932275564e-05,3.05933787903587e-05,3.52423268496416e-05,4.04408598805365e-05,4.62418519952658e-05,5.27033687280925e-05,5.98892515306608e-05,6.78697756451377e-05,7.6722386627076e-05,8.65324955457103e-05,9.73943543877482e-05,0.000109412008923467,0.000122700328793483,0.000137386099330465,0.000153609203131882,0.000171523905720834,0.000191300231295759,0.000213125503369146,0.00023720596546992,0.000263768653673044,0.000293063487696875,0.00032536553897755,0.00036097752388923,0.00040023276410198,0.000443498311926568,0.000491178446810033,0.000543718679304177,0.000601610549475174,0.000665396771396206,0.000735677140213105,0.000813115809492081,0.000898449635061957,0.00099249747866174,0.001096171024235,0.00121048666097002,0.00133657889359163,0.00147571546119784,0.00162931301511325,0.00179895341266876,0.00198640204873063,0.00219362740308159,0.00242281940323374,0.00267640968597918,0.0029570937590996,0.00326784975299002,0.00361195704848844,0.00399301745339461,0.00441497191738645,0.0048821115261075,0.00539908696637203,0.00597091824506736,0.00660299381115119,0.00730105939863408,0.00807121224345753,0.00891989136102765,0.00985385068810015,0.0108801391038495,0.0120060874123255,0.0132392803017213,0.0145875319202267,0.0160588861922552,0.0176616063544454,0.0194041498600596,0.0212951762625055,0.0233435820028488,0.0255585076523954,0.0279493471295639,0.0305257986066002,0.0332979222773919,0.0362761833220842,0.0394714862237145,0.0428952374348495,0.0465593807702955,0.0504763876833897,0.054659310452876,0.0591218421818359,0.0638781993468569,0.0689430806590183,0.0743318092351193,0.0800602948057382,0.0861448290012912,0.0926021141429496,0.0994492588911182,0.106703626270636,0.11438269166742,0.122503864646036,0.131084270232594,0.14014055587332,0.149688671978537,0.159743637990153,0.170319177521902,0.181427434779804,0.193078863443553,0.205281675003243,0.218041141056642,0.231359399817804,0.245234847263081,0.259661042226331,0.274625897396028,0.290110920461493,0.306090370893797,0.322530248038092,0.339387063303103,0.356607200866268,0.374126294370143,0.391867415672785,0.409740509302417,0.427641843432378,0.445451717487369,0.463033554821072,0.480234403712465,0.496883857096103,0.512792965010539,0.527756199091278,0.541552997387366,0.553948227118578,0.564694706265953,0.573537585424415,0.580219244049009,0.584484048794921,0.586085122926271,0.584792827139803,0.580403555220182,0.572748871114853,0.561706162264253,0.547210329346635,0.529264479380523,0.50794932172092,0.483431158945636,0.455967233647236,0.425906821994723,0.393688780325199,0.359834405624503,0.324933549203252,0.289625578496906,0.254575375896961,0.22044361917371,0.187854534315503,0.157364501691875,0.129433279152087,0.104401081086871,0.0824746498292884,0.0637232679098059,0.0480850236441532,0.0353828353713812,0.0253481386369627,0.0176494100723559,0.0119223804016032,0.00779861753234546,0.00492968177674989,0.00300496494913984,0.00176236377057296,0.000992070962025147,0.0005346530223412,0.00027511001879915,0.000134769891204008,6.2660480560271e-05,2.75619295705716e-05,1.14316201922679e-05,4.44907201466108e-06,1.68819236203768e-06,0
45005576.757005,0,-1.90980842668612e-11,-7.8858017566313e-12,-3.70494719232919e-12,4.03224450664673e-11,1.40394755306569e-10,3.70340608624132e-10,8.35862524086244e-10,1.72606658645884e-09,3.33843499183623e-09,6.13588744614146e-09,1.08091632793327e-08,1.83593302239913e-08,3.01940686960647e-08,4.82388491089333e-08,7.50587099839733e-08,1.13986109740211e-07,1.69248444298307e-07,2.46088093207795e-07,3.50867755876364e-07,4.91154694242546e-07,6.7577925718328e-07,9.14865604915612e-07,1.21983561681155e-06,1.60339028934158e-06,2.07947564591679e-06,2.66324209945955e-06,3.37100814921882e-06,4.22024057000082e-06,5.22956104479827e-06,6.418785724237e-06,7.80900352532335e-06,9.42269700386833e-06,1.12839042406002e-05,1.34184172927959e-05,1.58540150656103e-05,1.8620729765182e-05,2.17511430267533e-05,2.52807074150903e-05,2.92480966299654e-05,3.36955891122504e-05,3.86694864776305e-05,4.42205720349516e-05,5.04046223179169e-05,5.72829755946855e-05,6.492316013152e-05,7.33995915718443e-05,8.2794348796991e-05,9.31980159308282e-05,0.00010471059566227,0.00011744250164982,0.000131515627712738,0.000147064494350333,0.000164237476902806,0.000183198138948178,0.000204126721947157,0.000227221773894565,0.000252701895014341,0.000280807731915532,0.000311804298145603,0.000345983446029719,0.000383666548421748,0.0004252075851347,0.000470996846476796,0.00052146465159185,0.000577085780232919,0.000638384643006477,0.000705941289234081,0.000780398047390759,0.000862467658592247,0.000952942418049647,0.00105270441924691,0.00116273753400736,0.00128414045639761,0.00141814129620401,0.0015661130624901,0.00172958953954084,0.0019102833874428,0.00211010680583572,0.00233118862501122,0.00257589243314725,0.00284684061022113,0.00314693438301787,0.00347937035821771,0.00384766284597752,0.0042556606348552,0.00470755568607667,0.00520789800682651,0.00576160866491157,0.00637397214245233,0.00705062630839327,0.00779756402961772,0.00862112434026095,0.00952796521885561,0.0105250401293924,0.0116195846231111,0.012819106832665,0.0141313679573001,0.0155643599706569,0.0171262943749611,0.0188256119459608,0.0206709990689754,0.0226713772994147,0.0248359040601115,0.0271740251828602,0.0296955408479306,0.0324105918449584,0.0353296798146541,0.0384638159199232,0.0418245578937944,0.0454239195700479,0.0492744494603128,0.0533893625661984,0.0577824813151773,0.0624681141908627,0.0674611195025714,0.0727769768144215,0.0784316964545202,0.084441695323379,0.0908238115457897,0.0975952871052811,0.104773650254282,0.112376529317792,0.120421456601324,0.128925727554977,0.137906235071462,0.147379051199457,0.157359164347798,0.167860641051632,0.178896013104865,0.190475218938078,0.202606170521793,0.215295034611297,0.228544093018141,0.242350766617345,0.256708635881509,0.271606373236652,0.287025599888877,0.30294019839093,0.319315850285346,0.33610931608193,0.353267570358923,0.370726040613728,0.38840735834592,0.40622129435261,0.424064009564252,0.441816352370458,0.45934199431436,0.476486889289581,0.493080893308815,0.508936897816919,0.523849048939471,0.537595792808566,0.549943405331249,0.560645938155992,0.569448791795795,0.576095335934042,0.580331659320945,0.581912793879562,0.580611089130613,0.576224225903011,0.568585189951827,0.557573074737445,0.543123111334153,0.52523846358284,0.504000888242816,0.479577759606,0.452227407923003,0.422301561094865,0.390241557219568,0.35656963488401,0.321875656012968,0.286797619833116,0.251996479045909,0.218127274313193,0.185807959612861,0.155587938503295,0.127919867834081,0.103137546280836,0.0814421400369931,0.0628984918600772,0.0474418226044828,0.0348938117388067,0.0249861830502871,0.0173890485974357,0.0117407387555678,0.00767598889851674,0.00484977123991553,0.00295483671169129,0.00173217319233411,0.000974660515286084,0.000525064385666616,0.000270079913602372,0.000132264150727655,6.14784776293457e-05,2.70345653390618e-05,1.12101952437951e-05,4.36328891204029e-06,1.65217474497913e-06,0
46059220.411451,0,-1.70827205110783e-11,-9.30620608409277e-12,-8.20133467071384e-12,2.47826610129803e-11,1.05020538089842e-10,2.97209662955108e-10,6.98460304497128e-10,1.4834935097483e-09,2.93161614558479e-09,5.48083259769412e-09,9.78867472042846e-09,1.68110182498345e-08,2.78933398772451e-08,4.48749889428241e-08,7.02020147836714e-08,1.07044677801973e-07,1.59413738344836e-07,2.32269784099757e-07,3.31619778208401e-07,4.64595989598392e-07,6.39513959792736e-07,8.65907810211286e-07,1.1545434935974e-06,1.5174130736312e-06,1.96771547604087e-06,2.51983100426409e-06,3.18929815602514e-06,3.99280194967127e-06,4.94818172474091e-06,6.07446506247304e-06,7.39193474771117e-06,8.92223338607706e-06,1.06885058530659e-05,1.27155811778799e-05,1.50301978004295e-05,1.76612670988573e-05,2.06401676997905e-05,2.40010733144108e-05,2.77813165685746e-05,3.20217781501871e-05,3.67673039670914e-05,4.20671588885416e-05,4.79755111718528e-05,5.45519568244843e-05,6.18620963311296e-05,6.99781577594137e-05,7.89796817971834e-05,8.89542853352741e-05,9.99984900404811e-05,0.000112218636615849,0.000125731895456714,0.000140667363627854,0.000157167255545448,0.000175388230889894,0.000195502858410919,0.000217701189181852,0.000242192427140243,0.000269206886449881,0.00029899827324619,0.000331846067626851,0.000368058003371026,0.000407973338507195,0.000451966798620554,0.00050045239776976,0.000553887802727488,0.000612780162708035,0.000677692455761725,0.000749249812173455,0.00082814705763203,0.00091515765649735,0.00101114383126517,0.00111706627821974,0.00123399474606517,0.00136312261821635,0.00150578207327013,0.00166345759119264,0.00183780241216825,0.00203065986402067,0.00224408347450458,0.00248035456930763,0.00274200418368394,0.00303183961161348,0.00335296483283161,0.0037087935878395,0.00410306936023256,0.00453989019914328,0.00502371561960456,0.00555936076526843,0.0061520046820347,0.00680720273133157,0.0075308690891726,0.00832923963251066,0.00920886430328128,0.0101766190250019,0.011239676169409,0.0124054438437017,0.0136815546561377,0.0150759049428515,0.0165966707209455,0.0182522550704903,0.0200512455130708,0.0220025029952686,0.0241152719439294,0.0263991135145744,0.0288638368937528,0.0315196519667734,0.0343772565742624,0.0374477435288259,0.040742676554029,0.0442742495508721,0.0480551954666095,0.0520987074174358,0.0564186493332571,0.0610296303992621,0.065946772407514,0.0711856309392959,0.0767623052127066,0.0826933943762983,0.0889958937464495,0.0956870589796863,0.10278417991201,0.110304736313218,0.11826653370436,0.126686934318703,0.135582560766649,0.144970083091539,0.154865530748983,0.165282861770214,0.176234667380747,0.187732153846535,0.199783216699026,0.212393006813008,0.22556432910906,0.239294368586996,0.253574954750857,0.268395489461874,0.283738790168385,0.299577359859114,0.315877608518317,0.332599300270184,0.349688851030967,0.367080381749883,0.384698537029737,0.402453106315395,0.420236908744295,0.437929996147553,0.455396722823289,0.472481911898388,0.489014782399875,0.504809608412451,0.519661934540873,0.533351026680943,0.545643728943254,0.556295243015291,0.565053152896418,0.571662580516426,0.575870714866636,0.577433792505385,0.576125191827376,0.571743163280658,0.564121694599819,0.553141879664684,0.5387418415419,0.520927370493348,0.499781622712369,0.475473470758486,0.448261911163859,0.418497042952635,0.386618561502651,0.353148379549968,0.318675599415188,0.283836747079061,0.249291346133976,0.215691640556283,0.183650448435287,0.153710464506742,0.126316827180032,0.101795956776328,0.0803428522959322,0.0620178053230799,0.0467531476593063,0.034369260878226,0.0245979241599998,0.0171104456379358,0.0115473603853824,0.00754643804991964,0.00476618180797302,0.00290299411436713,0.00170133638369632,0.000957116924920189,0.000515541405385098,0.0002651588651364,0.000129848292815517,6.03573053679623e-05,2.65473147936551e-05,1.10094874650569e-05,4.28258160711665e-06,1.61771839288399e-06,0
47137531.3411673,0,-1.62832376077326e-11,-8.84750850571353e-12,-7.76192185400326e-12,2.37872150451052e-11,1.00506002550587e-10,2.84236925023682e-10,6.67818427803683e-10,1.41828791586579e-09,2.80268523955089e-09,5.2397631443826e-09,9.35816117729293e-09,1.60717270350524e-08,2.66667489720679e-08,4.29016044949917e-08,6.71145246558684e-08,1.0233581933026e-07,1.52398836025873e-07,2.22044275924564e-07,3.170122772589e-07,4.44117678770956e-07,6.11305330430728e-07,8.27683796558434e-07,1.1035380230919e-06,1.45032378826934e-06,1.88064930532623e-06,2.40825132808653e-06,3.04797403367762e-06,3.81575897359428e-06,4.72865321936948e-06,5.80484290797198e-06,7.06371955979845e-06,8.52598132948027e-06,1.02137679696952e-05,1.21508362428151e-05,1.43627816099939e-05,1.68772924023439e-05,1.97244278883544e-05,2.2936938549496e-05,2.6550627995284e-05,3.06047288038082e-05,3.51423038756566e-05,4.02106938630554e-05,4.58619910629524e-05,5.21535384441315e-05,5.91484770824614e-05,6.69163424103813e-05,7.553370833237e-05,8.50848950807236e-05,9.56627517084181e-05,0.000107369526144847,0.000120317808963557,0.000134631580018712,0.000150447384595393,0.00016791562603865,0.000187201934003511,0.000208488749804014,0.000231977072497143,0.000257888324587578,0.000286466417853559,0.000317980278198132,0.000352726544056625,0.000391032382655647,0.000433258946710245,0.000479805722745141,0.000531115137494924,0.000587677064244076,0.000650034605795631,0.000718791971478057,0.000794621725397878,0.000878271292813014,0.000970573035098787,0.00107245659286847,0.00118495894482866,0.00130923461226547,0.00144657182951473,0.00159841017542554,0.00176635413630885,0.00195218927040085,0.00215790657396189,0.00238572373286739,0.00263810003588343,0.00291776082781985,0.00322772459527288,0.00357131628110818,0.00395218432869692,0.00437432405930182,0.00484208378918885,0.00536016856399128,0.00593365283609922,0.00656797566694925,0.00726892668297652,0.00804263809258885,0.00889556365994807,0.00983446371686604,0.0108664027549628,0.0119987160835887,0.0132389722514041,0.0145949968872526,0.0160748835702396,0.0176869552764287,0.0194397982773057,0.0213423262844994,0.0234037200346028,0.0256334236981072,0.0280413384657776,0.0306378433113978,0.0334335803034448,0.0364395838975328,0.0396676078455363,0.0431299899493485,0.0468394080693052,0.050809108782967,0.0550531874617997,0.0595863899110023,0.0644237708714448,0.0695809223706945,0.0750743812123843,0.0809210329440807,0.0871375267321621,0.0937411290266819,0.100749956828542,0.10818171535171,0.116053614010432,0.124383173602774,0.133187846130636,0.142484354980557,0.152288338587944,0.162614054545612,0.173474586390635,0.184881236718265,0.196842126494821,0.209362237840502,0.222443963453869,0.23608570995167,0.250279818516952,0.265013269708384,0.280269253308046,0.296023635269108,0.312240674933547,0.3288767738976,0.345882423605187,0.363194121196101,0.380731525741362,0.398404400580454,0.416110604231133,0.433728201233451,0.45111840055802,0.46812945141252,0.484591842199657,0.500317198083884,0.515102435694904,0.528729690011646,0.540964965382277,0.551563026641724,0.560273678816219,0.566843163234453,0.571018939768951,0.572559194666545,0.571239050938706,0.566858198467075,0.559252891166685,0.548305867046455,0.533956678171495,0.516213847262484,0.495163494983969,0.470976098008764,0.443912421417568,0.414324678588427,0.382652571468498,0.349415616135399,0.315200235899602,0.280639585096185,0.246387812324511,0.213091462169987,0.181357700256156,0.151722648857956,0.12462483739259,0.100384385199929,0.0791903012766583,0.061098181006992,0.0460372214811983,0.0338262753933649,0.0241973991743678,0.0168236153069689,0.0113483034358941,0.00741285962070857,0.00467967762483217,0.00284904870779414,0.00166902525451243,0.000938568200802609,0.000505361381578512,0.000259833043546604,0.00012719795623889,5.91086157089551e-05,2.59936791759144e-05,1.07777619825792e-05,4.19069218670435e-06,1.57903501719793e-06,0
48241087.0416537,0,-1.63403774840007e-11,-9.16151204352043e-12,-8.75324146127924e-12,2.10280317455562e-11,9.36855326594521e-11,2.68678823697515e-10,6.34662910021636e-10,1.35148272251547e-09,2.67455993542767e-09,5.00442861101824e-09,8.94240305284975e-09,1.53624677386992e-08,2.54947551515933e-08,4.10205144626724e-08,6.41751227336645e-08,9.78550236958536e-08,1.45723763025547e-07,2.1231151531494e-07,3.03103027987722e-07,4.24609313440856e-07,5.84420039003528e-07,7.91235190208e-07,1.05487688957651e-06,1.3862843861079e-06,1.79749728456743e-06,2.30163364111258e-06,2.91287071098203e-06,3.64643633346554e-06,4.51861840309555e-06,5.54679911858723e-06,6.74951951943341e-06,8.1465779546444e-06,9.75916430459696e-06,1.16100310230611e-05,1.37237006689555e-05,1.61267081516448e-05,1.88478758186959e-05,2.19186199364797e-05,2.53732877466647e-05,2.92495229797769e-05,3.35886586779458e-05,3.84361393783186e-05,4.38419750751085e-05,4.98612293001591e-05,5.65545458163885e-05,6.3988718528829e-05,7.22373122811732e-05,8.13813482294693e-05,9.15100583988766e-05,0.000102721709100717,0.000115124515822875,0.000128837664777277,0.000143992424838967,0.00016073337690284,0.000179219783341582,0.000199627104337656,0.00022214865183658,0.000246997433021239,0.000274408205716002,0.000304639810590468,0.000337977771617512,0.00037473722642721,0.000415266287727669,0.000459949905614826,0.000509214305538982,0.000563531944128022,0.000623427255690726,0.000689483129484591,0.000762348118452864,0.00084274456190692,0.000931477633083721,0.00102944544788891,0.00113765003748238,0.00125720967889411,0.0013893724848303,0.00153553142019777,0.00169724055599066,0.00187623286163839,0.00207443939482777,0.00229400934823058,0.00253733157722573,0.00280705575209758,0.00310611328614298,0.00343773757973247,0.0038054829372743,0.0042132400491176,0.00466524813671556,0.00516610342182186,0.00572076273240083,0.00633454352073959,0.0070131173755923,0.00776249783493175,0.00858902765913636,0.0094993642040059,0.0105004600889974,0.0115995459909639,0.0128041189558891,0.0141219347101059,0.0155610042188713,0.0171296006935725,0.0188362712532936,0.0206898516653219,0.0226994939841718,0.0248747022326634,0.0272253502811828,0.029761708410594,0.0324945054085074,0.0354349469939819,0.0385947370912415,0.0419861255365559,0.0456219608737002,0.0495156979451264,0.0536813867287822,0.0581337010231058,0.0628879619314342,0.0679600540279062,0.0733663476691561,0.0791236888789475,0.0852493366249766,0.0917608282000531,0.0986758733876172,0.106012302196596,0.113787940038385,0.122020432491865,0.130727091170698,0.139924678286304,0.149629100658873,0.159855063846934,0.170615697560786,0.181922108853437,0.193782898586288,0.206203628484495,0.21918632654445,0.232728924597964,0.246824626308768,0.261461336693811,0.276620859748555,0.292277943095224,0.308399409006977,0.324943041780678,0.341856455383072,0.359075695438179,0.376524130968074,0.394111345094068,0.411732147260644,0.429265818956158,0.446575130739466,0.463506390166602,0.479889259913524,0.495536578802622,0.510245099685065,0.523796725500493,0.5359601852695,0.54649317189236,0.555145953471441,0.561666091107734,0.565803667308326,0.567317833797364,0.565984673468655,0.561606077759303,0.554019697806781,0.543109462271412,0.528816832727556,0.511151524156129,0.490201274586799,0.466139532099685,0.439229998519831,0.409827534135589,0.378374261523789,0.345390401787473,0.311459917647209,0.277210726530166,0.243289882905408,0.21033509325241,0.178944174798389,0.149644917497414,0.122868312213999,0.0989279040558556,0.0780075188424743,0.0601587404417906,0.0453082772929183,0.0332743173895443,0.0237898998916634,0.0165305860734905,0.0111433582483926,0.0072736750449065,0.00458811890213095,0.00279089720578661,0.00163348634352028,0.000917757725592709,0.000493741248480999,0.00025367677951091,0.000124122133926848,5.7663856211252e-05,2.53552170023196e-05,1.05165731217266e-05,4.09563078684069e-06,1.5421593303651e-06,0
49370478.52839,0,-1.5276732199365e-11,-8.27803456580481e-12,-7.58247310616858e-12,2.11007991881861e-11,9.08051458395054e-11,2.58074826811317e-10,6.08047008952783e-10,1.29340534276575e-09,2.55892720054103e-09,4.78777082827701e-09,8.5550138290333e-09,1.46962733078751e-08,2.43870745766221e-08,3.92348505485724e-08,6.13769411386574e-08,9.35837053121602e-08,1.39358874333113e-07,2.0303362887063e-07,2.8984978556424e-07,4.06027333518269e-07,5.58815139326569e-07,7.56522920822578e-07,1.00853562512282e-06,1.32530913982232e-06,1.71834692243436e-06,2.20017216695211e-06,2.78431647300426e-06,3.48532666169721e-06,4.31876805655332e-06,5.30124150979519e-06,6.45046490820728e-06,7.78538720677631e-06,9.32627736276017e-06,1.10948806450542e-05,1.31146921405246e-05,1.54111659759897e-05,1.80118823920942e-05,2.09469303323518e-05,2.42493200197075e-05,2.79551719056813e-05,3.21040592622254e-05,3.67396098701098e-05,4.19098932612809e-05,4.76677289493851e-05,5.40713029066123e-05,6.11848052281613e-05,6.9078918357373e-05,7.78314067408032e-05,8.75279417640935e-05,9.82630733333526e-05,0.000110140893862022,0.000123275634073812,0.000137793307090554,0.000153833434383745,0.000171549177878559,0.000191108326357195,0.000212696868700903,0.000236520810881664,0.000262805410696016,0.00029179846693342,0.000323775906769685,0.000359042098054411,0.000397930419808781,0.000440811449135771,0.000488098446075599,0.000540245850375538,0.000597756119382383,0.000661193748340477,0.000731187966538143,0.000808433079559667,0.000893703618923895,0.00098786915240412,0.00109190050998584,0.00120688107863892,0.00133401751485615,0.00147465042223406,0.00163028446756754,0.00180261230304801,0.00199350787113062,0.00220503841605045,0.00243951496884099,0.00269952416068007,0.00298792391721372,0.00330784416926739,0.00366272694395394,0.00405637651538828,0.00449293253435567,0.00497683594874799,0.0055129286581545,0.00610648364708801,0.00676302972486985,0.0074883467469313,0.00828868181479867,0.00917070996360559,0.0101412828742159,0.0112074097752964,0.0123764301154509,0.0136560667467972,0.0150543897701223,0.0165797090618012,0.0182402932651858,0.0200445356343943,0.0220018202256043,0.0241222895335454,0.0264154214433857,0.0288906889962711,0.0315593827389703,0.034433197540117,0.037522933619365,0.0408411875079684,0.0444022184870412,0.0482182320982393,0.0523017638825585,0.056669497883147,0.0613381025773709,0.0663215022426638,0.0716355172583412,0.077299107403855,0.0833296774185352,0.0897423800742055,0.0965556430879072,0.103791235522363,0.111465963394978,0.119592299680203,0.128189314004289,0.137280997857148,0.146881450012412,0.156995400105437,0.167638853344735,0.178837210139603,0.190593570131715,0.202897334433273,0.215762872196128,0.229203537202788,0.243194570270902,0.257713931592603,0.272763239568428,0.288319124866522,0.304326979009578,0.320746394117019,0.337550303370022,0.354676817450657,0.372022910997447,0.389497565504896,0.407021692679204,0.424466405361444,0.441672687916998,0.458501084285149,0.474789909055918,0.49034649409293,0.504987402345282,0.518494475250268,0.530603366383633,0.541074836505312,0.549678311791738,0.556146249189099,0.56021940328896,0.561683349647311,0.560344330167025,0.555999749183601,0.548458632089632,0.537604467616333,0.52339189526346,0.505810901066172,0.484944644883766,0.461009922622679,0.434290042546486,0.405117451826868,0.373928268473241,0.341242942219611,0.307616310698239,0.273661163931389,0.240048099431853,0.207423367075005,0.176372072311445,0.147422520030422,0.120995022498535,0.0973770666980106,0.0767470097785334,0.059156390214725,0.0445260774646082,0.0326798003192811,0.0233538636845707,0.0162213485449998,0.0109333303096126,0.00713788569275102,0.00450368199657996,0.0027411328549088,0.00160576653714358,0.000902926807427739,0.000486476485946547,0.000250349699519291,0.000122720885284209,5.73675579392586e-05,2.54073175176785e-05,1.05297215971185e-05,4.09437656778236e-06,1.58524370296704e-06,0
50526310.6533568,0,-1.39939432543368e-11,-7.68074918155502e-12,-6.59686166390841e-12,2.07732155392736e-11,8.7760893767216e-11,2.47967473728657e-10,5.82781960673242e-10,1.23790386081563e-09,2.44686021429739e-09,4.57552182365144e-09,8.17350450517196e-09,1.40395769692544e-08,2.32981338534781e-08,3.74858380372238e-08,5.86457256662172e-08,8.94247485560647e-08,1.33170469216639e-07,1.94021681240143e-07,2.76988380589703e-07,3.880167878064e-07,5.34036816745325e-07,7.22990651067e-07,9.63843172909983e-07,1.26657702836026e-06,1.6421774223265e-06,2.10261276359581e-06,2.66081759155784e-06,3.33068565938474e-06,4.12708149795043e-06,5.06587526059455e-06,6.16400397353941e-06,7.43956541151818e-06,8.91194717518448e-06,1.06019857562321e-05,1.25321576067909e-05,1.47268072578015e-05,1.7212403297535e-05,2.00178155183209e-05,2.31746246149333e-05,2.67174620845945e-05,3.06843680208822e-05,3.5117175902246e-05,4.00619330098495e-05,4.55693498398784e-05,5.16952811938617e-05,5.85012547866275e-05,6.6055047815283e-05,7.44313214503432e-05,8.3712328442514e-05,9.3988692445132e-05,0.000105360263799586,0.000117937088826592,0.000131840463326956,0.000147204083559619,0.000164175328859548,0.000182916680090412,0.000203607222706686,0.000226444295778068,0.000251645430414084,0.000279450544815771,0.000310124156950942,0.00034395801283609,0.000381274549064746,0.000422430484500206,0.00046782040186051,0.000517881819067817,0.00057310138244659,0.00063402021661285,0.000701240312870036,0.000775433582353754,0.000857350738607048,0.000947829573060129,0.00104780567375628,0.00115832543185666,0.00128055829945905,0.00141580997899945,0.00156553811489437,0.00173136986617552,0.00191512022436194,0.00211880951252784,0.00234468322449367,0.00259523539498342,0.00287322994301409,0.00318171655291798,0.00352404932857498,0.00390390724120894,0.00432530734916932,0.00479261327835211,0.00531053820825218,0.0058841439028132,0.0065188490734555,0.00722042856342535,0.00799498317822039,0.00884892344278155,0.00978898598996397,0.0108222213657787,0.0119559487705213,0.0131977454029846,0.0145554724851412,0.016037283186361,0.0176516081352677,0.0194071471708141,0.0213129196671544,0.0233783382800116,0.0256132321968525,0.0280278096431755,0.0306327109597802,0.0334391536170599,0.0364589434605386,0.039704372293552,0.0431882754049788,0.0469241821797883,0.0509262621578874,0.0552092413490056,0.0597885105487169,0.0646801390994984,0.0699006127637476,0.0754668949914915,0.0813966847782735,0.0877079666498449,0.0944185441565309,0.101546490292752,0.109110174269931,0.117127396573456,0.125615382740874,0.134591206708765,0.144071060185192,0.154069686931474,0.164600716764727,0.175675984428801,0.187304483669075,0.199492486567726,0.212242944947332,0.225554005463552,0.239418969525386,0.253826366988612,0.268757857337626,0.284186777999499,0.300079409224361,0.316394626299947,0.333079966157093,0.350070120895208,0.367289727406864,0.384652327337238,0.402054251304798,0.419374302523982,0.43647734800471,0.453212573003372,0.469410014720558,0.484882466977037,0.499428216078815,0.512830691035435,0.524858962372872,0.535270172951179,0.543814139096283,0.550239773780525,0.554301166750102,0.555762797869117,0.554406351980653,0.55003932946909,0.542504548784572,0.531689509124104,0.517537920741043,0.500063371158799,0.4793604271515,0.455609648854744,0.429079604637752,0.400127318445421,0.369193015726387,0.336789360071539,0.303488745168266,0.269907455292822,0.236681989165238,0.204439229730401,0.173765580595342,0.145176508225104,0.119088222417709,0.0957977476398252,0.0754738088658073,0.0581561639401601,0.0437641543589595,0.0321140497252353,0.0229415981559353,0.0159282671278311,0.0107290464920143,0.00699833505300479,0.00441179238674446,0.00268233905898833,0.0015693375372101,0.000881410163338548,0.000474000761533524,0.000243397698382971,0.000118988876526071,5.52109353537558e-05,2.42454249005755e-05,1.00407917999546e-05,3.89719621616033e-06,1.45475237402616e-06,0
51709202.4289676,0,-1.53426360584234e-11,-8.13705150730914e-12,-8.79551012945145e-12,1.80500003112572e-11,8.05785582759695e-11,2.34100022146113e-10,5.52941153145703e-10,1.17965219898041e-09,2.33480236316841e-09,4.37079205237112e-09,7.81107822880071e-09,1.34215491179435e-08,2.22759330685776e-08,3.58453090261834e-08,5.60819144477843e-08,8.55172861000155e-08,1.27349630299638e-07,1.85534791187246e-07,2.6485929454741e-07,3.71006021932063e-07,5.10595324833449e-07,6.91214117381392e-07,9.21424437754144e-07,1.21076154283842e-06,1.56971413919287e-06,2.00970559149787e-06,2.54308499338911e-06,3.18312965479121e-06,3.94404279730879e-06,4.84097554144628e-06,5.89010436873671e-06,7.10874154380713e-06,8.51543722605677e-06,1.01301168097191e-05,1.197429444409e-05,1.40713051506346e-05,1.64465100606953e-05,1.91275578620844e-05,2.2144733558076e-05,2.55312748308744e-05,2.93236523297497e-05,3.35619765607168e-05,3.8290467125951e-05,4.35578072781172e-05,4.94175577143518e-05,5.59287847956698e-05,6.3156622846953e-05,7.11727286030297e-05,8.0056018563022e-05,8.98935853223268e-05,0.000100781379708702,0.000112824977511567,0.000126140817513376,0.000140857461468757,0.000157116601850746,0.000175074180075801,0.000194901929564215,0.000216789697835856,0.000240947555698532,0.000267606080537371,0.000297017882498401,0.000329463989272714,0.000365257750758276,0.00040474196865762,0.000448292561344001,0.000496331790611885,0.000549332978549546,0.000607816946386844,0.000672359286603314,0.00074360695456222,0.000822288558526018,0.000909215680861269,0.00100528759651265,0.00111151057918555,0.00122901751126637,0.00135907437081428,0.0015030931106385,0.00166264829681654,0.00183948592195,0.00203556022116806,0.00225307081725049,0.0024944349629983,0.00276229920051869,0.00305963312655201,0.00338972343971689,0.00375612211306668,0.00416273505989543,0.00461383781305202,0.00511396587615154,0.00566803314779411,0.00628144534079158,0.00695983612472714,0.00770900721090018,0.00853527126193762,0.00944537552001184,0.0104461637159125,0.011544776410441,0.0127488130028152,0.0140659888054893,0.0155041907244032,0.017071936935832,0.018778153752966,0.0206316357720329,0.022641423291455,0.0248175245318127,0.0271704719506795,0.0297105439328805,0.0324486049427502,0.0353970867675181,0.0385685614184313,0.0419746305822704,0.0456283765072604,0.0495458450461151,0.0537424810042179,0.0582311002203443,0.0630264902629435,0.0681482753895559,0.0736154692242479,0.0794422588520353,0.0856441470179014,0.0922435355389004,0.0992613974207586,0.106710449989609,0.114607223686387,0.122977246687811,0.13183678435542,0.141192090818055,0.151062192209448,0.161471008546885,0.172423033853498,0.183918956597121,0.195974112042104,0.208596818965446,0.221778617015619,0.235513054594402,0.249792168443821,0.264593320483474,0.279890001484128,0.295655047692505,0.311844553097775,0.328398329722976,0.345256922796352,0.362356520563079,0.379600838470159,0.396869161652059,0.414056787111678,0.431048770679066,0.447672460941532,0.463749332296079,0.479122626175852,0.493581617084849,0.506876379104506,0.518798487244563,0.5291329657096,0.53761258196431,0.543986330899499,0.548029466777345,0.549491745524615,0.548127778695988,0.543748897434495,0.536217390842258,0.525436487024076,0.511361586435824,0.494015028687533,0.473492605512079,0.449958871809292,0.423658057441271,0.394940222381451,0.364257191753977,0.332135268349108,0.299159671348355,0.265951423596865,0.233133029576164,0.201309248256979,0.171045778066295,0.142839940504632,0.117103699680058,0.0941407466602392,0.0741208112088044,0.0570814141020569,0.042939319689782,0.0315031111918907,0.0225030381836996,0.0156222800576936,0.0105205252584427,0.00685894610755619,0.00432083452524576,0.00262493458247474,0.00153466531316107,0.000861561838316069,0.000463277316817016,0.000237958103996319,0.000116392799698686,5.39553556187045e-05,2.35516268346808e-05,9.69717278555132e-06,3.80266313704869e-06,1.39108692410773e-06,0
52919787.3595844,0,-1.28187171607882e-11,-7.02154094537894e-12,-6.08669469251345e-12,1.89101950660157e-11,7.99799530068637e-11,2.26213679751201e-10,5.31814984191055e-10,1.13003315368523e-09,2.23417951545652e-09,4.17878650253046e-09,7.46623707265803e-09,1.28268804938276e-08,2.12886735318155e-08,3.42565111535857e-08,5.35979652263409e-08,8.17323482615097e-08,1.21718700327709e-07,1.77338339293194e-07,2.53167488146193e-07,3.54636329899257e-07,4.88071835491585e-07,6.60723366985213e-07,8.80771783063652e-07,1.15732473807779e-06,1.50040257546573e-06,1.92092066890419e-06,2.43067483004607e-06,3.04233666488403e-06,3.76946543671117e-06,4.62654212429331e-06,5.62902977548473e-06,6.79346283028052e-06,8.13756695659626e-06,9.68040961192375e-06,1.14425802366695e-05,1.344639849154e-05,1.57161491092137e-05,1.82783422941453e-05,2.11619987268371e-05,2.43989571064506e-05,2.80242073230841e-05,3.20762472266886e-05,3.65974653901676e-05,4.16345540080345e-05,4.72389558329572e-05,5.34673454617434e-05,6.03821581550254e-05,6.80521755932354e-05,7.65531688148917e-05,8.5968612058382e-05,9.63904890402344e-05,0.000107920185824224,0.000120669479599976,0.000134761648783812,0.000150332685294598,0.000167532625478588,0.000186527007427899,0.000207498470504167,0.000230648503706796,0.0002561993885068,0.000284396354060495,0.000315510040325455,0.00034983934728637,0.000387714675857887,0.000429501720413971,0.000475605910833403,0.000526477497568321,0.00058261742916012,0.000644583941742334,0.000713000104167186,0.000788562261518081,0.000872049185513412,0.000964332274918711,0.00106638685463525,0.00117930439244721,0.00130430590126026,0.00144275630830957,0.00159618024967951,0.00176627929085955,0.00195494979288819,0.00216430198106536,0.0023966796535271,0.00265468048243888,0.00294117541848631,0.00325932662011152,0.00361260471124418,0.0040048030098422,0.00444004770886024,0.00492280456982189,0.00545788324616626,0.00605043764558607,0.00670596114288649,0.00743027945456805,0.00822954445187791,0.00911022666565515,0.010079105067752,0.0111432581106486,0.0123100598371785,0.013587179621207,0.0149825818118834,0.0165045334507875,0.0181616210266346,0.0199627693757009,0.0219172660818312,0.0240348018170052,0.026325507689138,0.028799994391688,0.0314693901431496,0.0343453725246188,0.037440211421495,0.0407667973302088,0.0443386380018862,0.0481698645226492,0.0522752407439771,0.0566701634188005,0.0613706573617451,0.0663933039641313,0.0717552195818549,0.0774740161921262,0.0835677258570268,0.0900546681167764,0.0969532871476813,0.104282038155382,0.112059205630009,0.120302638962346,0.129029568517307,0.138256407779609,0.14799837494644,0.158269207233663,0.169080871258101,0.180443039968702,0.192362507392412,0.20484260952783,0.21788256089879,0.231476598549426,0.245613150727504,0.260274083239024,0.275433922914468,0.29105902256,0.307106584966707,0.323523905896868,0.340247678346072,0.357202690747726,0.374300501177164,0.391438644295462,0.408499742272587,0.425349994495922,0.441838617303296,0.457798208029274,0.473044377135317,0.487376234697424,0.500578083905392,0.512421549922849,0.522667583382654,0.531070488996609,0.53738292082132,0.541361047138805,0.542770976870394,0.541397186302006,0.537051167542862,0.529580739553539,0.518880835506032,0.504904003736613,0.487670523351213,0.467277159059145,0.443904007455936,0.417818498016888,0.38937555929958,0.359013343872352,0.327243915166453,0.294638302930705,0.261806342088026,0.229371751730679,0.197943770583718,0.168087761829075,0.140297035919475,0.114968447352995,0.0923843240976065,0.0727025096272162,0.0559554859736814,0.0420586804901806,0.0308269756852142,0.0219975490049107,0.0152564150637616,0.0102657461242264,0.00668911778994647,0.00421230840851581,0.00255814935235675,0.00149490161303888,0.000838587588057654,0.000450442304608624,0.000231059673436786,0.000112868047268733,5.23446696210139e-05,2.29747719672867e-05,9.51103372613213e-06,3.69848637246257e-06,1.37739342609342e-06,0
54158713.7807948,0,-1.41829640941145e-11,-7.55159836622677e-12,-8.32419503202127e-12,1.61199066155255e-11,7.29927609636931e-11,2.12977323261913e-10,5.03913043001226e-10,1.0761122573153e-09,2.13135233895345e-09,3.99180493878097e-09,7.136495126236e-09,1.22657183221627e-08,2.0361894268638e-08,3.27701034915103e-08,5.12759752316988e-08,7.81937045105285e-08,1.16447227648265e-07,1.69651404528884e-07,2.42179836413589e-07,3.39222713269802e-07,4.66825310069728e-07,6.31912630312539e-07,8.42298004004221e-07,1.10668030664233e-06,1.43462734156201e-06,1.83655698203081e-06,2.32372797726274e-06,2.90824349663237e-06,3.60305571753486e-06,4.4219875628104e-06,5.37979964536885e-06,6.49229533423942e-06,7.77642903957134e-06,9.2504324025811e-06,1.0933994707086e-05,1.28484858554548e-05,1.5017178806613e-05,1.74654726942019e-05,2.02211610472448e-05,2.33147639894355e-05,2.67798567715092e-05,3.06533600303136e-05,3.49759041947065e-05,3.97922952889254e-05,4.51519147020928e-05,5.11091104780122e-05,5.77237914472241e-05,6.50620360297819e-05,7.3196551362343e-05,8.22073681825756e-05,9.21828342155395e-05,0.000103220374336178,0.00011542717004992,0.000128921463753823,0.000143833968871421,0.000160308683300004,0.000178504321669141,0.000198596671848792,0.000220779635799584,0.000245266014317737,0.000272291267814279,0.000302117188604219,0.000335031684948316,0.000371350603850596,0.000411425584999699,0.000455649677926716,0.000504456449166302,0.000558324403013352,0.000617791887736564,0.000683463958437623,0.000756008109933147,0.000836169544472852,0.000924796678213203,0.00102283416323687,0.0011313217281627,0.00125144042677195,0.00138452724028693,0.001532046549379,0.00169562756174902,0.00187712181222422,0.00207858066221213,0.00230225494546276,0.00255066258816843,0.00282660456122302,0.00313314183246602,0.00347361836813977,0.00385171531004929,0.00427148852238272,0.0047373151396649,0.00525381059532605,0.00582592278031877,0.0064590974277231,0.0071591796233069,0.00793213193126118,0.00878404883362987,0.00972156380940145,0.0107519537895969,0.0118825680029109,0.0131205443466053,0.0144734842183045,0.0159499538493227,0.017558830082269,0.0193085435679458,0.0212076482686121,0.0232660884942202,0.0254948344110699,0.0279040725610207,0.0305037774108582,0.0333061597978362,0.0363244200531106,0.0395704336812889,0.0430573739190435,0.0468007347177852,0.0508144722967141,0.055112535975727,0.0597129291907855,0.0646333657256776,0.0698882608996467,0.0754946914944736,0.0814738120845021,0.0878443654224436,0.0946214408759649,0.101822632372859,0.109470615578968,0.117585974938368,0.126180504869588,0.135265720909671,0.144864650562888,0.154999448705687,0.165671337232641,0.176878622529467,0.188644044359088,0.200985147026463,0.213880748854817,0.227312119533933,0.241291430267076,0.255809428204651,0.270818624639495,0.2862816288046,0.302170164184354,0.318434418298756,0.335011339156361,0.351823382305259,0.368769141008731,0.385748820432878,0.40266738205434,0.419393546018781,0.435749596481088,0.451559777961421,0.466679789971556,0.480924979815933,0.494022067677784,0.505724991019935,0.515866765483574,0.524216235561857,0.530469456746761,0.534392899327794,0.535787449307185,0.534411029379331,0.530060941631062,0.522606765363534,0.511951865271463,0.498065968626888,0.480988293329057,0.460798805586961,0.437661551822512,0.411845959970781,0.383696458958842,0.353645166697631,0.322220751436818,0.290005134405783,0.25760134890276,0.225619454985499,0.194649752832095,0.165237016857089,0.137861980612409,0.112918440525614,0.0906890796277101,0.0713321973473571,0.0548793628683199,0.0412406278516482,0.0302248810738996,0.0215683862749801,0.014959491511887,0.0100654985532665,0.00655788411781555,0.0041292524895808,0.00250770564189108,0.00146593755507555,0.00082296474824159,0.000442488890062185,0.000227271665505734,0.000111148547406282,5.15130832616282e-05,2.24952870596197e-05,9.26716524642253e-06,3.63001085966106e-06,1.32792847494502e-06,0
55426645.2066311,0,-1.38053258397914e-11,-7.30037589105897e-12,-8.2494753002582e-12,1.52527429565741e-11,6.94841589380328e-11,2.03494883110223e-10,4.81756828369597e-10,1.02938447431043e-09,2.03925337373295e-09,3.81997475447472e-09,6.82988155996224e-09,1.17392551735351e-08,1.94880032082899e-08,3.13630429116121e-08,4.90724195543846e-08,7.48297295436119e-08,1.1143130770305e-07,1.62333521423945e-07,2.31716832973284e-07,3.24541029126666e-07,4.46582486897668e-07,6.044577240618e-07,8.05630049817169e-07,1.05840599887124e-06,1.37192146795649e-06,1.7561255595832e-06,2.22176768745659e-06,2.78039677272193e-06,3.44437371957714e-06,4.22690265510284e-06,5.14208478571484e-06,6.20500788681863e-06,7.43187078697248e-06,8.84011672820099e-06,1.0448578578775e-05,1.2277692429108e-05,1.43497460538495e-05,1.66890790703788e-05,1.93223131613981e-05,2.22786945160223e-05,2.5590415530188e-05,2.92928767269541e-05,3.34250445119208e-05,3.80298883002259e-05,4.31547686389914e-05,4.8851845385898e-05,5.51786039943424e-05,6.21984171327306e-05,6.99810751728748e-05,7.86034132312225e-05,8.81501560089373e-05,9.87147880601271e-05,0.000110400283850507,0.00012332004240281,0.000137599293200105,0.000153376494836694,0.000170804343161569,0.000190050994180248,0.000211302222260728,0.000234763746510861,0.000260662530285087,0.00028924819609446,0.000320796851664615,0.000355615407234494,0.000394043113867867,0.000436454095451044,0.00048326490353003,0.00053494132846405,0.000592001031876235,0.000655019852687728,0.000724644019103974,0.000801599317042356,0.000886695088291029,0.000980834107936285,0.00108503368396508,0.00120044046255526,0.00132832717503342,0.00147010439309431,0.00162736572794286,0.00180190662136277,0.00199569719139485,0.00221090584351986,0.00244998047285112,0.00271564969575091,0.0030108676956977,0.00333886864808261,0.00370325289508279,0.00410793990749203,0.00455712942405667,0.00505537872052724,0.00560760175344948,0.00621901019565318,0.00689518321225555,0.00764204422820671,0.00846570235709127,0.00937261757050253,0.0103697992211225,0.0114644017379231,0.0126635039625531,0.0139747720876113,0.0154066690281418,0.0169675750943824,0.0186656676165553,0.0205100407578402,0.0225107560953578,0.0246776328404625,0.0270205543654097,0.0295508766979568,0.0322806967875907,0.0352215424755901,0.0383857733269579,0.0417876912017609,0.0454417585101036,0.0493617443645135,0.0535626487490682,0.0580615409042607,0.0628755624645028,0.0680206537584058,0.07351394996498,0.0793751886729064,0.0856229573903499,0.0922737969939416,0.0993469605107268,0.106862929420701,0.11483817512817,0.123289011929251,0.132234591878873,0.141690544698444,0.151668569529817,0.162182231135812,0.173243362402118,0.184856968569077,0.197026270384277,0.209754368913371,0.223035727105678,0.236854454386835,0.25119286433018,0.266031421319071,0.281337894328164,0.297065358791719,0.313160531391352,0.329564759280653,0.346207449142521,0.363000370106884,0.379834849797312,0.396591750677834,0.413149620608827,0.429361668577158,0.445047546723447,0.460030683367163,0.474128914423311,0.487105550716117,0.498714448863388,0.5087560434387,0.517006046972164,0.523183411055667,0.527046484030011,0.528401804893328,0.527025154837306,0.522699103983277,0.515289148213559,0.504718360610807,0.49094573639208,0.473999504296753,0.453984031522373,0.43107437569062,0.405530390277394,0.377697865679308,0.348006668206738,0.316973212417405,0.285171908526844,0.253198577951484,0.221658729723097,0.191142978909186,0.16218638254087,0.135255283196844,0.110735781488631,0.0888996283918894,0.0698930342233077,0.0537452936267075,0.0403673896693499,0.0295682468403307,0.0210876009846924,0.0146181730246,0.00983069345254707,0.0064014256222049,0.0040283724219517,0.00244458484447136,0.00142759067640596,0.000800442464767976,0.000429719526265595,0.000220318120007953,0.000107555089023601,4.97787691514685e-05,2.1725977044167e-05,8.93093429788446e-06,3.48165364115806e-06,1.27709067753653e-06,0
56724260.6849198,0,-1.1216673425334e-11,-6.19127522062858e-12,-5.38569789571442e-12,1.64070697989411e-11,6.98001946730358e-11,1.97672166668488e-10,4.65109787174258e-10,9.88765890131673e-10,1.95566234994388e-09,3.65890258539869e-09,6.53874201830492e-09,1.12349564199797e-08,1.86477631827914e-08,3.00070876527065e-08,4.69472800517165e-08,7.15847918770142e-08,1.0659455176974e-07,1.55281466334373e-07,2.21642861773546e-07,3.10418981444339e-07,4.27129710920093e-07,5.78097162077155e-07,7.70453297289069e-07,1.01213347291865e-06,1.31186193305526e-06,1.67913895673769e-06,2.12423168640064e-06,2.65816707421932e-06,3.29274015247682e-06,4.04055410844832e-06,4.91508227415393e-06,5.93073998862742e-06,7.10299091495171e-06,8.44849870578992e-06,9.98528730889758e-06,1.1732909821177e-05,1.37126717776107e-05,1.59478808330748e-05,1.8464067013357e-05,2.12892337487881e-05,2.44541977643335e-05,2.79929243140717e-05,3.19428043202714e-05,3.63450012444399e-05,4.12449157140297e-05,4.66926229988974e-05,5.27432738652363e-05,5.94576268358614e-05,6.69026659448815e-05,7.51521579650567e-05,8.42873340321306e-05,9.43978402395066e-05,0.00010558259635556,0.000117950463957834,0.000131621394871685,0.000146728170068785,0.000163417660951503,0.000181851456498202,0.000202207360804836,0.000224682502318829,0.000249496010698506,0.000276888953051532,0.000307124965264351,0.000340497075302868,0.000377334537300384,0.000418000584256334,0.000462891763749533,0.000512451455623196,0.000567182901319471,0.000627647187624087,0.000694460655163711,0.000768311328591524,0.000849984559565663,0.000940367221114711,0.00104043487212728,0.00115126947932575,0.00127410429001651,0.00141033394701758,0.00156149317433182,0.00172927488551916,0.0019155909832025,0.00212259358446129,0.00235263677151772,0.00260829038520993,0.0028924411390041,0.00320831261762338,0.00355936417007352,0.00394929813760215,0.0043822152994732,0.00486265786806694,0.00539544376837669,0.00598554078002567,0.00663825077838842,0.00735946891443268,0.00815545643171509,0.00903242456541977,0.00999679820585543,0.0110556895446303,0.0122165887738702,0.0134869398873348,0.014874486497626,0.0163875724525229,0.0180348057295005,0.0198249633690338,0.0217674589678672,0.02387242337752,0.0261501791495233,0.0286113315335897,0.0312674101547289,0.0341307127695025,0.037214047473669,0.0405309968527984,0.0440955132856071,0.0479218349609323,0.0520253934295514,0.0564225009779129,0.0611299581561407,0.0661650047124938,0.0715437761172503,0.0772836464710106,0.0834066424158247,0.0899318939437608,0.0968719692618204,0.104246065142952,0.112080111218736,0.120389427669441,0.129183301568135,0.138481244682073,0.148304600935531,0.15866297115919,0.169560045630268,0.181004236144188,0.193006900222813,0.205567855725861,0.218673037851992,0.232313658810128,0.246482241161559,0.261147364840846,0.276268062135498,0.291815661731413,0.307744137311372,0.323972458421853,0.340423368622431,0.357036833146704,0.373718436193767,0.390316048360819,0.406685978836599,0.422726875254292,0.438284005243072,0.453116726837366,0.467032265827411,0.479890651620979,0.49144316468664,0.501380125872676,0.509494494212825,0.51559545967872,0.519407982023223,0.520695520312209,0.519296136541078,0.515021483548301,0.507693558475992,0.497221880104225,0.483566619978725,0.466741545230035,0.446872951841192,0.424176590328924,0.398915010704904,0.371424743791779,0.342136808323808,0.311545993387582,0.280191917755672,0.248665437613319,0.217585030237024,0.187541110600505,0.15906147582505,0.132603395158246,0.10853426731592,0.0871057981911201,0.0684539466937401,0.052607758558008,0.0394840647426935,0.0288977068648147,0.0205930311248502,0.0142665053285754,0.00959020110950874,0.00624294715408634,0.00392800653354082,0.00238331758017033,0.00139152499315479,0.00078045875133878,0.000419456571931629,0.00021551326425025,0.000105694702900481,4.93443758146556e-05,2.18228660462998e-05,9.04647948500501e-06,3.51302013315957e-06,1.34234197903474e-06,0
58052255.160949,0,-1.07573018206024e-11,-5.92022025196541e-12,-5.17822173022255e-12,1.5676475551322e-11,6.67008078469992e-11,1.88965036091531e-10,4.44713703825748e-10,9.45580468552875e-10,1.87054724391831e-09,3.50012111730428e-09,6.25560156328305e-09,1.07492113473646e-08,1.78422873238817e-08,2.87115840002113e-08,4.49205259755444e-08,6.8493356015832e-08,1.01988223760825e-07,1.48565286630431e-07,2.12046169745911e-07,2.96961351648066e-07,4.08585196251039e-07,5.52957522466835e-07,7.36891130864852e-07,9.67965852684194e-07,1.2545134367554e-06,1.60560243155813e-06,2.03103060180586e-06,2.54132532962507e-06,3.1477513312578e-06,3.86233780503803e-06,4.69793873123081e-06,5.66832133010183e-06,6.78826965613722e-06,8.07370717655744e-06,9.54185421005949e-06,1.12114199172027e-05,1.31028055677455e-05,1.52383141322671e-05,1.76423890710148e-05,2.03418804208419e-05,2.33663245920687e-05,2.67482496703086e-05,3.05235021923478e-05,3.47315840896449e-05,3.94160355788627e-05,4.46248631204631e-05,5.04109671167822e-05,5.68326352357103e-05,6.39541402836235e-05,7.18462940421983e-05,8.05869922468028e-05,9.02620643760831e-05,0.000100966312952801,0.000112804327145179,0.000125891241734304,0.000140353921561768,0.000156332644516886,0.000173982930776147,0.000193476564271406,0.00021500223326765,0.000238768567882345,0.000265008690844908,0.000293980156072522,0.000325963561230535,0.000361271308980797,0.000400257046768599,0.000443308710887286,0.000490847515990385,0.000543352614069358,0.000601369785060981,0.000665492786843122,0.00073637861936698,0.000814783944439455,0.000901556321077665,0.000997629339590624,0.00110406245317972,0.00122204602160953,0.00135289105734397,0.00149808472480643,0.00165931163107337,0.00183840178456448,0.00203737897805572,0.00225856087278487,0.00250449656835908,0.00277791897708808,0.00308190662014982,0.00341990252091449,0.00379550870602659,0.00421260907859872,0.004675662535509,0.00518941989449914,0.00575860253704718,0.00638839179048456,0.00708472159161532,0.00785357108155041,0.00870076440272308,0.00963285603218974,0.0106571350461917,0.0117805733108943,0.0130100884996485,0.014353705276168,0.0158199949229981,0.0174170230666359,0.0191532545309068,0.0210382744842914,0.0230818427612297,0.0252940942790163,0.0276862908317532,0.030269549562937,0.0330549801504912,0.0360560337886396,0.0392872157626684,0.0427614530769235,0.0464922635776571,0.0504957778187831,0.0547886988552228,0.0593871792984164,0.0643075915152163,0.0695670328903692,0.0751840757045557,0.0811780700914597,0.0875675814280334,0.0943707568630812,0.101605510431401,0.109289812145225,0.117443275368521,0.126084831460363,0.135229007142022,0.144888361666323,0.155075930801685,0.165803041049915,0.177078820816695,0.188908173295404,0.201285286843244,0.21420070153382,0.227656882784235,0.241648198872268,0.2561280666614,0.271045984272209,0.286395506198087,0.302150502885524,0.318203333867297,0.33445229479623,0.350867410023227,0.367381579982072,0.383817837489242,0.400004824542975,0.415853214410444,0.431241003232229,0.445938461835931,0.459717274716189,0.47241527032037,0.483835728030234,0.493693528743436,0.501708241264151,0.507676516177209,0.511414612120408,0.512687517962122,0.511265419818214,0.507001381268792,0.499768398364722,0.489410934646561,0.47585765009805,0.459184025057369,0.439531099571832,0.417081360242406,0.392112488417421,0.364987996338894,0.336115930879443,0.305959472538605,0.27505865453833,0.244008229621705,0.213413188393875,0.183855519598933,0.155864142668952,0.129884440990622,0.106264377054053,0.0852474092759745,0.0669642932297976,0.0514373460338091,0.0385847497044864,0.0282250372865425,0.0201035464479293,0.0139209578518068,0.00935450493328721,0.00608733106727355,0.00382872055947488,0.0023222764827382,0.00135533697951016,0.000759933498473122,0.000408330952407417,0.000209781827792722,0.000102942019722883,4.80939118383213e-05,2.12992767463413e-05,8.82348766573571e-06,3.41569407337669e-06,1.32014171446032e-06,0
59411339.8496504,0,-1.19418964405102e-11,-6.21438873898014e-12,-6.94586359390149e-12,1.3807469318531e-11,6.14359470521427e-11,1.79134480127689e-10,4.23142431306968e-10,9.03437581202853e-10,1.78875811195378e-09,3.34997360373874e-09,5.98845627498116e-09,1.02919523049172e-08,1.70835147671598e-08,2.74904914594726e-08,4.30076340720693e-08,6.55720034303767e-08,9.76286020254194e-08,1.42198799044239e-07,2.02934260265274e-07,2.84165375836496e-07,3.90931488040204e-07,5.29002191607896e-07,7.04882196325889e-07,9.2580822832473e-07,1.19973391135107e-06,1.53531606399325e-06,1.94190581866724e-06,2.42955059691291e-06,3.00900086144468e-06,3.69173741130395e-06,4.49003166401768e-06,5.41703435539249e-06,6.48687034805276e-06,7.71475273803634e-06,9.11714463956838e-06,1.07119558688315e-05,1.25187206273966e-05,1.45587781732323e-05,1.68555285874584e-05,1.94347187137319e-05,2.23246698505743e-05,2.55565356041802e-05,2.91646670733858e-05,3.3186963127842e-05,3.76651750051505e-05,4.26453090317293e-05,4.81781164464831e-05,5.43195446303692e-05,6.11311917108398e-05,6.86809002895579e-05,7.7043486316563e-05,8.63014397930152e-05,9.65455772244539e-05,0.000107875928533621,0.000120402982800596,0.000134248867384905,0.000149548221212157,0.00016644948407779,0.000185117105765498,0.000205733423273784,0.000228499462099382,0.000253636899473916,0.000281392160726621,0.000312038864525048,0.000345878569495523,0.00038324519513563,0.000424511305177421,0.000470090875407364,0.000520443552232232,0.000576083878462568,0.000637587558963281,0.000705596250237782,0.00078083032693887,0.00086410132868582,0.000956316760068222,0.00105849233134973,0.00117177215146676,0.0012974379407011,0.00143691834876034,0.00159181368856866,0.00176391316375218,0.00195520227147891,0.00216788654771917,0.00240441416138022,0.00266748197973655,0.00296005786967872,0.00328540787556709,0.00364708971529636,0.00404895323004596,0.00449517874975877,0.00499028599438093,0.00553909515119085,0.00614672599996038,0.00681863743829076,0.00756061635747896,0.00837874306522425,0.00927939180784834,0.0102692128772327,0.011355159601574,0.0125445976374961,0.0138452014082283,0.0152647308018143,0.0168113511925451,0.0184940546760373,0.0203221548272031,0.022304815266987,0.0244519091638789,0.026774668117348,0.029284663454521,0.0319931910338347,0.0349125579066026,0.0380566403541623,0.0414394244814373,0.0450747867715144,0.0489780836081061,0.0531656361062897,0.0576531642764656,0.0624573579497501,0.0675969394601956,0.0730896992012791,0.0789522364211556,0.0852040501820759,0.0918661235613357,0.0989556346735893,0.10648892208997,0.114486568645051,0.122967678473712,0.131944914771471,0.141431736911125,0.151444886282816,0.16199510331216,0.173086502818748,0.184724497697395,0.196912232251248,0.209643399289112,0.222906388903929,0.236685993288235,0.250958226831034,0.265692337758706,0.280850788444205,0.296380195576459,0.312215542834645,0.328291064741603,0.344526016941279,0.360810404504846,0.377025407250795,0.393054229795307,0.408753884670382,0.423947630692079,0.438454750372209,0.452090899017713,0.464642446789508,0.475878204435644,0.485576449127397,0.493515380974166,0.499456499536613,0.503159046807278,0.50440168813963,0.502983295137108,0.498720681601906,0.491472958546624,0.481166341086347,0.467782817839055,0.451352323262772,0.431977620380468,0.409843829569108,0.385208623503586,0.358414390881136,0.329895624439828,0.300154169226883,0.269736736108468,0.239219730971914,0.209178516206889,0.180160859161078,0.152674329866691,0.127161991331895,0.103975121979019,0.0833617264238221,0.0654553822984774,0.0502684565535736,0.0377052521922223,0.0275811569322188,0.0196430344581255,0.0135963657846573,0.00912996912412963,0.005936330599107,0.00373007389405126,0.00226045612925891,0.00131824403868925,0.00073803554708083,0.000395619638742039,0.000202437780777712,9.85686498284343e-05,4.54765714437512e-05,1.97849934805574e-05,8.11069838413927e-06,3.13717335981898e-06,1.1292457636087e-06,0
60802242.6164943,0,-1.13312353243115e-11,-5.94593080867251e-12,-6.58065642512221e-12,1.31431125733147e-11,5.86815253520093e-11,1.71033681977993e-10,4.04243190665092e-10,8.63234045228234e-10,1.7096319619991e-09,3.20236146392225e-09,5.7255706155757e-09,9.84139236542229e-09,1.63373057608282e-08,2.62916028232394e-08,4.11340661836273e-08,6.27171797374867e-08,9.3379032642703e-08,1.3600826133752e-07,1.94095554938679e-07,2.71779575918035e-07,3.7387596648602e-07,5.05897195688779e-07,6.74056597534562e-07,8.85265055515376e-07,1.14711766562131e-06,1.46788070767602e-06,1.85648069482401e-06,2.32250510714151e-06,2.87621419802873e-06,3.52857062413865e-06,4.29129012134344e-06,5.1769218624444e-06,6.19895276150132e-06,7.37192819081406e-06,8.71159163203007e-06,1.02350575861525e-05,1.19610060014641e-05,1.39098811667498e-05,1.61041040647711e-05,1.85683144273878e-05,2.13296353760211e-05,2.44179508666673e-05,2.7866194534839e-05,3.17106668970874e-05,3.59913953116726e-05,4.07525174707328e-05,4.60426871673554e-05,5.19155374471137e-05,5.84301673456142e-05,6.56516464860735e-05,7.36516821312428e-05,8.25093998459725e-05,9.23119670281823e-05,0.000103155284555806,0.000115145201272526,0.000128398811740191,0.000143045353920454,0.00015922732243872,0.000177102283111836,0.000196844770809526,0.000218648012299415,0.000242725692759173,0.000269314083843897,0.000298674852865419,0.000331098599924799,0.000366907970127897,0.000406460303832355,0.000450152379546417,0.000498427382150069,0.000551780607462168,0.000610764715620922,0.00067599811804136,0.000748174209577137,0.000828070447185425,0.0009165613888856,0.00101463059935495,0.00112337770569827,0.00124403277654827,0.00137797839782575,0.00152676313292045,0.00169211068000562,0.00187593854529718,0.00208037933713687,0.00230779755720712,0.00256080577399723,0.00284227898228907,0.00315536783538683,0.00350351553830287,0.00389047131525218,0.00432028970990751,0.00479732839226858,0.00532626713131852,0.0059121227050316,0.00656021474643841,0.00727613165664148,0.00806577727914669,0.00893541967196671,0.00989161752733618,0.0109411475315582,0.0120911029904772,0.013349001492517,0.0147226711030922,0.0162201785454963,0.0178500542298748,0.0196213975677366,0.0215436418922391,0.023626612445182,0.0258809268884807,0.028317896790571,0.0309491909979658,0.0337871211788194,0.0368448852177843,0.0401362962086422,0.0436757182106751,0.0474781756923634,0.0515592949888276,0.0559354517166696,0.0606236641697736,0.0656410895682107,0.0710055277579813,0.0767357732123786,0.0828503275453812,0.0893673760931007,0.0963061697989375,0.103685949118354,0.111524098217003,0.119837423742506,0.128642951189694,0.137955692713822,0.147787919610393,0.158150462193645,0.169051784509883,0.180496437810836,0.19248531798157,0.205014391956832,0.218072443714146,0.231643013473409,0.245705790831554,0.260231101479328,0.275175751868237,0.290487968186819,0.306111800636577,0.321979827415718,0.338002325722729,0.354072811720769,0.370083421312394,0.385916092908767,0.401419586633506,0.416420249091111,0.430747048243845,0.444216225446298,0.456610246467734,0.4677017098636,0.477274120073252,0.485103670102665,0.490952139228166,0.494589161406159,0.49580003507692,0.494377872515067,0.49014156376871,0.482963989041642,0.472770544024775,0.459534427616451,0.443294438670844,0.424163089868488,0.402320982451958,0.378025709870346,0.351621846570183,0.323535390886636,0.294261078757699,0.264341367772504,0.234340573828082,0.204823983572143,0.176334435451675,0.149367069423519,0.124351437053836,0.101631997178986,0.0814474577495459,0.0639225849987115,0.049068294728013,0.0367880368296618,0.0268972264289938,0.0191471044935183,0.0132475003908793,0.00889194625196743,0.00577941029602821,0.00363024946212508,0.0021991237089236,0.00128202924058581,0.000717497033833252,0.00038443187024911,0.000196637527275734,9.57041454683895e-05,4.4139836192951e-05,1.9204570078045e-05,7.86879221178256e-06,3.04109112576702e-06,1.09476188484914e-06,0
62225708.3673023,0,-1.08146775927935e-11,-5.70461368262134e-12,-6.31758914987322e-12,1.24570269452182e-11,5.59123350633124e-11,1.6314232548751e-10,3.85880335161883e-10,8.24376761903786e-10,1.6332526776676e-09,3.06009256281135e-09,5.47238327842031e-09,9.40778864737727e-09,1.56195809930605e-08,2.51390844515119e-08,3.93337668757891e-08,5.99751665786497e-08,8.9298966141626e-08,1.30066766213424e-07,1.85615155198301e-07,2.59899481621901e-07,3.57521605243921e-07,4.83748333352086e-07,6.44514511333011e-07,8.46419881238468e-07,1.0967172849229e-06,1.40329960669866e-06,1.77468761385518e-06,2.22003167757961e-06,2.74912527339601e-06,3.37243153469304e-06,4.10113168487035e-06,4.94720826707087e-06,5.92354445135939e-06,7.044031385969e-06,8.32371076803838e-06,9.77895610082557e-06,1.14276441280028e-05,1.32893296250183e-05,1.53854750341671e-05,1.77396944633633e-05,2.03779745603634e-05,2.33289402781033e-05,2.66241586945752e-05,3.02984253653273e-05,3.43901049124568e-05,3.89415303892346e-05,4.39993584262456e-05,4.96149680405883e-05,5.58450113052174e-05,6.27519728671533e-05,7.04046687538026e-05,7.88788321622428e-05,8.82579230864952e-05,9.86341072234335e-05,0.000110109109058382,0.000122794898820663,0.000136815008282505,0.000152306399592551,0.000169420633932224,0.000188324836141185,0.000209203944800411,0.000232263198269992,0.000257729808177041,0.000285855431554443,0.00031691935224396,0.00035123097137825,0.000389133556260779,0.000431009899945737,0.000477286791080805,0.000528439317022063,0.000584998067908478,0.000647557853518248,0.000716786329197064,0.000793433017267042,0.000878338693724354,0.000972446400729406,0.00107681495694145,0.001192634384756,0.00132124018799347,0.00146412157546293,0.00162293562524966,0.00179953799990556,0.00199599936005496,0.00221459920373866,0.00245784963894251,0.00272853885977808,0.00302972807221561,0.00336473869884054,0.00373718976842404,0.00415102332584344,0.00461047622071183,0.00512007511131405,0.00568468023896905,0.00630947920373776,0.0069999188110106,0.0077617289094167,0.00860102018198405,0.00952421334606375,0.0105379072101424,0.0116490228708673,0.012864960864848,0.014193398336129,0.0156422056958886,0.0172197905255447,0.0189351677422217,0.0207975906061028,0.022816698690646,0.0250030905114007,0.0273680680989469,0.0299229821117273,0.032679789479994,0.0356518865777535,0.0388532356532917,0.0422975367169656,0.045999279786019,0.0499744702393537,0.0542396083248361,0.058811091633075,0.0637057077151866,0.0689413356963167,0.0745369482014828,0.0805111662528972,0.0868818357356013,0.0936678715112321,0.10088890695724,0.108562951156671,0.116707005153804,0.125337505099737,0.134468516003583,0.144113631642739,0.154286405362013,0.164993410593647,0.176234940404123,0.188015103203798,0.200336299067375,0.213184271804057,0.226536124279407,0.240374959353978,0.254677624877751,0.26940070259142,0.284489956521454,0.299887213666751,0.315525371157257,0.331323604617275,0.347179513656233,0.362973242566688,0.378584794829215,0.393880418917067,0.408688398039803,0.422823341351731,0.436106904188844,0.448337346960197,0.459283267891171,0.468719245242458,0.476429229359421,0.482187407124206,0.485763925829341,0.486937601004718,0.485507017139543,0.481306665724317,0.474209442319314,0.464130159106692,0.451048291997079,0.435015778609474,0.416143838174739,0.394608226705613,0.370668443145414,0.344670236234875,0.317034386211834,0.288245315010568,0.258837117504565,0.229369469475755,0.200397766004168,0.172451020964964,0.146015064954307,0.121509728718128,0.099266926011865,0.0795172227960414,0.0623803989304906,0.0478629466030479,0.0358679260567145,0.0262128740233655,0.0186517374722999,0.0128993072081588,0.00865493888100745,0.00562327963317732,0.00353093715149858,0.00213829640670312,0.0012461450608737,0.000697179405847441,0.000373432451268727,0.000190938715358623,9.29006275153413e-05,4.28403921869178e-05,1.86356236060582e-05,7.63218494586759e-06,2.94849767531902e-06,1.06192451668677e-06,0
63682499.4471859,0,-1.02371123989787e-11,-5.45630337201806e-12,-5.97686504836859e-12,1.18204175162917e-11,5.33177656839516e-11,1.55541231749177e-10,3.68212403003848e-10,7.86894732753945e-10,1.55966795149317e-09,2.9231191218691e-09,5.22893937249177e-09,8.99133294696159e-09,1.49310470204669e-08,2.40345945773303e-08,3.76101465192284e-08,5.73520849250234e-08,8.53986041751723e-08,1.24390349355408e-07,1.7751729930486e-07,2.48560147951696e-07,3.41916749541215e-07,4.62619444258177e-07,6.16338021459776e-07,8.0937593556803e-07,1.04865841689763e-06,1.34172064752214e-06,1.69669728641073e-06,2.12232180384584e-06,2.62793781175803e-06,3.22352949153287e-06,3.91977145088743e-06,4.72810118310541e-06,5.6608129990052e-06,6.73117452943946e-06,7.95356553248518e-06,9.34363719284254e-06,1.09184796250413e-05,1.26968052093842e-05,1.46991652312083e-05,1.69481741647215e-05,1.94687197859767e-05,2.22882179252213e-05,2.54369206282235e-05,2.8948194753671e-05,3.28588029130988e-05,3.72092878592674e-05,4.20443908787354e-05,4.74134224211691e-05,5.33706860158081e-05,5.99760296079864e-05,6.72954473827154e-05,7.54016515477041e-05,8.43747024993456e-05,9.43028433319255e-05,0.000105283477937393,0.000117424070965081,0.000130843176628439,0.000145671745635162,0.000162054660584058,0.00018015233922142,0.000200142311457437,0.000222220963989267,0.000246606035688568,0.00027353953283084,0.000303290017068918,0.000336155072412132,0.000372465359779107,0.000412589609138151,0.000456939129703257,0.000505971985225834,0.00056019883240505,0.000620192069559421,0.000686595264464701,0.000760128922173772,0.000841598154059465,0.000931908618734245,0.00103208222288418,0.00114326360637816,0.0012667295410065,0.00140391154215274,0.00155641574088501,0.00172603103809879,0.00191474327621357,0.00212475732200723,0.00235851158271726,0.00261869292940591,0.00290825736519106,0.00323043539230902,0.00358873327289044,0.00398695742078587,0.00442922692493813,0.00491995135891034,0.00546383487847956,0.00606590403233563,0.00673148380155932,0.00746617468479112,0.00827589450832949,0.00916686969189879,0.0101455827086433,0.0112188465631968,0.012393860051847,0.0136780798423039,0.0150792463048248,0.0166056539139322,0.0182661240410086,0.0200697436424533,0.0220260331110217,0.0241453088534663,0.0264385781034167,0.0289173112119223,0.0315935337276149,0.0344799446445612,0.0375900186573425,0.0409380126729204,0.0445386099316653,0.0484068796650828,0.0525588756064604,0.0570114537169568,0.0617815151231101,0.0668866170577939,0.0723455309440119,0.0781768363807411,0.0843986240328845,0.0910300685281546,0.0980908938611292,0.105599170442244,0.113571501268798,0.122024231601419,0.130972820481716,0.140430842576985,0.150408929951446,0.160913907237212,0.17195057872326,0.183522319920851,0.195626166846105,0.208250356992974,0.221378581777742,0.234991444880399,0.249062073539503,0.263551594487005,0.278407614893961,0.293569708509576,0.308974237833236,0.324541571617452,0.340165304222798,0.355729689209276,0.371119630205314,0.386196529708472,0.400789584018489,0.4147226583939,0.427817541002472,0.43986764720138,0.450646552706141,0.459938465744324,0.467528328144304,0.473184229923323,0.476680546368656,0.47781265325632,0.476384553391091,0.472222371892818,0.465200616921331,0.455244739063128,0.442336557200341,0.426524707728418,0.407920867806296,0.386705964624544,0.363143091965789,0.337571940743781,0.3104033031137,0.282117625767302,0.253242694435982,0.224324394967146,0.195908327756204,0.168517106917672,0.142624376509993,0.118637145902793,0.0968786897357769,0.0775710893162463,0.0608269815378059,0.0466500596139312,0.0349432210740481,0.0255255993546751,0.0181547669747758,0.0125504512906945,0.00841767848363674,0.00546720852662669,0.00343181273341703,0.00207760825396088,0.00121038146540455,0.000676949878989224,0.000362478225487383,0.00018527432290491,9.01210621578332e-05,4.15539057006529e-05,1.80773032471765e-05,7.40249466842863e-06,2.85739111037895e-06,1.02977819842032e-06,0
65173396.0488242,0,-8.76005797340681e-12,-4.94025158181445e-12,-4.5722292711054e-12,1.18362552566632e-11,5.2189210256593e-11,1.49452002226025e-10,3.5337761490424e-10,7.53582166590127e-10,1.49353617577638e-09,2.79845463810343e-09,5.00649895412181e-09,8.60919597921214e-09,1.42978851294081e-08,2.30165445998723e-08,3.60185200543203e-08,5.49251552288215e-08,8.17833047299891e-08,1.19118888432695e-07,1.69983496601201e-07,2.37991745304591e-07,3.27347636787706e-07,4.42859426674595e-07,5.89943534625992e-07,7.74619507295745e-07,1.00349916475037e-06,1.28377409298099e-06,1.62320634227926e-06,2.03012746118775e-06,2.51345042462958e-06,3.08269826953021e-06,3.74805273500628e-06,4.52042478114685e-06,5.41154668720313e-06,6.43408501905806e-06,7.60177387923522e-06,8.92956607480058e-06,1.04337995997388e-05,1.2132379225949e-05,1.40449727088923e-05,1.61932200408129e-05,1.86009572092999e-05,2.1294458480631e-05,2.43026984649375e-05,2.76576334232938e-05,3.13945066473345e-05,3.55521847716569e-05,4.01735268823699e-05,4.53057820866271e-05,5.10010236460635e-05,5.73166358711022e-05,6.43158549733362e-05,7.20683546186585e-05,8.06509005388871e-05,9.01481130692577e-05,0.000100653312581909,0.00011226943291892,0.000125110110125432,0.000139300925329541,0.000154980741400299,0.000172303160754203,0.000191438309044039,0.000212574772612935,0.000235921629783253,0.000261710783313687,0.000290199778337555,0.000321674798521697,0.000356453970430036,0.000394891363999516,0.000437381597195965,0.00048436496982878,0.000536333535609541,0.000593837891590236,0.000657494878125215,0.000727996417861351,0.000806119494380659,0.000892736755062526,0.000988827882696414,0.00109549258422265,0.00121396453955826,0.0013456252906037,0.00149201913698743,0.0016548693262147,0.00183609410502277,0.00203782274466923,0.0022624122248258,0.00251246254514689,0.00279083052013056,0.00310064353952262,0.00344531184596825,0.00382853538956565,0.00425430603056344,0.00472691250681987,0.0052509464704836,0.00583129871716967,0.0064731464468483,0.00718195540540506,0.00796350207976011,0.00882387501971306,0.00976944555699351,0.0108068789213461,0.0119431923113158,0.0131857672476559,0.0145423287447752,0.0160209641179022,0.0176301399856655,0.0193787475497503,0.0212762417520071,0.0233326486605927,0.0255583798108186,0.0279643716163621,0.0305625060841798,0.0333654936629754,0.0363864405676353,0.0396391560213704,0.0431386106216591,0.0469004370707329,0.0509405570090035,0.0552758268582937,0.0599239427924485,0.0649022718867488,0.0702281879429575,0.0759202867360525,0.081997379140226,0.0884769085642515,0.0953762432943167,0.102713925437137,0.110507542231472,0.118772721545294,0.127525751016377,0.136782650878719,0.146554114624202,0.156847435292443,0.167672067958503,0.179032908508826,0.190921429766722,0.203325037467857,0.216235076758307,0.229631909256654,0.243476780458722,0.257728724197059,0.272348714326479,0.287279794622827,0.302444278872443,0.317761717946014,0.333146428097258,0.348487588829931,0.363652941276555,0.378505635156066,0.392894083553638,0.406638470750826,0.419546487054452,0.431421232323553,0.442048719832834,0.45120454785501,0.458667218039781,0.464213318483197,0.467621787021587,0.468688574562553,0.467228795196162,0.463081612642135,0.456125276536959,0.446285463906342,0.433540708479139,0.417933023191466,0.399576810060981,0.378662244397427,0.355455197734625,0.330295629768703,0.303593117629081,0.275815303124072,0.247472163920461,0.219099287676286,0.19123556600687,0.164396880768104,0.139051978945945,0.115600038065628,0.0943510459743583,0.075513436711003,0.0591890526259618,0.0453749932976811,0.0339730746957484,0.0248055071389358,0.0176348741028499,0.0121866698157132,0.00817188601852591,0.00530730566697666,0.00333180277060837,0.00201753808699524,0.00117578170624316,0.000657895117843212,0.000352541965686008,0.000180437721974248,8.79575150357761e-05,4.07124557853932e-05,1.78370700782259e-05,7.37396986819493e-06,2.86568906656368e-06,1.05200237554319e-06,0
66699196.6303011,0,-8.31206022103285e-12,-4.52847623525007e-12,-3.96851234132434e-12,1.20648152201425e-11,5.11552463636548e-11,1.44673503732252e-10,3.40375508358786e-10,7.23757639562047e-10,1.43231722219838e-09,2.68163658487107e-09,4.79520743652081e-09,8.24352588456651e-09,1.36873229996996e-08,2.20292403319628e-08,3.44675655745921e-08,5.25527234760632e-08,7.82429845222931e-08,1.13954007340839e-07,1.62603000990536e-07,2.27643487059689e-07,3.13092085248245e-07,4.23544507551505e-07,5.64175326033252e-07,7.40730638419739e-07,9.59523380088835e-07,1.22742736709961e-06,1.55185737252808e-06,1.94075611809976e-06,2.40262284043162e-06,2.94655429447413e-06,3.58227037172267e-06,4.32017746559589e-06,5.17148036646643e-06,6.14827520301264e-06,7.26365987964804e-06,8.53192578606754e-06,9.96872495514536e-06,1.15911751941385e-05,1.34180554548784e-05,1.54700857866938e-05,1.7770133933772e-05,2.03433727118566e-05,2.32175242789677e-05,2.64231873746538e-05,2.99941514763831e-05,3.39676938234566e-05,3.83849100807787e-05,4.32910670414167e-05,4.87360289316292e-05,5.47747864186485e-05,6.14679824794274e-05,6.88824988046157e-05,7.70920263727526e-05,8.61774562327361e-05,9.62279328732455e-05,0.000107342488376469,0.000119630384291906,0.0001332114899505,0.000148218859047239,0.000164800008512841,0.000183117078707695,0.000203351299772667,0.000225705604273886,0.00025040112155505,0.000277681082005331,0.000307821985144936,0.000341135030740605,0.000377960656341173,0.000418670382664539,0.000463682291329,0.000513480423627285,0.000568605642973422,0.000629634336249383,0.000697214356665913,0.000772116192539402,0.000855199888631977,0.0009473772237819,0.00104967945363495,0.00116332959681862,0.00128969981699831,0.00143023796193441,0.00158653582629157,0.00176049174637218,0.00195425861904506,0.00217004758507991,0.00241025968527064,0.00267773151106359,0.0029755769797122,0.00330703202078769,0.00367563530899315,0.00408527825146863,0.00454009581327905,0.00504453392398855,0.005603456916612,0.00622198635745083,0.00690515198219226,0.00765822578820446,0.00848763464831499,0.00940026198361155,0.0104018479934475,0.0114983046408127,0.0126978275457755,0.014008894141454,0.0154382649458605,0.0169937256222226,0.0186853713595306,0.0205224200297654,0.0225132084131129,0.0246685323467925,0.0270006644416135,0.029520686661789,0.0322398786909982,0.0351711778578911,0.0383285827138412,0.0417277940079716,0.0453851655866544,0.0493139907069926,0.053528060665804,0.0580494606502371,0.0629002084590002,0.0680894168748695,0.0736296467749801,0.0795530569474608,0.0858827991726437,0.0926173480492558,0.0997726109083572,0.107390739666442,0.115486327556405,0.124046866154461,0.133091097024597,0.142662444114728,0.15276857136469,0.163377843729694,0.174482527226328,0.186125530555014,0.198323626212479,0.211010852008906,0.224131004969915,0.237710179586761,0.251746776296977,0.266130962349146,0.280769605684348,0.295668098057155,0.310777453561736,0.325922340568812,0.340987712470192,0.3559315439031,0.370572833005277,0.38467455320204,0.398126856251496,0.410791735735624,0.422422700901212,0.4328242768982,0.441819040369047,0.449156945967146,0.454597997320304,0.457920812176205,0.45889709114876,0.45737115660003,0.453240951685078,0.446384398918777,0.436718761713846,0.424230485108388,0.408931334435528,0.390910898217745,0.370372708650624,0.347582665361961,0.322892892777042,0.296741573106922,0.269565694243293,0.241833576888816,0.214079026015039,0.186814025806845,0.160531330961515,0.135719778696998,0.112776879892019,0.0919977833511805,0.0735944536724827,0.0576595516139054,0.0441794338164031,0.03305895044685,0.024122227981702,0.0171369244880939,0.0118350734308431,0.00793163627583249,0.00514967122250935,0.00323287134945187,0.00195785402035086,0.00114161567197888,0.000639300464622452,0.000342914313877111,0.00017578823839257,8.57584520995583e-05,3.98557180246209e-05,1.76551780552699e-05,7.31902148889848e-06,2.81783069273566e-06,1.04569336561045e-06,0
68260718.3427239,0,-9.2405929654921e-12,-4.84467015201295e-12,-5.56962937022934e-12,1.01816702856089e-11,4.62591248510496e-11,1.35933758751617e-10,3.22054636140299e-10,6.89153838043215e-10,1.36654634313547e-09,2.56239400047123e-09,4.58482500698988e-09,7.88536774115253e-09,1.3095813845362e-08,2.10813654607953e-08,3.29881258900744e-08,5.03002652293882e-08,7.48889951366239e-08,1.09064000322391e-07,1.55613206185161e-07,2.17838870453926e-07,2.9957932549892e-07,4.05223511388604e-07,5.39712525476169e-07,7.08536606434024e-07,9.1772376195285e-07,1.17382809424756e-06,1.48391978774186e-06,1.85558695784974e-06,2.29694639537767e-06,2.81666819800466e-06,3.42402031644384e-06,4.12893983933769e-06,4.9421185749649e-06,5.87510093312e-06,6.94040975102125e-06,8.15170317253974e-06,9.52392426021083e-06,1.1073445427818e-05,1.28182628859928e-05,1.47782202362439e-05,1.69751876700332e-05,1.94332556697411e-05,2.21790089234411e-05,2.52417971777982e-05,2.86539868205712e-05,3.24512726558212e-05,3.66730123753498e-05,4.1362582092307e-05,4.65678369614131e-05,5.23415514140595e-05,5.87417875894253e-05,6.58324833231397e-05,7.36842144871256e-05,8.23747810461968e-05,9.19898636416548e-05,0.000102623983508755,0.000114381437455587,0.000127377479991911,0.000141739806607439,0.000157609496209145,0.000175142486667871,0.000194512419784227,0.000215912027253232,0.000239553861035924,0.000265674868358802,0.000294540516194359,0.000326444218381651,0.000361710617299527,0.000400704382954884,0.000443834360562754,0.00049155499531123,0.000544372746209928,0.00060285611993154,0.000667646872363759,0.000739465933677123,0.000819115527404571,0.000907497545448272,0.0010056367507257,0.00111467859092499,0.00123589399031811,0.00137071709692823,0.0015207594857412,0.00168779804988822,0.00187380407551236,0.00208098046531729,0.00231175279103612,0.0025687750120938,0.00285496426781368,0.00317350020014157,0.00352782293463052,0.00392166310981928,0.00435903740738906,0.00484423399816297,0.00538183770522252,0.00597670978455988,0.00663396517782662,0.00735906968754956,0.00815784130889067,0.00903626435263997,0.0100005624657401,0.0110574786505912,0.012214138322723,0.0134778135379655,0.0148561760878341,0.016357438053173,0.0179901720926125,0.0197635199388494,0.0216872900630407,0.0237715336080267,0.0260268450046045,0.0284650211852037,0.0310985341956512,0.0339399775428355,0.0370026657752925,0.0403009792818584,0.043850084235796,0.0476656482831067,0.051763522476038,0.056160108849035,0.060872957038993,0.0659199575809703,0.0713186910263478,0.0770872563466205,0.0832443914336386,0.0898084590488055,0.0967969207067418,0.104227013235835,0.112116533373783,0.120481562109971,0.129333608607386,0.138682568383607,0.148539750998555,0.158913731518608,0.169806396766795,0.181212362056334,0.193121016485923,0.205523464450701,0.218406863575495,0.231735101730727,0.245460228929227,0.259550545990539,0.273963518828645,0.288609456510585,0.303395643373119,0.31825924266017,0.333099212328018,0.34775321826897,0.362087050365642,0.375996279435056,0.38930052695067,0.401769160967095,0.413228888766569,0.423513549175544,0.43237755483106,0.439570770262336,0.444907878173282,0.448204193088616,0.449241536351274,0.447823096535321,0.443801307697914,0.437063517282226,0.427532696234351,0.415189589365432,0.400092259005396,0.382370092883111,0.362208189436717,0.339856473819586,0.315642474213289,0.289960886140393,0.263262577529162,0.236047333384992,0.208839210456491,0.182155339632542,0.156485243487365,0.132270826511436,0.10988449922297,0.0896158919499872,0.0716625273716472,0.0561203734675272,0.0429838514132768,0.0321555403122613,0.0234606460119399,0.0166675999008479,0.011511290303327,0.00771456912968116,0.00500746001656767,0.00314187654418085,0.00190158832129864,0.00110778753318187,0.00061970325969944,0.000331968972059607,0.000169807111686927,8.26981737608685e-05,3.82116031924064e-05,1.66682455753774e-05,6.82940690336844e-06,2.63971669285921e-06,9.64364835555713e-07,0
69858797.4678525,0,-8.65306658950543e-12,-4.65894290142454e-12,-5.18154854739704e-12,9.64421440646947e-12,4.42628912505237e-11,1.2977490696135e-10,3.07862557343842e-10,6.58816496284465e-10,1.30699012588797e-09,2.45113213870911e-09,4.38670266947333e-09,7.5455179901894e-09,1.25327485414943e-08,2.01761446964968e-08,3.15728093290311e-08,4.81424406831546e-08,7.16752331851799e-08,1.04379834837913e-07,1.48922149819251e-07,2.08458445212279e-07,2.86656768774015e-07,3.87710068749864e-07,5.16338507327478e-07,6.77785266502449e-07,8.77805282232933e-07,1.12265356269105e-06,1.41907779146223e-06,1.77431992697277e-06,2.19612349247532e-06,2.69275622609896e-06,3.27305957741533e-06,3.94651777845842e-06,4.72333183780319e-06,5.61451660952121e-06,6.63203142015252e-06,7.78892355414298e-06,9.09947368132768e-06,1.05793463914721e-05,1.22457535974511e-05,1.41176678597997e-05,1.6216046627318e-05,1.85639849760582e-05,2.11869121038449e-05,2.41129334381914e-05,2.73731076980701e-05,3.10016161794452e-05,3.50361232165069e-05,3.95182618173013e-05,4.44939227060946e-05,5.00135613007724e-05,5.61328220709828e-05,6.29131286368878e-05,7.04220418203407e-05,7.87339715127703e-05,8.79312154403686e-05,9.8104427291957e-05,0.000109353158706327,0.000121787774038944,0.000135531118695141,0.000150718432089301,0.000167498516032007,0.000186037574339428,0.000206521111182674,0.000229153135928963,0.000254159732732901,0.000281796174885257,0.000312346443964905,0.000346119978553249,0.000383463341365921,0.000424774330585431,0.000470494171125752,0.000521101944277581,0.000577139791441585,0.000639232374260902,0.000708074061770851,0.00078442957714208,0.000869167536436364,0.000963275373497162,0.00106784986310463,0.00118411687731738,0.00131346362849961,0.0014574346973224,0.00161773705062477,0.0017962798066811,0.00199518751456605,0.0022167989144132,0.00246368474092185,0.00273864295109415,0.00304472187134933,0.00338529229131759,0.00376400023766555,0.0041846610845546,0.00465136368131415,0.00516861601843654,0.0057412147218935,0.00637408777907348,0.00707243045834004,0.00784187272442085,0.0086883719631563,0.00961807020539773,0.01063740156054,0.0117532368071895,0.0129728216433035,0.0143037116965277,0.015753844862291,0.0173316338049777,0.0190460772409827,0.0209066826493756,0.022923232845398,0.0251062902244991,0.0274676185979689,0.0300190340081089,0.0327723182237615,0.0357413841334438,0.0389414981172525,0.0423862946407226,0.0460897115408461,0.0500690196440544,0.0543420258989406,0.0589248429925425,0.0638339737288104,0.0690868544908985,0.0747019638896028,0.0806996171419234,0.0870978288210546,0.0939102234603955,0.101154227194121,0.108852915056804,0.117021621619197,0.12566583911392,0.134797298113608,0.144433643950639,0.154580314132395,0.165233210232053,0.176394050312239,0.188060538695992,0.200211641919779,0.212824172919427,0.225885257970284,0.239361592643982,0.253184988053797,0.267299536130617,0.28167199628278,0.296220809663106,0.310812636433692,0.325347706062329,0.339745868005736,0.353860415154409,0.367508873493381,0.380541203482218,0.392800265588242,0.404082695675843,0.414172872717624,0.422857120517531,0.429919205072105,0.43515727904427,0.438374395066919,0.439364827408037,0.437949542050621,0.433991067691596,0.427365644487987,0.417984988316577,0.405844325129976,0.391011073169396,0.373602662572707,0.353804949880351,0.33188014308718,0.308150170103461,0.282994186290298,0.256854026658951,0.230221208982599,0.203608369763058,0.177522323449922,0.15244370766414,0.128804411296684,0.106965205454967,0.0872041245355502,0.0697092342317492,0.054570794240681,0.0417810338454889,0.031243027750171,0.0227853075188263,0.0161812537095636,0.0111710969354109,0.00748392159835819,0.00485628784817386,0.0030461866182533,0.00184321109448346,0.00107358630297533,0.000600482773305237,0.000321646259849469,0.000164534707166312,8.01479029914546e-05,3.70641790284372e-05,1.61858419630491e-05,6.62788309353649e-06,2.5599973386074e-06,9.4205717327597e-07,0
71494289.8659758,0,-7.23324597390728e-12,-4.04379278460838e-12,-3.65621096744595e-12,1.01319455242222e-11,4.40163127293991e-11,1.25579790250592e-10,2.96565673964788e-10,6.32114295064007e-10,1.25261624443236e-09,2.34703621829662e-09,4.1991621063296e-09,7.22139944413498e-09,1.19936705065293e-08,1.93074676600697e-08,3.02131021134897e-08,4.60683498469803e-08,6.85860306333848e-08,9.98780905601217e-08,1.42493792173965e-07,1.99450061947119e-07,2.74252659707421e-07,3.7090771501021e-07,4.93924185123311e-07,6.48308867813227e-07,8.39556618636196e-07,1.07363929794218e-06,1.35699758612305e-06,1.69653996496055e-06,2.09965295836706e-06,2.57422621225654e-06,3.12869503720556e-06,3.77210184157041e-06,4.51417690409412e-06,5.36543779459118e-06,6.33730590037233e-06,7.44223825862851e-06,8.69387266029788e-06,1.01071842777231e-05,1.1698653088555e-05,1.3486441524979e-05,1.54905832950823e-05,1.77331854691912e-05,2.023864568872e-05,2.30338871037766e-05,2.61486148453608e-05,2.9615596682586e-05,3.34709709477566e-05,3.77545847348095e-05,4.251036318078e-05,4.77867193304186e-05,5.36370048623561e-05,6.01200031011061e-05,6.7300482272206e-05,7.52498202351123e-05,8.40467018185338e-05,9.37779038842886e-05,0.000104539202310767,0.00011643639236409,0.000129586458520992,0.00014411888060004,0.000160177130056262,0.00017792033853356,0.000197525176481621,0.000219187938527471,0.000243126873137038,0.0002695848381903,0.000298832247848267,0.00033117040944827,0.000366935386896393,0.000406502366058774,0.000450290673663045,0.000498769572843616,0.000552464911169877,0.000611966604217573,0.000677937074274052,0.000751120801121025,0.000832354646512476,0.00092257909419859,0.00102285058969885,0.00113435451353971,0.00125841846405476,0.00139652635214156,0.00155033307820083,0.00172167864001425,0.00191260221518202,0.00212535610677383,0.00236241842627302,0.00262650433613066,0.00292057667404894,0.00324785408657092,0.00361181669617818,0.00401621136226042,0.00446505562922609,0.00496263957112275,0.00551352821778834,0.00612256501346539,0.00679487519078455,0.00753587237338041,0.008351268091549,0.00924708155167931,0.010229650794188,0.0113056500814023,0.012482110147597,0.0137664426216772,0.0151664609796831,0.0166904128210649,0.0183470203820723,0.0201455158490864,0.0220956865381682,0.0242079147282358,0.0264932233454371,0.0289633035161348,0.0316305501155057,0.0345080616839005,0.0376096378627171,0.0409497593810025,0.0445435711033301,0.0484068238326523,0.0525558077446821,0.0570073155030117,0.0617785832178053,0.0668871831266063,0.0723509335261052,0.0781878017851241,0.0844157308880576,0.0910524275006393,0.0981151397361398,0.105620357899144,0.113583449449509,0.122018289227132,0.130936776137073,0.140348319010634,0.150259354992985,0.160672720528968,0.171586966111821,0.182995642749525,0.194886446266555,0.207240350938328,0.220030910256813,0.233223244978187,0.246772888486947,0.260625132093179,0.274714352009507,0.288962697515728,0.303279173850438,0.317559424106002,0.331684809489061,0.345521549542945,0.358921081498788,0.371720585156255,0.383743199480403,0.394799291940748,0.404689195063076,0.413205895731331,0.420138253151598,0.42527590410623,0.42841501936577,0.429364429013007,0.427952538306169,0.424035220159114,0.417503950862443,0.408294169814348,0.396393556917775,0.381849774125308,0.364776888700293,0.345359550642025,0.323854076156685,0.300585868003861,0.275942745100264,0.250364006093596,0.22432555510804,0.198321707188981,0.172844438603983,0.148361291374134,0.125293530227457,0.103996231837112,0.0847421240420526,0.0677107881867692,0.0529843249645495,0.0405499620698533,0.0303092984572307,0.0220931161552254,0.0156801235488947,0.0108175698097335,0.00724156229460403,0.00469513029148993,0.00294252072133215,0.00177885950759409,0.00103503331146683,0.000578283784001688,0.000309474141795635,0.000158220192003018,7.70619866953932e-05,3.56507260612862e-05,1.56165221848747e-05,6.4557780323145e-06,2.50900094743727e-06,9.18032959020246e-07,0
73168071.4342719,0,-6.9331635019407e-12,-3.880682294373e-12,-3.52345452810236e-12,9.65362790567266e-12,4.2055765276943e-11,1.20073505388152e-10,2.8367494359536e-10,6.04776777843298e-10,1.19863539648674e-09,2.24615474335558e-09,4.01900820368759e-09,6.91198743981784e-09,1.14801801004077e-08,1.84810811473245e-08,2.89197166663253e-08,4.40950610767268e-08,6.5645414492773e-08,9.55903595328785e-08,1.36367053850278e-07,1.9085905739193e-07,2.62416403210519e-07,3.54866391822615e-07,4.72515563349274e-07,6.20144776424689e-07,8.03000071347865e-07,1.02678193822367e-06,1.29763671660962e-06,1.62215578011918e-06,2.00738641667167e-06,2.46085507354889e-06,2.99060693301455e-06,3.60526739752672e-06,4.3141212173208e-06,5.12720455637813e-06,6.05541845004946e-06,7.11066181331216e-06,8.30596711972292e-06,9.65564617848148e-06,1.11754602651767e-05,1.2882793234563e-05,1.4796821295559e-05,1.69387083584204e-05,1.93318215278265e-05,2.20019511844819e-05,2.4977556563313e-05,2.82900332276462e-05,3.19739947941029e-05,3.60676092266461e-05,4.06129788158202e-05,4.56565029822011e-05,5.12492766980256e-05,5.74476047020756e-05,6.43135704703448e-05,7.19155886036786e-05,8.03290305528025e-05,8.96369945812226e-05,9.99312131401531e-05,0.000111313058880027,0.000123894623816829,0.000137799866045372,0.000153166101908627,0.000170145836290694,0.000188908486456472,0.000209642095792909,0.000232555802773195,0.000257882699333837,0.000285882345434861,0.000316843828056067,0.000351089930716251,0.000388981226928386,0.000430920300868619,0.000477357746111077,0.000528799148906353,0.000585811388654694,0.000649030071423094,0.000719169983382749,0.000797035873928523,0.000883531396455857,0.000979670050100811,0.00108659084579068,0.00120557276134761,0.00133804335355681,0.00148559075219011,0.00164998616380152,0.00183320016484789,0.00203740283183712,0.00226497492311539,0.00251853646562337,0.00280095416305542,0.00311533275535878,0.00346502884876641,0.00385366461304217,0.0042851223127091,0.00476355278430536,0.00529338167925549,0.00587929482194839,0.00652625412482531,0.00723952377293725,0.00802465292144803,0.00888748097527826,0.00983418989373617,0.0108713082218494,0.0120056760394723,0.0132444917096816,0.0145954237814188,0.0160666121706906,0.0176665476607493,0.0194041341646283,0.021288968835204,0.0233314011302341,0.0255422063823272,0.0279325256662596,0.0305144211232471,0.0333011691526253,0.0363064342741339,0.039543810035286,0.0430280436863621,0.0467754467284624,0.0508021887579608,0.0551240053576311,0.0597578977269021,0.0647218588229633,0.0700334422430402,0.0757101424766083,0.0817697017602473,0.088229565379122,0.0951070959102854,0.102418954969154,0.110179813171593,0.118403269339786,0.12710238613667,0.136287029105586,0.145962489350711,0.15613174156836,0.166795460238422,0.177947336689909,0.189572914987086,0.201654551203548,0.214170251123226,0.227085105231418,0.240351614167294,0.253916917521545,0.26771999931984,0.281683748794014,0.295715461668556,0.309711138985141,0.323556152071651,0.337122739440556,0.350264697836607,0.36281641709773,0.374601922229669,0.385439974170505,0.395135554187111,0.403478428621897,0.410260863451658,0.415285605737549,0.418354057475003,0.41927121904027,0.417868826387112,0.414009794119604,0.407586044438386,0.398535490200277,0.386853968488018,0.372592374155116,0.355862765519724,0.336847575581118,0.315797648989074,0.293029823946031,0.26892480860602,0.243915699288196,0.218470501915596,0.193073692688394,0.168206090568644,0.144323022805873,0.121833225457439,0.101080791806017,0.0823300366038638,0.0657542610124277,0.0514312777036241,0.0393460820812015,0.0293999076164729,0.0214251203705617,0.0152039650828667,0.0104888686492039,0.0070222880258748,0.00455409264115388,0.00285524459272175,0.00172702013574265,0.00100553881412107,0.000562228263503885,0.000301123892596193,0.000154081358446239,7.51099376425795e-05,3.47673998285706e-05,1.52289775006458e-05,6.29996578019542e-06,2.45584440884529e-06,8.97567894072533e-07,0
74881038.5759003,0,-7.91162561747381e-12,-3.91768863789032e-12,-4.70890071343417e-12,8.88778824694204e-12,3.90205161918734e-11,1.146827291477e-10,2.70779987679933e-10,5.79333451947403e-10,1.14790102798388e-09,2.15234562510275e-09,3.85050474767004e-09,6.62249750679047e-09,1.0997930487276e-08,1.77035299142164e-08,2.76997163214688e-08,4.22305943474768e-08,6.2862115617602e-08,9.15266127073648e-08,1.30553384537016e-07,1.82699486621533e-07,2.51165282965682e-07,3.39607432081402e-07,4.52138837712281e-07,5.93325745531122e-07,7.68175641758805e-07,9.82128099117049e-07,1.24104786471024e-06,1.55122694664488e-06,1.91938983415362e-06,2.3527119431044e-06,2.85886130917362e-06,3.44606836548204e-06,4.12319909916765e-06,4.89982701243672e-06,5.78634143197949e-06,6.79410451243e-06,7.93558626579794e-06,9.22446627054879e-06,1.06757938284887e-05,1.23062006756212e-05,1.41340609188179e-05,1.61796354769854e-05,1.84652897780301e-05,2.10157314225633e-05,2.38582208548175e-05,2.70228236102671e-05,3.05427159249195e-05,3.44544794632867e-05,3.87984095733033e-05,4.36189244352506e-05,4.89650159754211e-05,5.48906634368756e-05,6.14553270965704e-05,6.87245118515554e-05,7.67703193940098e-05,8.56723328118788e-05,9.55187123594228e-05,0.000106406631923587,0.000118442857427949,0.000131745912291251,0.000146448081321037,0.000162695574748408,0.000180649894382674,0.000200491263199076,0.000222420641566691,0.00024666127393989,0.000273462189413976,0.000303101172812544,0.000335887664946561,0.000372167885507617,0.000412329056077684,0.000456803587090437,0.000506076778580816,0.000560693568399199,0.000621264598529054,0.000688476604269432,0.000763101553866441,0.000846005784026821,0.000938165499532453,0.00104067725374076,0.0011547648936834,0.00128179938531755,0.00142331518466168,0.00158101667800838,0.00175679550684187,0.00195274340566186,0.00217115600004858,0.00241455718735042,0.00268571792681124,0.00298764237857047,0.00332356427763718,0.00369696940264423,0.00411161742164667,0.00457154207610856,0.00508102047937691,0.00564456531074545,0.00626697207617664,0.00695333181748071,0.00770901563550556,0.00853973136982459,0.00945151049242577,0.0104505889926692,0.0115435560538222,0.0127376487261521,0.0140405125987769,0.0154598201466655,0.0170036644083107,0.0186811126433265,0.0205019336706603,0.0224759775192494,0.024613228576365,0.0269247078947921,0.0294229300043395,0.0321208256605318,0.0350310759523552,0.0381671216680215,0.0415435894954243,0.0451760905065721,0.049081366361303,0.0532757557740359,0.0577739912027053,0.0625924729826676,0.0677514709906662,0.0732701916724916,0.0791627658594147,0.0854441196988894,0.0921353280344902,0.0992554558471548,0.106814603616321,0.114823904563365,0.123301076678504,0.132257866842789,0.141696375218399,0.151619747537897,0.162030386668077,0.172920953868373,0.184278002854287,0.196085353327833,0.208318281929606,0.220943246454285,0.233921774567482,0.24720399227851,0.260719760168135,0.274386313708875,0.288121233792111,0.301831695052711,0.315395202233874,0.328674208105659,0.341539831309281,0.353848373483902,0.365412910337253,0.376033381099239,0.38552279792533,0.393683282191798,0.400308193054596,0.405208651709828,0.408198366558106,0.409088535223059,0.407715436782552,0.403935828092376,0.397627802155472,0.38873234328581,0.377260742921738,0.363273509443789,0.346888504451135,0.328289932477976,0.307719621130629,0.285477249575538,0.261927454996801,0.237494784749817,0.212643382315999,0.187853457526433,0.163599656576985,0.140326093392488,0.118425429402834,0.0982264131277638,0.0799817731883734,0.0638577104555269,0.049929398838386,0.038182286951413,0.0285197154510729,0.0207768601391716,0.0147398487173333,0.0101663991219371,0.00680505119490555,0.00441231928881181,0.0027657812643005,0.00167253002811599,0.000973583840912737,0.000544226235744859,0.000291388880539819,0.000149066186295263,7.26685534906873e-05,3.36228992282035e-05,1.46907469709092e-05,6.06612368877475e-06,2.38603327924633e-06,8.76568644362055e-07,0
76634108.6800746,0,-7.57923845525702e-12,-3.74967442356563e-12,-4.50929586884772e-12,8.51607905251121e-12,3.73741270772804e-11,1.09843965282512e-10,2.59359106927027e-10,5.54917127603095e-10,1.09954617738367e-09,2.06171860650499e-09,3.6884021921554e-09,6.34367138824036e-09,1.0534682316074e-08,1.69572424341045e-08,2.6530703780544e-08,4.0445689476842e-08,6.02004199195201e-08,8.76431071821507e-08,1.25000968966835e-07,1.74909512732173e-07,2.40427204517593e-07,3.25047523941451e-07,4.32698453634973e-07,5.67739767922342e-07,7.34952081988373e-07,9.39527930936246e-07,1.18706329668164e-06,1.48355875919425e-06,1.83542763655811e-06,2.24951640993255e-06,2.73313995047674e-06,3.29414255384642e-06,3.94097572459133e-06,4.68277871528435e-06,5.52947191169175e-06,6.49189299078106e-06,7.58194554445384e-06,8.8127135964883e-06,1.01985902921058e-05,1.17554730407372e-05,1.35009445269581e-05,1.54544090863602e-05,1.76372834850078e-05,2.00732290276142e-05,2.27883490658746e-05,2.58114399742897e-05,2.91743051588933e-05,3.29119842016217e-05,3.70630227114382e-05,4.16699751256595e-05,4.67798573021511e-05,5.24443697282781e-05,5.87203207357468e-05,6.56704039662374e-05,7.33639153647869e-05,8.18772539423498e-05,9.12944548901076e-05,0.000101708180408678,0.000113221213610702,0.000125947570633657,0.00014001320273871,0.000155557665530461,0.000172736306011932,0.000191721626284941,0.000212705689743219,0.000235903682362444,0.000261554813821545,0.000289923213767202,0.000321305252712564,0.000356036752271252,0.000394490733118303,0.000437077977089723,0.000484263345848062,0.000536576145977362,0.000594601490945258,0.000658990956609833,0.000730493870287194,0.000809950492662926,0.000898279051004188,0.000996527282930091,0.00110590276578167,0.00122772285872058,0.00136342289186208,0.00151464808771501,0.00168326004931891,0.00187126617074406,0.00208084266061655,0.00231442763741908,0.00257472009185997,0.002864609570263,0.00318719959857935,0.00354588260264868,0.00394430613886706,0.00438632707694683,0.00487607934696049,0.00541798207093197,0.00601666356759528,0.00667702701255155,0.00740431458366359,0.00820400333462004,0.00908186326274041,0.0100441084346853,0.0110972255126433,0.0122479503928717,0.0135036400123407,0.0148721716306505,0.0163615631891145,0.0179803124821878,0.0197377922634017,0.0216438632991133,0.0237086271555697,0.0259429228105907,0.0283586473460358,0.0309682348867359,0.0337841763613713,0.0368197297328742,0.040089858545345,0.0436102721377014,0.0473956506817697,0.0514608830203699,0.0558233316349552,0.0605010099953883,0.0655103841827377,0.0708681344673389,0.0765916305901674,0.0826980457827668,0.0892054891650786,0.0961305702011669,0.10348575876413,0.111284047491153,0.119540151190138,0.128264957993986,0.137464945713809,0.14714315247832,0.157297625494315,0.167922721398986,0.179008259306456,0.190537219453067,0.202487074179303,0.214826234008568,0.227510484777051,0.240489151940386,0.253705568754639,0.267085137178735,0.280528851176177,0.293929617864601,0.307192313569752,0.320206181489013,0.332810434126398,0.344839266119442,0.356152698809341,0.366568746827878,0.375855779531296,0.383820930751995,0.390301209394802,0.395093824843248,0.397995251666065,0.39884886845594,0.397498251832596,0.393779901483443,0.387585379505391,0.378869620549039,0.367629788399867,0.353927151173271,0.337893606941181,0.319707696272608,0.299601145985193,0.277874233501006,0.254884647527444,0.231041121993375,0.206798953595843,0.182630639025446,0.158996657020838,0.136329666425047,0.115013153896596,0.0953636006341429,0.0776238615515968,0.0619538233539123,0.0484237188156872,0.0370174821383551,0.0276397170030131,0.0201285703782889,0.0142750821365465,0.00984271997952607,0.00658640567385975,0.00426938637712688,0.00267547886481591,0.00161748321155025,0.000941303415215195,0.000526045419695768,0.000281584472126662,0.000144024386132326,7.02011819451185e-05,3.24800445397728e-05,1.41911138041374e-05,5.85997157626682e-06,2.30614158929007e-06,8.47003380012298e-07,0
78428220.6133768,0,-7.25037051506028e-12,-3.57583000806787e-12,-4.29565128575089e-12,8.19125257006093e-12,3.58397813343509e-11,1.05257843492625e-10,2.48456123442339e-10,5.31525195404671e-10,1.05313638619017e-09,1.97465010819796e-09,3.53258418903626e-09,6.07561396178547e-09,1.00893784418312e-08,1.62400675680942e-08,2.54077080565208e-08,3.87317512671756e-08,5.76456955600161e-08,8.39174608544082e-08,1.19676830793597e-07,1.67443240708931e-07,2.30139701455109e-07,3.11104076623575e-07,4.14088153042422e-07,5.43255143822253e-07,7.03169494984153e-07,8.98787493251456e-07,1.13544816998929e-06,1.41887561356805e-06,1.75518817061773e-06,2.1509163593973e-06,2.61303459755261e-06,3.14902137332248e-06,3.76693617799565e-06,4.4754965188097e-06,5.28416853978139e-06,6.20329769719674e-06,7.24424605040338e-06,8.41950883262017e-06,9.7428535702901e-06,1.12294908187467e-05,1.28962300214198e-05,1.47616418458201e-05,1.68462453275561e-05,1.91726936280066e-05,2.17659892368261e-05,2.46537283963543e-05,2.78663340551422e-05,3.14373522296069e-05,3.54037977195988e-05,3.98064381608396e-05,4.46901414331906e-05,5.01044015070092e-05,5.61038416095404e-05,6.27486046093873e-05,7.01048180842416e-05,7.82453878723155e-05,8.72510155899128e-05,9.72108905284636e-05,0.000108223195866352,0.000120396428402212,0.000133851316925516,0.000148722144798056,0.000165157547316907,0.000183322244923125,0.000203400431900775,0.000225598116110219,0.000250143833125127,0.00027729239185298,0.000307330162597826,0.00034057595995623,0.00037738438349764,0.000418155469462076,0.000463339266784072,0.000513436753142016,0.000569008531781964,0.000630687236036192,0.000699187260742188,0.000775310166527105,0.000859950725515442,0.000954116709416535,0.00105894610908873,0.00117570497098186,0.00130580126276626,0.00145081726443636,0.00161251133618846,0.0017928120717738,0.00199385009927791,0.00221798438880481,0.00246778600154413,0.00274603285326161,0.00305574909314169,0.00340021716088456,0.00378293684016452,0.00420764077087156,0.00467834746595628,0.00519931458186274,0.0057750035820661,0.00641017119631937,0.00710988859162893,0.0078794786112228,0.00872456975384232,0.00965112574460273,0.0106653793597974,0.0117739848509962,0.0129841845085373,0.0143035449736715,0.0157398191850822,0.0173013713987998,0.0189973284753033,0.0208372499166101,0.0228312125205403,0.0249899861464493,0.0273246480061566,0.0298468957299266,0.0325699281292877,0.0355075748787936,0.0386731654972226,0.0420809154044654,0.0457466144185607,0.0496862283599736,0.0539161484765154,0.0584530706813367,0.0633124701745983,0.0685113291806898,0.0740696739123701,0.0800042446028147,0.0863277553086906,0.0930571023572578,0.100210733710552,0.107799276644162,0.115832032981045,0.124324148388651,0.133284104738683,0.142709363674909,0.152600634850365,0.162958561830655,0.173769465847814,0.185013044866218,0.196669920459812,0.208711455115087,0.22109667456384,0.233777546521435,0.246694804298815,0.259767940059628,0.272900691525807,0.286003910818928,0.298985468054173,0.311711105891131,0.324025348588954,0.335794395551289,0.346870215485624,0.357055465500978,0.366140255870237,0.373932354847901,0.380255269206143,0.384932431432507,0.38777023462631,0.388588643668089,0.387246661863101,0.383605388513687,0.377538451856436,0.368994967940039,0.357992184112929,0.344588554418371,0.328906561581417,0.311133169466747,0.291498947191809,0.270290861090758,0.247861051399391,0.224611077627809,0.20098163198119,0.177434618411281,0.154421029989472,0.132360709400254,0.111626472481115,0.0925246316443801,0.0752874896258793,0.0600686624461827,0.0469345238432611,0.0358665150573359,0.0267708230768116,0.0194892567577472,0.0138171283825959,0.00952395167374886,0.00637131922346514,0.00412885308633475,0.00258672623501167,0.00156345033398319,0.000909628700353878,0.000508215373317252,0.000271985079676095,0.000139086107700661,6.77858221573661e-05,3.13640543272396e-05,1.37013262870176e-05,5.65768126805347e-06,2.22837425935766e-06,8.17901393932442e-07,0
80264335.2225717,0,-6.70711261871893e-12,-3.72633709926275e-12,-4.0722083232372e-12,7.07142015348929e-12,3.38366309923139e-11,9.9231583088185e-11,2.36455384626447e-10,5.06186252347532e-10,1.00552900592465e-09,1.88646567086507e-09,3.37805047683097e-09,5.81180802325053e-09,9.65512241019942e-09,1.55437083167764e-08,2.4322129114348e-08,3.70790850578106e-08,5.51879637190426e-08,8.03381625923271e-08,1.14567842809727e-07,1.60284288946338e-07,2.20282326138366e-07,2.97749607467786e-07,3.96270564516368e-07,5.19819871497537e-07,6.72755721724262e-07,8.59807213332013e-07,1.0860699833117e-06,1.35700512077367e-06,1.67844765354433e-06,2.05662269156716e-06,2.49818324915686e-06,3.01026400647526e-06,3.60054809052155e-06,4.27734303507696e-06,5.04968082839279e-06,5.92744060051908e-06,6.9214724840261e-06,8.04370607975236e-06,9.30728982968878e-06,1.07267751295267e-05,1.23182642162404e-05,1.40995167634858e-05,1.60901474662719e-05,1.83118778483607e-05,2.07886833746605e-05,2.35469453704455e-05,2.6615784894294e-05,3.00273986674789e-05,3.38172412189595e-05,3.80242791120546e-05,4.26914801674638e-05,4.78663368870808e-05,5.36011991532488e-05,5.99535449030945e-05,6.69866002013843e-05,7.47703297938607e-05,8.33821767036859e-05,9.29073806014539e-05,0.000103439714834244,0.000115083071353521,0.000127953188576763,0.000142178813256157,0.000157902151899744,0.000175280275293502,0.000194489369349143,0.000215728091140276,0.000239216146748614,0.000265195645492515,0.000293939948035272,0.00032575805350922,0.000360992028974416,0.00040002207434944,0.000443278079901755,0.000491244799738485,0.000544462929454349,0.000603535648824309,0.000669144879975557,0.000742065654972545,0.000823162917025151,0.000913395592057597,0.00101384883696271,0.00112575133003263,0.00125046441094958,0.0013894945050643,0.00154452629867349,0.00171743272074196,0.00191026779021278,0.00212527963969357,0.00236494819942708,0.00263198543747901,0.00292929289383278,0.003259995856265,0.00362750906914659,0.0040354712777036,0.0044877058839509,0.00498833118818677,0.00554174185512283,0.00615248845792226,0.00682540595594484,0.00756575620123078,0.00837903913680243,0.00927088330799947,0.0102473462076574,0.0113150835214537,0.0124810501686364,0.0137523749201018,0.0151367511977339,0.0166425598657011,0.0182785131924968,0.0200537723114394,0.0219783424793695,0.0240627416111221,0.0263176785158911,0.0287547097899696,0.0313868070828934,0.0342274385773537,0.0372893675126001,0.0405861523453777,0.04413440096594,0.0479507505451447,0.0520485315234935,0.0564429846645688,0.0611542497072907,0.0661995307206503,0.0715918247885567,0.077348727278739,0.0834901219353362,0.0900296715080869,0.0969793414901325,0.104354815403946,0.112169346774372,0.12043068732975,0.129146139754487,0.138322842652732,0.147961012401366,0.158051252484539,0.168582130704317,0.179543793993466,0.1909152885872,0.202659725477358,0.214740326276947,0.227119156388018,0.239732548129948,0.252493941847937,0.265321585993697,0.278133590427905,0.290816603699612,0.303233926491088,0.315263025175694,0.326778387920014,0.337604548503883,0.347542659543448,0.356417152654112,0.364045501010868,0.370220760967618,0.374761437332768,0.377512667360464,0.378303690459456,0.376970882416348,0.373390236724626,0.367458190369315,0.359105469826418,0.348340216196776,0.335236512746656,0.319914094684313,0.302553015609818,0.283390355618501,0.262709162077367,0.240848977711945,0.218200947036421,0.195191144082138,0.172268795560081,0.149876197395793,0.12842050860606,0.108264377423913,0.0897076996683092,0.0729720715750355,0.0582020788434153,0.0454613762717098,0.0347296374555235,0.025913230353754,0.0188582285358927,0.0133652525012082,0.00920947522272304,0.00615909566801474,0.00399028881563471,0.00249931509529402,0.00151027950184777,0.000878517854657272,0.000490738318374861,0.000262585487470967,0.000134262514901851,6.54308707907641e-05,3.02820713900745e-05,1.32328966241393e-05,5.4584042659273e-06,2.14931392831879e-06,7.91222615528399e-07,0
82143435.8491942,0,-6.91460403619682e-12,-3.74946325756544e-12,-4.52667898498713e-12,6.33402583363104e-12,3.15134357061292e-11,9.42582831103881e-11,2.25187048352445e-10,4.83647551991924e-10,9.61391383863004e-10,1.80532544098423e-09,3.2335011234795e-09,5.56480797641763e-09,9.24547748219964e-09,1.48854822670938e-08,2.32919512928466e-08,3.55080367406287e-08,5.28465338081256e-08,7.69245420344326e-08,1.09689662711873e-07,1.53443834026197e-07,2.10856740006507e-07,2.8497507726145e-07,3.79221820156068e-07,4.97392144450572e-07,6.43644130106361e-07,8.22492152526672e-07,1.03880078996854e-06,1.29778112232113e-06,1.60499352485008e-06,1.96637298577505e-06,2.38827026660363e-06,2.87749302626553e-06,3.44135918470403e-06,4.08778604351768e-06,4.82539632618271e-06,5.66362293244662e-06,6.61281978501109e-06,7.68437733680651e-06,8.89086029558587e-06,1.0246181669318e-05,1.17657506617367e-05,1.34665714020662e-05,1.53674083418062e-05,1.74890461117056e-05,1.98544772421815e-05,2.24889877743132e-05,2.54204118082403e-05,2.86795736772684e-05,3.23005232568656e-05,3.63205905743211e-05,4.07807872695914e-05,4.57265508188143e-05,5.12081889887088e-05,5.72808204778205e-05,6.40047698015559e-05,7.14470063724009e-05,7.96819014076162e-05,8.87907363724205e-05,9.88630826066719e-05,0.000109999383630803,0.000122310459720259,0.000135917625024411,0.000150957144674448,0.000167582061934412,0.00018596052379964,0.000206279670317542,0.000228751435555089,0.000253611192057834,0.000281117813242923,0.000311564399928778,0.000345285316510171,0.000382648035758053,0.000424055451452723,0.000469972220309062,0.000520929560999638,0.000577502736474154,0.000640332965985307,0.000710174022512063,0.000787869086088143,0.000874320201239993,0.000970556829834999,0.00107778855977224,0.00119733449668807,0.0013306013629009,0.00147920302239683,0.0016449892589099,0.00182993250646827,0.00203615160475796,0.00226605011286075,0.00252227470686847,0.00280760015857565,0.00312501510351723,0.00347784136946577,0.00386962863068765,0.00430403185337865,0.00478496622391189,0.00531675066340313,0.00590387769090426,0.00655091728785231,0.00726288535606533,0.0080452290813126,0.00890341364202387,0.00984322323286122,0.0108711878593572,0.0119940990152596,0.0132187525350979,0.0145525385557124,0.0160037635602128,0.0175812297056648,0.0192936324577474,0.0211501193537887,0.0231614215544719,0.0253386057964449,0.0276921805644596,0.0302347516335879,0.0329802028825094,0.0359400702187885,0.0391276381989798,0.0425609150604135,0.0462551267404725,0.050221850091043,0.0544775423602709,0.0590421771131628,0.0639322656209197,0.0691617781810722,0.0747459913032885,0.0807034520211828,0.0870526897362003,0.0938049514653422,0.100968147547356,0.108557139812754,0.116588524386621,0.125069292574409,0.133998363221352,0.143374878837995,0.153199078937297,0.163459815743576,0.174131742721498,0.185198157468691,0.196647851816266,0.208438713759874,0.22050937593344,0.232810801748324,0.245276503627835,0.257805424810967,0.270299202410099,0.282659544380778,0.294769574484352,0.306518324042379,0.317778197040708,0.328362097625524,0.338079216825717,0.346761080854945,0.354197853078667,0.360183137600266,0.364582746977561,0.367250717821652,0.368008164798716,0.366720875291275,0.363255587019562,0.357463358802201,0.349284180998947,0.338746536345758,0.325916704049829,0.310934836337854,0.29400572600097,0.275348886803605,0.255221260647625,0.233946470707479,0.211899761639389,0.18949511244095,0.16717767444138,0.145391881770552,0.124539537020088,0.104966258430667,0.086957927833677,0.0707240498372987,0.0563972661043252,0.0440390392452294,0.0336316655827634,0.0250841964610097,0.0182481260971328,0.0129290677153608,0.00890691908527649,0.00595600280454396,0.00385839591193655,0.00241646097509871,0.00146008813229722,0.0008491864660048,0.00047426676776624,0.000253732123849067,0.000129726067624214,6.32700951456736e-05,2.92919864091716e-05,1.27650691935904e-05,5.26251794076036e-06,2.09665566410178e-06,7.78638010250226e-07,0
84066528.8561832,0,-6.61611464726055e-12,-3.58140716901237e-12,-4.31704162305286e-12,6.09526956586171e-12,3.02251417144226e-11,9.03436391119943e-11,2.1577430425734e-10,4.63370439388628e-10,9.21015639843632e-10,1.72942808861959e-09,3.09743885609259e-09,5.33042592580696e-09,8.85567130998161e-09,1.42571734854837e-08,2.23074989353399e-08,3.4004832756614e-08,5.06049713685021e-08,7.36544633480377e-08,1.05015597429869e-07,1.46888813386688e-07,2.01824807349521e-07,2.72733299242203e-07,3.62883239781748e-07,4.75899222443467e-07,6.15750981441362e-07,7.86745702595702e-07,9.93523362349261e-07,1.24105557888668e-06,1.5346487500782e-06,1.87996492765637e-06,2.28305743621199e-06,2.75041369214031e-06,3.2890132731141e-06,3.90641202749629e-06,4.61083811682519e-06,5.41128821345305e-06,6.31763387886087e-06,7.34075492165903e-06,8.49268369228999e-06,9.78672065414676e-06,1.12375630045954e-05,1.28614935513885e-05,1.4676534860291e-05,1.670256380795e-05,1.89615325594803e-05,2.14777117446143e-05,2.42778466137027e-05,2.73913859726779e-05,3.08508058539016e-05,3.46919449656639e-05,3.89543456945151e-05,4.36814052511511e-05,4.89207209540513e-05,5.47252465695853e-05,6.11537752246945e-05,6.82699761366448e-05,7.61435076064957e-05,8.48531713246004e-05,9.44863974785557e-05,0.000105137567144754,0.000116911555064261,0.000129926565183854,0.000144313002774188,0.000160215814884587,0.000177797322246333,0.000197236639986865,0.000218734612742519,0.000242518767371676,0.000268839673686023,0.000297975530662123,0.000330244477430377,0.000366001936891661,0.000405638446248236,0.000449596421479676,0.000498379049368736,0.000552545507731475,0.000612721241965803,0.000679616067186257,0.000754026266291464,0.000836837145902149,0.000929050293611154,0.00103180554416979,0.00114635912571982,0.00127408081738782,0.00141652705417003,0.00157546615893478,0.00175279515394015,0.00195055262142146,0.00217104968074469,0.0024168385509786,0.00269059548587062,0.0029952085791289,0.00333385332556203,0.003709906838893,0.00412699311656849,0.00458898548996221,0.00509983831299824,0.005663795596785,0.00628563298551026,0.0069702401206181,0.00772248320969491,0.00854777421449253,0.00945207218293477,0.01044142580252,0.0115222010480953,0.012701408111475,0.0139863876686513,0.0153847053067857,0.0169046936784718,0.018555481609298,0.0203462556297889,0.0222864777826494,0.0243869050676471,0.0266591815182315,0.0291148846849822,0.0317659027503464,0.0346253031744227,0.0377077211688599,0.0410280892208116,0.0445997736011021,0.0484369573402587,0.0525576920613225,0.0569795677503746,0.0617155388512917,0.0667796845383762,0.0721928290180302,0.0779748771306074,0.0841348974193216,0.0906809172489432,0.0976335227933912,0.105010663402967,0.11281371938252,0.121047917939229,0.129727793402572,0.138852562414663,0.148408931186896,0.158387842892297,0.16877637267481,0.179556382952723,0.190706793932081,0.202187584537957,0.213949293665347,0.225948479761659,0.23810867069536,0.250314930433347,0.26248701561515,0.274560345752023,0.286391748295057,0.297828430605284,0.30879523219162,0.319154788586122,0.328650036536094,0.337084676201782,0.344333650368318,0.350198488582278,0.354472215372473,0.357038255458005,0.357779171032018,0.356521389925513,0.353109798281582,0.347446556691815,0.339471118725877,0.329175916093078,0.316646523399918,0.302041255730584,0.285539009487998,0.267351265910871,0.247750669977508,0.227048790688557,0.205595661832351,0.183804147900969,0.162114354370227,0.140945631076539,0.12068993144226,0.101691269119953,0.0842190825890661,0.0684732496677773,0.0545859431094651,0.0426120361354775,0.0325313195319951,0.0242562146455892,0.0176405864210082,0.0124948653938637,0.00860542416968854,0.00575280764220976,0.00372582432667187,0.00233285628874767,0.00140920094542769,0.000819434426979805,0.000457538289893758,0.000244733200706867,0.000125122809809388,6.10080918286635e-05,2.8251134737753e-05,1.2314698042605e-05,5.07229214229493e-06,2.02454406193488e-06,7.5069812593958e-07,0
86034644.1668451,0,-5.49625052921375e-12,-3.02461399187128e-12,-3.10939442493506e-12,6.74148002794342e-12,3.02393360287491e-11,8.79084913452817e-11,2.08176409728244e-10,4.45414393479632e-10,8.83561981704571e-10,1.65768337767967e-09,2.96726067783723e-09,5.10520253039979e-09,8.47990836704765e-09,1.36510436159561e-08,2.13573109490224e-08,3.25546677190529e-08,4.84438860660303e-08,7.05046838353923e-08,1.00516874183746e-07,1.40584347014476e-07,1.93144658894963e-07,2.60978505899515e-07,3.47207104477864e-07,4.55290986989632e-07,5.89020567241819e-07,7.52509077170995e-07,9.50183072541209e-07,1.18678310893515e-06,1.46737198937367e-06,1.7973544048286e-06,2.18250081123764e-06,2.62899050325717e-06,3.1434811105319e-06,3.73318780910672e-06,4.40595351951737e-06,5.17034498108213e-06,6.03578820473704e-06,7.01269255065441e-06,8.11254480710703e-06,9.34803565707055e-06,1.07332351304811e-05,1.22837440913324e-05,1.40167975353142e-05,1.59514182569241e-05,1.81086509208115e-05,2.05117482719364e-05,2.31863060612657e-05,2.61605241986958e-05,2.94655525883022e-05,3.31357190578704e-05,3.72087419221083e-05,4.17261714750117e-05,4.67339423863252e-05,5.22826966345321e-05,5.84279552630356e-05,6.52308271485321e-05,7.27592474116003e-05,8.10883036975299e-05,9.0299979760242e-05,0.000100485094917398,0.00011174586037731,0.000124194882113648,0.000137955195371771,0.000153165648137919,0.000169983186040068,0.000188580098045797,0.000209147036011726,0.000231899715207626,0.000257080664807756,0.000284960565462143,0.000315841330220314,0.00035005875794643,0.00038799080721644,0.000430067574789893,0.000476770509701414,0.00052863110608344,0.00058624742683893,0.000650303687596394,0.00072156839488942,0.000800891992769169,0.00088923190167918,0.000987672540520439,0.00109741752800414,0.00121980335711367,0.00135633628881353,0.00150868271791405,0.00167864949434661,0.00186824060143082,0.00207969664908875,0.00231542715947961,0.00257799821310253,0.00287023461531312,0.00319521110282783,0.00355615482834495,0.00395651495766453,0.00440004358316827,0.00489066665668959,0.00543247093635174,0.00602991614743493,0.00668776896649535,0.00741086932628674,0.0082043982846493,0.00907415152396548,0.0100260488508219,0.0110659901635166,0.0122007812757925,0.0134381277809082,0.0147852768849611,0.0162494327472184,0.0178397007836987,0.0195662023975494,0.02143772908842,0.0234633924152629,0.0256552295283931,0.0280258069049928,0.0305858264464052,0.0333471433513129,0.0363246832385605,0.0395333847994658,0.0429865794710734,0.0466982190867854,0.0506845015974815,0.0549624222131505,0.0595473272357157,0.0644537598596416,0.0696982705954833,0.0752980414397706,0.081267722838307,0.0876204395128269,0.0943691526607029,0.101525090683106,0.109097297532808,0.117094276721593,0.125523883898812,0.134389027978211,0.143682163960556,0.153387810760463,0.163493765288207,0.173988889834269,0.184842087895348,0.196005830007536,0.20744718425533,0.2191329244083,0.230981576695397,0.242885416494313,0.254763583176535,0.266532538884891,0.278063685984949,0.289223716853858,0.29989799649037,0.309945993365311,0.319195430815519,0.327463929605866,0.334549663826038,0.34026103151865,0.344445688867907,0.346945797764394,0.347606468663029,0.346322060231793,0.342982546101235,0.337459115752861,0.329690585398071,0.319687051600262,0.307497106047661,0.293248612309457,0.277144350029282,0.259411108565687,0.240313925210798,0.220171921767622,0.199332532447398,0.178174994452714,0.157113814869142,0.136560439188246,0.116895234979614,0.0984526739966908,0.0815014291480243,0.0662392689113864,0.0527898033749706,0.0411992804089786,0.0314456902416638,0.023442153496418,0.0170438594477398,0.012068068912654,0.00830894976403059,0.00555267759136519,0.00359495989660538,0.00225041407025626,0.00135899225327277,0.000789975999191192,0.000440965850158249,0.00023571058862514,0.000120386501283691,5.86255527456404e-05,2.71385621885278e-05,1.18451065178194e-05,4.842262146068e-06,1.90579636286672e-06,7.19052384156355e-07,0
88048835.8164347,0,-5.82315360878277e-12,-2.87005612225486e-12,-3.4564889949684e-12,6.56240261285626e-12,2.87408007428163e-11,8.44818048297467e-11,1.99522188625126e-10,4.27069961572895e-10,8.46553227735673e-10,1.58793312898631e-09,2.84167822343552e-09,4.88852418600761e-09,8.11929011253478e-09,1.30697469478146e-08,2.04469895633492e-08,3.11655880942028e-08,4.63746389892812e-08,6.74893611623748e-08,9.62121442271416e-08,1.34553856512175e-07,1.84844017097631e-07,2.49739097893805e-07,3.32221111357925e-07,4.35594577346067e-07,5.6347758005057e-07,7.19795227931875e-07,9.08772929617461e-07,1.13493483943686e-06,1.40310876009409e-06,1.71844619340589e-06,2.08645157221925e-06,2.51302098764531e-06,3.00449963044371e-06,3.56775977396819e-06,4.21028121814e-06,4.94024369224006e-06,5.76664301731024e-06,6.69940528566038e-06,7.74949542948902e-06,8.92905655353239e-06,1.02515530703359e-05,1.17318879544224e-05,1.33865497189776e-05,1.52337865631751e-05,1.72937482148533e-05,1.95886601358511e-05,2.21430604321777e-05,2.49840085660784e-05,2.81413021230259e-05,3.16477640578883e-05,3.55395362147723e-05,3.98564562657328e-05,4.46425014973708e-05,4.99460396889851e-05,5.58201913613986e-05,6.23237272581187e-05,6.95216677769488e-05,7.74853092583042e-05,8.62933057078554e-05,9.60335172211218e-05,0.000106803124352414,0.00011870855629533,0.000131868769951618,0.000146418124292959,0.000162504903498492,0.00018029250471419,0.000199965883527735,0.000221733070649266,0.000245823946370218,0.000272496841301742,0.0003020431604389,0.000334785591412271,0.000371086596860063,0.000411358866896092,0.000456061542718658,0.000505704601898895,0.000560867601686838,0.000622205676042447,0.000690450262797727,0.000766420912220592,0.000851036727518828,0.000945332155304235,0.00105047272917105,0.00116774750510181,0.00129857570968526,0.00144455285913453,0.00160745908053636,0.00178922058468099,0.00199193127584632,0.00221791681065855,0.00246971877346911,0.00275003562368677,0.00306175429336294,0.00340803185612907,0.00379226615878906,0.00421800061138758,0.00468897742046589,0.00520925899801666,0.00578315222851323,0.00641512539601127,0.00710997163202514,0.00787283953312857,0.00870904988904356,0.00962427140293135,0.0106247480304903,0.0117169896057526,0.012907702394249,0.0142042362950438,0.0156145420036756,0.0171469025564456,0.018810107264907,0.0206134990813975,0.022566994514954,0.0246813075872444,0.0269676733666886,0.0294376756218675,0.0321038901849429,0.034979780439443,0.0380786935474603,0.0414143670800883,0.0450021621263901,0.0488576921110719,0.0529952463901802,0.0574299001384028,0.0621787349059156,0.0672579155132443,0.0726816798365394,0.0784644483666892,0.0846206831756839,0.0911630270435492,0.098102441166324,0.105449840526441,0.11321459884302,0.121399830945815,0.130003886198604,0.139025268597704,0.148457415442711,0.15828370798558,0.168483919574369,0.17903539252285,0.189906643493643,0.201055112054857,0.212421946199252,0.223933236677896,0.235516670077216,0.247093838044877,0.258553625656123,0.26977632775522,0.280664920199025,0.291095543960481,0.300887556555403,0.30987086085555,0.317899640613477,0.324789294902607,0.330343788536916,0.334416435553658,0.336868591577957,0.337538751043223,0.336285865405166,0.332997992083647,0.327578805589801,0.319977394634889,0.310208369112087,0.298339975028844,0.284492409949572,0.268838925501597,0.251595259647298,0.233018506053833,0.21341651168129,0.193144960903273,0.172588458779518,0.15214432044671,0.132208559206182,0.113147335364615,0.0952734929949444,0.0788450218374636,0.0640574124747047,0.0510300792575451,0.0398096610986875,0.0303747704677254,0.022637142186404,0.016454694356568,0.0116486128232693,0.00801804434997504,0.00535669752907166,0.00346694959253699,0.00216942846671883,0.00130970189450076,0.000761156173652472,0.000424825535679716,0.000227149427744268,0.000116069754335055,5.65411075614942e-05,2.61612700369522e-05,1.14288214992511e-05,4.71522654830132e-06,1.85714407431587e-06,6.82468221388211e-07,0
90110182.5166502,0,-5.57363332239317e-12,-2.74639794271747e-12,-3.30779338908617e-12,6.28196821830471e-12,2.75095539051135e-11,8.08698211495614e-11,1.91003668560936e-10,4.08870490576168e-10,8.10540697381219e-10,1.52049344731163e-09,2.72115764399477e-09,4.68141008999618e-09,7.77552892302229e-09,1.25165392923955e-08,1.95813886539e-08,2.9845460894962e-08,4.4408306799824e-08,6.46237078096207e-08,9.21196254105695e-08,1.28818419147893e-07,1.76946388206925e-07,2.3904146542233e-07,3.1795158539878e-07,4.16831779846354e-07,5.39135966450035e-07,6.88610529694631e-07,8.69286931716743e-07,1.0854804064784e-06,1.34179610778828e-06,1.6431476245485e-06,1.99478311169015e-06,2.40232360226124e-06,2.87181875731418e-06,3.40981950437197e-06,4.02345736916345e-06,4.72053602748065e-06,5.50963758873221e-06,6.40023154355942e-06,7.40278921162116e-06,8.52891810919482e-06,9.79149067269803e-06,1.12047583195206e-05,1.27844963609073e-05,1.45481728748676e-05,1.65150920669891e-05,1.87065470762114e-05,2.1146024572141e-05,2.38594224674024e-05,2.68752786428758e-05,3.02250527650692e-05,3.39433902714787e-05,3.80683811525129e-05,4.26420083973616e-05,4.77106708163851e-05,5.33254365703552e-05,5.95423763201482e-05,6.64234235077685e-05,7.40371526408001e-05,8.24591809551598e-05,9.17730450195157e-05,0.000102071381460064,0.000113456742484958,0.000126043158437203,0.00013995827749146,0.000155344067432876,0.000172357720471678,0.000191175472952893,0.00021199631348662,0.000235042513073849,0.000260560347445265,0.000288825618079284,0.000320151437310671,0.000354890069327121,0.00039343110927735,0.000436210337597663,0.000483724828998861,0.00053653434546912,0.000595259416406653,0.000660598555510151,0.00073334500673653,0.000814384074438779,0.000904701608801115,0.00100541041658537,0.00111775488094894,0.00124310701893141,0.00138299081001981,0.00153910096480881,0.00171329882798664,0.00190762016919532,0.00212428714386243,0.0023657142351944,0.0026345177948714,0.00293351118472487,0.00326571244753741,0.00363436984394828,0.00404292801191202,0.00449500940648299,0.00499450731049041,0.00554559906749385,0.00615263784053892,0.00682020341395559,0.00755324099412718,0.00835700020177844,0.00923698048570773,0.0101990835165758,0.0112496536361356,0.0123953446387262,0.0136431892286515,0.0150008000002336,0.0164763257132071,0.0180783113871652,0.0198157846997587,0.0216984405426383,0.0237366723470828,0.0259414021881972,0.0283239545769348,0.0308963741762567,0.0336718054399376,0.036663886907727,0.0398858532748112,0.04335151882528,0.047076618681631,0.0510768328718681,0.0553659793808982,0.0599590827656604,0.0648734311677988,0.070123975191383,0.0757233084491578,0.081685842861049,0.0880252558272225,0.0947514544616178,0.101874553298363,0.109404652661684,0.117345676497505,0.12569626007285,0.134454060652436,0.143612011149327,0.153154977464176,0.163065153243398,0.173321927593497,0.183891046932278,0.194724989007086,0.205775535887766,0.216984421839301,0.228262429202762,0.239511512630584,0.250654321830702,0.261597740677058,0.272204253848339,0.282336232829119,0.291865402628167,0.300628851777402,0.308442051552222,0.315133972633764,0.320539078570064,0.324499546661674,0.326872660332748,0.32751402992787,0.326284171910112,0.323070313221721,0.317785790798282,0.310379489532154,0.300861445265452,0.289305325885877,0.275831686149015,0.260604048016065,0.243836123614147,0.225785859017031,0.206747931177444,0.187063012012531,0.167110807839588,0.147278996946141,0.127945838922904,0.10946659833068,0.0921482072172087,0.076237854144302,0.0619211910112818,0.0493140470946582,0.0384605271120732,0.0293372530275742,0.0218577473574606,0.015883904910741,0.0112416163017636,0.00773592546244086,0.00516696853485415,0.00334338128761297,0.00209164666934474,0.00126247603337142,0.000733562901829487,0.000409353815587299,0.000218841709450652,0.000111810111633468,5.44633519012139e-05,2.51997735015722e-05,1.10085217025227e-05,4.5413589806841e-06,1.78871477509429e-06,6.5738828816834e-07,0
92219788.2333432,0,-5.33398317631986e-12,-2.64251942238086e-12,-3.19469791340586e-12,5.94146824906019e-12,2.61910574830845e-11,7.71499130488813e-11,1.82395974208559e-10,3.90703989236842e-10,7.74908884675031e-10,1.45421525882044e-09,2.60335974679417e-09,4.47988136941283e-09,7.44228826439614e-09,1.19819425943644e-08,1.87471135738184e-08,2.85759196306361e-08,4.25208203613515e-08,6.18772208250769e-08,8.82023565549205e-08,1.23334411758382e-07,1.69401417699057e-07,2.28828413443581e-07,3.04335790283658e-07,3.98936377995415e-07,5.15927299540257e-07,6.58883720781226e-07,8.3165211510118e-07,1.03834913040611e-06,1.28336695518468e-06,1.57139064628541e-06,1.90742305610601e-06,2.29682191562898e-06,2.74535457619819e-06,3.25926652632287e-06,3.84535374007842e-06,4.51105417218957e-06,5.26455737178084e-06,6.11490176591928e-06,7.07207679183947e-06,8.14716889511023e-06,9.35249136827142e-06,1.07016702912767e-05,1.22097905336186e-05,1.38935813703196e-05,1.57715226931096e-05,1.78639831500975e-05,2.01934722842107e-05,2.27848256640058e-05,2.56653425624422e-05,2.88650905230539e-05,3.24172597182117e-05,3.63583973441831e-05,4.07287104108597e-05,4.55725121056465e-05,5.09386103609077e-05,5.68807636564401e-05,6.34584176374762e-05,7.0737234925791e-05,7.87893002761495e-05,8.76942334531864e-05,9.75410383584585e-05,0.000108428523286025,0.000120465315705752,0.00013377240701391,0.000148485928607384,0.000164757547108296,0.000182755932159384,0.000202670401372758,0.000224713228239571,0.000249121240782706,0.000276159978249956,0.000306129040926995,0.00033936451303707,0.000376240322541131,0.000417176483618794,0.000462649630627709,0.000513194221695101,0.000569406261804768,0.000631958935567512,0.000701610121595788,0.000779204997318178,0.000865695365840891,0.000962151971496749,0.00106975870526712,0.00118983066112985,0.00132384300870107,0.00147342192940269,0.00164034215355038,0.00182656405290909,0.00203423793221949,0.00226568153845561,0.00252340486580691,0.00281012677089324,0.0031287542567799,0.00348240719053999,0.00387442673073878,0.0043083178282267,0.00478779724049535,0.00531689210934519,0.00589985172704517,0.00654108318040965,0.00724531892731509,0.00801766331380308,0.00886345316655958,0.00978835678355938,0.0107985340776874,0.0119004640743223,0.0131008963887735,0.014407221531818,0.0158274983803743,0.017369959159224,0.0190431290749131,0.0208566102001404,0.0228208307084101,0.0249460161273264,0.0272428693788214,0.0297238753948067,0.0324019242592416,0.0352889998224755,0.0383984304258933,0.0417455592650367,0.0453445414976968,0.0492085847021957,0.0533532561279896,0.0577949955475516,0.0625481824413587,0.067626761766186,0.0730454111930866,0.0788177504135178,0.0849560737066996,0.0914717767021528,0.0983742998159151,0.105671334990558,0.113369353812662,0.121469994882684,0.129966789895244,0.138850495812561,0.14811357988644,0.157739828764162,0.167698219530191,0.177958497447964,0.188491074502764,0.19923893205338,0.210123444847691,0.221078092049185,0.232032048423179,0.242879741134528,0.253507919724488,0.263815698841058,0.273683186074947,0.282958002312302,0.29147504674218,0.299069222145312,0.305578574042084,0.310839284331481,0.314687912504607,0.31698197903664,0.317594890572551,0.316392964797906,0.313254402593537,0.308099178495588,0.30088808909998,0.291627681315691,0.280384218686447,0.26727886977496,0.252477364651098,0.236185501403887,0.218650646692358,0.200166690806278,0.18106751726,0.16171417358894,0.142484162361675,0.123748839967489,0.105847534228529,0.0890757061669173,0.0736753830768378,0.0598237019033718,0.0476301421030766,0.0371373989009338,0.0283209135463937,0.0210950895343294,0.015325940774166,0.0108442130099687,0.00746064202861144,0.00498194775055689,0.00322297614149614,0.00201588953253691,0.00121651501715169,0.000706742753284542,0.000394327975490914,0.000210779427382998,0.000107676864521934,5.24435066805174e-05,2.42630193869315e-05,1.06001739824738e-05,4.37105075099518e-06,1.71909500092236e-06,6.3243274028493e-07,0
94378782.7777539,0,-5.10707131257516e-12,-2.54130357123693e-12,-3.08103625564405e-12,5.63535777977868e-12,2.49786115094147e-11,7.3697428287222e-11,1.74374529232447e-10,3.73721058006183e-10,7.41520106265925e-10,1.39198228713718e-09,2.49255347585695e-09,4.29001003050152e-09,7.12786396391784e-09,1.14768436439535e-08,1.79578751719835e-08,2.73735146849671e-08,4.07312502734592e-08,5.92706718682938e-08,8.44813221089404e-08,1.18120808202434e-07,1.62223172264933e-07,2.19105456815382e-07,2.91365751341903e-07,3.81880342932976e-07,4.93796321366777e-07,6.30525752350406e-07,7.95738522304877e-07,9.93360441925086e-07,1.22757901192521e-06,1.50286201300826e-06,1.82398159912479e-06,2.19604531358232e-06,2.62454533968238e-06,3.11543261526392e-06,3.67519416475153e-06,4.31092523202765e-06,5.03042144764324e-06,5.84230073187437e-06,6.75611810241031e-06,7.78246436392045e-06,8.93308183671357e-06,1.02209998384467e-05,1.1660666635572e-05,1.32680818969207e-05,1.50609317366782e-05,1.70587315651824e-05,1.92830147904853e-05,2.17575497411146e-05,2.4508519213048e-05,2.75647189266711e-05,3.09578764398563e-05,3.47229847214547e-05,3.88985627818376e-05,4.35270107988792e-05,4.86550889274909e-05,5.43343242810803e-05,6.06214641783173e-05,6.7579179606919e-05,7.52767788371987e-05,8.37908197855624e-05,9.32059328724161e-05,0.00010361599348733,0.000115125489417957,0.000127850977922618,0.000141922237202198,0.000157483382908225,0.000174695708872582,0.000193741299563895,0.000214823969116051,0.000238169941214225,0.000264032963915932,0.000292699960561426,0.0003244930513241,0.000359772582606684,0.000398942574054237,0.000442456139937743,0.000490824276597416,0.000544624797591917,0.000604503432560114,0.000671180061949695,0.000745468948753719,0.00082828808539487,0.0009206558406132,0.00102370726198437,0.00113871620470568,0.00126709281849522,0.00141038612215891,0.00157031154751793,0.00174876197147093,0.00194779162541343,0.00216962335813971,0.00241668172978993,0.00269158911535927,0.00299714206899527,0.0033363356748196,0.00371238043205262,0.00412867363467132,0.00458882128985498,0.00509667659698334,0.00565630455459909,0.00627200085424831,0.00694837988558729,0.00769032947420779,0.00850296127199928,0.00939179624179089,0.0103628445897994,0.0114223540709734,0.0125768248463618,0.0138334389867054,0.0152000119990279,0.0166845360069107,0.0182953911591167,0.020041800804557,0.0219336065662299,0.0239810992595758,0.026195163395364,0.0285871058036331,0.0311689073352813,0.033953680320532,0.03695480994186,0.0401852617320294,0.0436588164685656,0.0473906217979461,0.0513954770902344,0.0556872572168756,0.0602807885559943,0.0651916100340916,0.0704330905456498,0.0760172960078516,0.0819575066116165,0.0882654228038862,0.0949493912474561,0.102017671466958,0.109476868883539,0.117327178924804,0.125563961702254,0.13418045442746,0.143166138195465,0.152503973912181,0.162169429867027,0.172132753643366,0.182357035622701,0.192790011402529,0.203366767118542,0.214016582797748,0.224655529662131,0.23518946356209,0.245525992282554,0.255555541005618,0.265140262182162,0.274144315262595,0.282429318507706,0.289819809451006,0.296136858607071,0.301239638386056,0.304985579406455,0.307213308034623,0.307791052021132,0.30661120564912,0.303555632576548,0.298532319095305,0.291511383266161,0.282507243548938,0.271578595870254,0.258843121626669,0.244464751202697,0.228643926985775,0.211623713578972,0.19369022715171,0.175167143832859,0.156406696831465,0.137774190483538,0.119627378034693,0.102295358778757,0.0860636932108926,0.0711645838238177,0.0577688895274149,0.0459820506133741,0.0358431824748722,0.027326915981789,0.0203498691465811,0.014781174512814,0.0104562502636888,0.00719210755548371,0.00480159768086648,0.00310558793899551,0.00194207689783592,0.00117176566864718,0.00068062117761775,0.000379704793280144,0.000202940503482487,0.000103657554777272,5.04797125604857e-05,2.33525623724611e-05,1.02029822103582e-05,4.20602807482363e-06,1.65272804122106e-06,6.07759150045752e-07,0
96588322.4115871,0,-5.65577047527541e-12,-2.79691115849123e-12,-3.90482578261751e-12,4.61525545709453e-12,2.26704353115362e-11,6.93748404456141e-11,1.65469191669053e-10,3.56505696778078e-10,7.08800138699826e-10,1.33236198629129e-09,2.38733996703002e-09,4.11061888900669e-09,6.83115858460822e-09,1.1000259431573e-08,1.72124572058558e-08,2.62364746495447e-08,3.90363599123333e-08,5.67983507646399e-08,8.09467363304628e-08,1.13161842341839e-07,1.55386524961441e-07,2.09833429555886e-07,2.78982434716386e-07,3.65578594039475e-07,4.72622692810459e-07,6.03366575841459e-07,7.61307141732325e-07,9.50186170997784e-07,1.17399298190359e-06,1.43698261226346e-06,1.74369967139555e-06,2.0990105394409e-06,2.50815227721122e-06,2.97680559477029e-06,3.51116452378728e-06,4.11800736632309e-06,4.80479474193804e-06,5.57979043431536e-06,6.45216210900839e-06,7.43206850571625e-06,8.53077289078332e-06,9.76078450233875e-06,1.11359756864768e-05,1.26716739711448e-05,1.43847858800017e-05,1.62939580340811e-05,1.84197436183565e-05,2.07847984888718e-05,2.34140652010051e-05,2.63349250215807e-05,2.95775128390947e-05,3.31751878316315e-05,3.71647644109527e-05,4.15866278330276e-05,4.64853197563438e-05,5.19102662411452e-05,5.7915964829168e-05,6.45623144034545e-05,7.19157372644571e-05,8.00499861122875e-05,8.90463487834204e-05,9.89946821732379e-05,0.000109995060943311,0.000122159100891965,0.000135611461279778,0.000150490778010566,0.000166950628681495,0.000185163804607445,0.000205326489296701,0.00022765711323722,0.000252397158143555,0.000279819448144668,0.000310233737679616,0.00034398607774049,0.000381463160375641,0.000423100967102176,0.000469388294749875,0.000520873923802192,0.000578180861960604,0.00064200751204428,0.00071312663388223,0.000792411050693304,0.000880850409308512,0.000979534577474265,0.00108966977885759,0.00121262145683303,0.00134989309864266,0.00150310530525376,0.00167406491899464,0.00186478422208572,0.00207740241678802,0.00231420957207399,0.00257773909299093,0.00287071635950922,0.00319599596671648,0.0035566503375462,0.00395599728942479,0.00439750431019383,0.00488483217541222,0.00542195058089332,0.00601305187218275,0.00666248342058424,0.00737494054218005,0.00815554166368138,0.00900962965518808,0.00994277381849963,0.0109610219380977,0.0120709514815701,0.0132795221938993,0.0145940287425846,0.0160222205804661,0.017572447588544,0.0192536616759325,0.0210753021714843,0.0230472611501118,0.0251800832656452,0.0274851503363596,0.0299742163497766,0.0326590353078835,0.0355525277025301,0.0386692801883902,0.0420228790673858,0.0456249092082365,0.0494894227085044,0.0536344083909245,0.0580749209533564,0.0628207420400648,0.0678848311191575,0.0732849718969946,0.0790333564943,0.0851356536391813,0.0916015508132654,0.0984438134263557,0.105667778058888,0.113271860931904,0.121253924248129,0.12960826558632,0.138320220998489,0.147369225793764,0.156736169787203,0.166401730782781,0.176328549477525,0.186454794742593,0.19671999108002,0.207067784517056,0.217409128808749,0.227634796587285,0.237658303626129,0.247388395359128,0.256698767430936,0.265456096825128,0.273514284083206,0.280698125870526,0.286843601489957,0.291802502294705,0.295415472907775,0.297547330124178,0.298098398161208,0.296951916786655,0.293984711572616,0.289118560893425,0.282311306394659,0.273555662822726,0.262920091439852,0.250539128478118,0.236573306030329,0.221219937565408,0.204723981178572,0.187354607681857,0.16941050264738,0.151234483874711,0.133184879768586,0.115608195924076,0.0988293207243197,0.083127884978901,0.0687236540867574,0.0557786598637822,0.0443919309685205,0.0345978633706769,0.026372097227542,0.0196345010447958,0.0142582068126922,0.010084328690239,0.00693534611157453,0.00462964628195574,0.00299411571740277,0.0018721426599119,0.00112930464160603,0.000655761273907665,0.00036567032449356,0.000195298372025213,9.96699223537688e-05,4.85056609642701e-05,2.24388954783841e-05,9.78571204100327e-06,4.00399307776534e-06,1.57569577435518e-06,5.90847508295771e-07,0
98849590.4662559,0,-3.91895834713719e-12,-2.21616987677304e-12,-2.04898749907301e-12,5.33434923087899e-12,2.35592817208451e-11,6.76010013208917e-11,1.60180519141169e-10,3.42284575234133e-10,6.7967096115469e-10,1.27564974724933e-09,2.28539070193167e-09,3.93427141311549e-09,6.53880477449722e-09,1.0530113600039e-08,1.64787668359058e-08,2.5119949595067e-08,3.73775963911807e-08,5.43862183395824e-08,7.75092285536459e-08,1.08352872840208e-07,1.48775231474748e-07,2.00890230351499e-07,2.67067098178068e-07,3.49926214984591e-07,4.52332770839008e-07,5.77390049865552e-07,7.28434441435864e-07,9.09034421587056e-07,1.12299575199055e-06,1.37437495250269e-06,1.66750277331664e-06,2.00701899063771e-06,2.39791932003066e-06,2.84561452271852e-06,3.35600114005174e-06,3.93554292707873e-06,4.59136153878093e-06,5.33133435688267e-06,6.16419725463765e-06,7.09965077550314e-06,8.14846855114917e-06,9.32260659635797e-06,1.06353143057289e-05,1.21012499181708e-05,1.37366026151102e-05,1.55592247884471e-05,1.75887810623622e-05,1.98469193439064e-05,2.23574657810423e-05,2.5146651203949e-05,2.82433688708938e-05,3.16794667641658e-05,3.54900765613354e-05,3.97139725941457e-05,4.43939689847877e-05,4.95773531617247e-05,5.53163613899649e-05,6.16686987091667e-05,6.86981324320318e-05,7.64751568789832e-05,8.50777524191535e-05,9.45922792337237e-05,0.000105114525900509,0.000116750909128717,0.000129619882141821,0.000143853539755586,0.000159599473925111,0.00017702286881112,0.000196308849103764,0.00021766508233906,0.00024132472465063,0.000267549726240242,0.000296634467091116,0.00032890983088212,0.000364747803544762,0.000404566623524022,0.000448836546647458,0.000498086208318354,0.000552909700055626,0.00061397438668053,0.000682029312052626,0.000757914090573207,0.000842568271137755,0.000937041075326038,0.00104250099821617,0.00116024530283683,0.00129170934456963,0.00143847516725537,0.00160227909787295,0.00178501871719683,0.00198875909300723,0.0022157375569159,0.00246836762027274,0.00274924276491162,0.0030611400055871,0.00340702342104141,0.00379004903797804,0.00421357236629026,0.00468115675399593,0.00519658485114339,0.00576387459303062,0.0063872974803037,0.00707139828047908,0.0078210164238522,0.00864131069169936,0.00953778570895011,0.010516313478866,0.011583155348821,0.0127449907297073,0.0140089431662908,0.0153826013909498,0.0168740419969138,0.0184918598970981,0.0202451942193238,0.0221437407873951,0.0241977627349987,0.026418104193276,0.028816179076557,0.0314039419244736,0.0341938624116417,0.0371988853626149,0.0404323526104304,0.0439079208024666,0.0476394814273778,0.0516410543639103,0.0559266420667479,0.0605100479621975,0.0654046969318545,0.0706234340949054,0.0761782216522944,0.0820798005770489,0.0883373606806109,0.0949581348855938,0.101946915435915,0.109305555486743,0.117032395509758,0.125121584913004,0.133562405512992,0.142338559013189,0.151427296642134,0.160798588182375,0.170414482160668,0.180228371686855,0.190184140989416,0.200215509851639,0.210245602989029,0.220186533793352,0.22993912014658,0.239392955132166,0.248426844106848,0.256909750045262,0.264701968744155,0.27165669273286,0.277622552185709,0.282446814925482,0.285978949370816,0.288075092586177,0.288603321188919,0.28744920396912,0.284521314967257,0.279756760407752,0.273126681914458,0.264641153939134,0.254353331189124,0.24236279360134,0.228817430768251,0.213913031723743,0.197890396261318,0.181029565440974,0.163641026959675,0.146054428530106,0.12860535009883,0.111620923361252,0.0954052646951629,0.0802256675779327,0.0663006483534403,0.0537909007533436,0.0427939106857347,0.0333428719156548,0.0254100680536592,0.0189142920155158,0.0137315172424731,0.00970766560660585,0.0066720822443481,0.00445038318847872,0.00287552282329571,0.00179624792405171,0.00108253688382126,0.000628044750962838,0.000349944206374711,0.00018680876641576,9.52912528943854e-05,4.63195471638912e-05,2.13920326040642e-05,9.35761123462686e-06,3.8644989546243e-06,1.50097924224254e-06,5.43666658852288e-07,0
101163797.976621,0,-3.75011275609612e-12,-2.12418064468946e-12,-1.96729694545407e-12,5.09092086662001e-12,2.25260601674829e-11,6.46745869245534e-11,1.53303159709435e-10,3.27678296060368e-10,6.50812691333798e-10,1.22171161238038e-09,2.18908751891976e-09,3.76893418175319e-09,6.26456032472511e-09,1.00890394285886e-08,1.57889335594158e-08,2.40682985118001e-08,3.58116553371465e-08,5.21047152082928e-08,7.42517213001132e-08,1.03788568655122e-07,1.42491210882541e-07,1.92379314089398e-07,2.55715594572134e-07,3.35001757687581e-07,4.32972400432819e-07,5.52588599556171e-07,6.97033170404365e-07,8.69709716811227e-07,1.07424758774857e-06,1.31451468281318e-06,1.59463974522649e-06,1.91904542311763e-06,2.29249290798946e-06,2.72013833383883e-06,3.20760049608267e-06,3.7610390466111e-06,4.38724182323635e-06,5.09371951565284e-06,5.88880551858117e-06,6.78175917369656e-06,7.78287100262096e-06,8.90356921787656e-06,1.0156527357516e-05,1.15557747788628e-05,1.31168131040655e-05,1.48567421409137e-05,1.67944003059956e-05,1.89505237522686e-05,2.13479313899256e-05,2.40117379282859e-05,2.6969598487913e-05,3.02519859626873e-05,3.38925066544842e-05,3.79282456467199e-05,4.24001475611607e-05,4.73534376682822e-05,5.28380784173246e-05,5.8909271963659e-05,6.56280239972996e-05,7.30617834363231e-05,8.12851673817392e-05,9.03808074312854e-05,0.000100440343349033,0.000111565571006007,0.000123869787855368,0.000137479332649772,0.000152535366596526,0.000169195880870551,0.00018763795527731,0.000208060297383922,0.000230686083698493,0.000255766099336927,0.000283582257072662,0.000314451542594939,0.000348730404803767,0.000386819664756157,0.000429170016846811,0.000476288181107041,0.000528743640622492,0.000587176122373166,0.000652303685556349,0.000724931287943596,0.000805959794103654,0.000896395362536796,0.000997358880699974,0.00111009513844264,0.00123598170021611,0.00137653720911123,0.00153342912027117,0.00170848051067812,0.00190367564168664,0.00212116466634046,0.00236326799172417,0.00263247992197245,0.00293147177753763,0.00326309573213705,0.003630389672103,0.00403658402372284,0.00448511084081855,0.0049796149216731,0.00552396845929373,0.00612228979876673,0.00677896286869782,0.00749865830661394,0.00828635861051445,0.0091473808522963,0.0100874002791503,0.0111124753881587,0.0122290711368123,0.0134440809407217,0.0147648524360267,0.0161992125303016,0.0177554898085931,0.0194425373588585,0.0212697527103981,0.0232470920265807,0.0253850745422671,0.0276947737287653,0.0301878012544457,0.0328762811014234,0.03577279595406,0.0388903240752286,0.0422421745347947,0.0458418851609158,0.0497031174201861,0.0538395286397185,0.0582646052412716,0.0629914706902006,0.0680326809835585,0.0733999551581386,0.079103847019782,0.0851534053531239,0.0915557858078861,0.0983157885956452,0.105435361618503,0.112913044359124,0.120743329386437,0.128915988550458,0.137415317913047,0.146219350554569,0.15529911450742,0.164617890012907,0.174130422373572,0.183782184088042,0.193508863986994,0.203235839294606,0.212877588850667,0.222337556772563,0.23150840836746,0.240272391639773,0.248501984711035,0.256061152786956,0.262807240428658,0.268593268569323,0.273270738377043,0.276693325791668,0.278721534915918,0.279227571346045,0.278100520664216,0.275252036048719,0.27062188996222,0.264182947326647,0.25594589534362,0.245963464702717,0.234333484347637,0.221200468077477,0.206755230369737,0.191232050741498,0.174902962162446,0.158069154451817,0.141050023537851,0.124170379039742,0.107746463100291,0.0920718450058829,0.0774041808931317,0.0639537158390392,0.0518745910595948,0.0412598064021934,0.0321402771284021,0.024488164265075,0.0182241352905333,0.0132277140498107,0.00934961368431977,0.00642474860581422,0.0042846124385859,0.00276792262092274,0.00172874173115814,0.00104168667259121,0.000604254046577075,0.000336640637820982,0.000179683471861623,9.16456436988654e-05,4.45426744422946e-05,2.05694666672501e-05,8.99705071255273e-06,3.71533225171928e-06,1.44297507101897e-06,5.22392792103678e-07,0
103532184.329566,0,-4.93900960613793e-12,-2.45403515526931e-12,-3.41574249407022e-12,4.04414489938909e-12,1.98682962620275e-11,6.08254502476144e-11,1.45136364019231e-10,3.12829339336474e-10,6.2225696799546e-10,1.17015518118952e-09,2.09749163729147e-09,3.6126605628139e-09,6.005074675827e-09,9.67157635448944e-09,1.51346566947516e-08,2.30693909763776e-08,3.43216206062004e-08,4.99309727721296e-08,7.11441538417527e-08,9.94301062236791e-08,1.3648546148259e-07,1.84240402184221e-07,2.44855453360122e-07,3.20718889548235e-07,4.14439235071174e-07,5.28842566791632e-07,6.66966543259783e-07,8.32057824754949e-07,1.02757429127292e-06,1.25720414982542e-06,1.52488864027932e-06,1.83484571762268e-06,2.19160629122423e-06,2.60008169613567e-06,3.06563567719829e-06,3.59414279692356e-06,4.1920604582309e-06,4.8665431587882e-06,5.6255519643523e-06,6.47792963040502e-06,7.4334908657071e-06,8.50315375656255e-06,9.69904913063876e-06,1.10346020107411e-05,1.2524647752469e-05,1.41855737529102e-05,1.60354340237855e-05,1.80940771853655e-05,2.03833515457478e-05,2.29273390912669e-05,2.57525277513121e-05,2.88880139124316e-05,3.23659242502479e-05,3.62218480889715e-05,4.04949572314434e-05,4.52282887296739e-05,5.04696341677776e-05,5.62721161129035e-05,6.26940211490681e-05,6.97994163589395e-05,7.76598459117484e-05,8.63549861314445e-05,9.59722777541343e-05,0.000106608329946523,0.000118371772962941,0.000131384281602156,0.000145780600054611,0.00016171111990182,0.000179345376765582,0.000198873743224045,0.000220509978026312,0.00024449461673431,0.000271096612882433,0.00030061823714393,0.000333403379545605,0.000369838248423375,0.000410350704237946,0.000455423816056182,0.000505608439428773,0.000561519960644365,0.000623842298720841,0.000693345739313981,0.000770895331774254,0.000857456132062414,0.000954104781483671,0.00106203395724683,0.00118256215565102,0.001317150692254,0.00146740126688064,0.00163505846671706,0.00182203151320011,0.00203039175723571,0.00226236484651779,0.00252034888918667,0.0028069184307897,0.00312481700547784,0.00347696254108971,0.00386645905920568,0.00429663081233986,0.00477101153097105,0.00529328078109346,0.00586736550527074,0.00649759264438163,0.00718850915697944,0.00794474890663577,0.00877142758113324,0.00967427874952181,0.0106591307840751,0.0117319503057168,0.0128994958519527,0.0141691250422156,0.0155483479790239,0.0170451814400768,0.0186681600092634,0.0204261411444332,0.0223289640370236,0.0243872240426847,0.026611140664586,0.0290114305238512,0.0316005806901873,0.0343912942289088,0.0373952055945678,0.0406248236690399,0.0440943895968354,0.0478173725170555,0.0518062163000281,0.0560748699343411,0.0606371669407634,0.0655041569581944,0.070686863979766,0.0761967075845959,0.0820415939386255,0.0882281546372292,0.0947641017552644,0.101652360195299,0.108889574439109,0.116469685634228,0.124380379166541,0.132602792185545,0.141120151678285,0.14991327706782,0.15894451045124,0.168163005889118,0.177521797182293,0.186962916021892,0.196396526501538,0.205727298753299,0.214878439491814,0.223761692728648,0.232258958107095,0.240246169244467,0.247595974463955,0.254158955965852,0.259774395670581,0.264294580948526,0.267585680451298,0.269522510070652,0.269997309984276,0.268915637645845,0.266181246079228,0.26171471492131,0.255480371690576,0.24748193397131,0.237771389919458,0.226468375709848,0.21373547637749,0.199754978648319,0.184746024632216,0.168964881682689,0.152688420227499,0.136219381141464,0.119880662349017,0.103987923407771,0.0888318078780172,0.0746635072413355,0.0616810059612568,0.050026814477164,0.0397865934441549,0.0309881227075618,0.0236054479333872,0.017563455360151,0.0127462528979423,0.00900941454512045,0.00619228890523972,0.00413121585914862,0.00267034247591574,0.00166885829050313,0.00100623763832319,0.000584082737559472,0.000325585297120167,0.000173839036001283,8.86852137010772e-05,4.31358833653872e-05,1.99571585308202e-05,8.71055361601844e-06,3.55693577752832e-06,1.39055686923684e-06,5.22650731445926e-07,0
105956017.927761,0,-4.23590753583489e-12,-2.33331790695294e-12,-2.80773112455052e-12,3.84706885973783e-12,1.93176849284148e-11,5.80256871729285e-11,1.3890406934857e-10,2.98937073151227e-10,5.9524622933782e-10,1.1194196728086e-09,2.00750282255389e-09,3.45827865423274e-09,5.74974581856294e-09,9.26130773665672e-09,1.4493819991241e-08,2.20928987765479e-08,3.28682181586337e-08,4.78135030506671e-08,6.81207709852593e-08,9.51931188231173e-08,1.30651029713472e-07,1.76336141299733e-07,2.34309460399361e-07,3.06848520393235e-07,3.96441766730415e-07,5.0578348080914e-07,6.37768196543247e-07,7.9549071785795e-07,9.82253363617793e-07,1.20157976337867e-06,1.45723217265703e-06,1.75323998644718e-06,2.09394464164893e-06,2.48405605993194e-06,2.92871188222919e-06,3.43353972151925e-06,4.0047354334201e-06,4.64916441188395e-06,5.37445399530867e-06,6.18905803255676e-06,7.10235148091986e-06,8.12476312371223e-06,9.26785521072613e-06,1.0544382950042e-05,1.19684437131504e-05,1.35556168695382e-05,1.53230245748997e-05,1.7289493517203e-05,1.94758180706933e-05,2.19049188807577e-05,2.46019948503695e-05,2.75948521305593e-05,3.09142696366181e-05,3.45942642799226e-05,3.86723853721039e-05,4.31901607390279e-05,4.81935989967385e-05,5.37335245928979e-05,5.98659198924939e-05,6.66527851326849e-05,7.41630088317571e-05,8.24723974204964e-05,9.16643365890899e-05,0.000101832275867745,0.000113080859443773,0.000125524921025883,0.000139291991040416,0.000154527502583249,0.000171394803866798,0.000190073759249114,0.000210766962595624,0.000233706301822226,0.000259151216486248,0.00028738944812046,0.000318747552753332,0.000353596731965477,0.000392349943601211,0.000435469277206545,0.000483480635450998,0.000536973779629073,0.000596603923672259,0.000663111520001229,0.000737328289895394,0.000820172759698176,0.000912675383152163,0.00101599452222409,0.0011313918910267,0.0012602452176085,0.00140410176538609,0.00156466760498078,0.00174376088714983,0.00194333814198229,0.00216554977573228,0.00241272814108125,0.00268734348709907,0.00299201654781282,0.00332956540457327,0.00370299406341115,0.00411546951164246,0.00457038384291863,0.00507137803808736,0.00562225400584777,0.00622699977365688,0.0068899630274726,0.00761587639145988,0.00840972263912037,0.00927672087029983,0.0102224297721157,0.0112528511880978,0.0123745776469441,0.0135947264275365,0.0149205266513984,0.0163593646296042,0.0179195184047953,0.0196103126237776,0.0214412845080363,0.0234217515844182,0.0255616369286096,0.0278722812279498,0.0303655867782145,0.0330530537988205,0.0359468073993995,0.0390597020725114,0.0424036707858697,0.0459913631114702,0.0498380143362451,0.0539571516001743,0.0583586573358706,0.0630543084372772,0.0680578835230068,0.0733788453689305,0.0790234894988984,0.084999906177363,0.0913156376394085,0.0979734204333304,0.104970771293816,0.11230021162533,0.119949763196238,0.127904375994016,0.136146740602416,0.144654766812174,0.153395167843259,0.162323188717917,0.171388429272919,0.180528510650818,0.189662497910319,0.198705237027097,0.207573568235911,0.216173582774029,0.224402335539501,0.232148545903454,0.239275460761974,0.245629922394519,0.251067933305017,0.255448679503746,0.2586318461377,0.260500872325302,0.260959984215821,0.259909067697695,0.257250700551587,0.252916238785168,0.246870289758245,0.23911176047016,0.229696829681662,0.218745195780002,0.206411294793406,0.192875643621169,0.178354524882404,0.163088101751733,0.147343108610902,0.131422015659788,0.115634281318731,0.100279447613354,0.0856441549678581,0.0719702183673055,0.0594429572913017,0.0482015265885635,0.0383277793439472,0.029845265096356,0.0227298298054103,0.0169085454941415,0.0122681254441103,0.00866957622348624,0.00595760323554588,0.00397389900472507,0.00256832742356044,0.00160501501657392,0.000967766671552336,0.000561849972485934,0.000313289466074642,0.000167359775497342,8.544650930987e-05,4.16022352731392e-05,1.92666943630549e-05,8.41402192915264e-06,3.44355452684437e-06,1.35110403758348e-06,5.06050344325146e-07,0
108436596.868961,0,-3.23829140125062e-12,-1.82450654715305e-12,-1.64668237261634e-12,4.55499426596941e-12,1.98921501304745e-11,5.69106749283142e-11,1.34768698911763e-10,2.8796345933482e-10,5.71930183981633e-10,1.07375675431964e-09,1.92429634343294e-09,3.31357664530999e-09,5.50838758402594e-09,8.87189316969367e-09,1.38843031332466e-08,2.1163665971329e-08,3.14856503460206e-08,4.58012330472784e-08,6.52513357819606e-08,9.11777103795455e-08,1.25129705294538e-07,1.68866948252122e-07,2.2435839453582e-07,2.93778604131652e-07,3.79502468226341e-07,4.8409990749149e-07,6.10332253799346e-07,7.61152082414741e-07,9.3970822992468e-07,1.14935764691549e-06,1.39368546396994e-06,1.67653423582515e-06,2.00204305245292e-06,2.37469686897885e-06,2.79938568975082e-06,3.28147270054132e-06,3.82687035447835e-06,4.44212294587851e-06,5.13449361037062e-06,5.9120539520203e-06,6.78377516498284e-06,7.7596200874038e-06,8.85063615021614e-06,1.00690504943819e-05,1.14283701770995e-05,1.29434918180306e-05,1.46308239293539e-05,1.65084271919268e-05,1.85961779274658e-05,2.09159592573231e-05,2.3491882338802e-05,2.63505363573807e-05,2.95212755433523e-05,3.30365362470863e-05,3.6932188038397e-05,4.12479114567729e-05,4.60276136036959e-05,5.13198792300576e-05,5.71784621613645e-05,6.36628352583259e-05,7.0838809697667e-05,7.87792342788396e-05,8.75648166602844e-05,9.72850806944436e-05,0.000108039484166706,0.00011993872043471,0.000133106245381007,0.000147680030753663,0.000163814550958746,0.000181683073643076,0.000201480244089187,0.000223424913557268,0.000247763332550638,0.000274772771293399,0.000304765487275831,0.000338093110427962,0.000375151522010664,0.000416386328461246,0.000462298890793374,0.000513452849904463,0.00057048112810992,0.000634093553259292,0.000705084989401654,0.00078434342680858,0.000872858070590684,0.000971727728542816,0.00108216888316541,0.00120552288862986,0.00134326277123423,0.00149699976833096,0.00166848897540842,0.00185963414689058,0.00207249239745705,0.00230927840875115,0.00257236830506153,0.00286430401184022,0.00318779773694296,0.00354573766271639,0.00394119470098471,0.00437743217085733,0.00485791724129181,0.0053863347493973,0.00596660515579339,0.00660290563674616,0.00729969273560348,0.00806172637157402,0.00889409712155505,0.00980225071084554,0.0107920115150041,0.0118696084875546,0.0130416978764184,0.014315376237908,0.0156981964910977,0.0171981924400323,0.0188238920700782,0.0205843183534888,0.022488997398865,0.0245479669894129,0.0267717712885881,0.0291714411803914,0.0317584594782653,0.03454471815427,0.0375424660744911,0.0407642255574429,0.0442226758375415,0.0479305319812107,0.0519004070531357,0.0561446168670477,0.0606749499442417,0.0655024371552602,0.070637075852178,0.0760874781064171,0.0818604878768545,0.0879607736462053,0.0943903891946243,0.101148253678991,0.108229556388096,0.115625214892723,0.123321282644421,0.131298137366254,0.13952968379458,0.147982726640291,0.156616238477069,0.165380583929955,0.174216997012706,0.18305719694685,0.191822958377458,0.200425941724046,0.208767834181632,0.216740661563073,0.224227546712754,0.231104016882985,0.237239669243749,0.242500252407077,0.246750382435822,0.249856894468011,0.251692647422554,0.252140935067408,0.251100632132746,0.248491534394134,0.244259680977925,0.23838242063822,0.230872705285274,0.221782357147384,0.211204289165825,0.19927339551508,0.186165661756116,0.172095393024358,0.157310289747122,0.142083899818355,0.126705663538162,0.111469304082781,0.096660067429017,0.0825417015494633,0.0693445315807547,0.0572553751411131,0.0464099706802438,0.0368888188964246,0.0287167157830568,0.0218659301975587,0.0162628631243886,0.0117974592292164,0.00833431213553792,0.00572434813254295,0.00381590917571035,0.00246422023774578,0.00153856204982431,0.000926825106799123,0.000537486593383468,0.00029936966906377,0.000159750383804057,8.14575320211412e-05,3.957960031874e-05,1.82719205792458e-05,7.98906636931853e-06,3.29720639252943e-06,1.2798504704672e-06,4.62598487976812e-07,0
110975249.641207,0,-3.61399505607694e-12,-1.83650823091958e-12,-2.1240708394463e-12,4.29013592221697e-12,1.86477334637778e-11,5.46936013849072e-11,1.29239859957649e-10,2.76841795346231e-10,5.49472338851543e-10,1.03183327080731e-09,1.84852349519061e-09,3.18276175954401e-09,5.28959359556425e-09,8.51804612951159e-09,1.33276934060174e-08,2.03113814409944e-08,3.02114828634499e-08,4.39388302983037e-08,6.25846488014529e-08,8.74324438755576e-08,1.19962868316593e-07,1.6185723473759e-07,2.14995206107882e-07,2.81452452615821e-07,3.63495034516632e-07,4.6357495872895e-07,5.84325087873468e-07,7.28559433831168e-07,8.99279678884657e-07,1.09968840133301e-06,1.33320397577153e-06,1.60348496746388e-06,1.91447275776218e-06,2.27044519741957e-06,2.6760649419353e-06,3.13643673919893e-06,3.65719010687248e-06,4.24456503247126e-06,4.90548660531606e-06,5.64765575139362e-06,6.47964234853874e-06,7.41095599438101e-06,8.45214734638302e-06,9.61493518121363e-06,1.09122665980493e-05,1.23583789131036e-05,1.39689750446958e-05,1.57613848591221e-05,1.77546497388527e-05,1.99697019208693e-05,2.24296282944165e-05,2.51598640829839e-05,2.81884378014504e-05,3.15463793761359e-05,3.52680256797185e-05,3.93912275586144e-05,4.3957911511971e-05,4.90146850883209e-05,5.46128959923178e-05,6.08091305461005e-05,6.76665233441342e-05,7.52551343681276e-05,8.36519381865312e-05,9.29424037527042e-05,0.000103221851626684,0.000114596017268415,0.000127183348149925,0.000141116486498694,0.000156541875474734,0.000173624374399029,0.00019255318071719,0.000213538173048175,0.000236809391866385,0.000262632632666074,0.000291315287887442,0.000323191876538386,0.000358630601591356,0.000398062030861232,0.000441977092480831,0.000490910292194845,0.000545460625280541,0.000606314744115988,0.000674236240953656,0.000750069768844889,0.000834767856709929,0.000929390517803825,0.00103509799622712,0.0011531724612821,0.00128503255089663,0.00143222826679978,0.00159644320827659,0.00177949913536202,0.00198336860654132,0.00221018355733206,0.0024622172437022,0.00274191095528126,0.00305190414052332,0.00339495044727514,0.00377393914372626,0.00419207821346626,0.00465279854105642,0.00515955292084123,0.00571604070833272,0.00632638961544486,0.00699493304282032,0.00772621241488057,0.00852517697357555,0.00939705284379424,0.0103473243309247,0.011382071786763,0.0125079303152288,0.0137316924887358,0.0150604193187347,0.0165018665222081,0.0180644546615879,0.0197570674147751,0.021588894460454,0.023569199828517,0.025708008113875,0.0280168488652657,0.0305071649093174,0.0331894357409158,0.0360755452483128,0.0391785509377322,0.0425099314207933,0.0460815479938578,0.0499071779639094,0.0539986392794276,0.0583663324263618,0.0630227160809344,0.0679778323324261,0.0732366758450457,0.078805829452752,0.0846934172443159,0.0909014586927889,0.0974278645642521,0.104270797404238,0.111421278564137,0.118860012359189,0.126566760579612,0.134520386656948,0.142689475798688,0.151034797342126,0.159513619010572,0.168070822898883,0.176633795137192,0.185119307596878,0.193438102765774,0.201496503802428,0.209198411552617,0.216438475391298,0.223095424587928,0.22904220978315,0.234150820926513,0.23827847993318,0.241277329121591,0.243028471037284,0.243439668743884,0.242420841839562,0.239895389163982,0.235814941884774,0.230147405790955,0.22288807263327,0.214086463852527,0.203838242395471,0.192277826046706,0.179591464348948,0.165998896370344,0.151728211429503,0.137031107393564,0.122186831120075,0.107476000174327,0.0931723246638599,0.0795384811645859,0.0668027002634696,0.0551441451931488,0.044691220254071,0.0355182295794391,0.0276460892467702,0.0210472550202721,0.0156509247539733,0.0113513960382149,0.0080183459776429,0.0055075484812585,0.00367218918854498,0.00237241000001606,0.00148213665533952,0.000893534810055152,0.000518721830856603,0.000289310088585534,0.000154638905586634,7.90047978030253e-05,3.84887754979123e-05,1.78593665551312e-05,7.85682576701695e-06,3.22726958858213e-06,1.24107726230038e-06,4.66004929623853e-07,0
113573335.83431,0,-2.93430323224242e-12,-1.67109241326932e-12,-1.50200448171185e-12,4.23767791157188e-12,1.83292524603603e-11,5.24088537160843e-11,1.23977022206482e-10,2.64720665945697e-10,5.25635972778815e-10,9.86613100730555e-10,1.76794584024476e-09,3.04409794586162e-09,5.05993958520617e-09,8.14872922711937e-09,1.27507481773221e-08,1.94324023499831e-08,2.89040630168943e-08,4.20357823989055e-08,5.98704016085937e-08,8.36329352430133e-08,1.14736967335174e-07,1.54787072741138e-07,2.05577387405678e-07,2.69087810931348e-07,3.47480298037889e-07,4.43096248689721e-07,5.58453677439463e-07,6.9624602334031e-07,8.59348289504902e-07,1.05083197951554e-06,1.27398407608897e-06,1.53232783228275e-06,1.82965408125416e-06,2.17007139813868e-06,2.558061721874e-06,2.9985236982825e-06,3.49682599451676e-06,4.05889923949399e-06,4.69132781950492e-06,5.40140016163938e-06,6.1971774726761e-06,7.0876287160414e-06,8.08274206766431e-06,9.19356437649576e-06,1.04322932189692e-05,1.18124654070075e-05,1.3349096538089e-05,1.5058735140828e-05,1.6959567821785e-05,1.90716598697277e-05,2.14172742919458e-05,2.40210378097335e-05,2.69099151516161e-05,3.01135383438428e-05,3.36649622749668e-05,3.7600862070545e-05,4.19613261508407e-05,4.67905548518965e-05,5.21378911146692e-05,5.80579620133323e-05,6.46108267858979e-05,7.18627477701166e-05,7.98873688242456e-05,8.8767252641322e-05,9.85939102464258e-05,0.000109467424265609,0.000121500349173646,0.000134820883689718,0.000149570004637152,0.000165903961807185,0.000184002928415525,0.000204069253974606,0.000226324485204048,0.000251021139270293,0.000278449479678769,0.000308931671370216,0.000342827261379665,0.00038054534698077,0.000422546032575549,0.000469345623527719,0.000521527438727803,0.000579742307541688,0.00064471565115096,0.000717266858431799,0.000798309516041679,0.000888847022485663,0.00098999671032369,0.00110300354619755,0.00122922225310671,0.00137012377158968,0.00152732877627085,0.00170260779345536,0.00189785161281818,0.00211507500690444,0.00235646950750588,0.00262442403067793,0.00292145377241535,0.00325016170952014,0.00361335828633385,0.00401415766265483,0.00445584108906623,0.00494173416090393,0.00547538128518812,0.00606073718138211,0.0067020637067362,0.00740375553278434,0.00817039045186864,0.00900699992351196,0.00991920601009978,0.0109128709297661,0.0119938881178999,0.0131687996216028,0.0144450876397819,0.0158303614158423,0.0173321362826003,0.0189587525448992,0.020719532554658,0.0226240161615322,0.024681765121602,0.0269027891851474,0.0292980427166739,0.0318794169603123,0.0346585717009393,0.0376460916739,0.0408529801138447,0.0442923309727597,0.0479773893111684,0.051918631715845,0.0561260221211884,0.0606123736908466,0.0653892214940484,0.0704620794455957,0.0758347959375117,0.0815135668709796,0.0875023826270046,0.0938004537797624,0.100405528170078,0.107311443063752,0.114501727132533,0.121953124051363,0.129641508019645,0.137536958821236,0.145601279418433,0.153792954115401,0.162062055985906,0.170342196684607,0.17855493741653,0.186613184506095,0.194419036206524,0.201868033678888,0.208855212399518,0.215276019523509,0.221019424840657,0.225955881332597,0.22994498171618,0.232858040801451,0.23457370781366,0.234971738778669,0.233963871672412,0.231500918542435,0.227538316097095,0.222043543714053,0.215028189293908,0.20653646064741,0.196641786616358,0.185473594164612,0.173211051154406,0.160061825119578,0.146261623897329,0.132064847975799,0.117733456568749,0.103538151896098,0.0897450347062502,0.0765984596182301,0.0643162551240051,0.0530761306235265,0.0430013444847425,0.0341630881151002,0.0265828774008945,0.0202321478064828,0.0150406780404155,0.0109063188166115,0.00770255067510731,0.00528979587166515,0.0035267202627977,0.00227842233990713,0.00142344758026175,0.000858194902533102,0.000498207002773661,0.000277848649629106,0.000148506145467484,7.5858156927696e-05,3.69454565930393e-05,1.71487071795438e-05,7.56253583991054e-06,3.1194173208724e-06,1.19375590293934e-06,4.46014668119918e-07,0
116232246.867985,0,-2.82985954981988e-12,-1.6484597453165e-12,-1.38363660372316e-12,4.06935613138312e-12,1.76243107263041e-11,5.02630046419952e-11,1.1874042239835e-10,2.53607397258845e-10,5.03579762434023e-10,9.45364753433883e-10,1.69434115870224e-09,2.91762120370829e-09,4.85019540975808e-09,7.81141945719952e-09,1.22233621945697e-08,1.86287897657547e-08,2.77079571886912e-08,4.02939724616217e-08,5.73848573536148e-08,8.01524837203317e-08,1.09948221184253e-07,1.48304721856383e-07,1.96935160145556e-07,2.57730069611314e-07,3.32753108598797e-07,4.24236716625412e-07,5.34579961296333e-07,6.66351281130913e-07,8.2229456577611e-07,1.00533733585894e-06,1.21860696702569e-06,1.46546093646236e-06,1.74952240182471e-06,2.0747098931562e-06,2.44527959296807e-06,2.86589891866415e-06,3.34171142539227e-06,3.87837153895694e-06,4.48212489239908e-06,5.15993424715577e-06,5.91953356287002e-06,6.769467859021e-06,7.71924144499678e-06,8.77943580632268e-06,9.96174521061027e-06,1.12791147820283e-05,1.27458934006482e-05,1.43778782523639e-05,1.61924911009741e-05,1.820905421334e-05,2.0448857864073e-05,2.29352509312916e-05,2.56940540610738e-05,2.87539094128234e-05,3.21463612059004e-05,3.59061490377954e-05,4.00717301021209e-05,4.46856047977027e-05,4.97947948860226e-05,5.54514914284375e-05,6.17131521413355e-05,6.8643107861142e-05,7.63123020283905e-05,8.47995626719968e-05,9.41912026267549e-05,0.000104583864338421,0.000116086965531816,0.000128821112264809,0.00014291982567298,0.000158535567622348,0.00017584035797756,0.000195024384296412,0.000216301806297197,0.000239916668860192,0.000266143585192592,0.000295290316132074,0.000327702742044742,0.000363770556124741,0.000403935547159013,0.000448695573759969,0.000498605020387913,0.000554284160761988,0.00061643211594082,0.000685833767021525,0.000763364127471799,0.000849989169793036,0.000946774526116471,0.00105490824343773,0.00117569988710006,0.00131056362358765,0.00146104521133718,0.00162884697288199,0.001815789428911,0.00202380363925246,0.00225499097243419,0.00251163357548597,0.00279615073628322,0.00311108681709634,0.00345914143160795,0.0038432361975683,0.0042665194983846,0.00473226561696704,0.00524392072363205,0.00580526217341296,0.00642031817188714,0.00709329648393081,0.00782875102277838,0.00863154928445779,0.00950685073613443,0.0104604084545795,0.0114983195459549,0.0126265742030325,0.0138518564455839,0.0151820607385336,0.0166249737524753,0.0181880004269497,0.0198798137522971,0.0217101347925335,0.0236882595924157,0.0258240743437364,0.0281287357352431,0.0306125628706041,0.0332854250271546,0.0361594198622503,0.0392469976781423,0.042558585507372,0.046105640270261,0.0499014770413808,0.0539576344948302,0.0582834392401451,0.0628865898284612,0.0677731182981779,0.0729504560911568,0.0784261811589723,0.0842029735602154,0.0902819062141125,0.0966628198908285,0.103333305937773,0.110270742115276,0.117457578387496,0.124877593228205,0.132501602142915,0.140293194932528,0.148216454455651,0.156220988032501,0.164231544285858,0.17216394179028,0.179936903976212,0.187463505579759,0.194650733476959,0.201407246299892,0.207631683628809,0.213202239991484,0.217987366588262,0.221846840220734,0.224638213208115,0.226253016436882,0.226615761084888,0.225645677392408,0.223271719083581,0.219457090332627,0.214172006775755,0.207398550455893,0.199174069466224,0.189592010513977,0.178788043778614,0.166939541020754,0.154249620651251,0.14093805338518,0.127245300271543,0.113423004736567,0.0997284323944084,0.0864218804335109,0.0737460393537068,0.0619091636555211,0.0510794641754456,0.041375974805076,0.0328654707484489,0.0255670303465045,0.0194542673693881,0.0144597589660385,0.0104838012745494,0.00740386854470425,0.00508493762557933,0.00339018097371148,0.00218998085154402,0.00136792188399013,0.000824412522573191,0.000478397480870743,0.00026674506087577,0.000142552407882558,7.28618044190472e-05,3.55750245719025e-05,1.65557851159385e-05,7.28359450541507e-06,2.98652033870176e-06,1.16673143970502e-06,4.51517759228032e-07,0
118953406.737032,0,-2.70751028138886e-12,-1.57679841560242e-12,-1.41175269399212e-12,3.80641791078814e-12,1.66901443253606e-11,4.78867732169528e-11,1.13413287804439e-10,2.42445914025345e-10,4.81795554415716e-10,9.04911311252687e-10,1.62242838446717e-09,2.79468126776392e-09,4.64687632863549e-09,7.4853058898371e-09,1.17144804286494e-08,1.7854522228225e-08,2.65571198216371e-08,3.86199163328742e-08,5.49981094775592e-08,7.68126590687335e-08,1.05355468462425e-07,1.4209108050134e-07,1.8865568987866e-07,2.46853746472327e-07,3.18653672041515e-07,4.06184743468376e-07,5.11735496730883e-07,6.37754209399292e-07,7.86854337478449e-07,9.61826454024041e-07,1.1656545715085e-06,1.4015384250181e-06,1.67292643051718e-06,1.98355486597645e-06,2.33748970828355e-06,2.73917823745942e-06,3.1935101107566e-06,3.70588283654585e-06,4.28227331302788e-06,4.92930979166572e-06,5.65434929940952e-06,6.46557502697821e-06,7.37208548573235e-06,8.38396495345835e-06,9.51239024320117e-06,1.0769760942713e-05,1.21697942811567e-05,1.37276277594598e-05,1.54599675086331e-05,1.73852409241241e-05,1.95237829132148e-05,2.18980563242021e-05,2.45328184247212e-05,2.74552966399167e-05,3.06955720924931e-05,3.42870303965163e-05,3.82665547890953e-05,4.26746936166211e-05,4.75562418185558e-05,5.29609237253848e-05,5.89439393243303e-05,6.55665020383003e-05,7.2895979106627e-05,8.10065885029084e-05,8.99819186418071e-05,9.99160175289707e-05,0.000110911743010403,0.000123082878216433,0.00013655972543425,0.000151489122575271,0.0001680325633221,0.000186371685150958,0.000206714177217566,0.00022929324707638,0.000254369262137043,0.000282236675583561,0.000313228535779852,0.000347718856613084,0.000386128910463451,0.000428933573469495,0.000476664190856508,0.000529916331631829,0.00058936221600652,0.000655753511867384,0.000729920693991639,0.000812787461662064,0.000905387334023809,0.00100886113524735,0.00112445065915136,0.0012535121834614,0.00139753902907226,0.0015581604067738,0.0017371156534889,0.00193626180145273,0.00215762846606423,0.00240341256418919,0.0026759051104263,0.00297752929763835,0.00331094552580663,0.00367898606927763,0.00408458511869155,0.00453090984054669,0.00502136881822412,0.0055594994818185,0.00614914201369396,0.00679452773834389,0.00749998648659496,0.00827003268130597,0.00910979550630066,0.010024840595238,0.0110208148644538,0.0121037535222838,0.0132803367009136,0.0145576016746323,0.0159429369119568,0.0174443635448261,0.0190702152876452,0.0208289203082061,0.0227297694843581,0.02478296976608,0.0269985249536908,0.0293865085213339,0.0319579173678807,0.034723747195364,0.0376946952988907,0.0408820578273544,0.0442970964248017,0.0479508122418101,0.0518549541524964,0.0560206816211955,0.0604561758761194,0.0651669560470393,0.0701586271824338,0.0754379219259082,0.0810084973346535,0.0868687924627487,0.0930168954396474,0.0994484600595025,0.106147832654652,0.113091735006211,0.120256814824956,0.127615929459888,0.135137385223227,0.142785086640535,0.150507802657324,0.158239714127221,0.165910812725178,0.173437737783062,0.18072128347709,0.187669654296882,0.19419785765883,0.200203562284908,0.205570796854382,0.210183046583273,0.213915633954574,0.216634541979417,0.218215041403645,0.218561962471849,0.217609562882287,0.215300594789523,0.211586963585061,0.206451609887872,0.199902153329316,0.191966144987932,0.182719955539086,0.172293984516583,0.160852551728288,0.148593649657304,0.135742055441644,0.122529897929051,0.109199050012775,0.0960026333547367,0.0831862270929569,0.0709761586470409,0.0595748847939946,0.0491459371002601,0.0398025120602835,0.0316098369431305,0.0245866696127629,0.0187055812638357,0.0139008722456509,0.0100768233593017,0.00711493154865325,0.00488526182570255,0.00325650962109268,0.00210343862100335,0.00131379046353145,0.000791863858423483,0.000459535371586391,0.000256192529193717,0.000136906108489302,6.99327837024823e-05,3.4075799819223e-05,1.58292417039143e-05,6.97926044123803e-06,2.87635578126027e-06,1.10607007400238e-06,4.15800882300057e-07,0
121738272.773966,0,-2.59607940823656e-12,-1.51857230672412e-12,-1.37626101249499e-12,3.60041489538146e-12,1.58979737490176e-11,4.57132700879892e-11,1.08394847908909e-10,2.31886547009982e-10,4.61059662033515e-10,8.66333382225312e-10,1.55380104519093e-09,2.67723572289399e-09,4.45260752371631e-09,7.17363993410242e-09,1.1228165890521e-08,1.71146889713841e-08,2.54575800349543e-08,3.70207238093144e-08,5.27184823233542e-08,7.36233186136388e-08,1.00970442165025e-07,1.36159185286877e-07,1.80752020134391e-07,2.3647141920314e-07,3.05195601532443e-07,3.88955133835356e-07,4.89931545339962e-07,6.10458418196089e-07,7.53026457535451e-07,9.20294966748731e-07,1.11510890257793e-06,1.34051881660848e-06,1.59980893117325e-06,1.89653900980465e-06,2.23458956419972e-06,2.61820214829294e-06,3.05203244881291e-06,3.54122520403895e-06,4.09148515755946e-06,4.70913515606892e-06,5.40119234397758e-06,6.17546843618379e-06,7.04065483200203e-06,8.006388600616e-06,9.0833516359558e-06,1.02834004269668e-05,1.16196653051434e-05,1.31066394468724e-05,1.47603121546233e-05,1.65983130384651e-05,1.8640081383616e-05,2.09071164919863e-05,2.34231621779817e-05,2.62142645755274e-05,2.93090867201576e-05,3.2739530686009e-05,3.65409797051716e-05,4.07521859431864e-05,4.54158543746753e-05,5.05796498206859e-05,5.62964361781499e-05,6.2624379160563e-05,6.96279052352855e-05,7.73787738994564e-05,8.59568529466478e-05,9.54508983073655e-05,0.000105959488055622,0.000117593026759897,0.000130475857887276,0.000144746621860877,0.000160559975561429,0.000178091434779231,0.000197539510714402,0.000219125388508453,0.000243098155785223,0.000269741782915468,0.000299375164484841,0.000332353628516798,0.00036907992758057,0.00041001202600404,0.000455661157591689,0.000506594528339972,0.000563449751211531,0.000626949296751161,0.000697899914398071,0.000777184478646979,0.000865777292387631,0.000964771997106533,0.00107537470469226,0.00119888722847089,0.00133672862670493,0.00149045367626786,0.00166173900421714,0.00185238336911194,0.0020643262378961,0.00229964799744857,0.00256056591740044,0.00284944788749012,0.00316881596674888,0.0035213465290504,0.00390991251338105,0.00433759072487805,0.00480759925414815,0.00532335500524594,0.00588860007212972,0.00650732554565027,0.00718370299789228,0.00792222298314513,0.00872774735109639,0.00960549956578744,0.0105610882771819,0.0116003817432467,0.0127295995932759,0.0139556505311219,0.0152859126820197,0.0167278065140633,0.0182891290889587,0.0199785730515172,0.021805375578487,0.0237786260871028,0.0259077251007097,0.0282032952969468,0.0306762528171638,0.0333365495752767,0.0361942283181568,0.0392604248375452,0.0425466222845086,0.0460640527217936,0.049823033263229,0.0538327808610822,0.0581029102418584,0.0626420622151795,0.0674537731884788,0.0725394296231744,0.0779052224601957,0.083556743956885,0.0894880025761952,0.0956871813066513,0.102145931014918,0.108848119386921,0.115763087069765,0.122862248084376,0.13012198854374,0.137505343929584,0.144959844743826,0.152426035021649,0.159833928505973,0.16710067268255,0.174136287602058,0.180849657473675,0.187152363226064,0.192951717630996,0.198138787894433,0.202592593781877,0.206192228878442,0.208816104276584,0.210342603413994,0.210673033874987,0.209746148855964,0.207512562600479,0.203921906466898,0.198954624826612,0.192626116811908,0.18496370743046,0.176033435614327,0.165966209889393,0.154926976247442,0.143100269057797,0.130701608261901,0.117961123997711,0.105111638835038,0.0923941434320492,0.0800454661681749,0.0682847858682602,0.0573069452129194,0.0472670576903131,0.0382737026674967,0.0303908048771096,0.0236347038223911,0.0179780450837299,0.0133582142345382,0.00968207976316707,0.00683510845846107,0.00469255258740597,0.00312764614965489,0.00201989614098374,0.00126147653743206,0.000760224883993902,0.000441109043122744,0.000245899369235392,0.000131387178556108,6.71084165032102e-05,3.26967469954145e-05,1.51841846095832e-05,6.69584653581056e-06,2.76241566778777e-06,1.0615356798902e-06,3.97143254394211e-07,0
124588336.429501,6.43014146031601e-31,-2.47762023711656e-12,-1.44329216076891e-12,-1.33589781855426e-12,3.41733892587385e-12,1.51562928622273e-11,4.36637536980981e-11,1.03663333003349e-10,2.2189859666565e-10,4.41425584062672e-10,8.29772637983282e-10,1.48868513392937e-09,2.56573464957418e-09,4.26806227022554e-09,6.87743904262829e-09,1.07657954089558e-08,1.64110160534249e-08,2.44114661437555e-08,3.54987890741092e-08,5.05483469390184e-08,7.05862602099412e-08,9.67936246902335e-08,1.30507598105771e-07,1.73220187794185e-07,2.26575285192967e-07,2.92364870067312e-07,3.72525633532695e-07,4.69136686226043e-07,5.84420694556722e-07,7.20751506097897e-07,8.80665772053238e-07,1.06687445924672e-06,1.2822810254972e-06,1.53001537263188e-06,1.81347471213943e-06,2.13635926648946e-06,2.502710273031e-06,2.91696375051289e-06,3.38402236701792e-06,3.90932972919444e-06,4.49892457831392e-06,5.15949651914363e-06,5.89848701131804e-06,6.7241989821853e-06,7.64585764226727e-06,8.67367586201052e-06,9.81897581751017e-06,1.10943070456531e-05,1.25135397089561e-05,1.40919909229251e-05,1.58465631448509e-05,1.77958582116357e-05,1.99603729390559e-05,2.23627893700038e-05,2.50281418119368e-05,2.79839123961719e-05,3.12604417127016e-05,3.48914370010687e-05,3.89141076691194e-05,4.3369402770589e-05,4.8302754731856e-05,5.37645908925937e-05,5.9810597919487e-05,6.65024898450221e-05,7.39089073333382e-05,8.2106151192286e-05,9.11791253355095e-05,0.000101222249848499,0.000112340950089052,0.000124653903391174,0.000138294026976971,0.000153409636696837,0.000170168206293261,0.000188758697374589,0.000209392667144724,0.000232309929701145,0.000257782493415516,0.000286113154133627,0.000317642090869147,0.000352758166442124,0.000391898291081824,0.000435547797545901,0.00048425400573804,0.000538633399054191,0.000599370679482749,0.000667229914052289,0.00074306685100397,0.000827825523551996,0.00092253999715695,0.00102835420477106,0.00114653156950667,0.00127844123399856,0.00142555558793158,0.00158947871860852,0.00177196034634554,0.00197486352993568,0.00220015632377037,0.00244997122259491,0.00272661989256823,0.00303252393146085,0.00337022335641959,0.00374247473730806,0.00415225066527945,0.00460266213472822,0.0050969847993492,0.00563876665637803,0.00623185722363248,0.00688032840707872,0.00758846160668646,0.00836089731251029,0.00920269686154546,0.0101192285036825,0.0111162159974826,0.0121998151479973,0.0133764349212098,0.0146529306571063,0.0160370261310723,0.0175366569961739,0.0191593361181448,0.0209134538066926,0.0228089956957128,0.0248556053965009,0.0270620404023284,0.0294384367342474,0.0319960856886635,0.0347449107352329,0.0376944634822693,0.040855936792981,0.0442401455927818,0.0478564894782628,0.0517155724971181,0.055827925009004,0.0601991096004249,0.0648315059298649,0.069730800197125,0.0749036183878833,0.0803488855198925,0.0860604094631283,0.0920351413501945,0.0982655050856547,0.104729121355649,0.111398647906776,0.118250070375706,0.125254054054851,0.132373028938174,0.13956286053168,0.146766257979579,0.153914317165311,0.160932245749078,0.167732566206923,0.174218181439505,0.180300002474792,0.185892998230886,0.190894484107775,0.195185767986399,0.198652767615853,0.20118547753136,0.202667123105266,0.202994451528073,0.202099593237544,0.199932968317708,0.196454782977315,0.191653596559583,0.185539890622132,0.178139512655373,0.169524848753111,0.159820599025112,0.149175385945665,0.137766468585053,0.125808688922757,0.113526283847968,0.101141735511067,0.088888336087744,0.0769966185821725,0.0656747601184513,0.0551072512297806,0.0454452805607138,0.036793340628488,0.0292106427145141,0.0227133504675498,0.0172749938722286,0.0128337254295483,0.00930005770261005,0.00656403192273234,0.00450525254849349,0.00300197229167306,0.00193830920834363,0.00121030333175598,0.000729312499844099,0.000423178053943628,0.000235914301132223,0.00012606254301978,6.43944349345387e-05,3.13671050731953e-05,1.45562842508885e-05,6.42154154882926e-06,2.65541828591786e-06,1.01736982029578e-06,3.7744038967458e-07,0
127505124.071301,7.90004967664123e-31,-2.37378226083072e-12,-1.38836523125641e-12,-1.29710331735258e-12,3.23878402769984e-12,1.44509089522758e-11,4.1713049189072e-11,9.91310311938186e-11,2.12331318878054e-10,4.22601674642658e-10,7.94706481784336e-10,1.42624617938891e-09,2.45879343227167e-09,4.09105719934981e-09,6.59331999290538e-09,1.03222741196086e-08,1.57360906174803e-08,2.34082261902035e-08,3.40394944042014e-08,4.84679007323295e-08,6.76752382779717e-08,9.27909387311719e-08,1.25092828167948e-07,1.6600574326397e-07,2.17098645838996e-07,2.80080873945195e-07,3.56798818560847e-07,4.49234360228905e-07,5.59506585716757e-07,6.89877882185399e-07,8.42763765405404e-07,1.02074619815402e-06,1.22659404800581e-06,1.463293751614e-06,1.73408347989181e-06,2.04248520054363e-06,2.39234711181317e-06,2.78790559080712e-06,3.23384557092306e-06,3.73534678289241e-06,4.29814895031615e-06,4.92864654198451e-06,5.63396466026444e-06,6.42201615124458e-06,7.30159095328337e-06,8.28245823111774e-06,9.37545473099495e-06,1.05925928473049e-05,1.19471562330708e-05,1.34537696746089e-05,1.51285645219e-05,1.6989413081724e-05,1.90560348100155e-05,2.13500268772054e-05,2.3895140103349e-05,2.67177918239413e-05,2.98472954390932e-05,3.33156891026664e-05,3.71581199913149e-05,4.141397013424e-05,4.61271289396812e-05,5.13454643702573e-05,5.71217971201108e-05,6.35156303996673e-05,7.05929182971018e-05,7.84259147084601e-05,8.70956292294733e-05,9.66934060528733e-05,0.000107320252112661,0.000119088316246853,0.000132124453388095,0.000146571877620887,0.00016259099308935,0.000180361566438883,0.000200085773942073,0.000221992524200358,0.000246341925942295,0.000273426281078525,0.000303571086390874,0.000337143883372853,0.000374564076592301,0.000416301706065121,0.000462877895324169,0.000514879049837161,0.000572965609872336,0.00063787106548796,0.000710409198540882,0.000791482643441208,0.000882088318157975,0.000983327495227037,0.00109640407648907,0.00122261867927187,0.00136339097945503,0.00152027764950169,0.0016949459714507,0.00188915964900867,0.00210482431825236,0.00234401387409854,0.00260891894258481,0.00290183222448316,0.00322523307396382,0.00358180536585995,0.00397435187815483,0.00440582177705216,0.00487942884300659,0.00539862561218486,0.00596703547464387,0.00658854016339601,0.00726735591975505,0.00800797537921549,0.00881518235777432,0.00969415720674107,0.0106504507067783,0.0116899302563868,0.0128188838196815,0.0140440753533164,0.015372619134682,0.0168119109006362,0.0183698097175982,0.0200547923779483,0.0218756261924137,0.0238411662182379,0.02596095013691,0.0282451662062554,0.0307035751342185,0.0333457158700067,0.0361818509045725,0.0392222713452638,0.0424769132737164,0.0459562116221558,0.0496701212721866,0.0536267137600641,0.0578329239458882,0.0622942052364331,0.0670135548513716,0.0719934162470202,0.0772360033565463,0.0827402145371717,0.0885000034844696,0.0945029195535241,0.100730277286127,0.107161246274339,0.113770358662594,0.120523353827627,0.127385487338287,0.134320661281142,0.141273360116877,0.148170185062172,0.154936968799323,0.161496017055521,0.16775820171016,0.17363054272436,0.179022943025665,0.183842911728714,0.187985635503313,0.191334649969195,0.193774613035642,0.195198174914985,0.195511568667307,0.194645637253697,0.192551352867198,0.189192262844308,0.18455520930492,0.178651440418202,0.171511696038387,0.163204255040235,0.153843572578394,0.14357624441751,0.132579385214038,0.121056985192978,0.109221122343463,0.0972901902628371,0.0854912944266759,0.074042802838652,0.0631443359144508,0.0529755551030717,0.0436808763626259,0.0353589722606823,0.0280671885343906,0.021821036496151,0.0165938244185975,0.0123257115988447,0.00893071436369536,0.00630254418030156,0.00432516439918941,0.00288163498880091,0.00186040861360194,0.00116150285869737,0.000699831838870097,0.000406032590682606,0.000226323428253627,0.000120928682956064,6.17676684576127e-05,3.00819727597987e-05,1.39594516799922e-05,6.15820494215487e-06,2.54641118811255e-06,9.75947606910524e-07,3.61593246210122e-07,0
130490197.80144,0,-2.27796111736517e-12,-1.33744906185914e-12,-1.26571376477639e-12,3.0549032796204e-12,1.37553063875215e-11,3.98038727499857e-11,9.47221114123372e-11,2.03063478258331e-10,4.04410744915847e-10,7.60873697030486e-10,1.36606661133395e-09,2.35581936107257e-09,3.9207647684394e-09,6.32016816401879e-09,9.89612565799038e-09,1.50879291375549e-08,2.24452160702258e-08,3.26393665689959e-08,4.64726961056209e-08,6.48845763875966e-08,8.89550431951333e-08,1.19905421902749e-07,1.59096558519909e-07,2.08025598397604e-07,2.68322733913938e-07,3.4174885580298e-07,4.30193857373625e-07,5.35676942382271e-07,6.60352480510253e-07,8.06521704023689e-07,9.7664674663163e-07,1.17336803543117e-06,1.39953061599146e-06,1.65821795481672e-06,1.95278834518077e-06,2.28691595251939e-06,2.66463863621828e-06,3.09041313793481e-06,3.56917878331592e-06,4.10642090650048e-06,4.70823346923361e-06,5.38140077305624e-06,6.1334854135604e-06,6.97289093768548e-06,7.90893845080868e-06,8.95198945889723e-06,1.01135436597414e-05,1.14062960439244e-05,1.28442493484376e-05,1.44428722770163e-05,1.62192303968885e-05,1.81921453924485e-05,2.03823756338446e-05,2.2812735831164e-05,2.55083301945698e-05,2.84970043069501e-05,3.18096111912367e-05,3.54800332631876e-05,3.9545613113779e-05,4.40479356582862e-05,4.9033132868077e-05,5.45520511458891e-05,6.0661136003786e-05,6.74232594681226e-05,7.49080186527848e-05,8.31928702024589e-05,9.23647771354428e-05,0.000102520555072359,0.00011376755218254,0.000126226817024039,0.00014003567572478,0.000155347547243008,0.000172333244621218,0.000191186315862232,0.000212127566964402,0.000235405179075825,0.000261295767820878,0.000290111806573785,0.000322209226201989,0.000357987773663344,0.000397892901457479,0.000442426111594339,0.00049215193853403,0.000547699810976437,0.000609772140376266,0.000679150303078248,0.000756696066394784,0.00084336459217842,0.0009402133325063,0.00104839172753386,0.00116914728459537,0.00130384953627181,0.00145398399076596,0.00162113617489244,0.00180701103729455,0.00201344971703535,0.00224242126201292,0.0024960240579773,0.00277648532362942,0.00308617057796103,0.00342763134260109,0.00380359294103566,0.00421690010012973,0.00467060292131396,0.0051680406729893,0.00571272388778761,0.0063083240629017,0.00695889217580882,0.0076688551637451,0.00844280748075691,0.00928560923460773,0.0102026260984191,0.0111996299696791,0.0122826585345658,0.0134581580545134,0.0147329914301641,0.0161143271963746,0.0176098247157352,0.0192275886949981,0.0209758602359752,0.0228634264677792,0.0248998368176054,0.0270944445065599,0.0294563456295033,0.0319954160083832,0.0347217852127518,0.0376449127780239,0.040774432828289,0.0441204397049283,0.0476922833770382,0.0514983346051415,0.0555459912711793,0.0598399284102872,0.0643820331722505,0.0691753669049122,0.0742241216509477,0.0795261671680848,0.0850722659592429,0.0908532940122535,0.0968558340003419,0.103054098254525,0.109420032431392,0.115929812519362,0.122550046984577,0.129234540618344,0.135933597055698,0.142586913063648,0.14911678656484,0.155440830890171,0.161478332214721,0.167143675122247,0.172346871353232,0.176995493278183,0.180989159906177,0.184218129419046,0.186570027323824,0.187939768539604,0.188239364981553,0.18740123600455,0.185375738795879,0.182131417449642,0.1776568261074,0.171959645455162,0.165071217919631,0.15705988062093,0.148035649100247,0.138140386309889,0.127543638788188,0.116441798147189,0.105042965879764,0.0935564115276751,0.0821972953297811,0.0711788119473096,0.0606942515924396,0.0509124887154663,0.0419728211375068,0.0339718255269778,0.0269622567886914,0.0209584459159058,0.0159357544984078,0.0118353728935197,0.00857407699754571,0.00605016223564525,0.0041515098854314,0.00276552925786026,0.00178527015006239,0.00111447423794993,0.000671396331842864,0.000389501991748806,0.00021708643899967,0.000115979791901354,5.92399608222571e-05,2.8848234719331e-05,1.33835414285572e-05,5.90410449447036e-06,2.44378696703907e-06,9.36531824870179e-07,3.45696869147497e-07,0
133545156.29299,0,-2.19224529065132e-12,-1.29806774747093e-12,-1.24416772977344e-12,2.86435300039708e-12,1.30559509063602e-11,3.79282656470625e-11,9.03922388728908e-11,1.9401562073226e-10,3.86693703809601e-10,7.28026721479485e-10,1.30777787859789e-09,2.25627120476078e-09,3.75638632341746e-09,6.05685611596626e-09,9.48577781522114e-09,1.44644052138805e-08,2.15195553648964e-08,3.12945016712355e-08,4.45574758197038e-08,6.22073829487689e-08,8.52769927213265e-08,1.14933461369528e-07,1.52476563318584e-07,1.99335385402771e-07,2.57064795095601e-07,3.2734319201467e-07,4.11971702067327e-07,5.12875218545438e-07,6.32106970526904e-07,7.71858487267652e-07,9.3447475182184e-07,1.12247325845007e-06,1.33856743456448e-06,1.5856961736979e-06,1.86705941698314e-06,2.18615927797018e-06,2.54684678542098e-06,2.95337268044354e-06,3.41044294484213e-06,3.92328404438293e-06,4.49771300166751e-06,5.14020412325752e-06,5.85796433156019e-06,6.65902025042339e-06,7.55229341584327e-06,8.54767591248061e-06,9.656142871362e-06,1.0889862837531e-05,1.22622614167139e-05,1.37881126060274e-05,1.54837290824922e-05,1.73671566821658e-05,1.94582612292333e-05,2.17788414105742e-05,2.4352948765075e-05,2.7207226291352e-05,3.03710487060017e-05,3.38767921591067e-05,3.77603752320528e-05,4.2061524936253e-05,4.68240054253334e-05,5.20965434433419e-05,5.79334754373009e-05,6.43946148967213e-05,7.15463362644921e-05,7.94633179608697e-05,8.82284200937027e-05,9.79333360408345e-05,0.000108681879114376,0.000120590894413082,0.000133789534868231,0.000148423284012793,0.000164658370403486,0.000182680947874767,0.000202698800218241,0.000224948411390995,0.000249697732417632,0.000277246001195574,0.000307930420667872,0.000342134195004282,0.000380287202826088,0.000422867638674161,0.000470412411787161,0.000523527195665837,0.000582886992009964,0.000649236003676306,0.000723398679731507,0.000806292462591278,0.000898927646538997,0.00100240416685131,0.00111792124985199,0.00124679030746048,0.00139043142466486,0.00155036569850538,0.00172823232880508,0.00192580596671011,0.00214497600125363,0.00238773634008255,0.0026562277491238,0.00295275884002924,0.00327977175098396,0.00363983895031007,0.0040357125140818,0.00447034964940514,0.00494691025650019,0.00546877003331703,0.00603952285666549,0.00666300094151761,0.00734337825441392,0.00808518899794401,0.0088931748589108,0.00977234224872085,0.010728254189059,0.0117669298267364,0.0128944698186127,0.0141172693205848,0.0154425247617042,0.0168778798550251,0.0184307183681216,0.0201087632446069,0.0219210394477747,0.0238768835598463,0.0259847704486597,0.0282535174937006,0.030693069663104,0.03331307655839,0.0361225219030729,0.0391307265882089,0.0423474075873829,0.0457821712205749,0.0494432427737653,0.0533361840908086,0.0574655510420444,0.0618362668255037,0.0664510988068138,0.0713099852169676,0.0764123001126309,0.0817540762462418,0.0873229887819547,0.0931008456686268,0.0990685198286641,0.105203589026386,0.111476827530238,0.1178547194351,0.124299199629377,0.130760142149634,0.137172884194678,0.143464976224354,0.149560495562138,0.155379171289258,0.160838856582242,0.165857916304178,0.170347167120394,0.174202746295124,0.177315204187021,0.179579166263513,0.180893992041165,0.181173996934647,0.180358654480046,0.178402663777143,0.175272466429946,0.170957831377358,0.165467167039771,0.158825280521346,0.151097651266501,0.142396606602918,0.132860693888006,0.122652802367816,0.111962832256932,0.100990122293913,0.089935920293208,0.0790073444221052,0.068407374767133,0.0583225713331338,0.0489171039629432,0.0403227902424325,0.032631524840107,0.0258952217149613,0.0201263740584157,0.0153004501822393,0.0113618843614423,0.00823006618382766,0.00580652182845844,0.00398387977136426,0.00265362636738592,0.00171272593272359,0.00106900207356421,0.000643882181077976,0.000373418202380163,0.000208072575482004,0.000111146040292502,5.67580334570415e-05,2.76429280616657e-05,1.28266616608647e-05,5.65858376732159e-06,2.34415184999519e-06,8.98773406277745e-07,3.31249000253789e-07,0
136671635.6462,0,-2.10624317138127e-12,-1.25264087724536e-12,-1.21455904050377e-12,2.69003197233281e-12,1.240963770103e-11,3.61557602810896e-11,8.63117895747353e-11,1.85451176165055e-10,3.69901142689983e-10,6.96821997839799e-10,1.25230807334378e-09,2.16139232941771e-09,3.59953759735782e-09,5.80536076203418e-09,9.09358604647692e-09,1.38681572738198e-08,2.06340451283969e-08,3.00075442932358e-08,4.27242770832295e-08,5.96445202339689e-08,8.1755985153325e-08,1.10173979188858e-07,1.46139556568108e-07,1.91016608384641e-07,2.46288699671044e-07,3.13556260858808e-07,3.94535079548241e-07,4.91058296095936e-07,6.0508269048114e-07,7.38697796268485e-07,8.94137965225954e-07,1.073800519742e-06,1.2802711159239e-06,1.51635337182554e-06,1.785100224266e-06,2.08984948294404e-06,2.43426898016548e-06,2.82241109466686e-06,3.25876721247254e-06,3.74832053417568e-06,4.29661185432008e-06,4.90981781114926e-06,5.59482062955444e-06,6.3592770505193e-06,7.21170660317641e-06,8.16157807424996e-06,9.21938574932704e-06,1.03967464697165e-05,1.17065076255464e-05,1.31628434779403e-05,1.47813788164648e-05,1.65793436341489e-05,1.8575725006108e-05,2.07914375387308e-05,2.32495210135898e-05,2.59753654851586e-05,2.89970346446011e-05,3.23455963567818e-05,3.60553281780096e-05,4.0164050467693e-05,4.47137716188789e-05,4.97512116649927e-05,5.53279974204105e-05,6.15012446656813e-05,6.8334813124868e-05,7.5900104774375e-05,8.42761228663535e-05,9.35507026615627e-05,0.00010382301186235,0.000115204565413438,0.000127819428965272,0.000141806963817761,0.000157325103779392,0.000174551487115804,0.00019368590300716,0.000214954783955287,0.000238613289105403,0.000264947299392235,0.000294280391536425,0.000326979585927299,0.000363455040926716,0.000404163809343806,0.000449621785697558,0.000500409641346603,0.000557170548540295,0.000620615726496494,0.00069153815660069,0.000770817924362839,0.000859418623114865,0.000958391807174951,0.00106889030099564,0.00119217099712893,0.00132958972674168,0.00148260817778877,0.00165280270121898,0.0018418629637019,0.00205159701832995,0.00228393920902925,0.00254094717385529,0.0028248076185156,0.00313786077673035,0.00348261125067033,0.00386171215543287,0.00427797510230746,0.0047344248925654,0.00523431731374577,0.00578111705041947,0.00637853520524134,0.00703056930046124,0.00774149091665315,0.00851589788120575,0.00935875755361751,0.0102753282131728,0.0112711964454992,0.0123524260945555,0.0135254467238003,0.0147968724425588,0.0161737183332834,0.0176636251308897,0.0192745348328278,0.0210143954168135,0.0228915511139971,0.0249150926410504,0.0270943298403025,0.0294380458180185,0.0319547313774171,0.0346535650949553,0.0375444432938975,0.0406367122097595,0.0439385350015978,0.0474574251698353,0.0512002341670901,0.0551722792908503,0.0593769694423903,0.063816396729745,0.068491734977894,0.0734020643096317,0.0785423753604033,0.0839023809110864,0.0894660698674353,0.095212758813086,0.101119779302793,0.1071620305513,0.113307515758211,0.119515752062736,0.125738527504693,0.131917059461939,0.137981082123036,0.143855008865263,0.149462696525644,0.154726606051274,0.159565457484904,0.163890596751171,0.167604647784479,0.170604877656131,0.172785768218034,0.174048146639734,0.174315116458065,0.173529050339048,0.171640164326082,0.168618148171596,0.164457618183545,0.159162685350246,0.152758071406121,0.145313140459234,0.136932406191338,0.127745995062451,0.117917099483224,0.107628652758453,0.0970673378804464,0.0864299260253926,0.0759187618909618,0.0657253261246757,0.0560280273435086,0.0469868361703394,0.0387271602307039,0.0313357494668055,0.0248633749099799,0.0193219591433572,0.0146869338005297,0.010904849335106,0.00789813241190624,0.0055717166210855,0.00382233294861124,0.00254573392855327,0.00164290334910919,0.00102530217684468,0.000617493971817694,0.000358089960843497,0.000199520609859292,0.000106577180000997,5.44329399855723e-05,2.6511959318066e-05,1.23003295473715e-05,5.4262058051466e-06,2.24972698973283e-06,8.64634037126603e-07,3.17330216058198e-07,0
139871310.264724,4.27733574463641e-31,-2.0346627389756e-12,-1.22203560196412e-12,-1.17825473060957e-12,2.5299031755743e-12,1.18219104210451e-11,3.45090508164834e-11,8.2480341846862e-11,1.77391748416437e-10,3.5406589625376e-10,6.67368579915613e-10,1.19992264117492e-09,2.07170007862571e-09,3.45114012108818e-09,5.5671974035642e-09,8.72187436773975e-09,1.33026292234049e-08,1.97936111948686e-08,2.87854142161324e-08,4.09825191796766e-08,5.72082470046837e-08,7.84072110383133e-08,1.05645293018245e-07,1.40107734952546e-07,1.83096034275551e-07,2.36024844362192e-07,3.00419684796933e-07,3.77915912602294e-07,4.70260069664878e-07,5.79315403907575e-07,7.07071677560146e-07,8.55658160332957e-07,1.02736050285451e-06,1.22464329060095e-06,1.45017779982572e-06,1.70687378745969e-06,1.99791521352544e-06,2.32680093281046e-06,2.69739290695719e-06,3.11397011335325e-06,3.58128375810057e-06,4.10461930694968e-06,4.68986748178707e-06,5.343592545069e-06,6.07310279924297e-06,6.88653505793219e-06,7.79293569900523e-06,8.80233760854846e-06,9.92585552609337e-06,1.11757828134718e-05,1.25656800942746e-05,1.41105004267848e-05,1.58267433820685e-05,1.77325862971815e-05,1.98480239522198e-05,2.21950825802996e-05,2.47980763812716e-05,2.76838478999186e-05,3.08820208902143e-05,3.44253617354963e-05,3.83501425307941e-05,4.269644832144e-05,4.75087365330856e-05,5.28365257607198e-05,5.87347146879682e-05,6.52641085229697e-05,7.24926112156511e-05,8.04961040812803e-05,8.93590937969051e-05,9.91760964164397e-05,0.000110053128293542,0.000122109156950447,0.000135478032449647,0.00015031025812409,0.000166775247976805,0.000185064749270118,0.000205394990563499,0.000228008841659886,0.000253180864323718,0.000281221935640893,0.000312481092347725,0.000347349384468663,0.000386266861299693,0.000429728327055435,0.000478286821021672,0.000532557541773162,0.000593223933626688,0.00066104483383383,0.000736860159678493,0.000821593527029419,0.000916254598234478,0.0010219455587929,0.00113986805925985,0.00127132372910618,0.00141771329947286,0.00158054387051924,0.00176143866368402,0.00196213552842395,0.0021844811429619,0.00243044490711459,0.00270214155875583,0.00300182607828825,0.00333188068813286,0.00369484098385912,0.00409343789283902,0.00453060014232935,0.00500942669607633,0.00553320969138286,0.00610553248346735,0.00673029324362119,0.00741159644614146,0.00815377236569053,0.0089615794989324,0.00984019999465763,0.0107950256158296,0.011831726633687,0.0129564932779418,0.0141759137135696,0.015496741144875,0.0169260741290885,0.0184715813711447,0.0201412894402718,0.0219433238995661,0.0238860010475302,0.0259779733496968,0.0282281241567761,0.0306452652155468,0.0332380103148156,0.0360152214684525,0.0389861766938059,0.0421594371103962,0.0455419390473757,0.0491396137293124,0.0529577172373616,0.0570002029060171,0.061269738471703,0.0657677503094658,0.0704928071977755,0.0754386844366256,0.0805947068922334,0.0859470089796105,0.0914776281837132,0.0971643212504897,0.102982890045567,0.108904332684749,0.114887671470775,0.120880913725407,0.126826584365997,0.132660905004421,0.138313844229981,0.14371427956716,0.148790243053455,0.153463178321546,0.157642114033084,0.161223987633211,0.164105719140211,0.166193643073661,0.167399841706363,0.167647700385296,0.166884736281447,0.165072754714943,0.162175242890876,0.15817032618807,0.153063104272318,0.146885960140366,0.139705275645453,0.131625232843143,0.122779700608829,0.113324015991747,0.103428190301519,0.0932718901912461,0.0830434549645906,0.0729348365757326,0.0631326229521413,0.0538109278863925,0.0451218030799874,0.0371849032255692,0.0300840700345826,0.0238670433315907,0.0185447463006789,0.0140941868243817,0.0104636951403814,0.00757804316519625,0.00534569580733116,0.00366717131117914,0.00244218591492698,0.00157585583725525,0.000983293162709401,0.000592097637237505,0.000343363522548116,0.000191373120905558,0.00010228940688524,5.23035311496433e-05,2.55212963674574e-05,1.1865806173324e-05,5.23997622006532e-06,2.17055534164277e-06,8.37956034164871e-07,3.10851623491155e-07,0
143145893.752348,0,-1.95577656209655e-12,-1.16148544685616e-12,-1.13063283691052e-12,2.39367270657171e-12,1.12764605606606e-11,3.29508261062216e-11,7.88930391135949e-11,1.69839872765149e-10,3.39224866068379e-10,6.39742164581579e-10,1.1506843885276e-09,1.98728658152826e-09,3.31128948204918e-09,5.34251062702475e-09,8.3708732709425e-09,1.27681247319049e-08,1.89986055881894e-08,2.76283941323477e-08,3.93322829615188e-08,5.48983478024787e-08,7.52300137759281e-08,1.01345870403659e-07,1.34377718872423e-07,1.75567556962409e-07,2.26264408959942e-07,2.87921951579046e-07,3.62097865753391e-07,4.5045575162985e-07,5.54770292993068e-07,6.76936221876573e-07,8.18981358402823e-07,9.83083721252746e-07,1.17159275989546e-06,1.38705494913676e-06,1.63224385126714e-06,1.91019473415782e-06,2.22424421432379e-06,2.57807492699837e-06,2.97576485049284e-06,3.4218425323092e-06,3.92134856752739e-06,4.47989968113748e-06,5.1037553482128e-06,5.79989195066804e-06,6.57608029949716e-06,7.44096009383857e-06,8.40412051413217e-06,9.47619050394307e-06,1.06689278625412e-05,1.19953144476284e-05,1.34696699136007e-05,1.51077778413316e-05,1.69270175957538e-05,1.89465258066241e-05,2.1187392506946e-05,2.36728700605763e-05,2.64285980541314e-05,2.94828910772874e-05,3.28670654798236e-05,3.66157643708481e-05,4.07673368900102e-05,4.53643219050606e-05,5.04539503857191e-05,5.60886569547142e-05,6.23267237305064e-05,6.92330871649752e-05,7.6880213363019e-05,8.53489857858823e-05,9.47297796513253e-05,0.000105123901078441,0.000116645198648588,0.000129421563347869,0.000143596806880813,0.000159333095481997,0.000176813482580409,0.000196244391338505,0.000217858613266974,0.00024191892253257,0.000268721735828289,0.000298600710152222,0.000331931026941463,0.000369134353966035,0.000410683301139978,0.000457106007227076,0.000508991915868595,0.000566996880785785,0.000631847275014233,0.000704345265864635,0.000785374352412513,0.000875902956343917,0.000976987537515611,0.00108977685201001,0.00121551568675619,0.00135554782332291,0.00151132005982615,0.00168438531882968,0.00187640434493234,0.00208915192903413,0.00232452634216593,0.00258455259147007,0.00287138487092714,0.00318731826146833,0.00353480426226374,0.00391645992808399,0.00433507754216302,0.00479364428544654,0.00529536052107748,0.00584365261085419,0.00644219809719712,0.0070949604116894,0.00780618920969116,0.00858041795770857,0.00942251391603017,0.0103377159298914,0.011331592702449,0.0124100235456107,0.0135792536756748,0.0148459057005606,0.0162169344098164,0.0176996182013542,0.0193015630495792,0.02103066420212,0.0228950414432772,0.0249029926680077,0.0270629937296499,0.0293836746536498,0.0318736990339278,0.0345416135473487,0.0373957247693299,0.0404439175030274,0.043693335190137,0.047150113285192,0.0508194395448787,0.0547055907183997,0.0588113771847795,0.063137230342988,0.0676805898169812,0.072435769802459,0.0773939122445483,0.0825425604973718,0.0878652241223438,0.0933413449848635,0.0989454902706818,0.10464530375718,0.11040034972041,0.116163205942423,0.121881290164676,0.127497060361416,0.132946449520325,0.138158695610598,0.143058074893788,0.147562185547751,0.151578886008549,0.155012301994535,0.157772610731379,0.159775277106538,0.16093846776145,0.161190491508039,0.160472895758369,0.158734768872823,0.155937006074407,0.152064068641916,0.147127501405563,0.141166700637579,0.134251892971578,0.126482291637715,0.117980935738655,0.108890952843009,0.099372667739829,0.0896009821034796,0.079760740510605,0.0700390207078019,0.0606170068387265,0.0516614146338865,0.0433154752553568,0.0356927575290295,0.0288739283316088,0.022904556488868,0.0177951106266828,0.0135235757836999,0.0100395617815755,0.00727026757437384,0.0051278853493741,0.00351700576664406,0.00234155566065463,0.00151061113802566,0.000942555018641203,0.00056771255787488,0.000329422727587922,0.00018375927387576,9.83100354279025e-05,5.03115218449697e-05,2.4560253265506e-05,1.14037528026675e-05,5.01436937446374e-06,2.07530416090382e-06,8.07990367615763e-07,2.96017804570987e-07,0
146497139.830729,0,-1.93032903984769e-12,-1.14307931453406e-12,-1.16280342806908e-12,2.21680103884257e-12,1.06796613474548e-11,3.14376166031864e-11,7.54306728922332e-11,1.62619423386823e-10,3.25051646310732e-10,6.13367596289098e-10,1.10368976889314e-09,1.90671758980603e-09,3.17777257095364e-09,5.12794210700416e-09,8.03553923766491e-09,1.22573079837124e-08,1.82386128289771e-08,2.65221019597426e-08,3.77541858263866e-08,5.26892437024741e-08,7.21913709533043e-08,9.72340198171241e-08,1.28897963562683e-07,1.68368294559325e-07,2.16931322803499e-07,2.75972323619188e-07,3.46975041410107e-07,4.31523734330959e-07,5.31308303332311e-07,6.4813304031565e-07,7.83929388643301e-07,9.40772624102852e-07,1.12090200558723e-06,1.32674477037129e-06,1.56094510733788e-06,1.82639766089197e-06,2.12628400240146e-06,2.46411384789938e-06,2.84377411797367e-06,3.26958313624627e-06,3.74634595941953e-06,4.27941512525054e-06,4.87476071596025e-06,5.53904186743583e-06,6.27967542444759e-06,7.10491072275263e-06,8.02391368239113e-06,9.0468491973556e-06,1.01849636601818e-05,1.14506802935638e-05,1.28577055575527e-05,1.44211433071954e-05,1.61576292434076e-05,1.80854823087272e-05,2.02248731363778e-05,2.25980285451476e-05,2.52294734106241e-05,2.81462828241403e-05,3.13783622903394e-05,3.49588046017344e-05,3.89242899621549e-05,4.33154734509167e-05,4.8177440339848e-05,5.35603102853173e-05,5.95198805891392e-05,6.61182489578728e-05,7.34246059002937e-05,8.15162815746264e-05,9.04798475334086e-05,0.000100412209183463,0.000111422019687326,0.000123631516316324,0.000137178410577914,0.000152217743608005,0.000168924174357706,0.000187494959249171,0.000208153027374746,0.000231149701045817,0.00025676793373565,0.000285326751251788,0.000317185658840213,0.000352748116356443,0.000392465735847326,0.000436844086798068,0.000486447800550248,0.000541904298952992,0.000603908623090521,0.000673229135213391,0.000750711465156019,0.000837281944439625,0.00093395237124381,0.00104182341441915,0.00116208638398746,0.00129602743171701,0.00144503274271194,0.00161059044845819,0.00179429265146028,0.00199784176758241,0.00222305764429044,0.00247188318262855,0.00274639054292053,0.00304878777604695,0.0033814285811034,0.0037468284287679,0.0041476785500456,0.00458685129123456,0.00506741430042379,0.00559266147766052,0.00616613183286535,0.0067916106847549,0.00747315099792403,0.00821511268467696,0.00902217069403094,0.00989930848818775,0.0108518463011747,0.011885466088404,0.0130061886181765,0.0142203559574905,0.015534660539114,0.0169561581455097,0.0184922192192854,0.0201504914396633,0.0219388901895416,0.0238655057463427,0.0259384826415192,0.0281660408228345,0.0305565280061874,0.0331182899438139,0.0358594386360218,0.0387876595813785,0.0419099139160858,0.0452320672776941,0.0487588971123823,0.0524942900285283,0.0564408093236856,0.0605989644032572,0.0649670468121514,0.0695405494602998,0.07431048350516,0.0792630732317813,0.0843819841093643,0.0896488318888647,0.0950396486735251,0.100522817854046,0.106060951814708,0.111610185060165,0.117117095579873,0.122521810107336,0.127762996308083,0.132775343230868,0.137486845775959,0.141820229959086,0.145690018827393,0.149002557648306,0.15166653284605,0.153596618487993,0.154711203344559,0.154942665997866,0.154241206164985,0.152561593905004,0.149866868171062,0.146144136636579,0.141401117676646,0.13566704139394,0.129008760471645,0.1215266207016,0.113340180965241,0.104590245117911,0.0954363194243349,0.0860453143027938,0.0765907771601277,0.0672514783318698,0.0582005295569426,0.0495970133280423,0.0415795896459597,0.034258397940202,0.0277105950138264,0.0219794925729591,0.0170748187416743,0.0129749884526189,0.0096313560573099,0.00697398985758281,0.00491849941115272,0.00337311935021463,0.00224553409332008,0.00144846101923841,0.000903577337756859,0.000544060579306741,0.000315578965143617,0.000175975328768052,9.41280061338185e-05,4.81778354137347e-05,2.35267168457159e-05,1.09304469532392e-05,4.81692761308808e-06,2.00056646642875e-06,7.77304465746347e-07,2.83702005897576e-07,0
149926843.278605,3.6920084587338e-31,-1.81774286377091e-12,-1.08571098006624e-12,-1.09145612944311e-12,2.11362836583042e-12,1.02124777369941e-11,3.00447851269244e-11,7.21661650332297e-11,1.55660164091401e-10,3.11323968476983e-10,5.87733774006024e-10,1.05799435641779e-09,1.82840041159634e-09,3.04811686465961e-09,4.91982748022098e-09,7.71073421454747e-09,1.17631934128765e-08,1.75044405944052e-08,2.54547114695309e-08,3.6233317519748e-08,5.05624698764058e-08,6.92687682884941e-08,9.32826592467934e-08,1.23636275455051e-07,1.61460401933922e-07,2.07981548352579e-07,2.64519922153978e-07,3.32488898051382e-07,4.13396873387917e-07,5.08852685840152e-07,6.20574750925992e-07,7.50403019625905e-07,9.00314240376294e-07,1.07244208442604e-06,1.26910118487647e-06,1.49281322487629e-06,1.74633720462338e-06,2.03270618451339e-06,2.35526770347556e-06,2.71772705752528e-06,3.1241980804977e-06,3.57926065557375e-06,4.0880193785271e-06,4.65616626030854e-06,5.29005141294368e-06,5.99675442774876e-06,6.78415388004778e-06,7.66100522358742e-06,8.63702701570593e-06,9.72298167961632e-06,1.09307538932592e-05,1.2273452397448e-05,1.37655392996061e-05,1.54229519572941e-05,1.72632166395862e-05,1.93056111093324e-05,2.15713997659808e-05,2.40840582157644e-05,2.68694596559015e-05,2.99561554825259e-05,3.33757873759526e-05,3.71634340432624e-05,4.13579062400043e-05,4.60022706910124e-05,5.11445004557091e-05,5.68379318559916e-05,6.31418365207472e-05,7.01224205817949e-05,7.78537486911389e-05,8.64184616853745e-05,9.59090938153576e-05,0.000106429787767665,0.000118097454897145,0.00013104330309979,0.000145415524840951,0.000161381648173231,0.000179130091507327,0.000198873221773903,0.000220851565815518,0.000245336511790455,0.000272632835403675,0.000303083604937207,0.000337075281813136,0.00037504088395016,0.000417463733221968,0.000464883480063195,0.000517901470268278,0.000577183791298208,0.00064346527329306,0.000717555584475787,0.000800342839526475,0.000892795073391621,0.000995964937684462,0.00111099443718913,0.0012391152404271,0.00138165108446657,0.00154002433030145,0.00171575952362687,0.00191048613792219,0.00212594607838336,0.00236400013047141,0.00262663221178958,0.00291596129849595,0.00323425690832749,0.00358394169818845,0.00396759450525198,0.00438797597011232,0.00484805511109683,0.00535101072232403,0.00590023404518428,0.00649935780763491,0.00715229131969062,0.00786324089438425,0.00863669968842978,0.00947744044980837,0.0103905752396033,0.0113815991747869,0.0124563100495027,0.0136207701882475,0.0148814117620972,0.0162450353165097,0.0177186990256301,0.0193097424038496,0.0210257748970934,0.022874516090418,0.0248638049323447,0.0270016583317299,0.0292960700795836,0.0317549260190525,0.0343861303810838,0.0371972886919009,0.0401950349982966,0.0433849055438721,0.0467717230847549,0.0503594727021866,0.0541505967791736,0.0581456356652364,0.0623430362318972,0.0667383068517965,0.0713231210000994,0.076085064691129,0.0810079521519916,0.0860727889379737,0.0912572894842121,0.0965323354989424,0.10186024772035,0.107197490731535,0.112495276932463,0.117697328421243,0.12274214116918,0.127566509325838,0.13210239996363,0.136273120158505,0.139995495425475,0.143182404379429,0.145744740354734,0.147598460222212,0.148670365389389,0.148896221278915,0.148220718790069,0.146601670489386,0.144009088573549,0.140425346245158,0.135855358504382,0.130334994396408,0.123929432031247,0.116730504332574,0.108855845541938,0.100443310900007,0.0916432263968372,0.08261581247544,0.0735299608100067,0.0645568042163129,0.0558618782338357,0.0475986573106767,0.0399001761072964,0.0328713855080393,0.0265861223984604,0.0210858455973344,0.0163793413455703,0.0124454404907829,0.00923739432387299,0.00668796818956078,0.00471604605171046,0.00323367344214471,0.00215228981573079,0.00138804441464168,0.000865760254505987,0.000521266329348058,0.000302368441231856,0.000168634424356998,9.02263574956164e-05,4.61922843828147e-05,2.25600241752439e-05,1.04804231332623e-05,4.61819000379372e-06,1.91903676773395e-06,7.44990232597016e-07,2.70778155865085e-07,0
153436840.893001,0,-2.03832595186045e-12,-1.16097722080905e-12,-1.42595322010601e-12,1.7549943272394e-12,9.2770880289641e-12,2.83329229972739e-11,6.84924642504956e-11,1.48542743051085e-10,2.97650931288408e-10,5.62801150056652e-10,1.01391362815412e-09,1.7533437864524e-09,2.92411334746757e-09,4.72108755138217e-09,7.40058488617029e-09,1.12913482863222e-08,1.6803036263597e-08,2.44345330570194e-08,3.4779051084716e-08,4.85280902959394e-08,6.64722230067768e-08,8.950075325353e-08,1.18599181317232e-07,1.54846564346157e-07,1.99412313201544e-07,2.53554319538885e-07,3.18618447771794e-07,3.96041082520342e-07,4.87354289532807e-07,5.94194173758995e-07,7.18312546037726e-07,8.61592915873058e-07,1.02606958441572e-06,1.21394923817223e-06,1.42763588510244e-06,1.66976084041213e-06,1.94321685730425e-06,2.2511956332594e-06,2.59722966246905e-06,2.9852402880727e-06,3.41959194877691e-06,3.90515068835161e-06,4.44734467970763e-06,5.05222896828609e-06,5.72655704272805e-06,6.47785380868124e-06,7.31448597955142e-06,8.24573832912215e-06,9.28189863641142e-06,1.04343439499223e-05,1.17156285384674e-05,1.31395884577453e-05,1.47214635881017e-05,1.64780313595398e-05,1.84277590542838e-05,2.05909861720645e-05,2.29901318005271e-05,2.56499283826431e-05,2.8597696614231e-05,3.1863667550799e-05,3.54813274526283e-05,3.94877841557019e-05,4.3924218792593e-05,4.8836436098031e-05,5.42754203825365e-05,6.02979157264873e-05,6.69671943125304e-05,7.43539916403188e-05,8.25374441282943e-05,9.16061304761846e-05,0.000101659412673079,0.000112809019644513,0.000125180707111959,0.000138916065534422,0.000154174733614445,0.000171136969439556,0.000190006303206748,0.000211012245561124,0.000234413615342907,0.000260502351061955,0.000289607132354707,0.000322096914880291,0.000358385318312912,0.000398935546839728,0.000444264571412176,0.000494947005082949,0.000551619947516048,0.00061498787148505,0.000685826098154647,0.000764984022800939,0.00085338905861394,0.000952050107493798,0.00106205997757153,0.00118459754880066,0.00132093077552314,0.00147242089888609,0.00164052642504051,0.00182680648502414,0.00203292651008163,0.00226066654061663,0.00251192878216546,0.00278874530201973,0.003093288893092,0.00342788497725435,0.00379502047735073,0.00419735574726332,0.00463774251833271,0.00511923816402734,0.00564511564023309,0.00621887989244289,0.00684428865259815,0.00752537012502129,0.00826643750365515,0.00907209594573452,0.0099472500228637,0.0108971287329429,0.0119272967199682,0.0130436241029687,0.0142522810227311,0.0155597726258735,0.0169729079864179,0.0184987140187247,0.0201444466393855,0.021917640028478,0.0238259989463331,0.0258772192325117,0.0280789579592819,0.0304388540882374,0.0329643490952994,0.0356624449389132,0.0385396746850597,0.0416020385333198,0.0448545751101497,0.0483009206889202,0.0519431360553127,0.0557814334587706,0.0598138122553733,0.0640358863957467,0.0684405473468501,0.0730172172537238,0.0777511668029537,0.0826230788612473,0.0876087004742578,0.0926786721216433,0.0977984807332297,0.102928399178322,0.108023070200317,0.113030274505478,0.117890139496937,0.122536579997537,0.12689915925756,0.130903428509558,0.134472069628267,0.137527040274046,0.139989830343261,0.14178187093041,0.142827553081946,0.143057169320393,0.142410578620834,0.14084335746893,0.138330246864607,0.13486509327901,0.13046248422687,0.125159234074494,0.119013728410397,0.112107116074654,0.104544993320693,0.0964558007692321,0.0879872784346347,0.0793010835432388,0.0705650967591928,0.0619457866560803,0.0536013058658986,0.0456751616445157,0.0382910398900763,0.0315481297363547,0.025517180488518,0.020238387187818,0.0157210434866039,0.0119452838842702,0.00886616680196876,0.00641918046828707,0.00452653865678906,0.00310378247456047,0.00206585718501404,0.00133221175715087,0.000830644913885995,0.000499627791974304,0.00028919230525004,0.000160643238350465,8.53924953948311e-05,4.33061068950655e-05,2.0890449169174e-05,9.55501522017267e-06,4.12849996152582e-06,1.68066537534529e-06,6.43798518810675e-07,2.25301926874673e-07,0
157029012.472938,0,-1.95699772231172e-12,-1.11198089056245e-12,-1.38473971347514e-12,1.65413505216779e-12,8.80402184931857e-12,2.70109812180668e-11,6.53699756062787e-11,1.41963941504452e-10,2.84692001133573e-10,5.38702295607546e-10,9.71046852983482e-10,1.68003224989397e-09,2.80294142707988e-09,4.52688326838214e-09,7.0978907467304e-09,1.08314601392097e-08,1.61205557081376e-08,2.34434945488792e-08,3.33686502742277e-08,4.65580904806684e-08,6.37681131022369e-08,8.58487615723045e-08,1.13741211196158e-07,1.48475110274316e-07,1.91165422756732e-07,2.43010769572252e-07,3.052930391364e-07,3.79379837356998e-07,4.66729488746033e-07,5.68899699916644e-07,6.87559233766746e-07,8.24502812821066e-07,9.81668796416726e-07,1.16116074408026e-06,1.36527214049744e-06,1.5965134505179e-06,1.857642581411e-06,2.15170206779408e-06,2.48206104938194e-06,2.85245885363401e-06,3.26705400659209e-06,3.73048299594817e-06,4.24792213992789e-06,4.82514761314537e-06,5.46860090565743e-06,6.18546301922632e-06,6.98372737397398e-06,7.8722699601235e-06,8.86092729868985e-06,9.9605816445672e-06,1.11832485101698e-05,1.25421730089732e-05,1.40519448941878e-05,1.57286250232855e-05,1.75898836628929e-05,1.96551695898176e-05,2.19459233883867e-05,2.4485809168838e-05,2.73009463598071e-05,3.04201929367411e-05,3.38755255268079e-05,3.77024423335964e-05,4.1940330313696e-05,4.66329073471612e-05,5.18288493832047e-05,5.75824770866789e-05,6.39543564759779e-05,7.10120215941953e-05,7.88310518320051e-05,8.74962762265294e-05,9.71027939028307e-05,0.000107757252164952,0.000119579736246728,0.000132705746749525,0.000147287976647476,0.000163498527790673,0.000181531716493394,0.000201607038587155,0.000223972166208236,0.000248906121878349,0.000276722847500739,0.000307775212019129,0.000342459247655604,0.000381218210424196,0.000424546333100388,0.000472993141496527,0.000527168722384834,0.000587747676744417,0.000655471483350021,0.000731153000655983,0.000815681245973729,0.000910022138217142,0.00101522058824769,0.00113240647177945,0.00126279632081056,0.00140769290239527,0.00156849148677864,0.00174668661721619,0.00194387450568833,0.00216175920358024,0.00240216264780901,0.00266703331484759,0.00295845500457648,0.00327865496027576,0.003630015605781,0.00401509496650775,0.00443663793282303,0.0048975732049668,0.00540103351804764,0.00595039510430147,0.00654928054633122,0.00720154792642904,0.00791132759439996,0.00868305572360272,0.00952145586395708,0.0104315423435481,0.0114186574862637,0.0124884601709729,0.0136468959797463,0.0149002114501024,0.0162549488919083,0.0177178896138004,0.0192960366492489,0.0209966328847127,0.0228270817542957,0.0247947947865481,0.0269071640414227,0.0291715663590881,0.0315951478985612,0.0341846358076777,0.0369463977864183,0.0398862968097407,0.0430091727425382,0.0463184670374705,0.0498161143071446,0.0535023612189326,0.0573754391778573,0.0614312415865225,0.0656630298874792,0.070060818232007,0.0746104185778816,0.0792929975692893,0.0840852066274314,0.0889588610415626,0.0938806352245235,0.0988125128109735,0.10371114901631,0.108525881833105,0.113198747259056,0.117666423046503,0.121860999367489,0.125710724204829,0.129142012146002,0.132080102882436,0.1344489198507,0.136172595419789,0.137177513415924,0.137395512963956,0.136769701491866,0.135259004236572,0.132839639154333,0.129506648486248,0.125274967692867,0.120178889009065,0.114272945895579,0.107634462620773,0.100364712086117,0.0925879115718532,0.0844477548978477,0.0761009854962147,0.0677096631664452,0.0594336951042283,0.0514240645624461,0.0438174239154598,0.0367316048704568,0.0302612086111988,0.0244740101488566,0.0194087600462722,0.01507453820765,0.0114523841962637,0.00849914322519783,0.00615273265112979,0.00433830251420605,0.0029746091950654,0.00197989560872451,0.00127682998580125,0.000796153532505241,0.000478890082505015,0.00027717730403461,0.000153948211492942,8.18130548250766e-05,4.14776116258057e-05,2.00020438681549e-05,9.14603970394596e-06,3.95076228336738e-06,1.60823398132623e-06,6.16629522190941e-07,2.16437514852123e-07,0
160705281.826164,0,-1.94104748575018e-12,-1.1122540106425e-12,-1.42724819315007e-12,1.46661998288566e-12,8.24723116360797e-12,2.56361278675122e-11,6.22940214903189e-11,1.35622831107848e-10,2.72348647647123e-10,5.15855906306031e-10,9.30499795227595e-10,1.61071324920407e-09,2.68832725475351e-09,4.34304699322765e-09,6.81108967871421e-09,1.0395311395499e-08,1.54727121747396e-08,2.25019741692986e-08,3.2027717159637e-08,4.46839061082302e-08,6.11940617975798e-08,8.23706938717793e-08,1.09112566151078e-07,1.42402144630223e-07,1.83302416841744e-07,2.32955312454965e-07,2.92581352420551e-07,3.63482422848664e-07,4.47046763630632e-07,5.44757161898862e-07,6.58202237708017e-07,7.89091771661254e-07,9.39273824947954e-07,1.11075389144869e-06,1.30571819324763e-06,1.52656157312753e-06,1.77591629009151e-06,2.05668372248222e-06,2.37207390084813e-06,2.72565168926914e-06,3.12138410024973e-06,3.56369016257431e-06,4.0574997470841e-06,4.60832021482153e-06,5.22230030802569e-06,5.90629313885002e-06,6.66792924626242e-06,7.51569155117651e-06,8.45898269088492e-06,9.50820804574334e-06,1.06748726890941e-05,1.19716620746016e-05,1.3412529021396e-05,1.50128348717539e-05,1.67895021240797e-05,1.87611509606229e-05,2.09482803697909e-05,2.33735015941389e-05,2.60617701060522e-05,2.90406760566727e-05,3.23407978133365e-05,3.59960297008459e-05,4.00439649830508e-05,4.45264212926685e-05,4.94899650726527e-05,5.49864430227727e-05,6.1073716131067e-05,6.7816495624925e-05,7.52871058591228e-05,8.35664300715974e-05,9.27453318918765e-05,0.000102926107921582,0.000114223613572557,0.000126766906949601,0.000140701901560597,0.000156193542707933,0.000173427395766014,0.000192612782489698,0.000213986713906807,0.000237816163782955,0.000264400817964112,0.000294078072713674,0.000327227181342542,0.000364271852960027,0.00040568441911931,0.000451991131070237,0.000503776058755065,0.00056168407330515,0.000626424624433519,0.000698776398102512,0.000779590457740408,0.000869791132687256,0.00097037918822315,0.00108243715420104,0.0012071299543261,0.00134570475250038,0.00149949826262554,0.00166994319023246,0.00185856808795008,0.00206700342465052,0.0022969946116583,0.00255041029581099,0.00282924853189563,0.00313564523402782,0.00347188554780756,0.00384042466126037,0.00424390147850196,0.00468513128358182,0.00516712235814662,0.00569311969115252,0.00626660032231409,0.00689125623621149,0.00757105196294394,0.00831025227403964,0.00911335931596773,0.00998514879161649,0.0109307756891481,0.0119556904416301,0.0130655374330665,0.0142663080553716,0.0155643880518845,0.0169663103297253,0.0184787497182774,0.0201087540531405,0.0218635834904289,0.0237503827319449,0.0257762385778638,0.0279482900938684,0.0302735139612487,0.0327584284943909,0.0354090754027859,0.0382311623439397,0.0412295851587598,0.0444075347750548,0.0477665757631502,0.0513069694499918,0.0550268786490974,0.0589221735179623,0.0629870501087336,0.0672125862484158,0.071584648965118,0.0760845205846295,0.0806898936060233,0.0853737053738279,0.0901034511917843,0.0948423205280279,0.0995493496668369,0.104177154681405,0.108670008140313,0.112965301443757,0.116996662483096,0.120695365983917,0.123990957528322,0.126812311034253,0.129087640817259,0.13074449200921,0.13171165885376,0.13192231547806,0.131319511143777,0.129863001492466,0.127531762638739,0.124323177120582,0.120253417284793,0.115357027907613,0.10968599114168,0.103312212364036,0.0963306841659297,0.0888595297137794,0.0810372265375621,0.0730163920699405,0.0649549380477511,0.0570078977779153,0.0493206259987245,0.0420232272437602,0.0352269853553638,0.0290213904530703,0.023470724414957,0.0186119075878145,0.0144540599972214,0.0109794532773492,0.00814685010378742,0.00589676770387176,0.00415730349931371,0.00285028722293217,0.00189712677680126,0.00122353433648532,0.000763024634841596,0.000459050333899998,0.000265753046332475,0.000147634223963286,7.84701621355587e-05,3.9787669235405e-05,1.91910357542221e-05,8.77781236840831e-06,3.79137313954505e-06,1.54247836916397e-06,5.92697688563872e-07,2.09639840085502e-07,0
164467617.799466,0,-1.52587914458709e-12,-9.35600025401175e-13,-9.67420695343433e-13,1.66905828880165e-12,8.38949874743103e-12,2.49484606646737e-11,6.02522023207822e-11,1.30431425208734e-10,2.61599529645509e-10,4.94969601028827e-10,8.92681584550615e-10,1.5451260877008e-09,2.57919228716066e-09,4.16727045142979e-09,6.53643747201398e-09,9.97729243072176e-09,1.48518378761803e-08,2.15998865502714e-08,3.07436164077605e-08,4.28900856342603e-08,5.87317557695061e-08,7.9045302643572e-08,1.04689205778376e-07,1.36600782728808e-07,1.75793433374514e-07,2.23354898916775e-07,2.80447289892421e-07,3.48309505788995e-07,4.2826246661538e-07,5.21717347299404e-07,6.30186818153183e-07,7.55299155408366e-07,8.98814986088751e-07,1.06264649774704e-06,1.24887928917729e-06,1.45979721625083e-06,1.69791035369004e-06,1.96598653347114e-06,2.26708774237738e-06,2.6046117681294e-06,2.98233812487356e-06,3.40447871048649e-06,3.87573440040849e-06,4.40135545349217e-06,4.98720367166297e-06,5.63981852534483e-06,6.36648606243522e-06,7.17530844470999e-06,8.0752759466887e-06,9.07634424568817e-06,1.0189514435221e-05,1.14269193351929e-05,1.2801924489995e-05,1.4329240781271e-05,1.60250526135232e-05,1.79071664396182e-05,1.99951920885963e-05,2.23107479648494e-05,2.4877691115882e-05,2.77223897599597e-05,3.08740445059888e-05,3.436503307969e-05,3.8231288573668e-05,4.25127604272447e-05,4.72539454151557e-05,5.25044335235291e-05,5.83195312500936e-05,6.47610473682513e-05,7.18981551633162e-05,7.98083155097154e-05,8.85783999657937e-05,9.83060234091583e-05,0.000109100982537227,0.000121086906772535,0.000134403176418667,0.000149207065794563,0.000165676078964435,0.000184010579909349,0.000204436678813206,0.00022720926666721,0.000252615361291621,0.000280977698378697,0.000312658383522516,0.000348062613300382,0.000387642673163831,0.000431902055721337,0.000481399233004966,0.000536751235397703,0.000598637483204115,0.000667803309335357,0.000745062678011614,0.000831300897808895,0.000927477455381422,0.00103462817223761,0.00115386753816776,0.00128639189909708,0.00143348244160822,0.00159650878517291,0.00177693456053431,0.00197632393178601,0.00219634855612869,0.00243879571166836,0.00270557772794739,0.0029987427788605,0.0033204865783707,0.00367316295868616,0.00405929480353114,0.00448158707158876,0.00494294007092013,0.0054464619598806,0.00599548161143629,0.00659356269586803,0.00724451481447377,0.00795240509538633,0.00872157523009255,0.00955665181186283,0.0104625431880532,0.0114444433969008,0.0125078447529537,0.0136585295280824,0.0149025441035184,0.0162461860737742,0.0176959909411217,0.0192586858618785,0.0209411271063645,0.0227502492571274,0.0246930052797898,0.0267762675302642,0.0290067062850575,0.031390670904655,0.0339340508353202,0.0366420881324818,0.0395191626186525,0.0425685870436687,0.0457923927701216,0.0491910347040088,0.052763008136487,0.0565044754207147,0.0604089196290705,0.0644667095729603,0.0686646792468943,0.072985878982961,0.0774092626660966,0.0819091771415657,0.086454977429835,0.0910107544711012,0.0955349930942105,0.0999805558210248,0.10429499918503,0.108420768285774,0.112295596577567,0.115853339822774,0.119024707521641,0.121738219031543,0.123922045883887,0.125506240943762,0.126424988602074,0.126619127256101,0.126038737574023,0.124645516085842,0.122415087839688,0.119339372085815,0.115428957903224,0.110715253626905,0.105251891260647,0.0991149338575861,0.0924017135701623,0.0852282926280264,0.0777256940029518,0.0700352600605737,0.0623034772586435,0.0546764359495688,0.0472940467126933,0.0402841964599194,0.0337571769173523,0.0278009099772011,0.0224774643604673,0.0178212425168271,0.0138391069881399,0.0105124133200806,0.00780065438363116,0.00564632994779244,0.00398052793526802,0.0027286280329343,0.00181560535403523,0.00117049128300854,0.000729676315634929,0.000438935397535215,0.000254225145294119,0.000141438633291759,7.54009567502117e-05,3.84160668803151e-05,1.86537232611816e-05,8.60656799917562e-06,3.76162842016957e-06,1.55266997267781e-06,6.02623749598205e-07,2.16247374829447e-07,0
168318035.333095,0,-1.46568989818413e-12,-9.03139076070109e-13,-9.42535942350747e-13,1.57016508472136e-12,7.98732772618513e-12,2.38255431457571e-11,5.76254861999996e-11,1.24865818731259e-10,2.50616287985497e-10,4.74458413590535e-10,8.56088175375156e-10,1.4823583376491e-09,2.47519610341547e-09,4.00024113977567e-09,6.27563261693452e-09,9.58043797182043e-09,1.42621294633311e-08,2.07426100103287e-08,2.95224285502302e-08,4.11830104174084e-08,5.63869651812425e-08,7.58767587781213e-08,1.004722381413e-07,1.31067666878712e-07,1.68629022957735e-07,2.14192349012016e-07,2.68863874238191e-07,3.33822489758366e-07,4.10324978528018e-07,4.99714182454977e-07,6.03430056751687e-07,7.23023375761201e-07,8.60171818878224e-07,1.01669836827539e-06,1.19459218018012e-06,1.39603201986102e-06,1.62341234948618e-06,1.87937299775591e-06,2.16683377080064e-06,2.48903390925395e-06,2.8495755023939e-06,3.25247200887159e-06,3.70220304504613e-06,4.20377271392787e-06,4.76276984914003e-06,5.38543238281805e-06,6.07871482574791e-06,6.85035537442487e-06,7.70894582475666e-06,8.6640053558652e-06,9.7260576764075e-06,1.09067152267776e-05,1.22187711126217e-05,1.36763032596794e-05,1.5294799608629e-05,1.70912998196938e-05,1.90845614636512e-05,2.1295251306488e-05,2.37461730738292e-05,2.64625299784616e-05,2.9472220270241e-05,3.2806169380903e-05,3.6498712490868e-05,4.05880337050886e-05,4.51166464803922e-05,5.01319360999731e-05,5.56867918268996e-05,6.1840313378125e-05,6.86586158485062e-05,7.62157711594243e-05,8.45948624631498e-05,9.38891875503662e-05,0.000104203674107577,0.000115656498780781,0.0001283808763624,0.000142527060947227,0.000158264640055036,0.000175785073736067,0.000195304479437211,0.000217066477668207,0.000241345416312501,0.000268449896084833,0.000298726281614836,0.000332562135477268,0.000370390079261619,0.000412691895578791,0.000460002041422099,0.000512910933560491,0.000572068730685045,0.000638188876578453,0.000712050602676176,0.000794501391882439,0.00088645991268738,0.000988918263401975,0.00110294375791263,0.00122968178331536,0.00137035930768562,0.00152628814688037,0.00169886939887962,0.00188960004896811,0.00210008035077314,0.00233202093802169,0.00258725239421697,0.00286773704445905,0.00317557879201893,0.00351303239449774,0.00388251764632359,0.00428663260460425,0.00472816148138082,0.0052100870775816,0.0057356078767834,0.00630814734095675,0.0069313629685514,0.0076091638463172,0.00834572093900597,0.00914546992207042,0.0100131241406585,0.0109536828819561,0.0119724180712197,0.0130748712732966,0.0142668610450183,0.0155544538732906,0.0169439205388929,0.0184417228712023,0.0200544779764614,0.0217888679354304,0.0236515671724549,0.0256491908102335,0.027788186352618,0.0300746858511572,0.032514362081814,0.0351122579607724,0.0378725994714285,0.0407986097078331,0.043892264086941,0.0471539982432995,0.0505824247580817,0.0541739686443861,0.0579223970856544,0.06181842713673,0.0658494354857501,0.0699991361008903,0.0742472678109852,0.078569256236441,0.0829357287973383,0.0873121384140993,0.0916586336190649,0.0959298660331879,0.1000750374942,0.104038622408641,0.10776100499682,0.111178643346534,0.114224788342071,0.116830953762076,0.11892831034552,0.120449353116067,0.12133050419518,0.121514950878776,0.12095499881814,0.119614212088507,0.11746961562796,0.114513856378773,0.110757295977404,0.106229969540406,0.100983056986952,0.0950893960712833,0.0886425388560152,0.0817542315088053,0.0745506958304626,0.0671680534157404,0.059747161399003,0.0524282080810753,0.0453452493356991,0.0386207295657023,0.0323602268100151,0.0266479049710105,0.0215431640838989,0.0170788652117876,0.013261423509036,0.0100727725262005,0.00747388286306436,0.00540945956875634,0.00381332299783742,0.00261387308425005,0.00173915904070509,0.00112114860926997,0.000698878866920791,0.00042038620829518,0.000243468708702367,0.000135448244713732,7.22057001410245e-05,3.67885003300091e-05,1.7864397003105e-05,8.24305295059879e-06,3.6033192404643e-06,1.48799248317201e-06,5.77819742350948e-07,2.073052484122e-07,0
172258596.539878,0,-1.74273501004118e-12,-1.02681504487486e-12,-1.35012327495396e-12,1.14080272750128e-12,7.00693030648098e-12,2.22134449512543e-11,5.43349061946908e-11,1.18849430132595e-10,2.3929167617132e-10,4.5423650376422e-10,8.20589368158762e-10,1.42226454655999e-09,2.37605022861429e-09,3.84147715769803e-09,6.02776771277109e-09,9.20322911757439e-09,1.37010890388502e-08,1.99263016050568e-08,2.83584192669115e-08,3.95544527615388e-08,5.41482319464024e-08,7.28495883455859e-08,9.64412888920272e-08,1.2577651777973e-07,1.61775895659038e-07,2.05426196612671e-07,2.57780303422525e-07,3.19959943461385e-07,3.93160738750084e-07,4.78660309398826e-07,5.77829226924902e-07,6.92144483785626e-07,8.2320478816619e-07,9.7274818744103e-07,1.14267204750375e-06,1.33505480114354e-06,1.55218098432553e-06,1.79656958475159e-06,2.07100526272615e-06,2.37857531058934e-06,2.72271310814561e-06,3.10724382408734e-06,3.53643567709601e-06,4.01505789968769e-06,4.5484383261123e-06,5.14252397335479e-06,5.80395134044058e-06,6.54011310493781e-06,7.35921801910174e-06,8.27036136667147e-06,9.2836106427089e-06,1.04100850436502e-05,1.1662029710257e-05,1.3052908859055e-05,1.45975441236295e-05,1.63122573559506e-05,1.8214991083474e-05,2.0325486156453e-05,2.26655538706455e-05,2.52592992477383e-05,2.81333366167058e-05,3.13172064477365e-05,3.48437938752413e-05,3.87495468169868e-05,4.30749659183019e-05,4.78654242933531e-05,5.31716191211455e-05,5.90499312056032e-05,6.556346999052e-05,7.27832050725732e-05,8.07886354528166e-05,8.9668845533408e-05,9.95242011518305e-05,0.000110467774302942,0.000122626760053899,0.000136144615964835,0.000151183575397848,0.000167926747722788,0.000186580381742937,0.000207377130859812,0.000230579463809342,0.000256482366630087,0.000285416753687929,0.000317753549641608,0.000353906529524528,0.000394335894046754,0.000439553357012597,0.000490124473130103,0.000546670519284203,0.00060987414506799,0.000680482178753123,0.000759305198572846,0.000847222313387398,0.00094518499042734,0.00105421497559208,0.00117540767764209,0.0013099392783482,0.00145906725464894,0.00162413245083429,0.0018065671830294,0.00200790220118675,0.00222977627336129,0.002473946609835,0.00274228925309914,0.0030368093105772,0.00335967304084996,0.00371321488363377,0.00409991588411755,0.00452242985421776,0.00498363674418807,0.00548662336258186,0.00603465389482584,0.00663123295620286,0.00728014548788867,0.00798539062075234,0.00875118399408377,0.00958207101523991,0.0104829080929091,0.0114587248168661,0.0125147897987574,0.0136567598934952,0.0148905089185953,0.0162219473861449,0.0176572539897382,0.0192029468230624,0.0208654903572873,0.0226511982824037,0.0245664519453428,0.0266174700861975,0.0288099629985184,0.0311493359692402,0.0336408220724895,0.0362888656584167,0.0390964990505742,0.0420653853810325,0.0451956877257061,0.0484855243184475,0.0519311167684974,0.0555270972670341,0.0592657981238828,0.0631362527119064,0.0671229409156238,0.0712046187018819,0.07535571264086,0.0795480153285236,0.0837485388419618,0.0879188025734452,0.0920183014690062,0.0960023636519251,0.0998156597409247,0.103395427755195,0.106679028463102,0.109602518268564,0.112099515272461,0.114106951895385,0.115565518229758,0.116415763666717,0.116600522864724,0.116069511460376,0.114782958587387,0.112717396779415,0.109868936037554,0.106252884082301,0.101903665006679,0.096872867037399,0.0912272223105163,0.0850506550892461,0.0784454888182065,0.0715303414599826,0.0644372959683092,0.0573061969760435,0.0502760060539749,0.0434775271671143,0.037027948648733,0.031026367046074,0.0255510029663868,0.0206572714802519,0.0163762561624561,0.0127145789066027,0.00965570512848303,0.00716273111604268,0.0051828733898944,0.00365269098920097,0.00250332467379023,0.0016655369595648,0.00107387684325045,0.000669700177142855,0.000403104713813586,0.00023365040317522,0.00013007501090091,6.93513077941462e-05,3.53094510302495e-05,1.71199709808169e-05,7.87791385699027e-06,3.42040537779536e-06,1.39701261629397e-06,5.41969086860224e-07,1.95507079807022e-07,0
176291411.809594,0,-1.6687176266746e-12,-9.89811273751312e-13,-1.29410955181498e-12,1.07284921475745e-12,6.69876119671079e-12,2.12345092782967e-11,5.20224352572422e-11,1.1382441114649e-10,2.2932651994079e-10,4.35473236698668e-10,7.87028274279042e-10,1.36451188546279e-09,2.28024521969436e-09,3.68741576127039e-09,5.7871180611211e-09,8.83695157947392e-09,1.3156892982139e-08,1.91354053467323e-08,2.72323236076326e-08,3.79811817435232e-08,5.19886084444202e-08,6.99331945686202e-08,9.25625805883783e-08,1.20690792658579e-07,1.55195323773841e-07,1.9701579920279e-07,2.47154250863738e-07,3.06677949513588e-07,3.7672424109187e-07,4.58508325930448e-07,5.53334379301531e-07,6.62609086140999e-07,7.87855950091369e-07,9.30731592025167e-07,1.09304549948872e-06,1.27678131820245e-06,1.48411934179738e-06,1.71746241065269e-06,1.97946620737008e-06,2.27307462577034e-06,2.60156080539269e-06,2.96857043938502e-06,3.37816979838423e-06,3.83490226380691e-06,4.34384679189584e-06,4.91067541501691e-06,5.5417181621912e-06,6.24403210325939e-06,7.02546252232334e-06,7.89470470449446e-06,8.86138131454696e-06,9.93612865078725e-06,1.11306749061907e-05,1.24579186425547e-05,1.39320375861319e-05,1.55686342774566e-05,1.73848833737867e-05,1.93996811314376e-05,2.16338623003866e-05,2.41104623622926e-05,2.68549452956621e-05,2.98954857138564e-05,3.32634303185193e-05,3.69937227754702e-05,4.11251543822383e-05,4.57008584067966e-05,5.07691896124748e-05,5.6384374955453e-05,6.26068567042747e-05,6.95041225612987e-05,7.7152120513847e-05,8.5636400935067e-05,9.50530288681909e-05,0.000105509849432973,0.000117128279310642,0.000130045537764102,0.00014441689740277,0.000160417325917743,0.000178243562326583,0.000198117727623659,0.000220290874261484,0.000245045195484635,0.000272696782282163,0.000303599687086972,0.000338149693347171,0.000376787604161769,0.000420002420797472,0.000468334254598737,0.000522378263264582,0.000582788559694908,0.000650278940581232,0.000725624520226741,0.000809667661574686,0.000903320057740414,0.00100756004005241,0.0011234365738392,0.0012520764030707,0.00139468309885094,0.00155253898122244,0.00172701853788122,0.00191959246339151,0.00213182204274408,0.00236537965310392,0.00262207657806059,0.00290384658967599,0.00321273812454299,0.00355097405609875,0.00392097382559709,0.00432529244315828,0.00476663780588153,0.00524797407526086,0.00577250212285475,0.0063435678107279,0.00696472958608453,0.00763986502475182,0.00837309725979235,0.00916873086033645,0.0100313567363778,0.0109658781886499,0.0119774130826417,0.0130713167475048,0.0142531964161772,0.015528800383536,0.0169040760117327,0.018385237635796,0.0199785133983017,0.0216900271002119,0.0235259188273394,0.0254921193894001,0.0275941263498929,0.0298372232432628,0.0322264059800316,0.0347658812920741,0.0374587889166729,0.0403068707168681,0.0433099645000492,0.0464660960704763,0.049771913303322,0.0532224384892218,0.0568102457805248,0.0605246849011438,0.0643511420816418,0.0682701040017681,0.072256608207966,0.0762813729501489,0.0803127784267936,0.084316600738937,0.0882535185566343,0.0920779901640672,0.0957388300708361,0.0991786937237189,0.102334268005789,0.105140870272817,0.107536993363538,0.109463265341357,0.110860978081805,0.111674165053096,0.111850278835771,0.111340471383759,0.110105229224128,0.108121469195145,0.105385125935186,0.101911198689081,0.0977334339884836,0.0929022926268556,0.0874829803803558,0.0815562167714404,0.0752192131040817,0.0685849255638752,0.0617798732417247,0.0549382437986144,0.0481936000587748,0.0416721364408158,0.0354866854098102,0.0297320471287386,0.0244829704661943,0.0197922367493145,0.0156891775290688,0.0121800231629008,0.00924887938309069,0.0068602454365087,0.00496350673781513,0.003497771819904,0.00239693811780227,0.00159463006038345,0.00102808765295297,0.000641105581655405,0.000385887821040572,0.000223681028822612,0.000124540847834483,6.64196944104433e-05,3.38318913237117e-05,1.64146587646219e-05,7.5606375096969e-06,3.28565751484374e-06,1.34343351620596e-06,5.22434934580988e-07,1.89109220688544e-07,0
180418640.939208,0,-1.59535560543615e-12,-9.43749459383322e-13,-1.23078964005757e-12,1.04355311141265e-12,6.44528574058676e-12,2.03901090738541e-11,4.99228547479086e-11,1.09200709853518e-10,2.19997069266792e-10,4.17765736839457e-10,7.5508812012967e-10,1.30927577159821e-09,2.18819666936802e-09,3.53895590112582e-09,5.55465975038771e-09,8.4826153580615e-09,1.26299145437849e-08,1.83691867966469e-08,2.6141255522297e-08,3.64572109208434e-08,4.98976685934717e-08,6.7111481982206e-08,8.88127673187901e-08,1.15778251788387e-07,1.48844487600549e-07,1.88906529529069e-07,2.36918076339736e-07,2.93894315410495e-07,3.60917119967365e-07,4.3914289128669e-07,5.29812848518755e-07,6.34265801061048e-07,7.53953070255554e-07,8.90455114609511e-07,1.04549870796773e-06,1.22097543210803e-06,1.41896521167004e-06,1.64176283389119e-06,1.89190311885357e-06,2.17219178963649e-06,2.48574831105607e-06,2.83604900625303e-06,3.22696855287829e-06,3.66283407195492e-06,4.1484867671355e-06,4.68933666999805e-06,5.29142130229548e-06,5.96147392105638e-06,6.70698599710318e-06,7.53626976205411e-06,8.45853577947563e-06,9.48396539345856e-06,1.06237690332774e-05,1.18902817940138e-05,1.32970989174541e-05,1.48591773031742e-05,1.65929221710466e-05,1.85163835748577e-05,2.06495129354419e-05,2.30143358313978e-05,2.56351516140826e-05,2.85389013784087e-05,3.17555411347415e-05,3.53183673773786e-05,3.9264466164079e-05,4.36351935707402e-05,4.8476668945606e-05,5.38405537265912e-05,5.97848237417673e-05,6.63742414651785e-05,7.36812402761856e-05,8.17874907362274e-05,9.07850663699127e-05,0.000100777207284563,0.000111879982228962,0.000124224608865931,0.000137959266321881,0.000153250890758046,0.000170287756547109,0.000189282305349625,0.000210473834976406,0.000234131447809607,0.000260557350757225,0.000290090146500468,0.000323108070085968,0.000360032230292386,0.0004013299964711,0.000447518272888586,0.000499166744914236,0.000556900917049036,0.000621403569694401,0.000693416444453229,0.000773745603989635,0.00086326448183838,0.000962909515372142,0.00107368159007268,0.00119665874274168,0.00133299894399472,0.00148393107630681,0.00165076283796694,0.00183490113556443,0.002037852999544,0.00226122219071423,0.00250673059797306,0.00277623389177298,0.00307171239728962,0.00339528709879746,0.0037492585838051,0.00413609697820041,0.00455841678681863,0.00501903034918853,0.00552099569700016,0.00606755725736126,0.00666212861263151,0.00730839793552382,0.00801033713297718,0.00877209663891395,0.00959805354098006,0.0104929205863398,0.0114616486176141,0.0125093400455193,0.0136413537932238,0.01486329419557,0.0161808760859055,0.0175999619953514,0.019126580380662,0.0207667406051969,0.0225262752678944,0.0244107820371693,0.0264256511903891,0.0285760703247108,0.0308667479236843,0.0333016612920799,0.0358839551469125,0.0386153753124245,0.0414957121758586,0.0445231162029715,0.0476944116087981,0.0510047260415869,0.0544469636683851,0.0580111042883564,0.0616831811675154,0.0654442719954834,0.0692702786419861,0.0731333586561815,0.0770032901673176,0.0808465974223348,0.084625432605025,0.0882971016145781,0.0918121744027716,0.0951141334862642,0.0981430632485447,0.100838246331848,0.103138808126385,0.104986610855068,0.106327510683437,0.107108156920725,0.107276004319672,0.106784728294187,0.105598238194541,0.103693315978764,0.101064894684715,0.0977289719300242,0.0937186553759587,0.0890810346114167,0.0838791173232642,0.0781916605207275,0.0721113278411378,0.0657462210306785,0.059218417226317,0.0526564002454598,0.0461880240751876,0.0399345413303869,0.03400405254247,0.0284873678990997,0.0234560190983047,0.0189603813398074,0.0150285376566458,0.0116662415020858,0.00885801315685072,0.00656981642755323,0.00475303040210503,0.00334918668778372,0.0022949490607573,0.00152667553422173,0.000984207357919165,0.000613707264210225,0.000369377180021209,0.000214100061968458,0.000119203226508871,6.35711201586924e-05,3.23803290782348e-05,1.57106174398813e-05,7.23633523763509e-06,3.14498306662573e-06,1.2859594946639e-06,4.99977368398773e-07,1.81033946858681e-07,0
184642494.289555,-7.05677151527348e-30,-1.5297472628046e-12,-9.05076448958797e-13,-1.18445411421889e-12,9.75638039709076e-13,6.12815161448344e-12,1.94325458516766e-11,4.76602638328066e-11,1.04357103275467e-10,2.10412791885247e-10,3.99831299124563e-10,7.23078988811905e-10,1.2543735340887e-09,2.09731867298992e-09,3.39318462884429e-09,5.32746431184635e-09,8.13762358603573e-09,1.21184852944197e-08,1.76275819074615e-08,2.5087620059996e-08,3.49882769951918e-08,4.78853376835334e-08,6.43993043634893e-08,8.52123807047703e-08,1.11065714164652e-07,1.4275664760496e-07,1.81137582636082e-07,2.27116231095977e-07,2.81658223442588e-07,3.45792234243405e-07,4.206180866978e-07,5.07316929926816e-07,6.07163391781578e-07,7.21540044953662e-07,8.51953654283194e-07,1.00005170318815e-06,1.16763975686934e-06,1.35670282393412e-06,1.56943047515994e-06,1.80824239342597e-06,2.07581625846518e-06,2.37512468064823e-06,2.70947912127572e-06,3.08257430690529e-06,3.49853510187608e-06,3.96197162553151e-06,4.47803947606581e-06,5.05250002817473e-06,5.69177968901306e-06,6.40303061114585e-06,7.19419640125626e-06,8.07408389320317e-06,9.052433372789e-06,1.01399820245146e-05,1.13485374034669e-05,1.26910983751233e-05,1.41819918474049e-05,1.58369503278041e-05,1.76732175975734e-05,1.97098225850038e-05,2.19678640495879e-05,2.44706192372273e-05,2.72437582751602e-05,3.03158449350268e-05,3.37187556336478e-05,3.74879153162937e-05,4.16627681473154e-05,4.62874744851576e-05,5.14114472757075e-05,5.70898990954978e-05,6.33847564018109e-05,7.03656458993746e-05,7.81106730093716e-05,8.67074701494077e-05,9.62547899813964e-05,0.000106864084822687,0.000118660858187792,0.000131786419247903,0.00014640023467951,0.000162682429441381,0.000180836062712109,0.000201089544617856,0.000223699760188382,0.000248955519531527,0.00027718021961265,0.000308734599590055,0.000344020865116387,0.000383486214306978,0.000427624416256875,0.000476978931761987,0.000532147844606816,0.000593785152328094,0.000662600545260843,0.0007393647612771,0.000824913478411158,0.000920143073124782,0.0010260131678189,0.00114355870604463,0.00127388793941243,0.00141817375662254,0.00157766973799242,0.00175373011377058,0.00194779953044379,0.00216140766755273,0.00239619953980695,0.00265395748635155,0.00293658794678869,0.00324612086046871,0.00358474438465332,0.00395482583983651,0.00435889667848314,0.00479965261548952,0.00527999064660354,0.00580302882397795,0.00637208519533126,0.00699067506753716,0.00766256064147042,0.00839177342899496,0.00918255886359813,0.0100393666862715,0.0109669285835147,0.0119702276464994,0.0130543853176977,0.0142247134196001,0.015486772875018,0.0168462250041273,0.0183087830187725,0.0198802682940405,0.0215663266683478,0.0233721974808506,0.0253030796218516,0.0273642343831122,0.029560289341637,0.0318948840448174,0.0343708656574698,0.0369898281656315,0.0397514653236661,0.0426540240650073,0.0456948441900934,0.0488697944195609,0.0521724863457294,0.0555933417865493,0.0591179282922958,0.0627266060257217,0.0663964331132275,0.0701019904583496,0.0738143208708423,0.0775014064447292,0.0811288772175046,0.0846562705645419,0.0880329646431428,0.0912020039938095,0.0941068007658616,0.0966908289900467,0.0988962148347115,0.100668300988923,0.101956722306205,0.102709699320935,0.102873849920806,0.102401815110842,0.1012585923861,0.0994244485302243,0.0968971045096235,0.0936929962479544,0.0898452842061676,0.0853994816533654,0.0804129215821878,0.0749582955474845,0.0691247919760466,0.0630170387460949,0.0567530585911565,0.0504579198416446,0.0442552272357931,0.0382605940893812,0.0325767101550479,0.0272899061667298,0.0224682983612536,0.018160244014246,0.0143929506726947,0.0111720184139415,0.00848249516850287,0.00629148444655491,0.00455202572486306,0.00320787053846238,0.00219830102676722,0.00146239843596045,0.000942656978751951,0.000587632280731078,0.000353514107078254,0.000204767219770351,0.000113914201241284,6.06979950322377e-05,3.08955499509005e-05,1.49849999756944e-05,6.90009660715613e-06,2.9984971830711e-06,1.22896295730758e-06,4.80490995301839e-07,1.73969848920369e-07,0
188965233.969121,0,-1.642795452161e-12,-8.51212082879225e-13,-1.29134797061174e-12,9.69418708181008e-13,5.78252412294639e-12,1.8705108047267e-11,4.57053258672558e-11,1.0021977274671e-10,2.01907196253435e-10,3.83724735897494e-10,6.93841551284807e-10,1.20378298009675e-09,2.01287474371401e-09,3.2570250303036e-09,5.11431699040097e-09,7.81297467020063e-09,1.16359986278786e-08,1.69266149688901e-08,2.40901484898905e-08,3.35959591218884e-08,4.59760535460752e-08,6.18239290899326e-08,8.17911407386375e-08,1.06584999180284e-07,1.36965433596159e-07,1.73744131687577e-07,2.17784475408457e-07,2.70004824462182e-07,3.31383209975051e-07,4.02965381545646e-07,4.85874566914156e-07,5.81324246210006e-07,6.90631667008058e-07,8.15233141504142e-07,9.56699564109579e-07,1.11675425739894e-06,1.29729311590441e-06,1.50040656971128e-06,1.72840183805099e-06,1.9838324294323e-06,2.26953542019576e-06,2.58866835510247e-06,2.94474762058777e-06,3.34170125812617e-06,3.78392616103002e-06,4.27633688173337e-06,4.82442147460483e-06,5.43431105344545e-06,6.11283876505044e-06,6.86759279269674e-06,7.70698792616892e-06,8.64034388661033e-06,9.67794237115521e-06,1.08310872575962e-05,1.21122176965151e-05,1.35350447460234e-05,1.51146342043911e-05,1.68674994844048e-05,1.88118337436306e-05,2.09677800098928e-05,2.33575833983298e-05,2.6005803336922e-05,2.89397255569955e-05,3.2189749475854e-05,3.5789702509183e-05,3.97773085384002e-05,4.41947404075379e-05,4.90891590239202e-05,5.45134164876428e-05,6.05267868063378e-05,6.71956512653288e-05,7.45946186630215e-05,8.28078316948805e-05,9.1929780756877e-05,0.000102066623042775,0.000113338393877616,0.000125880549225038,0.000139845397512608,0.000155404907298476,0.000172753229245294,0.000192108579621705,0.000213716375395008,0.000237852431616214,0.000264825431392905,0.000294980354859322,0.000328701684873043,0.000366415761949214,0.000408594302389875,0.000455757768033003,0.000508477554741616,0.000567378237501624,0.000633139413678679,0.00070649836324431,0.000788253556956445,0.000879265021022022,0.00098045424717333,0.00109280820717571,0.00121738378099256,0.00135531176611443,0.00150780096781167,0.00167613820643512,0.00186169472064212,0.00206594781147121,0.00229048903179348,0.00253701077562323,0.00280731972484682,0.00310337638100218,0.00342729647843701,0.00378133035196821,0.00416788827702204,0.00458957597610895,0.00504917956777888,0.00554966101916797,0.00609420492550773,0.0066862210979388,0.00732930451564941,0.00802727805492917,0.00878424745141692,0.00960453351424644,0.0104926233312532,0.0114532432473651,0.0124913693434745,0.0136121341705256,0.0148208231734592,0.0161229230960125,0.0175239910684351,0.0190294503067239,0.0206446275082581,0.022374868072656,0.0242253461720829,0.026200818582248,0.028305644508331,0.0305435762716884,0.0329170849778338,0.0354270772549524,0.0380734669379965,0.0408556628390146,0.0437718984080384,0.0468180585453592,0.0499874566401349,0.0532703130475055,0.0566515205595377,0.0601108900636343,0.0636274610564289,0.0671797019547892,0.0707409678112667,0.0742806434654457,0.0777663040297947,0.0811565430988371,0.084398135853683,0.0874362962714179,0.0902191476663857,0.0926931304182832,0.0948054732454066,0.0965074888701949,0.097748845476806,0.0984751036813936,0.0986335773500023,0.0981790718477906,0.0970785926301748,0.0953156085790467,0.0928907708330305,0.0898199686899895,0.0861320353494986,0.0818676343750064,0.0770808074686189,0.0718419452288691,0.0662395428145548,0.0603784170532978,0.0543737699886903,0.0483440952148313,0.0424050659198261,0.0366641820817403,0.031217414208041,0.0261476072044439,0.021522075417479,0.0173895135118835,0.0137776986924369,0.0106924365605772,0.00811855025047472,0.00602307741160635,0.00435975895186099,0.00307399700857043,0.00210751509064506,0.0014022960606328,0.000903746736420055,0.000562987187516358,0.000338274937069326,0.000195614489093866,0.000108614237170157,5.77700018485397e-05,2.93686913692025e-05,1.4236619341643e-05,6.55463697963365e-06,2.85209826743118e-06,1.17741833076925e-06,4.64560038252556e-07,1.67073228600816e-07,0
193389175.045523,0,-1.12547573503102e-12,-6.97619712419121e-13,-7.28016600859756e-13,1.19426084607977e-12,6.13188453735853e-12,1.83464932810135e-11,4.44883293160563e-11,9.66316231715414e-11,1.94380295902267e-10,3.68766658420699e-10,6.66664556495676e-10,1.15636445138145e-09,1.93380560426313e-09,3.12931988434419e-09,4.91443049890088e-09,7.50822366966407e-09,1.11828297768863e-08,1.62675795078408e-08,2.31515564800578e-08,3.22844533503399e-08,4.41758356221524e-08,5.93931406619519e-08,7.85588836645225e-08,1.02347674327237e-07,1.3148372446143e-07,1.66739537564077e-07,2.08936398258297e-07,2.58947127732393e-07,3.17701285335819e-07,3.86192760831874e-07,4.65489707851834e-07,5.56746672843046e-07,6.61218188813666e-07,7.80273051336248e-07,9.15409615049029e-07,1.06827280680839e-06,1.24067248454247e-06,1.43460319413098e-06,1.65226714221197e-06,1.89610163845182e-06,2.16881084211752e-06,2.47340224915252e-06,2.81322812186024e-06,3.19203132589095e-06,3.61399649411237e-06,4.08380574230946e-06,4.60669484826251e-06,5.18850964991718e-06,5.83576653202839e-06,6.55571615614957e-06,7.356406781431e-06,8.24674526010197e-06,9.23656223332897e-06,1.03366884135499e-05,1.15590446897102e-05,1.29167386361934e-05,1.4424171030304e-05,1.60971691062453e-05,1.79531571985943e-05,2.00113592901598e-05,2.22930099010062e-05,2.48216005870304e-05,2.76232075597597e-05,3.07268501619413e-05,3.41648277895967e-05,3.79731553495609e-05,4.21921376479394e-05,4.68668940846681e-05,5.20478804816169e-05,5.77916711924246e-05,6.41618606051848e-05,7.12298522736254e-05,7.90758335377633e-05,8.77901063925613e-05,9.74743953865265e-05,0.000108243248469434,0.000120225845144028,0.000133567911139023,0.000148433702711347,0.00016500844107505,0.000183500848948638,0.000204145590167168,0.000227206204204505,0.0002529781884609,0.000281791621262958,0.000314014119922836,0.000350054000303815,0.000390362805344175,0.000435437964564284,0.000485825696285861,0.000542123042534457,0.000604979892861173,0.000675101729501899,0.000753251659587156,0.000840251898855495,0.000936986166038704,0.00104440218554604,0.00116351387517178,0.00129540475512717,0.00144123205975777,0.00160223072847733,0.00177971922459342,0.00197510744570514,0.00218990421424422,0.00242572576944693,0.00268430763594654,0.00296751635122504,0.00327735791375422,0.00361598788698543,0.00398572667730998,0.00438907056724639,0.00482869460384878,0.00530746208279673,0.00582843856463475,0.00639489214193198,0.00701029646029974,0.00767834654968638,0.00840295336127414,0.00918822929834244,0.0100385006360358,0.0109583080697878,0.0119523801555248,0.0130256257912453,0.0141831176956892,0.0154300479270822,0.0167717034765387,0.0182134009044007,0.0197603610932839,0.0214176726542445,0.0231902780293851,0.0250828000426739,0.0270993652515658,0.0292434938134916,0.0315178390374445,0.0339239100397061,0.0364620046688241,0.0391311244902461,0.041928673916628,0.0448500588844473,0.0478883304465855,0.0510338222742632,0.0542736216069974,0.0575912725223594,0.0609671150586239,0.0643783767092608,0.0677985413898623,0.0711969489984261,0.0745385395419976,0.0777832797055524,0.080886418514653,0.0837997526701553,0.086472694311203,0.0888532361246456,0.0908889225742714,0.0925272011223605,0.0937159476913356,0.0944049963978705,0.0945482244346396,0.0941063567717693,0.093050308570986,0.0913634402438236,0.0890424899480387,0.0860983865702397,0.0825569189044404,0.0784587721185436,0.0738596736665981,0.0688309706676736,0.0634589884808518,0.0578422107670421,0.0520876414306601,0.0463066690859399,0.0406097877671982,0.0351016729127841,0.0298773809096551,0.0250184284616577,0.0205892337856071,0.0166349231589316,0.0131800613380526,0.0102285633248664,0.00776535520240586,0.00575929873598888,0.00416688724850329,0.00293643896708549,0.00201231053524553,0.00133874048953003,0.000863077326341539,0.000538189885998013,0.000323952902750586,0.000187824552088942,0.000104649118404833,5.58914423866864e-05,2.85382921183323e-05,1.38908514033691e-05,6.42344877299653e-06,2.8116089341002e-06,1.16252892942474e-06,4.5306437904327e-07,1.62992231393632e-07,0
197916686.785356,0,-1.07648736318551e-12,-6.6351877998692e-13,-6.83252882554825e-13,1.17112579156187e-12,5.93119184087899e-12,1.76862040622253e-11,4.28352346914536e-11,9.29911688348475e-11,1.87007157915004e-10,3.547385087201e-10,6.41276291875873e-10,1.11231627565791e-09,1.86014990273225e-09,3.01013169882827e-09,4.72720120683564e-09,7.2219552936598e-09,1.07558438550288e-08,1.56450647359626e-08,2.22628810358988e-08,3.10402928118289e-08,4.24651549637018e-08,5.70800744556358e-08,7.54795724786559e-08,9.83071132600425e-08,1.26252662786861e-07,1.60051422057041e-07,2.00484336147324e-07,2.48380839293028e-07,3.0462404045758e-07,3.70158373864996e-07,4.45999513009794e-07,5.3324600106146e-07,6.33092114086679e-07,7.46842098707106e-07,8.75925593613445e-07,1.0219131143615e-06,1.1865320579189e-06,1.3716858906864e-06,1.57947717910377e-06,1.81223264071059e-06,2.07253107220604e-06,2.36323783140912e-06,2.68754662128497e-06,3.04902453980988e-06,3.45165811521325e-06,3.89990533978026e-06,4.398754454042e-06,4.95378167884301e-06,5.57120582887935e-06,6.25794865732235e-06,7.02169907382476e-06,7.87097277221782e-06,8.81517470681745e-06,9.86467345981506e-06,1.10308828455642e-05,1.23263476057725e-05,1.3764847615183e-05,1.53615325374929e-05,1.71330782672573e-05,1.90978581433108e-05,2.12761573201754e-05,2.36904363055241e-05,2.63656108439983e-05,2.93293628160862e-05,3.26125335652077e-05,3.62495704458392e-05,4.02789760840924e-05,4.47437990736858e-05,4.96922523479082e-05,5.51784648525037e-05,6.12632385726981e-05,6.80147889960769e-05,7.550973192358e-05,8.38344014940818e-05,9.30861053109006e-05,0.000103374304151586,0.00011482227522058,0.000127569246131111,0.00014177235670563,0.000157608539278641,0.000175276977415059,0.000195001989410561,0.000217035716439138,0.000241660637476653,0.000269192337710102,0.00029998257943546,0.000334422120827508,0.00037294300440644,0.000416021091057506,0.000464178940233519,0.000517987567782484,0.000578067746704455,0.000645093341723741,0.000719794299098877,0.000802956411991344,0.000895422712449498,0.000998098988796599,0.00111195686797092,0.00123803398843452,0.001377437908487,0.001531352224471,0.0017010415873613,0.0018878588611108,0.00209325237570094,0.0023187710002707,0.00256607517526793,0.00283695332147339,0.00313332892231705,0.00345726300442107,0.00381097134891205,0.00419684545383962,0.00461745208439177,0.00507552781003768,0.00557399965186751,0.00611600826959464,0.00670489761826874,0.00734420341299985,0.00803766979732457,0.00878925191275001,0.00960310280627021,0.0104835828405501,0.0114352426211763,0.0124627712680585,0.0135710148357885,0.0147650071596866,0.0160498517451056,0.0174305825683324,0.0189121992475543,0.0204996674293027,0.0221976947210471,0.0240106197912601,0.0259425184652394,0.0279969442933559,0.0301763696058652,0.0324821629879102,0.0349147659394258,0.0374732097104504,0.0401547127654401,0.0429549474691479,0.0458677182598232,0.0488837880624411,0.0519904721093083,0.0551720630682063,0.0584096863737518,0.0616809700800155,0.0649603815085209,0.0682190860209276,0.0714237452707382,0.0745359228375542,0.0775127952877318,0.0803079301866597,0.0828720478561628,0.0851547094066105,0.0871058717374998,0.0886758403618994,0.0898151672241253,0.0904761110233072,0.0906144912213436,0.0901919873282526,0.0891798790263996,0.087561822791968,0.0853345812085817,0.0825091106024573,0.0791112048021356,0.0751804671053227,0.0707703561987478,0.0659491690643631,0.0607992423025602,0.0554147592519693,0.0498984851942115,0.0443572316422212,0.0388971661970692,0.033619010645706,0.0286135823449128,0.0239586066891865,0.0197157722247427,0.0159281306194846,0.0126190607455431,0.00979238122246749,0.00743361843600552,0.00551283814040208,0.00398829593264753,0.00281040137848949,0.00192580388720143,0.00128109039253127,0.000825838125015465,0.000514920266328186,0.000309920438531625,0.000179679043873659,0.000100109879587863,5.34700072635374e-05,2.73061741873262e-05,1.32952695200706e-05,6.15044195379764e-06,2.69230948628729e-06,1.11325162538738e-06,4.34880087583257e-07,1.56979321685636e-07,0
202550193.923067,0,-1.05323883229217e-12,-6.84980689529622e-13,-6.72194445292183e-13,1.10121404444832e-12,5.68782841016087e-12,1.69918834813062e-11,4.10798387790816e-11,8.92030343200259e-11,1.79389443555218e-10,3.40401914644847e-10,6.15616803324783e-10,1.06817380266212e-09,1.78688414208249e-09,2.89225699919971e-09,4.54288428519418e-09,6.94125176557249e-09,1.03385928692208e-08,1.50386491434077e-08,2.13996349366584e-08,2.98347535177606e-08,4.0811200921536e-08,5.48479703334257e-08,7.25130028830059e-08,9.44200769359699e-08,1.21226402351258e-07,1.53631611180426e-07,1.92378346701972e-07,2.38254786146442e-07,2.92099701359514e-07,3.5481017527785e-07,4.27351249381308e-07,5.1076771343459e-07,6.06197630232381e-07,7.14884329299762e-07,8.38188777133014e-07,9.77609040508321e-07,1.13479948491693e-06,1.3115790145733e-06,1.50994732905259e-06,1.73212393649168e-06,1.98057858974262e-06,2.25804294329501e-06,2.56754911342554e-06,2.91249645495505e-06,3.29669286907301e-06,3.72438165318904e-06,4.20030586983501e-06,4.72978568763174e-06,5.31876324839458e-06,5.97384164419113e-06,6.70235259892204e-06,7.51243909616876e-06,8.41312378122314e-06,9.41433861055425e-06,1.05269613394825e-05,1.17629766308044e-05,1.31356589557329e-05,1.46595562949525e-05,1.63505062386575e-05,1.82260153201907e-05,2.03056147579975e-05,2.26108291638039e-05,2.51653032011887e-05,2.79954307568092e-05,3.11308365901458e-05,3.46044057450732e-05,3.84526922064132e-05,4.27169349015791e-05,4.7443495341019e-05,5.26838139850909e-05,5.8495630553722e-05,6.4944685875146e-05,7.21046633666257e-05,8.00572675524619e-05,8.88949935601161e-05,9.87235135302353e-05,0.000109661178319022,0.000121839860120941,0.000135409086464515,0.000150538786153091,0.000167419792025146,0.000186266015042022,0.000207317807050911,0.000230844740677949,0.000257149193759126,0.000286568697076025,0.000319475938320153,0.000356282485114461,0.000397445072112725,0.000443465462961869,0.000494888405465582,0.000552306811236942,0.000616366509910872,0.000687765021630733,0.000767253434183757,0.000855640669632973,0.000953792780800795,0.00106263555097449,0.00118316302826435,0.00131643803873072,0.00146359174107525,0.00162583648557128,0.00180447125812702,0.00200087715653198,0.00221653347640169,0.00245303556030376,0.00271209567417225,0.0029955582869921,0.00330540240548775,0.00364372579550182,0.00401280136236628,0.00441512973627071,0.00485336001532408,0.00533025270574076,0.00584878341293705,0.00641217621806372,0.00702386075747441,0.007687468801374,0.00840678424625674,0.0091857485658135,0.0100285718580157,0.0109396185179364,0.0119232759959635,0.0129841670278972,0.0141271549486301,0.0153571631849417,0.0166793461275739,0.0180987938579317,0.0196198557776636,0.0212465235389345,0.0229828846074426,0.0248326775859044,0.0267995096005499,0.0288870257690315,0.0310973999530444,0.0334303146827016,0.0358836344810958,0.0384537295031868,0.0411355326363033,0.0439236012842692,0.0468121604065485,0.0497922228517016,0.0528485815435648,0.0559599467736576,0.0591009009770093,0.0622433146279298,0.0653580389980552,0.0684171748432171,0.0713927604070176,0.0742501191007072,0.0769435053210842,0.079419335368077,0.0816208541124697,0.0834916505538612,0.0849821807605406,0.0860537674075562,0.0866727592750811,0.0868033925929318,0.0864094515396549,0.0854588315190189,0.0839250512741701,0.0817937136351167,0.07907405354194,0.0757996055663776,0.0720178168328712,0.067785417803233,0.0631694355748421,0.058245067003325,0.0530950007624132,0.047812094632767,0.0424984732499732,0.0372595191510669,0.0321958474991548,0.0273968631786159,0.0229373778827661,0.0188750012224576,0.0152489298480769,0.0120807295963956,0.00937423395611103,0.00711587455791623,0.00527727503292314,0.00381835538560125,0.00269116514539678,0.00184438781309668,0.00122690090841724,0.000790592722532308,0.000492525368149595,0.000296065112194739,0.000171376165633826,9.53298739870069e-05,5.08434069323427e-05,2.59413495827816e-05,1.26435245914771e-05,5.86929620639098e-06,2.5693478546398e-06,1.05304604386126e-06,4.16210349905305e-07,1.58434389562623e-07,0
207292177.959537,0,-1.14150880868861e-12,-6.49874334845205e-13,-8.12525662894735e-13,1.01344734078846e-12,5.25413338817588e-12,1.61909566398889e-11,3.92184815831663e-11,8.54930914118865e-11,1.72032492388522e-10,3.26751988660561e-10,5.91080639875189e-10,1.02604508086581e-09,1.71681924827921e-09,2.77962261020119e-09,4.36682100378459e-09,6.67332057504392e-09,9.94046143234584e-09,1.44601114079589e-08,2.05759892105091e-08,2.86844512947619e-08,3.92329225448056e-08,5.27179040665951e-08,6.96817332126667e-08,9.07099905748895e-08,1.16428915377405e-07,1.47504276083199e-07,1.84641505559008e-07,2.28588854392748e-07,2.80142986920345e-07,3.40156565953785e-07,4.09546768891622e-07,4.89306185307344e-07,5.80516551949384e-07,6.84363419953213e-07,8.02148368702158e-07,9.35300759907436e-07,1.08539379684461e-06,1.25416445285975e-06,1.44353177172659e-06,1.65561482615822e-06,1.89275805379531e-06,2.15756614299877e-06,2.45294140593192e-06,2.7821203794936e-06,3.14871714152431e-06,3.55677721323059e-06,4.01083150693373e-06,4.51594431999463e-06,5.07776839048214e-06,5.70261280425814e-06,6.39750166245218e-06,7.17021511346056e-06,8.02934534204807e-06,8.9843878834645e-06,1.00458206279071e-05,1.12251466190685e-05,1.25349752491058e-05,1.39891835995168e-05,1.56030607467407e-05,1.73934107038644e-05,1.937874620603e-05,2.15795799494159e-05,2.40186704046631e-05,2.67212554828628e-05,2.97154295503964e-05,3.30326086731888e-05,3.67079500377241e-05,4.07807415662392e-05,4.52949234416174e-05,5.02999170329964e-05,5.58513997205735e-05,6.20116675346299e-05,6.88505198699811e-05,7.64469680706758e-05,8.48901676191868e-05,9.42797925450717e-05,0.000104728170376438,0.000116362817193197,0.000129327232647779,0.000143782344298927,0.000159909847596064,0.000177914808967659,0.000198027321762447,0.000220504967640786,0.000245635805239747,0.000273741365545535,0.000305179012455723,0.00034034376967956,0.000379670979532736,0.000423638848167701,0.000472769901814116,0.000527633115201939,0.000588846108480611,0.00065707634507965,0.000733043333940448,0.000817520961925151,0.000911338745534908,0.00101538510140575,0.00113061162093135,0.00125803415846053,0.0013987353244002,0.00155387417293589,0.00172469239918578,0.00191251201180204,0.00211874538700206,0.00234491779819243,0.00259267098512095,0.00286375519766811,0.00316004708379552,0.00348358416380706,0.00383657252257047,0.00422136299927899,0.00464045385652386,0.00509654149134876,0.00559253817922525,0.00613152650962318,0.00671674054470918,0.00735161266222537,0.00803981393750449,0.00878522171146573,0.00959185257142226,0.0104638516680271,0.0114055205467828,0.0124213026534764,0.0135157317066581,0.0146934256850699,0.0159591678668541,0.0173178409211965,0.0187740411539179,0.0203318920561192,0.0219952658734167,0.0237676966555992,0.0256521448910205,0.0276512687736128,0.0297672964785043,0.032001038628968,0.034351331978136,0.0368151245243028,0.0393874935697084,0.0420618332875701,0.0448300473649921,0.0476822085060428,0.0506057909191653,0.053584263202501,0.0565957646633989,0.0596138793446107,0.0626095208671712,0.065551129815552,0.0684046292376058,0.0711346784300116,0.0737032990765872,0.0760658715776621,0.0781720341242138,0.0799713682064668,0.0814153555061706,0.0824567022933887,0.0830529838462569,0.0831701934199206,0.0827796278670052,0.0818549992884237,0.0803770119538543,0.0783388709588783,0.0757469497535543,0.0726220599908557,0.0690027510019104,0.0649439108639786,0.0605117120669535,0.055781967484094,0.0508401409365681,0.0457783581566655,0.0406922568278484,0.0356788887375168,0.0308319271380493,0.0262358802436978,0.0219627787916055,0.0180693811499057,0.0145947123476771,0.0115597809946194,0.00896798967400779,0.00680598017341229,0.00504617499635111,0.00365006369212915,0.00257179268485838,0.00176217118196608,0.00117213820542758,0.000755484854909259,0.000470949958000883,0.000283406938789883,0.000164315984292041,9.16006258839455e-05,4.89872064418772e-05,2.50678895612612e-05,1.22468312413963e-05,5.697748706242e-06,2.50838756119449e-06,1.03587086062835e-06,4.04543212293157e-07,1.50953920554416e-07,0
212145178.491063,0,-1.09823781577649e-12,-6.27420784125572e-13,-7.94312984483474e-13,9.38840204932965e-13,4.97829876177194e-12,1.54188539326606e-11,3.74479209581145e-11,8.17581607215662e-11,1.6470207207418e-10,3.13098579455455e-10,5.66772140747105e-10,9.84416199450809e-10,1.64796312830709e-09,2.66921868981909e-09,4.19476083896892e-09,6.41203128082021e-09,9.55305167138605e-09,1.38982429542133e-08,1.97775858245573e-08,2.75712117187333e-08,3.77077181622925e-08,5.06621156318971e-08,6.69525813123481e-08,8.71377851105339e-08,1.11814225084867e-07,1.4161515579489e-07,1.7721102998888e-07,2.19312740171547e-07,2.68676748003069e-07,3.26112144530941e-07,3.92489674908175e-07,4.68753640644369e-07,5.55934744127233e-07,6.55162027320344e-07,7.67674851408969e-07,8.94837715315204e-07,1.03815586612759e-06,1.19928889069287e-06,1.38006621563252e-06,1.58250995141597e-06,1.80886080697945e-06,2.0616038587868e-06,2.34350192408194e-06,2.6576377660532e-06,3.00745565871719e-06,3.39680686726815e-06,3.83000539564148e-06,4.31187999745208e-06,4.8478224438155e-06,5.44384946262039e-06,6.10666393441037e-06,6.8436993416447e-06,7.66318202194776e-06,8.57420867845161e-06,9.58679328905485e-06,1.07119266436733e-05,1.19617047598432e-05,1.33494486256674e-05,1.48897681334642e-05,1.65986991175247e-05,1.84939545916766e-05,2.05951817992776e-05,2.29241333137637e-05,2.5504862078416e-05,2.83641649385825e-05,3.15321263356258e-05,3.50423525985312e-05,3.89322205371233e-05,4.32437217675157e-05,4.80242955293173e-05,5.33270288652679e-05,5.9211242485009e-05,6.57439421771655e-05,7.30007885524196e-05,8.10665758810715e-05,9.00366788529425e-05,0.000100018997642134,0.000111135050269653,0.00012352139235691,0.000137332335606328,0.000152742047732995,0.000169945766834211,0.000189162649163335,0.000210639445430891,0.000234652093160844,0.000261507008587169,0.000291544835929236,0.000325143833866044,0.00036272066029708,0.000404731612230246,0.000451675864880573,0.000504097803630773,0.000562587786464039,0.000627783860787855,0.000700374116310343,0.000781098409037699,0.000870750792011109,0.000970181960530575,0.00108030085891864,0.00120207952741611,0.00133655888215609,0.00148484914806992,0.00164813287114979,0.0018276780716149,0.00202484749308024,0.00224109692962705,0.00247798514785464,0.00273719619965933,0.00302054190560771,0.00332995910467996,0.00366753917029837,0.00403554664203598,0.00443639663255183,0.0048726597140922,0.00534710356401126,0.00586269129593535,0.00642254535498197,0.00702995611243486,0.00768842645555494,0.00840166832763525,0.00917354059054772,0.0100080285589505,0.0109092783393991,0.0118815585498113,0.0129291892826124,0.0140566049838821,0.0152683969367516,0.0165691393061193,0.0179632262571858,0.0194548260816192,0.021047727522517,0.0227451950198238,0.0245500755402839,0.0264649158922324,0.0284916870352649,0.0306311459956914,0.0328823823549981,0.0352426944626972,0.0377073799623119,0.0402699129201893,0.0429226300444629,0.0456562274164779,0.0484582075534731,0.0513123567432539,0.0541984848838208,0.0570916780964421,0.0599633412677255,0.0627832629497028,0.0655196149433635,0.0681380867657301,0.0706012541501542,0.0728667000887572,0.0748867950740338,0.0766125677444538,0.077996638644539,0.0789939893935335,0.0795648910450485,0.0796765438507804,0.0793003264005014,0.0784116130261021,0.0769933697390683,0.0750382077211425,0.0725512460053794,0.0695540618788545,0.0660842606982023,0.0621931744349531,0.057944788892797,0.0534129567530367,0.0486787718745408,0.0438300162136032,0.0389588963851025,0.0341580383495814,0.0295166033196208,0.0251156957538746,0.0210242541232014,0.0172964549910506,0.0139697779439484,0.0110642965522562,0.0085831642716339,0.0065136223644393,0.00482919068897914,0.0034929152463927,0.00246092104965889,0.00168609562386374,0.0011214454896458,0.000722755421282788,0.000450518993454893,0.000271096198303227,0.000157175582707213,8.76243618232472e-05,4.68649891459096e-05,2.39854014399339e-05,1.17183777440304e-05,5.45141626541782e-06,2.40207732234795e-06,9.93237871406098e-07,3.86577151581045e-07,1.43648039840701e-07,0
217111794.56945,0,-1.06498580070656e-12,-6.03554977451938e-13,-7.80302136336641e-13,8.81707485171913e-13,4.72592770186793e-12,1.47190865617533e-11,3.57979242341398e-11,7.82691286755997e-11,1.57799128463818e-10,3.00211821039051e-10,5.43761157774431e-10,9.44953836687732e-10,1.58259221767919e-09,2.5643035602075e-09,4.03110730566879e-09,6.16335610728467e-09,9.18414679048161e-09,1.33630021757069e-08,1.901675665134e-08,2.6510073154745e-08,3.6253581800021e-08,4.87018268006719e-08,6.4349871898784e-08,8.3730618826175e-08,1.07412162936855e-07,1.3599693062743e-07,1.70122083101257e-07,2.10462515099578e-07,2.57735868884523e-07,3.1271006128746e-07,3.7621240568324e-07,4.49140636578699e-07,5.32475034053172e-07,6.27290955159035e-07,7.34770839444815e-07,8.56217254087331e-07,9.93067301823046e-07,1.14690654324516e-06,1.31948291011192e-06,1.51272644988416e-06,1.7287751957402e-06,1.97000079835569e-06,2.23903626838859e-06,2.53881536893989e-06,2.87261893798409e-06,3.24411771855113e-06,3.65741734299842e-06,4.11711343408252e-06,4.62834877208035e-06,5.19686589263071e-06,5.82905925667662e-06,6.53202924675677e-06,7.31364390336233e-06,8.18260409879004e-06,9.1484934836382e-06,1.02218403709099e-05,1.14142284956384e-05,1.27384049290023e-05,1.42083472723091e-05,1.5839406763666e-05,1.76485506965649e-05,1.96545426811779e-05,2.18781076267134e-05,2.43422624777509e-05,2.70726956993738e-05,3.00980459838912e-05,3.34502801547875e-05,3.71652604888559e-05,4.12832410025878e-05,4.5849298974134e-05,5.09140485832856e-05,5.65345253808061e-05,6.27748430933581e-05,6.97069571771284e-05,7.74119834866977e-05,8.59814638086293e-05,9.55183119309991e-05,0.000106138392992661,0.000117972618244173,0.000131168551135153,0.0001458920609809,0.000162329748726148,0.000180691559823591,0.000201212988010935,0.000224157079917169,0.000249816872144158,0.000278518456504789,0.000310623009277481,0.000346527825182936,0.000386669143153826,0.000431525265960292,0.00048161638764929,0.000537505181655666,0.000599801741165346,0.000669165805771072,0.000746304472638748,0.000831975271179479,0.000926992769243351,0.00103222872325329,0.00114861314467911,0.00127714176465669,0.00141887838646014,0.00157495720267249,0.0017465954816121,0.00193509914632063,0.00214185915971469,0.00236836671631323,0.00261623664696091,0.00288720361345789,0.00318311405557651,0.00350595672399006,0.00385789496854055,0.00424124508461724,0.00465845615426351,0.00511216038343213,0.00560520421876549,0.00614059016704683,0.00672146787341795,0.0073512067310649,0.00803337073313732,0.00877165727460335,0.0095699468518573,0.0104322700084721,0.0113626816866239,0.012365326545238,0.0134445260537018,0.014604646763918,0.0158500078649654,0.0171848745963654,0.0186132927884801,0.0201388715356633,0.0217647438358421,0.0234936495373804,0.0253279092858521,0.0272692400232664,0.0293184810249363,0.0314750041293517,0.0337360788128992,0.0360970977360657,0.0385521636759685,0.0410938691146246,0.0437128398935137,0.0463973640025009,0.0491322346201864,0.051897711293342,0.0546699430552517,0.0574219559343587,0.0601245081892392,0.0627469157971148,0.0652567369980824,0.0676180711913859,0.069790227118054,0.0717278579552532,0.0733830168948645,0.0747091342389935,0.0756642007179438,0.0762109182495578,0.0763165067957055,0.0759539041657424,0.0751013979648482,0.0737419687951031,0.0718671399370785,0.0694823340881591,0.0666085271054088,0.0632816968379261,0.0595517154300739,0.0554802072949326,0.0511381214701522,0.0466034980481013,0.0419599750315802,0.0372954327646813,0.0326985915688896,0.0282545483457255,0.0240409012311386,0.0201238119702734,0.0165549741623689,0.013370274171609,0.0105890319501311,0.00821410791717471,0.00623324758732741,0.00462112061507126,0.0033422565895771,0.00235463643639123,0.00161316620126578,0.00107284472757243,0.000691364799021904,0.000430910515515076,0.000259275227139264,0.000150318431858903,8.38062157305942e-05,4.48303308592283e-05,2.29507649164444e-05,1.12157755621663e-05,5.21914757865741e-06,2.30159405795529e-06,9.52663358014738e-07,3.70297936421525e-07,1.37231644882486e-07,0
222194686.093953,0,-8.80223685067739e-13,-5.62733412673766e-13,-6.07619236457167e-13,8.41839402079117e-13,4.61057432569926e-12,1.401347320191e-11,3.4241734663494e-11,7.47720095654922e-11,1.51028303719665e-10,2.87505810594783e-10,5.21287568014847e-10,9.06480445400118e-10,1.51917477826698e-09,2.46274700855632e-09,3.87315192288378e-09,5.92376344678599e-09,8.829352144875e-09,1.28488625194656e-08,1.82867314507124e-08,2.54927293856832e-08,3.48604422825083e-08,4.68247375439623e-08,6.18586968715599e-08,8.04705944200376e-08,1.03201536605405e-07,1.306243690174e-07,1.63344359284831e-07,2.02002023285485e-07,2.47278223641213e-07,2.99901483702989e-07,3.60657251155462e-07,4.30398663302315e-07,5.10058250168055e-07,6.00660026501079e-07,7.03331720069817e-07,8.19317148869242e-07,9.499886348554e-07,1.09685994205965e-06,1.26160140714571e-06,1.44605802701482e-06,1.65226998975886e-06,1.88249727690352e-06,2.13925067328348e-06,2.42532761921291e-06,2.74385110859037e-06,3.09831339702939e-06,3.49262503796407e-06,3.93116539428287e-06,4.41883402153207e-06,4.96110489043352e-06,5.56408145127275e-06,6.23454872650464e-06,6.98002651660049e-06,7.80883018601965e-06,8.73013567973374e-06,9.75403783970033e-06,1.08916218002036e-05,1.21550688123194e-05,1.35577751988734e-05,1.51144642969567e-05,1.68413397482834e-05,1.87563066281325e-05,2.08792031587168e-05,2.32320388028998e-05,2.5839302531898e-05,2.87283316644327e-05,3.19296949946363e-05,3.54776220592262e-05,3.94105068886536e-05,4.3771456089345e-05,4.86088876577356e-05,5.3977235545485e-05,5.99377407288575e-05,6.65592976364572e-05,7.39194624841473e-05,8.21055989318333e-05,9.12161411360459e-05,0.000101362001712013,0.000112668164302071,0.000125275450480555,0.000139342505132301,0.00015504785055482,0.000172591912275382,0.000192199377835735,0.00021412170911795,0.000238639267214108,0.000266063418816126,0.000296738959544096,0.000331046053091166,0.000369401868274335,0.00041226268287968,0.000460125702577736,0.000513530189719817,0.000573059069673916,0.000639341126930687,0.000713053050656986,0.000794921236681522,0.000885723551550685,0.000986292425947877,0.00109751938398134,0.0012203577932925,0.00135582482738335,0.00150500803085618,0.00166907330729755,0.00184926819727637,0.0020469269601756,0.00226348238438363,0.00250047488833608,0.00275955737836585,0.00304250640147488,0.00335123517719695,0.00368779843418012,0.00405439947981325,0.00445340508491365,0.00488734962992814,0.00535892931667612,0.00587101294167209,0.00642665608482057,0.00702908549099345,0.0076816852659088,0.00838801295488386,0.0091517868353429,0.00997683502150905,0.0108670907283326,0.011826608076517,0.0128595129168752,0.0139699450588177,0.0151620343526457,0.0164398163186268,0.0178070944396251,0.0192673787508948,0.0208238629410579,0.022479321527116,0.0242359746222467,0.0260953240505228,0.0280578599414769,0.0301227537980767,0.0322877084954853,0.0345489082197887,0.0369009746232708,0.0393367725007126,0.041846910770406,0.0444192245775776,0.0470384874843605,0.0496861616224133,0.0523404273628077,0.0549767876114568,0.0575683824917607,0.0600853692707223,0.0624943138670968,0.0647583348274168,0.0668375189372923,0.0686894832176751,0.0702708322905823,0.0715395700887576,0.0724566430991887,0.0729854676855428,0.0730919909333135,0.0727469824482624,0.0719277397349365,0.0706188735810331,0.0688152515382456,0.0665251266934485,0.0637701196450244,0.060584282296143,0.0570137761739352,0.0531157340655965,0.0489568509120249,0.0446122221039771,0.0401633474002283,0.0356953262999599,0.0312934670286499,0.0270391780002453,0.0230060739280416,0.0192569369366353,0.0158412059835317,0.0127931917930445,0.0101313636752746,0.0078584988231768,0.00596276441463421,0.00441988733757174,0.00319604407191115,0.00225110454930377,0.00154194541646121,0.00102544895189727,0.000660975482076964,0.000412201712277203,0.000248241404343278,0.000144080347149271,8.04157438345135e-05,4.30526541633035e-05,2.20485647400423e-05,1.07700438188866e-05,5.00151873308064e-06,2.19816204719332e-06,9.09689130565278e-07,3.54614148956333e-07,1.29456668773811e-07,0
227396575.235793,0,-8.99121498927937e-13,-6.05547055013706e-13,-6.91960141387261e-13,6.33360602105519e-13,4.19459904635026e-12,1.31016158007075e-11,3.24377484208924e-11,7.11986529074475e-11,1.44331863594279e-10,2.75291492982341e-10,4.99868765851486e-10,8.70061215300124e-10,1.4592159937175e-09,2.36679679162938e-09,3.72376496258342e-09,5.69692022704882e-09,8.49292927865783e-09,1.23606780321671e-08,1.75926253267552e-08,2.45243378397158e-08,3.35330051930533e-08,4.50347284074293e-08,5.94814928641193e-08,7.7358075245105e-08,9.91797383771386e-08,1.2549114842696e-07,1.56867084870433e-07,1.93915276524122e-07,2.37281454249247e-07,2.87656647263501e-07,3.45786285800436e-07,4.12480845010781e-07,4.88627258110355e-07,5.75200788885308e-07,6.73276766304046e-07,7.84042334878015e-07,9.08808144852452e-07,1.04902079575026e-06,1.20627659534716e-06,1.38233776737092e-06,1.57915189090392e-06,1.7988757007409e-06,2.04390337759048e-06,2.31689984139769e-06,2.62083895720867e-06,2.95904610948735e-06,3.33524444074711e-06,3.75360410948861e-06,4.21879330267492e-06,4.73603051055644e-06,5.31113752458068e-06,5.95059274404761e-06,6.66158441644354e-06,7.45206498062976e-06,8.33080965306602e-06,9.30748107080898e-06,1.03927009792608e-05,1.15981350696919e-05,1.29365973658985e-05,1.4422175610888e-05,1.60703826057137e-05,1.78983384381149e-05,1.99249884871681e-05,2.21713560654299e-05,2.4660833929429e-05,2.74195196111981e-05,3.04765955647828e-05,3.38647513155947e-05,3.76206502098109e-05,4.17854594394146e-05,4.64054516144774e-05,5.15326529398886e-05,5.72255848030297e-05,6.35501135520887e-05,7.05803961888019e-05,7.83999421377928e-05,8.71028331556505e-05,9.67950908264538e-05,0.000107596178551464,0.00011964068708956,0.000133080186684831,0.00014808518220298,0.000164847203228867,0.000183580994041841,0.000204526742754695,0.000227952273346836,0.00025415519080905,0.000283464953929005,0.000316244812412074,0.000352893626969604,0.000393847545014951,0.000439581568562113,0.00049061109202194,0.00054749352280748,0.000610829994840908,0.000681267140755605,0.000759499095543365,0.000846269952614411,0.00094237645506753,0.00104867098585177,0.00116606503406745,0.00129553317851116,0.00143811773882447,0.00159493398984497,0.00176717577589196,0.00195612217540293,0.00216314537257633,0.00238971859283861,0.00263742411345241,0.00290796264197894,0.0032031634835443,0.00352499276135279,0.00387556069212242,0.00425713011591097,0.00467212374852923,0.00512312772192173,0.0056128944660864,0.00614434515073958,0.00672056771213004,0.00734481218888801,0.00802048533263505,0.00875113955472905,0.00954045800852825,0.0103922395829705,0.0113103757250344,0.012298813680293,0.0133615124160267,0.0145023938865958,0.0157252879600388,0.0170338729063352,0.0184316021639756,0.0199216036623457,0.0215065504999507,0.0231885104428538,0.024968786224339,0.0268477579425176,0.0288247221015455,0.0308977140550975,0.033063314485745,0.0353164028925914,0.0376498387078244,0.0400541836547753,0.0425175517471149,0.0450254962595177,0.047560853038807,0.0501035722789606,0.0526305240940513,0.0551152919186663,0.0575281101587,0.0598360609230368,0.0620034970844049,0.0639926971499061,0.0657646548918267,0.0672796773956928,0.0684978526728593,0.0693799914601266,0.0698890514675019,0.0699914681298845,0.0696587240641731,0.0688695194363079,0.0676114695156136,0.0658818910012112,0.0636887489872957,0.0610516301944231,0.0580018616880157,0.054582386873697,0.0508476654642615,0.0468625609529939,0.0427001921716961,0.0384394729619701,0.0341621670821631,0.0299494201050283,0.025878402948113,0.0220191904757666,0.0184317353756779,0.0151633229364273,0.0122468351777813,0.00969986971074822,0.0075248960052326,0.00571049890848388,0.00423347331471314,0.0030615388523135,0.00215641219359647,0.00147691216073318,0.000981827453745483,0.000632318225788578,0.000393681052649523,0.000236410972042961,0.000136591795189856,7.57269332452516e-05,4.01702556763535e-05,2.03276668574827e-05,9.78242056554334e-06,4.46219532293871e-06,1.92300528106824e-06,7.81044594999273e-07,2.9785631716824e-07,1.02447371046834e-07,0
232720247.896041,0,-1.04834188304382e-12,-6.09988582488001e-13,-8.77365152927043e-13,5.32870785180126e-13,3.7545264146257e-12,1.24053742014683e-11,3.07437213704986e-11,6.80077395738099e-11,1.38002302457432e-10,2.63818200085646e-10,4.79419726138516e-10,8.35301770559141e-10,1.4017020372362e-09,2.27475120103004e-09,3.58023937538784e-09,5.47901945183567e-09,8.1697012625625e-09,1.18918386473434e-08,1.69262149714362e-08,2.35950433539876e-08,3.22596781369095e-08,4.33184456107321e-08,5.72030575318766e-08,7.43759688039214e-08,9.53276910837291e-08,1.20576067588598e-07,1.50666698304155e-07,1.86176037708826e-07,2.27716255832411e-07,2.7594266893935e-07,3.31562486756095e-07,3.95345333622179e-07,4.68134505199447e-07,5.50858856065806e-07,6.44543846982949e-07,7.5032239813613e-07,8.69446124646859e-07,1.00329767703866e-06,1.15340318299829e-06,1.32144625886026e-06,1.50928621091673e-06,1.71898141835101e-06,1.95281562264311e-06,2.21332814551384e-06,2.50335078060981e-06,2.82605000075902e-06,3.18497083010437e-06,3.58408327310346e-06,4.02783318487712e-06,4.52119517789257e-06,5.06972291991315e-06,5.67959961937441e-06,6.35769103482036e-06,7.11160029474268e-06,7.94972404984591e-06,8.88131204288085e-06,9.91653265490219e-06,1.10665519571024e-05,1.23436365713316e-05,1.37612750896686e-05,1.53343112574822e-05,1.70791050410548e-05,1.90137505296614e-05,2.11583396066607e-05,2.35352246970245e-05,2.61693021816721e-05,2.90884073870267e-05,3.23237745654105e-05,3.591043578274e-05,3.98876723314825e-05,4.42996730585428e-05,4.91962182330326e-05,5.46332648911136e-05,6.06737196147808e-05,6.738851610572e-05,7.48576065690263e-05,8.31709290126872e-05,9.2429775603037e-05,0.000102748422491096,0.000114255579708412,0.000127095968166223,0.000141432368990946,0.000157447738988087,0.000175347142795925,0.000195359785378442,0.000217741308924748,0.000242776060258825,0.000270779005612539,0.000302097449964673,0.000337112966013672,0.000376243181933759,0.000419942953779264,0.000468705583401113,0.00052306433087753,0.000583593660883487,0.000650910655549925,0.000725676964008915,0.000808600933414406,0.000900440768627123,0.00100200836095403,0.00111417194623551,0.00123786027149702,0.00137407081380099,0.00152387547292641,0.00168842147774544,0.00186893811632905,0.00206674950919067,0.00228327993547344,0.0025200549495562,0.00277871067860785,0.00306100432180016,0.00336881946192994,0.00370417490448311,0.00406923272494836,0.00446629912069311,0.00489783210436875,0.00536645493408598,0.00587495500171712,0.00642627382166695,0.00702350735630768,0.00766991087895627,0.00836889224531091,0.0091239903147533,0.00993885044713445,0.0108172094129005,0.0117628660646551,0.0127796154334788,0.0138712012974772,0.0150413175641881,0.0162935679703643,0.0176313298830267,0.0190575926714421,0.0205748349827195,0.02218492384641,0.0238889959393872,0.0256873765438539,0.0275795777579653,0.0295641164878611,0.0316379876929775,0.033796174882992,0.0360314780392665,0.0383344924040478,0.0406936321633583,0.0430951449043623,0.0455230131841514,0.0479586179778008,0.0503799367307884,0.0527608355979863,0.0550716896863129,0.0572808150206449,0.0593550175526839,0.061259525607302,0.0629581873922129,0.0644132848297592,0.0655852474567914,0.0664339263599124,0.0669213483771648,0.0670146664221508,0.0666886422111319,0.0659267236414203,0.0647203627414316,0.0630681561127911,0.0609761031501582,0.0584588679455463,0.0555420198023163,0.0522645607941759,0.0486796716306848,0.0448528685742493,0.0408585646291193,0.0367757183957375,0.0326834164561099,0.0286577052351471,0.0247695859664683,0.0210832220363621,0.0176540941292108,0.0145269942387858,0.0117339953868497,0.00929308909732736,0.0072078645000183,0.00546828740245984,0.00405259079844252,0.00292993528647345,0.00206344121254563,0.00141332897843349,0.000939825940820206,0.000605549289633988,0.000377216722299001,0.00022662634145844,0.000130964463906482,7.2592377866256e-05,3.84821900616588e-05,1.94545477094107e-05,9.35296220911892e-06,4.26231145252027e-06,1.83483536099703e-06,7.45268584334602e-07,2.85348500841289e-07,9.92456317116006e-08,0
238168555.197616,0,-9.8749310483991e-13,-5.85024805862761e-13,-8.27652229323122e-13,4.98639415574556e-13,3.58536202848263e-12,1.18341023294118e-11,2.93864581660471e-11,6.5053008819271e-11,1.32141691101509e-10,2.52799962123466e-10,4.5973339345549e-10,8.01486174280893e-10,1.34569664261198e-09,2.18487270222669e-09,3.4401420977558e-09,5.26631177487544e-09,7.85451243630901e-09,1.14351051903715e-08,1.62779216579697e-08,2.26922608668283e-08,3.10245823736149e-08,4.16562034384643e-08,5.49997370880185e-08,7.1496389745691e-08,9.16133324296149e-08,1.15842936445713e-07,1.44703246852409e-07,1.78741042186939e-07,2.18536685499817e-07,2.6471144340957e-07,3.17936217404798e-07,3.78941962274337e-07,4.48530630230591e-07,5.27586512332469e-07,6.17087109735217e-07,7.18114012430655e-07,8.31863450167874e-07,9.59656891187644e-07,1.10295227178249e-06,1.26335820386443e-06,1.44265154141185e-06,1.64279712146896e-06,1.86597109299022e-06,2.11459214784986e-06,2.3913580658589e-06,2.69928288505097e-06,3.04173833416461e-06,3.42250260246542e-06,3.84580987782433e-06,4.31639814604299e-06,4.83956074474352e-06,5.42120013284176e-06,6.06787449449335e-06,6.78684814127982e-06,7.58615289991402e-06,8.47464740453878e-06,9.4620662919231e-06,1.0559095877724e-05,1.17774890777741e-05,1.31301685236133e-05,1.46313241641944e-05,1.62965918528017e-05,1.81432925593706e-05,2.01906305074481e-05,2.24599191704165e-05,2.49749362452017e-05,2.77622912387296e-05,3.08517701536225e-05,3.42768062460699e-05,3.80749853317234e-05,4.2288505723018e-05,4.69648278386786e-05,5.21574879275477e-05,5.79267556778996e-05,6.43403255185099e-05,7.14744586005857e-05,7.94152740691492e-05,8.82597557787128e-05,9.81169194527451e-05,0.000109109579380928,0.000121376200748716,0.000135072401522449,0.000150372773836021,0.000167473137551085,0.000186592540109582,0.000207975149346137,0.000231892594963827,0.000258645983774458,0.000288567178534719,0.000322020561353508,0.00035940543459547,0.000401157323228353,0.000447748049149757,0.000499686804652724,0.000557522808543313,0.000621847230347386,0.000693293328915279,0.000772537586063989,0.000860304105094122,0.000957369311466682,0.00106456406864727,0.00118277659093567,0.00131295930217833,0.00145613569620064,0.00161340451645931,0.00178594445860829,0.00197502114766971,0.00218199573988516,0.00240833198527814,0.00265559874653175,0.00292547539212753,0.00321976660213471,0.00354041050002366,0.00388947383024923,0.00426915907726107,0.00468182462455036,0.00512998756226111,0.00561631145100477,0.00614360658497433,0.00671484191004083,0.007333142715194,0.00800176784396577,0.0087240974785995,0.00950363385437792,0.0103439707351879,0.0112487402684748,0.0122215765810951,0.0132660807141333,0.014385788248089,0.015584137671669,0.0168643755666069,0.0182294093592765,0.0196816511567889,0.0212228533053283,0.0228540392528353,0.0245755439951672,0.0263869346172081,0.0282867562489141,0.0302722100842801,0.0323386952124987,0.034479359110223,0.0366850143649009,0.0389443259319529,0.0412440051246791,0.0435688640548906,0.0459012630638867,0.048220134217853,0.0505007300383601,0.0527150099230911,0.0548319619810391,0.0568186992966455,0.0586419501931805,0.0602677419820442,0.0616601938794695,0.0627818716636232,0.0635949937132735,0.0640629567065238,0.0641533752520473,0.0638412956156051,0.0631103859274017,0.0619526800176533,0.0603679509957972,0.0583631275890595,0.0559527734261912,0.0531611332413461,0.050024679982438,0.0465933310320581,0.0429292510078875,0.039103728828164,0.0351929787798453,0.0312736249033633,0.0274191175507703,0.0236975251599574,0.0201699499253725,0.0168890222410028,0.013897202446193,0.0112249726908482,0.00888954640791749,0.00689445351305005,0.00523016810932561,0.00387588318548999,0.00280206164683498,0.00197335992583124,0.00135166692030767,0.000898896492878774,0.000579266413898568,0.000360932947387553,0.0002169216778666,0.000125419021933727,6.95646823858721e-05,3.69082145468258e-05,1.86787636902399e-05,8.99257408596579e-06,4.10506976075922e-06,1.7699861644223e-06,7.20164067918029e-07,2.76952431858632e-07,9.71327979269096e-08,0
243744415.012222,0,-7.83859039281111e-13,-5.35092743803967e-13,-6.17454891915007e-13,5.23803561264052e-13,3.61684404144846e-12,1.13925909601075e-11,2.83283268525405e-11,6.23803357476758e-11,1.26778058320815e-10,2.42344899994518e-10,4.40888195802519e-10,7.68695503764868e-10,1.29111586205974e-09,2.09681950724579e-09,3.30257807792053e-09,5.05705474753989e-09,7.5442824707078e-09,1.09855301911075e-08,1.56402307890556e-08,2.18051653225371e-08,2.98127191353832e-08,4.00279772014192e-08,5.28455968960251e-08,6.86866578795501e-08,8.79963815549671e-08,1.11243074264206e-07,1.38918867837433e-07,1.71542496726022e-07,2.09664254122683e-07,2.53873095287869e-07,3.04805452543239e-07,3.63155364854824e-07,4.29685242395068e-07,5.05236930180838e-07,5.90742431537979e-07,6.87234237113583e-07,7.95855150679424e-07,9.17868290191673e-07,1.05466793397753e-06,1.20779224809692e-06,1.37893840702421e-06,1.56998151738538e-06,1.78299812594904e-06,2.02029411970008e-06,2.28443726835183e-06,2.57829530846349e-06,2.90507768070541e-06,3.26837968343347e-06,3.67223015450826e-06,4.12114163158017e-06,4.62015977904569e-06,5.17491296815621e-06,5.79166322741885e-06,6.47735640835434e-06,7.23967336151504e-06,8.08708716953335e-06,9.02892302244107e-06,1.00754267952913e-05,1.12378497125574e-05,1.25285520908101e-05,1.39611295804799e-05,1.55505639314548e-05,1.73134017128708e-05,1.9267973750402e-05,2.14346642715268e-05,2.38362005719387e-05,2.64979679182842e-05,2.94484025331339e-05,3.27194340603652e-05,3.63469322525728e-05,4.03712137018404e-05,4.48376533989875e-05,4.9797334641677e-05,5.53077497727416e-05,6.1433629752822e-05,6.82478977829513e-05,7.5832692267137e-05,8.42805217263048e-05,9.36956141651925e-05,0.000104195399444959,0.000115912081835675,0.000128994350072481,0.000143609256933931,0.000159944152716288,0.000178208586372724,0.000198636247247728,0.000221486909491633,0.000247048229309564,0.000275637378180309,0.000307602661375851,0.000343325066958915,0.000383219608518166,0.000427736605852991,0.000477363117519874,0.000532624475868676,0.000594085869540135,0.000662353977696232,0.000738078918842878,0.000821956905659448,0.000914732916518367,0.00101720322113409,0.00113021900314587,0.00125469135031604,0.00139159556064535,0.00154197551703282,0.00170695058924934,0.00188772327660619,0.00208558528856667,0.0023019247369651,0.00253823562471197,0.00279612551492523,0.00307732181928183,0.00338368005822823,0.00371719053647805,0.00407998180031363,0.00447432591001099,0.00490264295984409,0.00536749933102774,0.00587160553454403,0.00641781630220209,0.00700912501232758,0.0076486519149088,0.00833963319949478,0.00908541010462539,0.00988940854396888,0.0107551055301427,0.0116859898253421,0.0126855196439262,0.0137570760631746,0.0149039122043398,0.0161290855329657,0.0174353642692524,0.0188251247234498,0.0203002261880419,0.0218618367269716,0.0235102762588931,0.0252449372960498,0.0270641592458604,0.0289649711463749,0.0309428608086198,0.0329916025085385,0.0351029720167869,0.037266479570266,0.0394693458851194,0.0416964721502055,0.043930215659681,0.0461502188076472,0.048333310999614,0.050453353561577,0.0524813227179434,0.054385801882995,0.0561335736787413,0.0576901821549936,0.0590206053394691,0.0600899644932292,0.0608641417825034,0.0613106060747386,0.0613998292332962,0.0611069740215415,0.0604133107249596,0.0593075804007008,0.0577874202701298,0.0558601925728828,0.0535432213045196,0.0508641163497732,0.0478609383257958,0.044581649845632,0.0410830665822362,0.037429370394083,0.0336898948277286,0.0299363963967872,0.0262401782110503,0.0226691166878275,0.0192847358687361,0.0161395872826219,0.0132750574258045,0.0107197886478066,0.00848896182431887,0.00658450491862544,0.00499618327572502,0.00370346930493873,0.00267795173885018,0.00188601580400803,0.00129155682015451,0.000858480373521249,0.000552784734402842,0.000344095040619731,0.000206588145042004,0.000119332743888718,6.61420915957723e-05,3.50768112354758e-05,1.77454313869012e-05,8.53711979956344e-06,3.89240795071799e-06,1.67632434377099e-06,6.80425688516226e-07,2.59475095811826e-07,8.89584675318443e-08,0
249450813.523032,0,-8.43713194735891e-13,-5.11228366426001e-13,-6.96360239445769e-13,4.73960792061991e-13,3.2942580951338e-12,1.07597052788139e-11,2.6759572174693e-11,5.9297469198e-11,1.20681623271195e-10,2.31268766544829e-10,4.21291596947211e-10,7.35578675167941e-10,1.23675322134245e-09,2.0104296418957e-09,3.16885591536528e-09,4.85538774220533e-09,7.24704358494806e-09,1.055688997125e-08,1.50342441242378e-08,2.09642581729346e-08,2.8665655600221e-08,3.84881262623735e-08,5.0808879291256e-08,6.60297013184631e-08,8.45745269060452e-08,1.06888518421794e-07,1.33438704116327e-07,1.64716748274713e-07,2.01243894246444e-07,2.43578156556751e-07,2.9232306862955e-07,3.48137341146777e-07,4.11745336843014e-07,4.83948355144755e-07,5.65635456478648e-07,6.57792483396038e-07,7.6151081426075e-07,8.77997791780957e-07,1.00858743432625e-06,1.15475055905108e-06,1.31810830459768e-06,1.50045098021381e-06,1.70375990990411e-06,1.93023292357373e-06,2.18231581280912e-06,2.46273796471473e-06,2.77455199314663e-06,3.12117883604939e-06,3.50645482226026e-06,3.93467673403906e-06,4.41064936663135e-06,4.93973964540288e-06,5.52792852786015e-06,6.18185410372697e-06,6.90885810905678e-06,7.71704711404429e-06,8.61535145684648e-06,9.61358274723725e-06,1.0722516572274e-05,1.19539939986902e-05,1.3321027857469e-05,1.48379407692968e-05,1.65205514070231e-05,1.83863886016708e-05,2.04549274734123e-05,2.27478515075776e-05,2.52893789913529e-05,2.81066647414646e-05,3.12302023310177e-05,3.46942398896807e-05,3.85372885932104e-05,4.28026994479656e-05,4.75393029478717e-05,5.28021311467888e-05,5.86531175125602e-05,6.5161951549916e-05,7.24072273231878e-05,8.04775401592745e-05,8.94725193909853e-05,9.95042814890301e-05,0.000110699141114634,0.000123199122214259,0.000137163533992348,0.000152770914740478,0.000170221060476907,0.000189736872324297,0.000211566106015167,0.000235983220610927,0.000263291278679452,0.000293823530533622,0.000327944628143138,0.000366051946803819,0.00040857697612137,0.000455986253670763,0.000508782313887348,0.000567505087552566,0.000632733255961348,0.000705086080350372,0.000785226279512281,0.000873862702562542,0.000971752933066692,0.00107970821929017,0.00119859994813263,0.00132936351903042,0.00147300135733708,0.00163059094634736,0.00180329373433394,0.00199235802086088,0.00219912250007073,0.00242502512578536,0.0026716106886897,0.00294053585909247,0.00323357348953828,0.00355261783199262,0.00389969491002548,0.00427696739658041,0.00468673126664568,0.00513142762848213,0.00561365111391647,0.00613612075216216,0.00670167127773565,0.00731329448801317,0.00797412681057441,0.00868737680652829,0.00945631762033212,0.010284301443127,0.0111746855864222,0.0121307631174801,0.0131557770595401,0.0142529131626053,0.0154251857775642,0.016675256267756,0.0180052920164398,0.0194168986644621,0.0209110440838649,0.0224880037541208,0.0241473792323731,0.0258880053540461,0.0277075632890331,0.0296019299739553,0.031564584700188,0.0335866584934888,0.0356575753540246,0.0377653272489902,0.0398961005509904,0.0420339126798284,0.0441601533012829,0.0462525928205081,0.0482848600570934,0.0502275288846319,0.0520499653982336,0.0537213153099643,0.0552103736156762,0.0564850931096446,0.0575121841218643,0.0582572502917643,0.0586864236600326,0.0587694851016224,0.0584828625556991,0.0578113233692186,0.0567482000986107,0.0552942540987505,0.0534563581124587,0.0512477856841584,0.0486902331269177,0.0458161872883001,0.0426704827430533,0.0393100989759682,0.0358013630092914,0.0322152781353327,0.0286229281563897,0.0250920046299878,0.021684554182175,0.0184557837777811,0.0154531624610762,0.0127151372130292,0.0102695594758872,0.00813230957156441,0.00630671730535459,0.00478409176111562,0.00354528800363445,0.00256311136476705,0.00180512577288502,0.0012364352285443,0.000822219254844886,0.000529795164659167,0.000330065185047461,0.000198356813698425,0.000114700038271977,6.36508016071183e-05,3.38070811688136e-05,1.71427955823978e-05,8.27816254517644e-06,3.79330176330031e-06,1.64249705159383e-06,6.73043572830373e-07,2.62069663346997e-07,9.29292102272154e-08,0
255290806.823952,0,-8.47465088939832e-13,-4.95831890931443e-13,-7.17140463648516e-13,4.13701251049802e-13,3.06820426858586e-12,1.01858899085779e-11,2.54588330053393e-11,5.65650927495375e-11,1.15343461112868e-10,2.2130951398951e-10,4.03583339946563e-10,7.05217098456814e-10,1.18657266349367e-09,1.92996607250005e-09,3.04361279201948e-09,4.66540335388871e-09,6.96588985796225e-09,1.01499257499825e-08,1.44573575584205e-08,2.01619371174598e-08,2.75695288855009e-08,3.7014950571883e-08,4.88589695781533e-08,6.34849281684516e-08,8.12966767561174e-08,1.02717261650213e-07,1.28189894411267e-07,1.58180488922482e-07,1.93182822539253e-07,2.33725365464849e-07,2.80380045741166e-07,3.33771738313691e-07,3.94588760282618e-07,4.63593654429506e-07,5.41633754892481e-07,6.29650165012926e-07,7.28685932343284e-07,8.39894977756802e-07,9.64552608159433e-07,1.10406629199043e-06,1.25998667220013e-06,1.43402230286557e-06,1.6280624544683e-06,1.8442047176363e-06,2.08478052092377e-06,2.3523848928972e-06,2.64992085896051e-06,2.98064688448647e-06,3.34821337993819e-06,3.75670456061941e-06,4.21069848190631e-06,4.71531865137959e-06,5.27626875171185e-06,5.8998816955534e-06,6.59318068955809e-06,7.36392503812273e-06,8.22065880952658e-06,9.17278378635907e-06,1.02306290280225e-05,1.14055179201339e-05,1.27098972762629e-05,1.41575000680488e-05,1.57634765675589e-05,1.7544555489772e-05,1.95193081799619e-05,2.1708456667731e-05,2.41351652165756e-05,2.68253468753389e-05,2.98080647462434e-05,3.31160276293316e-05,3.67860406934693e-05,4.08594817916598e-05,4.53830201585932e-05,5.04093087391078e-05,5.59974945593234e-05,6.22141154463534e-05,6.91343805492243e-05,7.68430518399348e-05,8.5435270124695e-05,9.50181197600876e-05,0.000105712326373833,0.00011765358463911,0.000130994062743486,0.000145904297130545,0.000162575072357403,0.000181219214086455,0.000202073402953652,0.000225399894414289,0.00025148813282006,0.000280656400375356,0.000313253358202199,0.000349659028611149,0.000390285699232832,0.000435579403846238,0.00048602107857398,0.000542127131383042,0.00060445085860438,0.000673584572465904,0.000750161691551341,0.000834859614259963,0.000928402706601501,0.00103156587508345,0.00114518107687194,0.0012701427523981,0.00140740911942674,0.00155800865493602,0.00172305251094684,0.00190373757418877,0.00210134401307007,0.00231724596171723,0.00255292526844891,0.00280997005085048,0.00309007459536302,0.00339505432015596,0.00372685275076612,0.00408753573364435,0.00447930292317175,0.00490450148795341,0.00536560390087998,0.00586519553415246,0.00640600856191975,0.00699091957975479,0.00762290191530415,0.00830503382954956,0.00904049727977308,0.00983248186905543,0.0106841500962158,0.0115986929131213,0.0125792817014633,0.0136289658643571,0.0147506160782814,0.0159467632235989,0.0172193970196806,0.0185699505129771,0.0199993557691708,0.0215080348871469,0.0230958774791778,0.0247620435602354,0.026504368839624,0.0283185567750447,0.0301977522999819,0.0321329712236549,0.0341140249139247,0.0361299632208759,0.0381685424436293,0.0402151997832823,0.042252176138729,0.0442576331051676,0.0462051472491708,0.0480653246856974,0.0498087873904337,0.0514070107202451,0.0528311051197718,0.0540511530115256,0.0550354502199166,0.0557498906935142,0.0561605716249477,0.0562382618396281,0.0559610224180127,0.0553154890488036,0.0542970031706907,0.052907145613984,0.0511514569537278,0.0490406628385288,0.0465937820912569,0.0438410188586031,0.040825986168321,0.0376053136157868,0.0342445384483401,0.0308126584358722,0.0273774927654516,0.0240024069490317,0.0207449748954506,0.0176568726868993,0.0147833688419826,0.0121619518609879,0.00982035314253546,0.00777463688039081,0.00602832365981409,0.00457286961285592,0.00338939953800605,0.00245133115231198,0.00172725183846081,0.00118366892461931,0.000787394304141534,0.000507376213652776,0.000315982879084978,0.000189743023134718,0.000109591312601733,6.07335960989313e-05,3.22191486460834e-05,1.63274299119475e-05,7.88545395967927e-06,3.61583537508109e-06,1.56942312349266e-06,6.48030051618549e-07,2.54345731508325e-07,8.99582429698235e-08,0
261267522.556333,0,-7.96092115052535e-13,-5.0860454732574e-13,-6.98981154895368e-13,3.27322355603118e-13,2.87033004356481e-12,9.64369990142827e-12,2.42537919883692e-11,5.40454266596611e-11,1.10396001363811e-10,2.12095370131608e-10,3.87128238883162e-10,6.76996436349068e-10,1.13974735030815e-09,1.85476745620938e-09,2.92615344542519e-09,4.48685049933468e-09,6.70091269540039e-09,9.76564443493539e-09,1.39115464127644e-08,1.94017481802571e-08,2.65295664682396e-08,3.5615837831779e-08,4.7005405904953e-08,6.10641717889298e-08,7.8176575154656e-08,9.8744661240073e-08,1.23188797117932e-07,1.51950540686263e-07,1.85497376443119e-07,2.243294826126e-07,2.68988334988956e-07,3.20066601396387e-07,3.7821837723855e-07,4.44169297227928e-07,5.18726477754733e-07,6.02787666649558e-07,6.97349579441298e-07,8.03516291416821e-07,9.22508011014709e-07,1.0556699334532e-06,1.20448359278171e-06,1.37058266424766e-06,1.55577202951765e-06,1.76204986741686e-06,1.99163524677439e-06,2.24700107481703e-06,2.53091135211444e-06,2.84646189739727e-06,3.19712304023381e-06,3.58678534947606e-06,4.01980911995436e-06,4.50107272499051e-06,5.03601661511429e-06,5.63068947006416e-06,6.29180166944907e-06,7.02677901240984e-06,7.84380613715812e-06,8.75187472847343e-06,9.76086749197459e-06,1.08816582932352e-05,1.21261870338856e-05,1.35075608637298e-05,1.50402499559566e-05,1.67402916708054e-05,1.86254542985088e-05,2.07154905873533e-05,2.3032495427076e-05,2.5601225638696e-05,2.84494292474361e-05,3.16083031598734e-05,3.51129852345496e-05,3.9003034659528e-05,4.33230209129266e-05,4.81231773295e-05,5.34600576260887e-05,5.93973669764482e-05,6.60069619925e-05,7.3369756694963e-05,8.15767237894736e-05,9.07302693924312e-05,0.00010094574285067,0.000112352784199012,0.000125096727932468,0.000139340385854026,0.000155266049405446,0.000173077151409176,0.00019299963956249,0.000215283767372514,0.00024020614102241,0.000268071163106461,0.00029921195373824,0.000333991389509812,0.000372803593010126,0.000416075514719256,0.000464267327176115,0.000517872333101825,0.000577419327472133,0.000643475787357976,0.000716647959784793,0.000797581804419606,0.000886969078965521,0.000985552547254687,0.00109412736587236,0.00121354505730839,0.00134472131980551,0.00148864284221626,0.00164637151101849,0.00181904781824461,0.00200789792373329,0.00221424259541206,0.00243949938500858,0.00268518454452099,0.00295292360240307,0.00324445802086453,0.00356164423097426,0.00390645964117502,0.00428101071800524,0.00468753435728221,0.00512840059472142,0.00560610940050686,0.0061232748077521,0.00668262107023849,0.00728699327479763,0.0079393468683888,0.00864271751527175,0.00940018869477404,0.0102148362299014,0.0110896740738598,0.0120276589939118,0.0130316899577212,0.0141045212610433,0.0152486585205935,0.0164662459718652,0.0177588509375198,0.0191272737197818,0.0205715610269535,0.0220910968541355,0.023684638576497,0.0253502338198963,0.0270847230722101,0.0288828306059441,0.0307365823700512,0.0326356433756318,0.0345680872056855,0.0365205883447536,0.0384781794430492,0.0404243541211415,0.0423404809661794,0.044203850161819,0.0459871391290613,0.0476606108526775,0.0491940354832254,0.0505572309641583,0.0517208542331033,0.0526567484663824,0.0533367162333804,0.0537316285806487,0.0538130402776307,0.0535565381668595,0.0529445427447508,0.051968072328136,0.0506278950809646,0.0489339197283217,0.0469030857678932,0.0445586343092844,0.0419311829287225,0.0390597030730494,0.0359921495711108,0.0327852407157191,0.0295020323693109,0.0262080799857788,0.0229676173267747,0.0198402357051968,0.0168786623306316,0.0141273702573277,0.011621322652264,0.00938504509068779,0.00743197569748934,0.00576418500613374,0.00437307867413102,0.00324094030020325,0.00234297573977968,0.00164974979660446,0.00112961326976479,0.000750881209544,0.000483690638648108,0.000301362937701835,0.000181230263615995,0.000104953432881978,5.83834920314936e-05,3.11116692965895e-05,1.58392507085345e-05,7.68380464773245e-06,3.53812242751175e-06,1.53783343259785e-06,6.31008160727819e-07,2.46487501600919e-07,8.85098615723322e-08,0
267384161.583994,0,-8.83470011390442e-13,-4.93266753264971e-13,-7.80087683468317e-13,3.11871232728296e-13,2.68580230749504e-12,9.27979379340992e-12,2.32856086851184e-11,5.19773034876385e-11,1.06124766617835e-10,2.03927845322202e-10,3.72221346354347e-10,6.51038302152241e-10,1.09623257242367e-09,1.78432889308239e-09,2.81559619245256e-09,4.3181414233186e-09,6.44995183071529e-09,9.40098122837804e-09,1.33929278428072e-08,1.86786597772125e-08,2.55396113055189e-08,3.42831898281627e-08,4.52390853623204e-08,5.8756478445477e-08,7.52013581261222e-08,9.49557570841594e-08,1.18418211732021e-07,1.4600682147726e-07,1.78163849279483e-07,2.15362657074357e-07,2.58115842907328e-07,3.0698514012215e-07,3.62591512304702e-07,4.25625337831949e-07,4.96855580602793e-07,5.77138795659018e-07,6.67427399375563e-07,7.68777498098929e-07,8.82356015808873e-07,1.00944936276631e-06,1.15147475100197e-06,1.30999395593449e-06,1.48672950629528e-06,1.68358665280455e-06,1.90268043611282e-06,2.14636530936688e-06,2.41726994179307e-06,2.71833859997106e-06,3.05287265936152e-06,3.42457333370836e-06,3.83759002148391e-06,4.29656861083086e-06,4.80669708314238e-06,5.37375200428444e-06,6.00414487593249e-06,6.70497006235174e-06,7.48406020853221e-06,8.35003788179236e-06,9.31237089163444e-06,1.03814610832895e-05,1.15687447894129e-05,1.28867878217833e-05,1.43494374634603e-05,1.59720176727622e-05,1.7771505086321e-05,1.97667698135099e-05,2.19789163406137e-05,2.44315779699667e-05,2.71512150273923e-05,3.0167594596565e-05,3.35142960233276e-05,3.72291002226938e-05,4.1354527525749e-05,4.59385737797408e-05,5.10353489955829e-05,5.67057389939481e-05,6.30183620518728e-05,7.00505646567645e-05,7.78893592882485e-05,8.66326407641495e-05,9.63905897633637e-05,0.000107287000144173,0.000119460732407746,0.000133067439422292,0.000148281224745132,0.000165296134462088,0.000184327944607048,0.000205616051333837,0.000229424682024264,0.000256044103614637,0.000285792648654817,0.000319017852367266,0.000356096373853296,0.000397435571394376,0.000443475787851061,0.00049468994807217,0.000551583498305794,0.000614698026538811,0.000684613891951102,0.000761949938963194,0.000847366570850481,0.000941572624807246,0.00104532874020054,0.00115944850470412,0.00128480569696439,0.00142234390477275,0.00157307866446192,0.00173809920021538,0.00191857889842868,0.00211578260751564,0.00233106563991765,0.00256588043904427,0.00282178681130839,0.00310044997599887,0.00340364351104366,0.00373326439823092,0.00409133332472333,0.00447998891799747,0.00490149856130495,0.00535825450611049,0.00585275033704822,0.00638758966979197,0.00696550945940073,0.0075893501418382,0.00826200428418925,0.00898641096586588,0.00976553786562209,0.0106022956247705,0.0114994983504843,0.0124599063707813,0.0134861826381098,0.0145807416915159,0.0157455974377264,0.0169821850906167,0.0182912455921491,0.019672886929354,0.0211266391003356,0.0226514369666468,0.0242455159576049,0.0259057942882358,0.027626899804086,0.029400919857141,0.0312179789836107,0.0330666822352714,0.034934374537666,0.0368074388029672,0.0386707362201482,0.0405060392206969,0.0422909421841057,0.0439990727870752,0.0456013933079253,0.0470683346294463,0.0483715262528762,0.0494838557683334,0.0503786725133188,0.0510290656986726,0.051407345327723,0.0514861609933757,0.0512417688228204,0.0506571187452121,0.0497236073013908,0.0484418866787944,0.0468209984640242,0.0448766464289913,0.0426310141105164,0.0401137982642448,0.0373630904384267,0.0344259252825157,0.0313574094684523,0.0282178673155344,0.025069274320674,0.021971825667415,0.0189813019025539,0.0161476258653089,0.0135136411549101,0.0111136811626542,0.00897229376467762,0.00710308998789027,0.00550821997307032,0.00417909492924601,0.00309809260409877,0.00224085503667876,0.00157883710394549,0.001081683750486,0.000719258839565293,0.000463269350879895,0.00028843689779008,0.000173223821597341,0.000100123904127924,5.55684899310077e-05,2.95424129499544e-05,1.50112209618921e-05,7.27379317666613e-06,3.3485988399443e-06,1.45685393312692e-06,6.00452733731322e-07,2.36599966248702e-07,8.54027506331889e-08,0
273643999.707467,0,-6.1047512352051e-13,-4.1658976524278e-13,-4.94145754770942e-13,4.0307004553947e-13,2.81882251309508e-12,8.993355595048e-12,2.24807360836196e-11,4.98087088066121e-11,1.01708773714149e-10,1.95325923968766e-10,3.56775308701317e-10,6.24344090248439e-10,1.0520542276719e-09,1.71346722663017e-09,2.70538512740518e-09,4.15113552702558e-09,6.20307349411103e-09,9.04401379014694e-09,1.28874078907359e-08,1.79762365585198e-08,2.4580773937046e-08,3.29955458892716e-08,4.35359531986316e-08,5.65351159196473e-08,7.23415177692843e-08,9.13179782575199e-08,1.13842367339549e-07,1.40310326892158e-07,1.71140069495216e-07,2.06779116798695e-07,2.47712642646522e-07,2.94472921638422e-07,3.47649282733818e-07,4.07898005930997e-07,4.75951725205688e-07,5.52627990495806e-07,6.38836875868321e-07,7.35588021328515e-07,8.4399783477595e-07,9.65297551273743e-07,1.10084290403105e-06,1.25212637742448e-06,1.42079304984267e-06,1.60866083296959e-06,1.81774511854204e-06,2.05028767276192e-06,2.30879030688107e-06,2.59605272888598e-06,2.91521350335202e-06,3.26979372161866e-06,3.66374286932737e-06,4.10148470040106e-06,4.58796350991557e-06,5.1286910277805e-06,5.72979261157795e-06,6.39805287303074e-06,7.14096369529466e-06,7.96677952126983e-06,8.88457702679917e-06,9.90432237860457e-06,1.103696112088e-05,1.22945335408314e-05,1.36903027095008e-05,1.52389095486948e-05,1.69565793163546e-05,1.88613631946506e-05,2.09733983746515e-05,2.33152125226361e-05,2.59120878038267e-05,2.87924579242185e-05,3.19883301365975e-05,3.55357653906607e-05,3.94754216232405e-05,4.38531436937769e-05,4.87206004849939e-05,5.41360128070708e-05,6.01649903998167e-05,6.68814312627859e-05,7.43685172492429e-05,8.27198467235088e-05,9.20406781407965e-05,0.000102449289165601,0.00011407839570395,0.000127076655105882,0.000141610283194931,0.000157864695109231,0.000176046060477693,0.00019638285152382,0.000219127403580791,0.000244557302618312,0.000272976636411504,0.000304717148466049,0.000340139252955311,0.000379632966660517,0.000423618880327928,0.000472549119765511,0.000526908333242208,0.000587215012328097,0.000654023341784211,0.000727925445376364,0.000809554026594623,0.000899585699341538,0.000998745083479632,0.0011078093326103,0.00122761313504973,0.00135905436228466,0.00150309967950567,0.00166078985500424,0.00183324557105911,0.00202167357499791,0.00222737198514919,0.00245173453249622,0.0026962552001314,0.00296253362790517,0.0032522791345,0.0035673124317971,0.0039095678090764,0.00428109643396186,0.00468406658551081,0.00512076027068674,0.0055935709735987,0.00610500196803923,0.00665765815988278,0.00725423039049127,0.00789747796585536,0.00859020898936272,0.00933525255874796,0.0101354242716786,0.0109934872318141,0.0119120992938569,0.0128937433678818,0.0139406514496713,0.0150547237310151,0.0162374388132359,0.0174897639089551,0.0188120581817004,0.020203939351984,0.021664108919434,0.0231901586402745,0.0247783880677735,0.0264236734307019,0.0281193808506958,0.0298572520424992,0.0316272415990553,0.0334173314550149,0.0352133150384556,0.0369985910950548,0.0387541034583437,0.0404585109383756,0.0420885163814804,0.0436191807574853,0.0450241406597204,0.0462758612776563,0.0473460237537417,0.0482060223965324,0.0488277378976234,0.0491847388660731,0.0492535900426881,0.0490149585990978,0.0484545840365504,0.0475641121928153,0.0463417776008317,0.0447930848881865,0.0429314672736249,0.0407787869195334,0.0383655709891509,0.035730679202263,0.032920244856599,0.0299861576473562,0.0269842571454573,0.0239721966800181,0.0210071462498665,0.0181435253406399,0.0154307148847488,0.0129108364036142,0.0106169227285717,0.00857167542547458,0.00678691262550666,0.00526381216456143,0.00399388316647881,0.0029604945685719,0.00214080009912107,0.0015078654889159,0.00103280289166338,0.000686743674499744,0.000442492072833908,0.000275748567918679,0.000165854830690259,9.60729371827824e-05,5.34710399204976e-05,2.85233450109972e-05,1.45441308960402e-05,7.068174225651e-06,3.26337847888573e-06,1.42709818468704e-06,5.89461674297525e-07,2.28658562098084e-07,8.16108379102298e-08,0
280050389.418362,0,-7.01144748458877e-13,-4.41853707971345e-13,-6.13721275166541e-13,2.84236169787746e-13,2.51242796048084e-12,8.43983494980822e-12,2.12836430863459e-11,4.74807739497824e-11,9.71731771126164e-11,1.86968173722261e-10,3.41823590990735e-10,5.98631971093664e-10,1.0092359667231e-09,1.64442706905708e-09,2.59725502416266e-09,3.98639413847643e-09,5.95837340648902e-09,8.68907163621034e-09,1.23836972111384e-08,1.72757510957082e-08,2.36246565963809e-08,3.1712790520757e-08,4.1842037365581e-08,5.43306591276183e-08,6.951084601549e-08,8.77276770044512e-08,1.09339789675884e-07,1.34722077167733e-07,1.64270342342104e-07,1.98407942832548e-07,2.37594030830611e-07,2.82332901688665e-07,3.33183770572233e-07,3.90770586982454e-07,4.55791239480771e-07,5.29025712569003e-07,6.11343367773353e-07,7.03709946306562e-07,8.07194286025713e-07,9.22975308502763e-07,1.05235065439038e-06,1.19674799262667e-06,1.35773975903197e-06,1.53706223150789e-06,1.73663820130769e-06,1.95860326028918e-06,2.20533811864907e-06,2.47950655405169e-06,2.78409437666661e-06,3.12244981216398e-06,3.49832924247841e-06,3.91594434489041e-06,4.38000566723955e-06,4.89576690006444e-06,5.46907411496082e-06,6.10641301301061e-06,6.81494858753711e-06,7.6025723692769e-06,8.47797149647804e-06,9.45069960987721e-06,1.05312413467945e-05,1.17311144727388e-05,1.30630125317647e-05,1.45409523854666e-05,1.61804573555616e-05,1.79987925378632e-05,2.00152165623218e-05,2.22512818459844e-05,2.47311951757435e-05,2.74821901256011e-05,3.05349340419094e-05,3.39239983915932e-05,3.76883816432594e-05,4.18720658958252e-05,4.65245838184057e-05,5.1701676515638e-05,5.74661320053979e-05,6.38886561766547e-05,7.10486499472399e-05,7.90352393558605e-05,8.79486401868924e-05,9.79014196592644e-05,0.00010901967427232,0.000121444552884292,0.000135333972862166,0.000150864164614771,0.000168231146173777,0.000187652292552852,0.000209367984792361,0.000233642997848234,0.000260767480117444,0.000291058099121306,0.000324859356803175,0.000362544268788725,0.000404514977399062,0.000451203936905647,0.000503074852220613,0.000560624009933886,0.000624382863532406,0.000694919724431869,0.00077284097445419,0.000858795916706752,0.000953482723056922,0.00105764996788944,0.00117209872271794,0.00129769080742859,0.00143535551183421,0.00158609079841684,0.00175096790130975,0.00193113885529809,0.00212783979651067,0.00234239668949103,0.00257623285166213,0.00283086766007226,0.00310792111189529,0.00340913035138036,0.00373634810488553,0.00409153052824133,0.00447674838833186,0.00489419429794713,0.0053461652132209,0.00583505916831495,0.00636338292946472,0.00693373282820433,0.00754876260521038,0.0082111601241494,0.00892362463589893,0.00968883710646583,0.0105094255150214,0.011387936845187,0.0123267983222422,0.0133282037531066,0.0143939386585753,0.0155252693316038,0.0167229544723161,0.0179872971083096,0.0193181072182697,0.0207144771052259,0.0221744293833641,0.0236946045957848,0.0252699296041415,0.0268933346980449,0.0285560892317802,0.0302485074236371,0.0319597947220474,0.0336772257105282,0.0353856945596996,0.0370672173501216,0.0387004953862765,0.0402618073046349,0.041726463792499,0.043069442785445,0.0442656330240885,0.0452895495022778,0.0461143941201083,0.0467122961091543,0.047056210514805,0.0471220046121077,0.0468906243800123,0.0463500152833607,0.0454950893576229,0.0443262872677268,0.0428489775233369,0.0410739869361893,0.0390188395967829,0.0367097802189281,0.0341833135934572,0.0314856603766522,0.0286702483754312,0.025794126263586,0.0229142141061959,0.0200844603005274,0.0173542856051615,0.0147677508273467,0.0123627770917573,0.0101701156180612,0.00821208270027377,0.00650139421878708,0.00504064678095178,0.0038227529046431,0.00283224429042494,0.00204720974640642,0.00144155649400789,0.000987271723962489,0.000656451933828946,0.000422936140187154,0.00026345789238863,0.000158304018363013,9.15224495845509e-05,5.07780854753051e-05,2.6964659726748e-05,1.36713541837963e-05,6.60152255792233e-06,3.02511795620314e-06,1.310173220847e-06,5.37421951912844e-07,2.09583800168929e-07,7.43120442913258e-08,0
286606761.694826,0,-6.91100397520007e-13,-4.60696673687832e-13,-6.61609209859421e-13,1.44029070475037e-13,2.17601857340279e-12,7.72844508993509e-12,1.98131234458936e-11,4.46700093156395e-11,9.19428420288786e-11,1.77691622016164e-10,3.25851763853622e-10,5.72084578485664e-10,9.66318039059731e-10,1.57700587174566e-09,2.49393419111626e-09,3.8318531173561e-09,5.73221325232791e-09,8.36491659602397e-09,1.19278703619901e-08,1.66461664248589e-08,2.2769381433805e-08,3.0568766185953e-08,4.03335763649384e-08,5.23680895677176e-08,6.69890375257778e-08,8.45246623035286e-08,1.05315303123092e-07,1.29716147661146e-07,1.58101795024409e-07,1.90872817570747e-07,2.28463954504322e-07,2.71353439626858e-07,3.20072519756446e-07,3.75214710117955e-07,4.37444714210585e-07,5.0750652261138e-07,5.86230098190835e-07,6.7453676685603e-07,7.73444681049799e-07,8.8407535505751e-07,1.00766127176264e-06,1.14555459703403e-06,1.29923957921749e-06,1.47035043164724e-06,1.66069290196978e-06,1.87226881936704e-06,2.10730712370746e-06,2.36830121264116e-06,2.65804884268093e-06,2.97969416349948e-06,3.33677443355923e-06,3.73326880847861e-06,4.17364589634608e-06,4.6629118815042e-06,5.20665849023022e-06,5.81110787322863e-06,6.48315725137055e-06,7.23043210408447e-06,8.06134667257834e-06,8.98516143643251e-06,1.00120521368123e-05,1.11532169164962e-05,1.24210088357047e-05,1.38290682326467e-05,1.53924873682643e-05,1.71280426770185e-05,1.90544460732364e-05,2.11925963479339e-05,2.35658884658681e-05,2.62005888461104e-05,2.91262021377603e-05,3.2375842540466e-05,3.59867101571408e-05,4.00006489102737e-05,4.44646626477771e-05,4.94314843848792e-05,5.49603947763e-05,6.11181006776904e-05,6.79794881277843e-05,7.56286772554676e-05,8.41604526171656e-05,9.36814415903989e-05,0.000104311202234366,0.000116183902689344,0.000129450157975839,0.000144278351863931,0.00016085587249106,0.00017939070102857,0.000200113141205538,0.00022327715720275,0.00024916099226758,0.000278068001654697,0.000310328222369506,0.000346299151429924,0.000386365759579563,0.000430941783155438,0.000480471287660487,0.000535429043214353,0.000596322241880998,0.000663693816746471,0.000738124224365779,0.000820233838519143,0.000910688568686359,0.00101020353235032,0.00111954440133658,0.00123953458064893,0.00137106351592945,0.00151508603982403,0.00167262436372463,0.00184478066300679,0.00203274225529631,0.0022377780046825,0.00246124483412063,0.00270459803223548,0.00296939351891571,0.00325729058921529,0.00357005466907332,0.00390955858906501,0.00427779049243631,0.00467685207781715,0.00510893827158253,0.00557633367331229,0.00608143142037142,0.00662672616475702,0.00721476776594375,0.00784812456290045,0.00852938233995685,0.00926111938875013,0.0100458315675512,0.0108859129962565,0.0117836923546912,0.0127413397824608,0.0137606482185259,0.0148428870315595,0.0159887590715138,0.0171983900194215,0.0184713413907208,0.0198066134882286,0.0212025191227907,0.0226562680404192,0.02416335313883,0.0257171953428717,0.0273092883106644,0.0289296131513819,0.0305670103281109,0.0322092238576215,0.0338424112349661,0.0354502218441225,0.0370130701297124,0.0385083981674391,0.0399117244346582,0.0411976850949679,0.0423411598943188,0.0433180596339433,0.0441045215007509,0.044675727514556,0.0450066105570435,0.0450736786922202,0.0448567782691365,0.0443414417881177,0.0435209890794788,0.0423966172613476,0.0409761535678627,0.0392731423426793,0.0373068135036821,0.0351027964613433,0.0326940781954453,0.0301215427139141,0.0274333366574116,0.0246825416506287,0.0219239084567409,0.0192108529965482,0.016592993289279,0.0141142964345067,0.0118118938617091,0.00971511549841688,0.00784451093184682,0.00621118615299284,0.00481673573957187,0.00365384443381851,0.00270756531089498,0.00195711064454178,0.00137784865564769,0.000943290370969831,0.000626930483300629,0.000403786878280642,0.000251541843460206,0.000151245452512204,8.75720778228603e-05,4.87021840166544e-05,2.59440412312941e-05,1.32024607002718e-05,6.40068872868845e-06,2.94501002805464e-06,1.27901513047531e-06,5.24399232504816e-07,2.04477946020312e-07,7.31255282682798e-08,0
293316627.839005,0,-5.45828229075369e-13,-3.90671187526488e-13,-4.88421867092616e-13,2.41515251469415e-13,2.26595810140143e-12,7.53307237338008e-12,1.91566529444414e-11,4.28756131893281e-11,8.81718499842807e-11,1.7024039703288e-10,3.12302375451956e-10,5.484861177983e-10,9.27047977295016e-10,1.51380385694026e-09,2.39545500585896e-09,3.6825129858437e-09,5.51147268044465e-09,8.04595932868324e-09,1.14766698507626e-08,1.60200764822998e-08,2.19160442688131e-08,2.94246790582118e-08,3.88228668354338e-08,5.04010534900878e-08,6.44608322132298e-08,8.13138627066823e-08,1.01282524530644e-07,1.24702540047572e-07,1.51927615152783e-07,1.83335961071196e-07,2.19338358372611e-07,2.60387231399137e-07,3.06986127436101e-07,3.59699039323195e-07,4.1915907015636e-07,4.86076035210861e-07,5.61242863422581e-07,6.45541051737432e-07,7.39945750606566e-07,8.4553119053825e-07,9.63477188836066e-07,1.09507767645087e-06,1.24175226417279e-06,1.40506167536819e-06,1.58672744702634e-06,1.78865632283751e-06,2.0129694448933e-06,2.26203646156959e-06,2.53851398849255e-06,2.84538801416267e-06,3.1860190661996e-06,3.56418870484389e-06,3.9841478443178e-06,4.45066463551554e-06,4.96907060249357e-06,5.54530617177113e-06,6.18596748106957e-06,6.89835491776417e-06,7.6905241951483e-06,8.57134522645381e-06,9.5505753824718e-06,1.06389510378391e-05,1.18482982864697e-05,1.31916693150869e-05,1.46835100320933e-05,1.63398610133125e-05,1.8178591312329e-05,2.02196666484878e-05,2.24854457219398e-05,2.50010108093047e-05,2.77945348950596e-05,3.08976859284643e-05,3.43460584013665e-05,3.81796536216768e-05,4.2443413908723e-05,4.71878413678266e-05,5.2469674340824e-05,5.83526475747367e-05,6.49083711744426e-05,7.22173407765865e-05,8.03700425807599e-05,8.94681566567075e-05,9.9625868960052e-05,0.000110971293838211,0.000123647972211894,0.00013781632731823,0.000153655106439976,0.000171362861193776,0.000191159326628409,0.000213286604070449,0.000238010269457889,0.00026562040724558,0.000296432406362741,0.000330787689922962,0.000369054567910195,0.000411629037595355,0.000458935574823469,0.000511428363305905,0.000569592990123957,0.000633948397517968,0.000705049323501524,0.000783489375683538,0.00086990451754005,0.000964976983289788,0.00106943971393435,0.00118408092197416,0.00130974836719032,0.00144735389644622,0.00159787857701143,0.00176237728781437,0.00194198254859594,0.00213790904667355,0.00235145858888948,0.00258402422480699,0.00283709415200653,0.00311225556666303,0.00341119751297137,0.00373571306603732,0.00408770055574835,0.00446916287817134,0.00488220523310651,0.00532903064561657,0.0058119312675498,0.0063332758944842,0.00689549410904062,0.00750105516127563,0.00815244263462203,0.00885212659377048,0.00960252802287491,0.0104059707870018,0.0112646240305198,0.0121804371001617,0.013155070265503,0.0141898283865224,0.0152855883878882,0.0164426971318261,0.0176608398076622,0.0189388940632534,0.0202747688189228,0.0216652408806995,0.0231058389220918,0.0245907801058431,0.0261128731759852,0.0276633466361513,0.0292316530659634,0.0308052689021116,0.032369545350366,0.0339077388444438,0.0354011916351234,0.0368295369910095,0.0381709297892095,0.0394022697600769,0.0404993659350581,0.0414372117527384,0.0421905496004753,0.0427347216561808,0.043046713663932,0.0431062059065367,0.0428964819785505,0.0424052095414838,0.0416250891495273,0.0405544102564689,0.0391977381185112,0.0375667127321656,0.0356805783228714,0.0335662761439035,0.031258118211485,0.0287968496072656,0.026228139601322,0.0236008889911776,0.0209654372439307,0.0183716095654452,0.015866761712698,0.0134938640223421,0.0112896284336119,0.00928291614001721,0.00749364027263355,0.00593225783665468,0.00459992581603438,0.003489297169312,0.00258583302612131,0.00186948540416827,0.00131658389670336,0.000901745029864408,0.000599631655677105,0.000386415918971925,0.000240847011258041,0.000144886318418186,8.39330159620656e-05,4.67102737773302e-05,2.49090984354863e-05,1.26937921353036e-05,6.16356508901707e-06,2.84250608871763e-06,1.2414029353343e-06,5.1194992305437e-07,1.98243332209961e-07,7.05935441572224e-08,0
300183581.357559,0,-5.2439315046268e-13,-3.79216347622223e-13,-4.77955897384349e-13,2.10089946571567e-13,2.1322060067674e-12,7.15224928309287e-12,1.82556846721553e-11,4.09523432642443e-11,8.43535581784267e-11,1.63077431896096e-10,2.9947903079582e-10,5.26437281027161e-10,8.90465445287651e-10,1.45502531915099e-09,2.30373366515172e-09,3.54317174680577e-09,5.30495386049783e-09,7.74678485877441e-09,1.10523285290622e-08,1.54298544470134e-08,2.11098136501106e-08,2.83416542713399e-08,3.73903379817997e-08,4.85331019554269e-08,6.20570329288508e-08,7.82579703942361e-08,9.74411382682388e-08,1.19923744832446e-07,1.46039590007212e-07,1.76145518716083e-07,2.10629380630986e-07,2.49919006114486e-07,2.94491589358352e-07,3.44882848855461e-07,4.01695469196588e-07,4.65606511249406e-07,5.37373626039582e-07,6.17840178436108e-07,7.07939849709355e-07,8.08701529677387e-07,9.21255168300438e-07,1.04683936051571e-06,1.18681181740037e-06,1.34266360097532e-06,1.51603726283511e-06,1.7087494327194e-06,1.92281848311331e-06,2.16049703780149e-06,2.42430860705693e-06,2.71708844758348e-06,3.04202757974394e-06,3.40271895199215e-06,3.80320454137492e-06,4.248022805502e-06,4.74225516641863e-06,5.29157127639175e-06,5.90227464074933e-06,6.58134922493575e-06,7.33650810877123e-06,8.17624968157268e-06,9.10992632115463e-06,1.01478272079089e-05,1.13012801615219e-05,1.25827811498588e-05,1.40061527806984e-05,1.55867324316853e-05,1.73415941772404e-05,1.92898077293454e-05,2.14527271428729e-05,2.38543088576029e-05,2.65214665645015e-05,2.94844633083541e-05,3.27773284525588e-05,3.64383229794403e-05,4.05104482620964e-05,4.5042023796551e-05,5.008733799154e-05,5.57073764299668e-05,6.1970632927163e-05,6.89540499867823e-05,7.67440846934122e-05,8.54378471318412e-05,9.5144327813467e-05,0.000105985759200697,0.000118099035292609,0.000131637123055499,0.000146770471405686,0.000163688420949996,0.00018260053325948,0.000203737779518024,0.00022735364249001,0.000253725096494031,0.000283153419409787,0.000315964964795061,0.000352511901993507,0.000393172924410238,0.000438354103513484,0.000488490058814059,0.000544045353893994,0.000605516259876604,0.000673433171297087,0.000748363542010753,0.000830915088437427,0.000921739543186117,0.00102153706904561,0.00113106062193957,0.00125112014437551,0.00138258730378869,0.00152640034323813,0.00168356803433984,0.0018551736855669,0.00204238004856421,0.00224643339776778,0.00246866665701413,0.00271050368571251,0.00297346346396301,0.00325916208128729,0.00356931450360724,0.00390573642655273,0.00427034374892294,0.00466515007615525,0.0050922623944088,0.00555387378381756,0.00605225211979902,0.00658972247976235,0.007168646465651,0.00779140245647987,0.00846035795390031,0.00917782961295228,0.00994604024758138,0.0107670685639193,0.0116427837320646,0.012574778040777,0.0135643032470888,0.0146121964631252,0.015718786247194,0.0168837725110717,0.0181060803546301,0.0193837069361609,0.0207135781284013,0.022091433300722,0.0235117475288496,0.0249676376833181,0.0264507055531185,0.0279508541177578,0.029456105564956,0.0309524577284071,0.0324238946369416,0.0338525544098676,0.0352189287766694,0.0365020827996302,0.0376798922334882,0.0387292239049902,0.039626192785649,0.0403466985807991,0.0408672057874206,0.0411656687442472,0.0412225420500031,0.0410217373335478,0.0405514035607775,0.0398045563401794,0.0387796832730327,0.0374813884491413,0.0359209927443875,0.0341169599352026,0.0320950131394749,0.0298877895357874,0.0275339895453948,0.0250771104953937,0.0225638981517095,0.0200426142195237,0.0175611579181721,0.0151651080922433,0.0128957702807296,0.0107883293640943,0.00887031621024906,0.00716058569204922,0.00566889415974513,0.004396121794421,0.0033350901126848,0.00247183701803306,0.00178721683417857,0.0012586755671431,0.000862036311605939,0.00057314940809141,0.000369276519725572,0.00023011177486254,0.00013839996116777,8.01658406132679e-05,4.46149324471658e-05,2.37969383687212e-05,1.21323458871378e-05,5.89486573381622e-06,2.7210055301344e-06,1.18960055759133e-06,4.91111781543329e-07,1.90352961827167e-07,6.78930185756289e-08,0
307211299.886176,0,-5.03367063461032e-13,-3.67657913692133e-13,-4.67563377361846e-13,1.7929970814625e-13,2.00119027165898e-12,6.77910009934495e-12,1.73751571730051e-11,3.90754197193371e-11,8.06334608248687e-11,1.56108123261439e-10,2.87017438712737e-10,5.05033289125739e-10,8.54986943785377e-10,1.39807079345532e-09,2.21493207149695e-09,3.4083729030928e-09,5.10532180902745e-09,7.45780813505595e-09,1.06427636168012e-08,1.48606192595516e-08,2.03328427374848e-08,2.72987258385787e-08,3.60118786221346e-08,4.67369724555492e-08,5.97472969843107e-08,7.53236450793847e-08,9.37549219007659e-08,1.15340712792665e-07,1.40395847178302e-07,1.69256794709836e-07,2.02289542324573e-07,2.39898452537116e-07,2.82535515014929e-07,3.30709390894618e-07,3.84993706189249e-07,4.46034216485956e-07,5.14554765157013e-07,5.91362220438705e-07,6.77350726739934e-07,7.73505920734392e-07,8.80910120462185e-07,1.0007493303096e-06,1.13432265972535e-06,1.28305502626255e-06,1.44851399337456e-06,1.63243105146601e-06,1.83672748230077e-06,2.06354481583273e-06,2.31528004414724e-06,2.5946250568738e-06,2.90460941679548e-06,3.24864521110733e-06,3.63057425348937e-06,4.05471462000322e-06,4.52590685319578e-06,5.04955963065431e-06,5.63169491331887e-06,6.27899214918088e-06,6.99883580869914e-06,7.7993695313288e-06,8.6895585086961e-06,9.67926442786073e-06,1.07793422098067e-05,1.20017616360255e-05,1.33597533111822e-05,1.48679847549407e-05,1.65427724562924e-05,1.84023323544284e-05,2.04670560546252e-05,2.27598194797653e-05,2.53063238450069e-05,2.81354784039694e-05,3.12798048033754e-05,3.47758806793658e-05,3.86648372873417e-05,4.29929091162397e-05,4.78120342210944e-05,5.3180549537098e-05,5.9163983550535e-05,6.58359270912865e-05,7.32790040779625e-05,8.15859747238597e-05,9.0860920873644e-05,0.000101220512060907,0.000112795352100879,0.00012573134262301,0.000140191029357866,0.000156354980444413,0.000174423093908708,0.00019461572003515,0.000217174724997648,0.000242364526108544,0.000270472929542571,0.000301811789593603,0.000336717713150079,0.0003755528452329,0.000418705676290458,0.000466592017444045,0.000519656290149421,0.000578373142785818,0.000643249675304014,0.000714828346876288,0.000793689984854508,0.00088045707339511,0.000975798132576296,0.0010804324896432,0.0011951342031021,0.00132073635205867,0.00145813612623458,0.00160829894542312,0.00177226215118108,0.00195113961212086,0.00214612529875811,0.00235849589899861,0.00258961501783214,0.00284093644230662,0.00311400486652965,0.00341045806542444,0.00373202895888299,0.00408054370901204,0.00445792009976951,0.00486616667577678,0.00530737566296573,0.00578371110803162,0.0062973958787188,0.00685069389186114,0.00744588821603074,0.00808525470146244,0.00877102556050889,0.00950534698464876,0.0102902311366809,0.0111274898098336,0.0120186602241449,0.0129649435726095,0.0139671390374149,0.0150255531845512,0.0161398904880115,0.0173091219640563,0.0185313313859141,0.0198035663376039,0.0211217253150945,0.0224804872786659,0.0238732383265044,0.0252919335999281,0.0267269243385176,0.0281668006231153,0.029598229782754,0.0310058887100551,0.0323726382386451,0.0336797943480657,0.0349073062093514,0.0360339660024142,0.0370376925126772,0.0378957543860331,0.0385851242037977,0.0390832289027325,0.0393689214665206,0.0394234250782886,0.0392312532658965,0.0387810441731667,0.0380661823087315,0.037085323157564,0.0358429587987064,0.0343499585520277,0.0326239921261331,0.0306896759812951,0.0285782394324971,0.0263267243533356,0.0239767944617772,0.0215731970200443,0.0191620735271698,0.0167892035425519,0.0144981273491564,0.0123282831215267,0.0103132914727735,0.00847947848054956,0.00684486898351997,0.00541878804384148,0.00420206393223843,0.00318780585927577,0.00236263895354248,0.00170824013922788,0.00120303722136872,0.00082391566534038,0.000547791108739904,0.000352929152601712,0.000219919774091968,0.000132268075609181,7.66143518319271e-05,4.2639779133917e-05,2.27450445603091e-05,1.15975039444458e-05,5.63600296232785e-06,2.60203259358045e-06,1.13781509280897e-06,4.69920677311898e-07,1.82257557515604e-07,6.50176950268363e-08,0
314403547.15915,0,-6.14443962726736e-13,-3.82960778925487e-13,-6.05636399066229e-13,9.19584921947955e-14,1.7310561988045e-12,6.39588936997953e-12,1.65343575437604e-11,3.75710307247916e-11,7.77143737726215e-11,1.50839161399555e-10,2.77569715810917e-10,4.88749575991794e-10,8.27620994848328e-10,1.35344880324892e-09,2.14410681234885e-09,3.29888302971852e-09,4.94023044930636e-09,7.21466141276719e-09,1.02925317840082e-08,1.4366480070778e-08,1.96490927410332e-08,2.63695063965181e-08,3.47701431427149e-08,4.51032386559985e-08,5.76286626073769e-08,7.26125626201942e-08,9.03282288800211e-08,1.11058405741389e-07,1.35099997059508e-07,1.62770160351444e-07,1.94414275415421e-07,2.30414545971935e-07,2.71199243032429e-07,3.17251355542281e-07,3.69116695238974e-07,4.2741087923306e-07,4.92825396244561e-07,5.66131940123786e-07,6.48185909465072e-07,7.39930698865996e-07,8.42403074753457e-07,9.56738360817009e-07,1.08417806854618e-06,1.22608313478439e-06,1.38395020442809e-06,1.55942871451275e-06,1.7543445169503e-06,1.97073222320244e-06,2.21086822735754e-06,2.47730430950535e-06,2.77291050845296e-06,3.10092318088495e-06,3.46498878431794e-06,3.86920824731632e-06,4.31818554432396e-06,4.81707449776588e-06,5.37162300405189e-06,5.98821824265084e-06,6.67393355474001e-06,7.43658207403887e-06,8.2847772908054e-06,9.22800152062178e-06,1.02766975065505e-05,1.14423862599423e-05,1.27378018534833e-05,1.41770575723076e-05,1.57758408978584e-05,1.75516306089944e-05,1.95239775187341e-05,2.17148233063477e-05,2.41487564158481e-05,2.68533176021731e-05,2.98594832539907e-05,3.3202127023124e-05,3.69203309057627e-05,4.10578784404747e-05,4.56639954502012e-05,5.07940432059344e-05,5.65101906981899e-05,6.28822614181374e-05,6.99887419864469e-05,7.79179449268002e-05,8.67692424801587e-05,9.66542329577936e-05,0.000107697995861217,0.000120040457196727,0.00013383775993519,0.000149263661960015,0.000166510565300028,0.000185790163324067,0.000207334628168889,0.000231397912119346,0.000258255908599307,0.000288206529534942,0.000321570948683181,0.000358694652575403,0.000399947640767874,0.000445725499087442,0.0004964514891208,0.00055257811740274,0.000614589008893635,0.000683002211811741,0.000758373280295144,0.000841297796807167,0.000932415468251696,0.00103241485140654,0.0011420366360435,0.0012620770023712,0.00139339245331104,0.00153690425672602,0.00169360188230018,0.0018645472743384,0.00205088001326044,0.00225382030773117,0.00247467094658948,0.00271482307475978,0.0029757610068974,0.00325905863214532,0.00356637742047348,0.00389947081086889,0.0042601794075496,0.00465042622956577,0.00507222466188297,0.00552765854732137,0.00601884015291589,0.00654791782547354,0.00711707786811557,0.00772847077840181,0.00838419695601812,0.00908635398336533,0.00983691785329603,0.0106375549486624,0.0114896190208889,0.0123941734639603,0.0133519194358271,0.0143632252945152,0.0154281279253906,0.0165460142734866,0.0177151812436849,0.0189325811589401,0.0201937736951121,0.021493097491405,0.0228239765960182,0.0241790636590177,0.0255500321403071,0.0269268814990275,0.0282969675888537,0.0296448254511917,0.0309530971204187,0.0322032918174088,0.0333761940535377,0.0344525837719912,0.0354129622723708,0.0362359798069126,0.036898298100076,0.0373764320228786,0.0376485775946582,0.0376964586796705,0.0375071547564585,0.037073109626818,0.0363905968137588,0.0354586126746529,0.0342790061626953,0.0328580144063416,0.0312087943959533,0.0293535829520533,0.0273241897005083,0.0251602781630606,0.0229060872012448,0.0206070131552964,0.0183070124580627,0.0160472628292663,0.0138658925869496,0.0117978024000868,0.00987390344314983,0.00811978520346132,0.00655410320932702,0.00518731798825215,0.00402131185698894,0.00304991623614895,0.00226021386488783,0.00163431075834194,0.00115120250699049,0.000788552450764862,0.00052423517900208,0.000337537082484782,0.000210009644451011,0.000125969216648596,7.26708453815331e-05,4.02244472971333e-05,2.13139384125908e-05,1.07886337885546e-05,5.20450381376088e-06,2.38430012762362e-06,1.03408934311554e-06,4.25851859620963e-07,1.66206396544844e-07,5.85477295548009e-08,0
321764175.025074,0,-5.79292830539459e-13,-3.6916783811415e-13,-5.76678913536906e-13,7.23886701311389e-14,1.63818464982843e-12,6.07292672977009e-12,1.57658492324825e-11,3.58787386711474e-11,7.43379897846226e-11,1.44446405435991e-10,2.6608776719354e-10,4.68935588873865e-10,7.94689107618444e-10,1.30046062522786e-09,2.06136938855433e-09,3.17316076350442e-09,4.75394206180175e-09,6.94496131875203e-09,9.9103676219003e-09,1.38356073704887e-08,1.89250614994743e-08,2.53986466570414e-08,3.3488500357328e-08,4.34355259497452e-08,5.54871556025837e-08,6.98960170944367e-08,8.69207112755789e-08,1.06828116419139e-07,1.2989799412934e-07,1.56429071174337e-07,1.86746877598839e-07,2.2121228998016e-07,2.60230596661497e-07,3.04260033358691e-07,3.53819804376395e-07,4.09496966455982e-07,4.7195200895074e-07,5.41923010511421e-07,6.20229378598255e-07,7.07775509403243e-07,8.0555469190495e-07,9.14654231749048e-07,1.0362633760307e-06,1.17168433732406e-06,1.32234599616632e-06,1.48982138902675e-06,1.67585093396634e-06,1.88237014170149e-06,2.11154024010852e-06,2.36578381650285e-06,2.64782617020581e-06,2.96073841930644e-06,3.3079815937039e-06,3.69345287002372e-06,4.12153270222376e-06,4.59713005240666e-06,5.12572919917403e-06,5.71343481025919e-06,6.36701186088041e-06,7.09393469361402e-06,7.90245688203302e-06,8.80167793820452e-06,9.80160497543271e-06,1.09132634758319e-05,1.21488555909279e-05,1.35219001564867e-05,1.50473890494911e-05,1.67420371589099e-05,1.86245554035686e-05,2.07158884866595e-05,2.30395173408252e-05,2.56218356872413e-05,2.84924979058835e-05,3.16847935109975e-05,3.52361071405703e-05,3.91884273257423e-05,4.35888907001428e-05,4.84904002860533e-05,5.3952322239569e-05,6.00413667747442e-05,6.68325846887911e-05,7.44102839275907e-05,8.28690713695243e-05,9.23152356931045e-05,0.00010286809871833,0.000114661117317067,0.000127843088578209,0.000142579504103417,0.000159053743843084,0.000177468059207693,0.000198044375391537,0.000221024985870639,0.000246673240436149,0.000275274240862351,0.000307135429049913,0.000342587052528695,0.000381982731880672,0.000425700832510846,0.000474146380694248,0.000527752351284887,0.000586980894493694,0.000652326437508671,0.000724320194551573,0.000803533139405861,0.000890576810475767,0.000986106877773638,0.00109083148966591,0.00120551558575122,0.00133097835358452,0.0014680969811235,0.00161781797696421,0.00178116047640596,0.00195921377156193,0.00215314210279615,0.00236419091302375,0.00259369036889956,0.00284306104345415,0.00311381038212362,0.00340752255424384,0.00372586839391273,0.00407061584971775,0.00444360987772285,0.00484676287034058,0.00528206605185009,0.00575156147011856,0.00625730137549977,0.0068013522050616,0.00738578687938871,0.00801264296215908,0.00868389966012213,0.00940142780164095,0.0101668712102076,0.0109815502818151,0.0118464357925586,0.0127621655703431,0.0137290922610669,0.0147472549879203,0.0158161160951375,0.0169341271729613,0.0180983984394005,0.0193046474904645,0.0205473769818136,0.0218201831744751,0.0231160191990152,0.0244269835708005,0.0257435483943706,0.0270538785734898,0.0283435576460931,0.0295956404201201,0.030791665667883,0.0319133047483029,0.0329425200628808,0.0338603228091193,0.0346464772050285,0.0352797807131712,0.0357379720014413,0.035999319243566,0.0360458410749724,0.0358649143676227,0.0354489223552079,0.0347945332925382,0.033901639837914,0.0327727348919994,0.0314140859446241,0.029838088109835,0.0280653900692868,0.0261257104705843,0.0240565614716873,0.0219003024874769,0.0197007736089745,0.017500529172404,0.0153393129883879,0.0132536574663223,0.0112767479111068,0.00943785637824439,0.00776121098892252,0.00626455493523516,0.00495792999767551,0.00384321972111952,0.00291460920584249,0.00215979117042711,0.00156163771817535,0.00110002394181935,0.000753554002557123,0.000501041982789734,0.000322672838037049,0.000200816277656875,0.000120492757267738,6.95345125079252e-05,3.85012619181508e-05,2.04076284748568e-05,1.03334291793281e-05,4.98691020737305e-06,2.28548614845862e-06,9.91580996026274e-07,4.08845350342947e-07,1.59961080088774e-07,5.64398559750091e-08,0
329297125.509715,0,-5.5271551492631e-13,-3.56276372188539e-13,-5.56173811498975e-13,5.31064885041316e-14,1.54150751082087e-12,5.76057101482798e-12,1.5017514873056e-11,3.42440398780525e-11,7.10730519733709e-11,1.38273848739617e-10,2.55001050921519e-10,4.49813916179876e-10,7.62914996049606e-10,1.24935303499318e-09,1.98159306234624e-09,3.05198195121554e-09,4.5744529790668e-09,6.68520780058714e-09,9.54245731739654e-09,1.33247730917273e-08,1.82287038605019e-08,2.44653677619568e-08,3.22571160143779e-08,4.18340753914572e-08,5.34318600493445e-08,6.72902171285569e-08,8.3653751795073e-08,1.02774235464887e-07,1.24915131109919e-07,1.50357586714364e-07,1.7940816004912e-07,2.12407322415098e-07,2.4973841067658e-07,2.91836031538677e-07,3.39193884911644e-07,3.92371515901016e-07,4.51999838740438e-07,5.18785082795248e-07,5.93511961859515e-07,6.77047011513031e-07,7.70342448354755e-07,8.74440547474464e-07,9.90480236427502e-07,1.11970729067063e-06,1.26348725775394e-06,1.42332141618598e-06,1.60086820779989e-06,1.79796924425536e-06,2.01667854209543e-06,2.25929658451327e-06,2.52840927233369e-06,2.82692949102845e-06,3.15814222667569e-06,3.52575149464528e-06,3.93392316912372e-06,4.38732879845483e-06,4.89119622298769e-06,5.45135657037933e-06,6.07428179225163e-06,6.76712819935242e-06,7.53779614230743e-06,8.39500064042424e-06,9.34834601563126e-06,1.04084086342931e-05,1.15868565213886e-05,1.28966208332793e-05,1.43520706446455e-05,1.59691913663604e-05,1.77658357128534e-05,1.97620274754022e-05,2.19802305009253e-05,2.44456535649748e-05,2.71866483565477e-05,3.02350939890679e-05,3.362677151409e-05,3.74018449973069e-05,4.16054169966902e-05,4.62881202389931e-05,5.15067905434655e-05,5.7325190962729e-05,6.38148906736948e-05,7.10563580854173e-05,7.91399930971805e-05,8.81671123604593e-05,9.82512675684517e-05,0.00010951965304016,0.000122114160411284,0.000136192510609951,0.000151929590414317,0.000169518308383755,0.000189170297704147,0.000211117087794271,0.00023561067251881,0.000262923363852949,0.00029334873608601,0.000327203017620147,0.000364824970445429,0.00040657619619403,0.000452843656166877,0.000504041549114393,0.000560612020382677,0.000623028059144114,0.000691797239925463,0.000767463845110182,0.000850612441308057,0.000941872325811955,0.00104191952879902,0.00115148129358138,0.00127134269554433,0.00140234674097022,0.00154539547397034,0.00170146029533017,0.00187158596436765,0.00205688624533828,0.00225855033834591,0.00247785305434868,0.00271615182986519,0.0029748825027666,0.00325556458682633,0.00355980370001824,0.00388928238284946,0.00424575559209269,0.00463106237358094,0.00504711708343784,0.00549586450481248,0.00597926219715748,0.0064992958854535,0.00705795219804194,0.00765717163376903,0.00829884307470443,0.00898477016803259,0.00971654964879651,0.0104954450923642,0.0113223524788054,0.0121978638033948,0.0131223319335114,0.01409578821145,0.0151176966345023,0.0161866467308546,0.0173000091523969,0.0184536827244771,0.0196422490305912,0.0208594641650411,0.0220985445978787,0.0233519499206259,0.0246107653169144,0.0258639017676632,0.0270975448608797,0.0282954051592734,0.029439802650165,0.0305127962466514,0.0314966036542383,0.0323733767101818,0.0331245452644524,0.0337300315972449,0.0341685198574988,0.0344193665643032,0.0344649400321957,0.0342922840478851,0.0338937963428349,0.0332665966837953,0.0324111527269278,0.0313305767764904,0.0300313383759261,0.028525227263444,0.0268315294029081,0.0249779834761134,0.0229999174534404,0.0209377658549554,0.0188337358825092,0.0167289610714828,0.0146618903031527,0.0126676468447311,0.0107778494109853,0.00902026488803571,0.0074178394377192,0.00598737874477338,0.00473845431350289,0.00367292474051579,0.00278529063545153,0.00206382901088501,0.001492179166458,0.0010510811437032,0.000720051865154198,0.000478814112520386,0.000308410765014699,0.000191986816683053,0.000115230064936145,6.65207969057431e-05,3.68464935891184e-05,1.95380517347753e-05,9.89712409322038e-06,4.77840332968808e-06,2.19077903478761e-06,9.50828213927595e-07,3.9236534263141e-07,1.53807317405391e-07,5.43557611500413e-08,0
337006432.927192,0,-5.03429892180836e-13,-3.62606302238383e-13,-5.17240434120289e-13,7.36470430176645e-15,1.46521348468904e-12,5.43621998441447e-12,1.43189503683689e-11,3.26545550459993e-11,6.79551157462469e-11,1.32314447925988e-10,2.4432220230783e-10,4.31330994241965e-10,7.32194417794692e-10,1.1998932926384e-09,1.90439134968159e-09,2.93473249775322e-09,4.40087552231517e-09,6.43417258479692e-09,9.18717209124766e-09,1.28318787924848e-08,1.75573979675353e-08,2.35664949471147e-08,3.10722263602994e-08,4.0294484587427e-08,5.14576513104666e-08,6.4789254567284e-08,8.05205905815826e-08,9.88890126341375e-08,1.20142389410325e-07,1.44545108273561e-07,1.72385682096314e-07,2.03985095919251e-07,2.39705609489253e-07,2.79959153711777e-07,3.25215133759281e-07,3.76006916416956e-07,4.32936959106349e-07,4.96680743039743e-07,5.6799012736034e-07,6.4769597090746e-07,7.36710899422706e-07,8.36033760461957e-07,9.46756207987192e-07,1.07007080604475e-06,1.20728243048295e-06,1.35982449820289e-06,1.52927854768103e-06,1.71739703207069e-06,1.92613184017521e-06,2.15766776994138e-06,2.41445861443324e-06,2.69926748151918e-06,3.01521114200465e-06,3.36580489321365e-06,3.75500733222098e-06,4.18726658362414e-06,4.66756566849942e-06,5.20146606275143e-06,5.79515204119779e-06,6.45547627369658e-06,7.19000875073723e-06,8.00709808517152e-06,8.91594684805811e-06,9.92669593780682e-06,1.105053149156e-05,1.22998309206031e-05,1.36883342632929e-05,1.52313309982339e-05,1.69458910604361e-05,1.88511390375989e-05,2.0968534778525e-05,2.33221790232548e-05,2.59391748751301e-05,2.88500044588542e-05,3.20889113455456e-05,3.56943443777643e-05,3.97094786018235e-05,4.4182772861545e-05,4.9168580898651e-05,5.472787800146e-05,6.09291014076795e-05,6.78490699556425e-05,7.55739709998933e-05,8.42004615469161e-05,9.38368538601546e-05,0.00010460429131846,0.000116637929354501,0.000130088149421161,0.000145121652918002,0.000161922379671035,0.000180692387669563,0.000201652673286586,0.000225043752574664,0.000251126106162331,0.000280180697062165,0.000312509551641403,0.00034843644271511,0.000388307796947684,0.000432493854478613,0.000481390110834712,0.000535419297459494,0.000595033939317051,0.000660719000464972,0.000732994599677276,0.000812419378714083,0.000899594319554872,0.000995166319807135,0.00109983150803032,0.00121433856805062,0.00133949263146508,0.00147615972188153,0.00162526956023857,0.00178781716787118,0.00196486784984745,0.00215756316989991,0.00236712052429427,0.0025948319203082,0.00284207074332775,0.00311029523034751,0.00340103972137388,0.00371591082939113,0.00405659419725329,0.00442484932563415,0.00482249072135349,0.00525137698456201,0.00571340165508397,0.00621046842066297,0.00674446499084557,0.00731724793986404,0.00793061618479762,0.00858625770254273,0.0092856866133681,0.0100301822789965,0.0108207275923852,0.0116579617097873,0.0125421534546127,0.0134731413487957,0.0144501887041882,0.0154717937394655,0.0165355232567476,0.017637883088437,0.0187742432934623,0.0199388675909651,0.0211249945306834,0.0223247723133439,0.0235289487540166,0.0247265337404435,0.0259046988767027,0.0270488877789562,0.0281430565531494,0.0291701049446825,0.0301123460352863,0.0309516688289174,0.0316694297529271,0.0322465167899353,0.0326638505551414,0.0329032466285529,0.032948520429497,0.0327866223584734,0.0324084340030997,0.0318091069158826,0.0309881492758219,0.0299494951748241,0.0287018219997993,0.0272591692717506,0.0256414783449531,0.0238746874378855,0.0219902061171376,0.0200236882017559,0.0180133469521933,0.0159982003395282,0.014016424147068,0.0121038999435016,0.0102929491097952,0.0086111383846359,0.00708019037183987,0.00571515381500823,0.00452396492862685,0.00350750970224965,0.00266019885099898,0.00197095970565392,0.00142452066111405,0.00100284260666381,0.000686561911493882,0.000456329910721902,0.000293935431662786,0.00018313106817084,0.000110130202365946,6.37837981376892e-05,3.54914966344301e-05,1.89250378829961e-05,9.64471190270493e-06,4.68395957136927e-06,2.1601689536943e-06,9.42875778395964e-07,3.8907986393264e-07,1.51259470803643e-07,5.38335851071347e-08,0
344896226.040575,0,-4.8551508885624e-13,-3.52295094388796e-13,-5.07826225179382e-13,-1.63341788665214e-14,1.35896287890429e-12,5.13061495079371e-12,1.35932066708542e-11,3.11011796256827e-11,6.48664083652574e-11,1.26513814538608e-10,2.33929125388365e-10,4.13454083814059e-10,7.02530571340471e-10,1.1522458107927e-09,1.83008891462097e-09,2.82197524527708e-09,4.23400536121876e-09,6.1928963412468e-09,8.84574430419916e-09,1.23582670985199e-08,1.69124333772195e-08,2.2703017457295e-08,2.99342127591282e-08,3.8816158943417e-08,4.95625626694282e-08,6.2389325305505e-08,7.75151190447023e-08,9.51636168899573e-08,1.1556788170151e-07,1.38976317222163e-07,1.65660202483867e-07,1.95921922364003e-07,2.30103662818414e-07,2.68595736229216e-07,3.1184422567686e-07,3.60357271621376e-07,4.14710165407367e-07,4.75549204865208e-07,5.43594565548701e-07,6.19642495176541e-07,7.04568097409103e-07,7.99329325626573e-07,9.04972270626152e-07,1.02263854993231e-06,1.1535763388407e-06,1.29915495441929e-06,1.46088243894507e-06,1.64042742084948e-06,1.83964617920783e-06,2.06061369550927e-06,2.30565823229413e-06,2.57740054983529e-06,2.87879697312177e-06,3.21318354690131e-06,3.5843206833817e-06,3.99643856222975e-06,4.45428291358498e-06,4.9631591416273e-06,5.52897492801862e-06,6.15828443613756e-06,6.85833736126255e-06,7.63713537325871e-06,8.50349834369048e-06,9.46714547060296e-06,1.0538798865537e-05,1.17303130631339e-05,1.30548329753724e-05,1.45269811058032e-05,1.6163076369166e-05,1.79813838954659e-05,2.00023992068642e-05,2.22491602005179e-05,2.47475770135792e-05,2.75267877369272e-05,3.06195492514391e-05,3.40626716003087e-05,3.78974951860302e-05,4.21704077728138e-05,4.69334180135555e-05,5.22448545913251e-05,5.81701550767489e-05,6.47827029420756e-05,7.21647540952257e-05,8.0408499633529e-05,8.96171916575126e-05,9.99062794898937e-05,0.000111404548199317,0.000124255252468118,0.000138617213074247,0.000154665827961003,0.000172593882943117,0.000192612256789742,0.00021495060120214,0.000239857859116652,0.000267602635660102,0.000298473759374497,0.000332780973846417,0.000370855641875294,0.000413051800859091,0.000459747719074757,0.000511347706411988,0.000568284274506396,0.000631020716816796,0.000700054021687648,0.000775918209296233,0.000859187737624006,0.000950480543876259,0.00105046163594936,0.00115984738970375,0.00127940850370844,0.00140997212353025,0.00155242625214334,0.00170772428894823,0.00187688626978312,0.00206100111339642,0.00226123169532394,0.00247881665593407,0.00271506983860784,0.00297138166206136,0.00324921828418494,0.00355011864137972,0.00387569428129841,0.00422762565474556,0.00460764959184693,0.0050175458821873,0.00545912491916382,0.00593420732634678,0.00644459895001037,0.0069920746522872,0.00757835792080781,0.00820506900318036,0.00887365554975167,0.00958533429753858,0.0103410382050982,0.0111413747983074,0.0119866045074319,0.012876585035502,0.0138106373774083,0.0147873618118509,0.0158044404653566,0.0168584806677222,0.0179449831181669,0.0190584350581098,0.0201923991466645,0.0213394309527129,0.0224907744474176,0.0236360142305552,0.0247629016178695,0.0258573880665172,0.0269039152000092,0.0278859990145446,0.0287867464141385,0.029588938304099,0.0302749032088949,0.0308265503850376,0.0312256935080497,0.0314548031475632,0.0314981817746598,0.0313431908198268,0.0309811143453272,0.030407492359544,0.0296220832140925,0.0286288359883332,0.0274361281264465,0.0260572687596948,0.0245110885180648,0.0228222077630608,0.0210205857048241,0.0191403539189092,0.0172181910496336,0.0152915331573481,0.0133969345145158,0.0115686929580684,0.00983764735118826,0.00823008477575284,0.00676674441162809,0.0054620066508122,0.00432346360503415,0.00335197205946696,0.00254218214698815,0.00188349328932025,0.00136129531878577,0.000958335321933066,0.00065610021772718,0.000436096403041735,0.000280918082783133,0.000175037062346592,0.000105277656000794,6.09857005344634e-05,3.39437328349019e-05,1.81059875195261e-05,9.23125920929239e-06,4.48537929039319e-06,2.06957181614679e-06,9.0373048074201e-07,3.7318408200471e-07,1.45217003912848e-07,5.16898652360519e-08,0
352970730.273066,0,-3.99738088482707e-13,-3.0902624353506e-13,-4.13983249425506e-13,3.51152164601239e-14,1.36448104437454e-12,4.94758084405353e-12,1.30178497821921e-11,2.97260244263892e-11,6.19946455246035e-11,1.20998843543758e-10,2.23923900155001e-10,3.96157759169313e-10,6.73743813860186e-10,1.1059855620449e-09,1.75794471167411e-09,2.71258359050602e-09,4.07225316228393e-09,5.95928384660664e-09,8.51551243487219e-09,1.19007020208657e-08,1.62899771186336e-08,2.18705473968685e-08,2.88381428105083e-08,3.73936764636644e-08,4.77406836135877e-08,6.00840444462172e-08,7.4630381529897e-08,9.15903605948631e-08,1.11182920203858e-07,1.33641246011749e-07,1.59220121808989e-07,1.8820416450956e-07,2.20916371762502e-07,2.57726377770201e-07,2.99057889105681e-07,3.45394954330341e-07,3.97286902181337e-07,4.55351965467811e-07,5.20279885564468e-07,5.92834056130688e-07,6.73853863632625e-07,7.642578907604e-07,8.65048712006827e-07,9.77319892916051e-07,1.10226579046482e-06,1.24119472204104e-06,1.39554545617929e-06,1.56690767870178e-06,1.75704708814987e-06,1.96793475916264e-06,2.20178033490442e-06,2.46106969094175e-06,2.74860623451813e-06,3.06755435381173e-06,3.42148441603045e-06,3.81441795570568e-06,4.25087211888709e-06,4.73590409622019e-06,5.27515458449674e-06,5.87489119176066e-06,6.54205393190902e-06,7.28430873852339e-06,8.11011007258615e-06,9.02877580882557e-06,1.00505819262516e-05,1.1186883831638e-05,1.24502631444292e-05,1.38547042252476e-05,1.54158033926913e-05,1.7151012073488e-05,1.90799070521692e-05,2.12244924879191e-05,2.36095239938516e-05,2.62628595359499e-05,2.92158347667164e-05,3.25036839689734e-05,3.61659805417629e-05,4.02471288335645e-05,4.47969266755758e-05,4.98712064585397e-05,5.55325434845058e-05,6.18510552291227e-05,6.89052953095772e-05,7.67832314774302e-05,8.55833063360899e-05,9.5415535433041e-05,0.000106402599079385,0.000118680957561454,0.000132401936334538,0.00014773267768728,0.00016485697669701,0.000183976060483822,0.000205309198397807,0.00022909417138356,0.000255587764660164,0.000285066260545675,0.00031782593589014,0.000354183802849002,0.000394478647093105,0.00043907231796265,0.000488351398778977,0.000542729327576788,0.000602648868560856,0.000668584893701372,0.000741047482362205,0.000820585238202953,0.000907788716773831,0.00100329381378821,0.00110778510988224,0.00122199929314671,0.00134672853083135,0.00148282343401884,0.00163119576455647,0.00179282131290942,0.00196874267347293,0.00216007125182385,0.00236798867297392,0.0025937481304068,0.00283867517996624,0.00310416745114725,0.00339169359282996,0.00370279075547437,0.00403905944435499,0.004402156034309,0.00479378276892609,0.00521567420293668,0.00566958029524891,0.00615724583664653,0.0066803845543827,0.00724064621438742,0.00783957476617876,0.00847856050028565,0.0091587930239165,0.0098812127386876,0.0106464526055817,0.0114547674065579,0.0123059454920464,0.0131992013787336,0.0141330649605048,0.0151052849458217,0.0161127505460396,0.0171514248045438,0.0182162699550238,0.0193011405272982,0.0203986393838767,0.021499969274767,0.0225948518740943,0.023671558110856,0.0247170102751577,0.0257169198539876,0.0266559570709012,0.0275179008955668,0.0282857612267781,0.0289419976759228,0.0294689345824541,0.0298493400542655,0.0300671095682539,0.0301079976820071,0.0299602943737534,0.0296153703002971,0.0290681391144424,0.0283175318736616,0.0273669843151214,0.0262248677624205,0.0249047997961989,0.0234257189726532,0.0218115944034098,0.0200907814613897,0.0182951136339466,0.0164587806077263,0.0146170571395368,0.0128049423432673,0.0110557226993614,0.00939952024715541,0.00786194791525546,0.00646300301172376,0.00521632894345834,0.00412892999302555,0.00320135012681284,0.00242827082206648,0.00179944335707443,0.00130085485948061,0.000916020272819467,0.000627284916439681,0.000417027639430432,0.000268668299058775,0.000167409640443973,0.000100684268509268,5.83180372390198e-05,3.24549621257903e-05,1.73102503722249e-05,8.82461028684733e-06,4.2872121636886e-06,1.97863264169992e-06,8.64871036187055e-07,3.56929910886219e-07,1.38276736157132e-07,4.92828064420987e-08,0
361234269.970944,0,-3.8290518529773e-13,-2.97981902061759e-13,-4.01475833185549e-13,2.11974251746191e-14,1.28176951299085e-12,4.69231643132955e-12,1.23919230663952e-11,2.83596385867785e-11,5.92404883163464e-11,1.15773171812383e-10,2.14487400417042e-10,3.79823876491161e-10,6.46506648970933e-10,1.06206395025501e-09,1.68924574595597e-09,2.6080938651662e-09,3.91737248668638e-09,5.73511859711833e-09,8.19814578870543e-09,1.1460455632348e-08,1.56906712192434e-08,2.10687596136606e-08,2.77824589854433e-08,3.60239204907141e-08,4.59871105292964e-08,5.78664833750292e-08,7.18573215057335e-08,8.81579727946196e-08,1.06974005498139e-07,1.28524102540139e-07,1.53047341420354e-07,1.80811356810539e-07,2.12120784402692e-07,2.47325396167428e-07,2.86827448248426e-07,3.31087873255187e-07,3.80631076007961e-07,4.36048363376528e-07,4.98000374138152e-07,5.6721902519073e-07,6.44509496789847e-07,7.30752914425771e-07,8.26910564921339e-07,9.34030299603156e-07,1.05325541311659e-06,1.18583648634512e-06,1.3331468449001e-06,1.49670167022092e-06,1.67818110985883e-06,1.87945791899116e-06,2.10262926255688e-06,2.350052682653e-06,2.62438595167132e-06,2.92862977727556e-06,3.26617184597365e-06,3.64083206924263e-06,4.05690740203745e-06,4.51921647270958e-06,5.0331422920089e-06,5.60467467022557e-06,6.24045552362325e-06,6.94783014945974e-06,7.73490451688044e-06,8.61061340132922e-06,9.58480947073332e-06,1.06683760537748e-05,1.18733618070433e-05,1.32131458087279e-05,1.47026390684497e-05,1.63585148090459e-05,1.81994662845729e-05,2.02465011844744e-05,2.25232602796049e-05,2.50563567499132e-05,2.78757410326839e-05,3.10151012096872e-05,3.45122925349567e-05,3.84098102586872e-05,4.27553154625889e-05,4.76022312308694e-05,5.30104139892667e-05,5.9046907807388e-05,6.57867849859566e-05,7.33140743037929e-05,8.17227483238046e-05,9.1117763658463e-05,0.000101616137780859,0.00011334800837956,0.00012645763921651,0.000141104372936671,0.00015746348901409,0.00017572691732749,0.000196103833698967,0.000218821196400972,0.000244124210124481,0.000272276765887635,0.000303561952059021,0.00033828276274222,0.000376763050977758,0.000419348723659824,0.00046640932582484,0.000518340069249827,0.000575564159063894,0.000638535417445265,0.00070774126140838,0.000783705924080739,0.000866993727760732,0.000958212317818472,0.00105801594276021,0.00116710880257457,0.0012862481991765,0.00141624735070848,0.00155797817465306,0.00171237409920547,0.00188043245230278,0.00206321630313943,0.00226185608807824,0.00247755089772288,0.00271156884849095,0.00296524661882476,0.00323998854794809,0.00353726455863929,0.00385860539970692,0.00420559479607311,0.00457985954005981,0.00498305742682936,0.00541686129217384,0.00588293903301712,0.00638292953177104,0.00691841076491266,0.00749085972941127,0.00810160873183093,0.00875179792870541,0.00944232405031621,0.0101737887734894,0.0109464380780346,0.0117600767100061,0.0126139602984945,0.0135066864027357,0.0144361020366138,0.015399231254077,0.0163922111563887,0.0174102170939269,0.0184473674355592,0.0194966046721562,0.0205495505904272,0.0215963881451291,0.0226258757915379,0.0236254907474197,0.024581570355671,0.0254794338151549,0.0263035577473377,0.027037741787215,0.0276652560525505,0.0281691842345304,0.0285330214879995,0.028741342313383,0.0287804803762975,0.0286392092043484,0.0283092881414338,0.0277858905264482,0.0270680442241594,0.0261590663726948,0.025066964088121,0.0238047648316736,0.022390586684313,0.0208473490789286,0.019202182572839,0.0174855519566057,0.0157301512180856,0.0139696919215826,0.0122376108086907,0.0105656999291546,0.00898273166068165,0.00751317930365531,0.00617615643191876,0.00498470343384266,0.0039455090327403,0.00305908263250953,0.00232032694028921,0.00171943302365571,0.00124300039529845,0.000875270922793331,0.000599371827116865,0.000398464578145266,0.000256705487484865,0.000159954023365122,9.62004132805355e-05,5.57219495019284e-05,3.10114976719067e-05,1.6541549882963e-05,8.43364444069991e-06,4.09784917560886e-06,1.89152075879959e-06,8.26921820632417e-07,3.41359287234262e-07,1.32288933549533e-07,4.71487739181843e-08,0
369691270.719503,0,-3.67202949079639e-13,-2.89523861306783e-13,-3.9433084720085e-13,-3.43187652300925e-15,1.18002216509469e-12,4.40515040020627e-12,1.17168803835068e-11,2.69237176376894e-11,5.6398175841586e-11,1.10453377220237e-10,2.04983477038494e-10,3.63515209371922e-10,6.19504068379032e-10,1.01877583278993e-09,1.62186786491847e-09,2.50602999672512e-09,3.76660018512135e-09,5.51751624594219e-09,7.89079737892129e-09,1.10349473350163e-08,1.51123867926244e-08,2.02961755914209e-08,2.67664322842104e-08,3.47069559376795e-08,4.43025943539378e-08,5.57378683438962e-08,6.91972535032712e-08,8.48673534275659e-08,1.02940988353205e-07,1.23623018968723e-07,1.47137546549933e-07,1.73735990126772e-07,2.03705449624251e-07,2.37376755355236e-07,2.75131698465013e-07,3.17409090138068e-07,3.64709454881259e-07,4.17598356518753e-07,4.76708630015215e-07,5.42742037367351e-07,6.16470952581238e-07,6.9874070397077e-07,7.90473260978974e-07,8.92672898968846e-07,1.00643428788556e-06,1.13295341490823e-06,1.27354174107097e-06,1.42964394911035e-06,1.60285955283897e-06,1.79496863691573e-06,2.00796213686369e-06,2.24407614935399e-06,2.50583005619651e-06,2.79606844106491e-06,3.11800451803274e-06,3.47526510716843e-06,3.87193520388118e-06,4.31260238564293e-06,4.8023999218796e-06,5.34704992365996e-06,5.95290700040638e-06,6.62700524516243e-06,7.3771129884647e-06,8.21179870330917e-06,9.14051120060625e-06,1.01736811465307e-05,1.13228484304836e-05,1.26008187027241e-05,1.40218502485176e-05,1.56018721061726e-05,1.73587378363935e-05,1.93125085551016e-05,2.14857585095408e-05,2.39039069733945e-05,2.65955828816685e-05,2.95930106403833e-05,3.29324147409461e-05,3.66544701214481e-05,4.0804811918762e-05,4.5434593127071e-05,5.06010956950097e-05,5.63684364731792e-05,6.28083669407117e-05,7.00011292925357e-05,7.80363770549447e-05,8.70141773124608e-05,9.70460407633223e-05,0.00010825593123745,0.000120781247157976,0.000134773771783508,0.000150400531096958,0.000167844518363904,0.000187305302965067,0.000208999556931954,0.000233161534104236,0.000260043522133423,0.000289916300438646,0.000323069748764165,0.000359813718941002,0.000400479173478791,0.000445419623605963,0.00049501295193869,0.000549663616782879,0.000609805204333188,0.000675903312866893,0.000748458594743409,0.000828009844151806,0.000915137290668506,0.00101046596040904,0.00111466873547601,0.00122846923004626,0.00135264477072024,0.00148802926567568,0.00163551563211554,0.00179605782073784,0.00197067273577878,0.0021604421180524,0.00236651346207089,0.00259009961085782,0.00283247868142191,0.00309499413399245,0.00337905184553721,0.00368611442990893,0.00401769556460803,0.00437535152882578,0.00476066694287259,0.00517523917376921,0.00562066235061071,0.00609850406543638,0.00661027359657807,0.00715738550993396,0.00774111662690589,0.00836255754190534,0.0090225651944902,0.00972171436147306,0.0104602385809267,0.0112379519471935,0.0120541500078681,0.0129075040243831,0.0137959643695686,0.0147166783889538,0.0156659332190309,0.0166391108051875,0.0176306004563925,0.0186336602624923,0.019640286568715,0.0206411250119629,0.0216254464480918,0.0225812391182968,0.0234953913617149,0.0243538631012026,0.0251418223731492,0.025843786316084,0.0264437954333098,0.0269257111118192,0.0272737307690833,0.0274730540295815,0.0275105682283784,0.0273754968758031,0.0270599544344246,0.0265593700708004,0.0258728602660452,0.0250036286147343,0.0239593609639749,0.02275252120076,0.0214004228549087,0.0199249872491852,0.0183521795462509,0.0167111497944852,0.0150331647289758,0.0133504455221377,0.0116949334578236,0.0100969867457832,0.00858408199452298,0.00717960109606925,0.00590181102618151,0.0047631766798484,0.00377008947445494,0.00292302601486553,0.0022171002303482,0.00164292490499332,0.00118768388928826,0.000836313613522026,0.000572689999877219,0.000380723218893859,0.000245274293041581,0.000152831309098542,9.19179268054709e-05,5.32432579903283e-05,2.96338513980364e-05,1.58082447086176e-05,8.06089297673376e-06,3.91743057962641e-06,1.80857605554979e-06,7.90804572308121e-07,3.26555994230449e-07,1.26610885720287e-07,4.51285273408667e-08,0
378346261.713193,0,-4.14419323072395e-13,-2.53822756967495e-13,-3.61931226069392e-13,1.72811372795071e-13,1.46134523531298e-12,4.92422826487364e-12,1.24265076804245e-11,2.77974025860006e-11,5.70842123574799e-11,1.10268433071177e-10,2.02459551521837e-10,3.56132605543585e-10,6.03036692437712e-10,9.86744129250901e-10,1.56467715428158e-09,2.41021471542025e-09,3.61386845665546e-09,5.28395518495335e-09,7.54601092822202e-09,1.05414151952838e-08,1.44248477482728e-08,1.93612338012768e-08,2.55221939108101e-08,3.30828056473579e-08,4.22189307849348e-08,5.31058525589425e-08,6.59184256827316e-08,8.08331557994779e-08,9.80321159745699e-08,1.17708673347208e-07,1.40074577200471e-07,1.65368006258237e-07,1.938619512669e-07,2.25872454701134e-07,2.61766176286108e-07,3.01966999068734e-07,3.46961487628745e-07,3.97303303157647e-07,4.53616841414843e-07,5.16600601887363e-07,5.87030871515829e-07,6.65766402129152e-07,7.53754511700307e-07,8.52038777470893e-07,9.61768641893494e-07,1.08421129876039e-06,1.22076499056259e-06,1.37297280057815e-06,1.5425379523443e-06,1.73134040996098e-06,1.94145381915638e-06,2.1751632019003e-06,2.43498427180589e-06,2.72368519845542e-06,3.04431079928093e-06,3.4002102392605e-06,3.7950677435116e-06,4.23293885304918e-06,4.71829279037187e-06,5.25606244735325e-06,5.85170208557119e-06,6.51125259843857e-06,7.24141793661666e-06,8.04965931628711e-06,8.94430180584391e-06,9.93465056018142e-06,1.10311300429691e-05,1.22454498625543e-05,1.35907854294161e-05,1.50819798223388e-05,1.67357817452939e-05,1.85711135299392e-05,2.06093579940015e-05,2.2874687031715e-05,2.5394431289439e-05,2.81994830313092e-05,3.1324739307806e-05,3.48095906564166e-05,3.86984524741005e-05,4.30413504486357e-05,4.78945557466096e-05,5.33212563468123e-05,5.93922771442985e-05,6.61868507102517e-05,7.3793405014981e-05,8.23103602751659e-05,9.18469342196915e-05,0.000102523945358821,0.00011447455399046,0.000127844950223983,0.000142795021192718,0.000159498955018414,0.000178145784762593,0.000198939955835097,0.000222101903471063,0.000247868648708129,0.000276494560411511,0.000308252297849583,0.000343433843810388,0.000382351748621206,0.000425340749888266,0.000472759639195637,0.000524993233914299,0.000582454685790773,0.000645588223589734,0.000714872026796085,0.000790821082616308,0.000873990361399969,0.000964978216368352,0.00106442952600913,0.00117303862095847,0.00129155220693449,0.00142077189972364,0.00156155637957929,0.00171482350563396,0.00188155184458032,0.00206278123577244,0.00225961323853395,0.00247321144676683,0.00270480088828898,0.00295566627575416,0.00322714918377222,0.00352064426897226,0.00383759341013589,0.00417947548516419,0.00454779322368406,0.00494406123763811,0.00536979306008707,0.00582648173831128,0.0063155729710069,0.00683842960699042,0.00739628469269635,0.0079901897307359,0.00862096735887274,0.00928916409660523,0.00999499710835051,0.010738292744669,0.0115184007811952,0.0123340758830887,0.0131833621788089,0.0140635224403884,0.0149710005109203,0.0159013719912818,0.0168492596606914,0.0178082172692455,0.0187705939436024,0.0197274197169845,0.0206683920361083,0.0215820060601445,0.0224557636072728,0.0232763431064453,0.0240296851537413,0.0247010572407841,0.0252751771736419,0.0257364811023922,0.0260696666657713,0.0262604626747359,0.0262963504068116,0.0261671357618092,0.0258654303265958,0.025386972436285,0.0247308756804725,0.0239000524485048,0.0229017145963886,0.0217477129004524,0.0204546682515672,0.0190437602502515,0.0175400507004891,0.0159715399083104,0.0143681405017678,0.0127605588908208,0.0111791311390825,0.00965266694453151,0.00820726976064623,0.00686518516680539,0.00564383645738911,0.00455517602807405,0.00360541263250595,0.00279513219291354,0.00211978822010776,0.00157049133312004,0.00113501473213379,0.000798933446935991,0.000546790335479028,0.000363172477285847,0.000233602667882131,0.000145181198451315,8.6958266225784e-05,5.00604845601493e-05,2.76193350225259e-05,1.45604595046129e-05,7.31250880092534e-06,3.48765588141532e-06,1.57481229530199e-06,6.71620633287635e-07,2.69960940370217e-07,1.01421379296685e-07,3.37931825864344e-08,0
387203878.181256,0,-4.20633445975142e-13,-2.23736497979415e-13,-3.61762391951771e-13,2.06537209475407e-13,1.40061960921567e-12,4.77664577022708e-12,1.19298464032475e-11,2.67277635419866e-11,5.4815900884812e-11,1.05957906354759e-10,1.94582995080768e-10,3.42469733830193e-10,5.80159651873269e-10,9.49776481695168e-10,1.50670345882577e-09,2.32183957370855e-09,3.48255280110734e-09,5.09344158170242e-09,7.27563033009312e-09,1.01654610516756e-08,1.39118957855e-08,1.86735174435579e-08,2.46149338790042e-08,3.1903574577569e-08,4.07069397433419e-08,5.11912447291077e-08,6.352145322982e-08,7.78633527368921e-08,9.43873389343609e-08,1.13274126638283e-07,1.34721679063986e-07,1.58953228455163e-07,1.86225488416304e-07,2.16836828500813e-07,2.51134618043278e-07,2.89521714907248e-07,3.3246166684313e-07,3.80482951241012e-07,4.34182285431757e-07,4.9422772847021e-07,5.61361944755811e-07,6.36406430329532e-07,7.20267047900534e-07,8.13941406321695e-07,9.18528107700049e-07,1.0352379155706e-06,1.16540639044687e-06,1.31050784040238e-06,1.47217023144811e-06,1.65219100999473e-06,1.85255315317465e-06,2.07544278374249e-06,2.32326762136038e-06,2.5986775294345e-06,2.90458727259462e-06,3.24420225574859e-06,3.62104819538536e-06,4.03900561965435e-06,4.50234933014869e-06,5.01579481064635e-06,5.58455266735633e-06,6.21439188156142e-06,6.91171341380691e-06,7.68363638673419e-06,8.53809808525431e-06,9.48396961937221e-06,1.05311890320895e-05,1.16909139825198e-05,1.29756968470039e-05,1.43996831869545e-05,1.59788364064035e-05,1.77311909806051e-05,1.96771354740227e-05,2.18397302461667e-05,2.42450569979381e-05,2.69226079313004e-05,2.99057138707195e-05,3.32320108791394e-05,3.69439540453257e-05,4.10893713375564e-05,4.57220657867569e-05,5.09024572775592e-05,5.66982727353072e-05,6.3185263620961e-05,7.04479590677988e-05,7.85804289579116e-05,8.76870528030187e-05,9.78832712319328e-05,0.000109296301545138,0.000122065816638983,0.000136344566454123,0.00015229895040692,0.000170109549641349,0.000189971647473087,0.00021209577101827,0.000236708289906687,0.000264052125004821,0.000294387605868819,0.000327993519581137,0.000365168379815954,0.000406231942158645,0.000451526965177757,0.000501421204306232,0.000556309662516361,0.000616617056296065,0.000682800433617148,0.000755351947994382,0.00083480177574791,0.000921721074595308,0.00101672488849884,0.00112047503045739,0.0012336829145326,0.0013571121648019,0.00149158095824058,0.00163796424813622,0.00179719567436369,0.00197026879029,0.00215823768420393,0.00236221709917502,0.00258338192836896,0.00282296588796473,0.00308225876989625,0.0033626015526746,0.00366537903567457,0.00399200999416269,0.00434393574933009,0.00472260838425962,0.00512947769639855,0.00556597316231339,0.00603347621607657,0.00653328117144688,0.00706654897281693,0.00763426249797801,0.00823718992126557,0.00887585215498562,0.0095504773437309,0.0102609248378365,0.0110065781158077,0.0117862288459781,0.0125979846110094,0.0134392177970415,0.0143065397099377,0.0151957596517681,0.0161017846858077,0.0170184507488382,0.0179383558166481,0.0188528034997808,0.0197519026639285,0.0206247708534095,0.0214597154910124,0.0222442689810771,0.0229650959020293,0.0236079327523021,0.0241577195583046,0.0245990584561121,0.0249170513403666,0.0250982368199972,0.0251312008343273,0.0250068432152023,0.024718517808865,0.0242620915651628,0.0236361559683819,0.0228427274850762,0.0218881580095405,0.0207837248116933,0.0195457579694143,0.0181952340123324,0.0167568126267621,0.0152576508817855,0.0137263099267702,0.0121917729727821,0.0106825265042155,0.00922563220016758,0.00784570141651736,0.00656383244732834,0.00539668085621493,0.0043557986357922,0.0034473247374969,0.00267205504731036,0.00202585527047094,0.00150036334629795,0.00108393220523718,0.000762732498528314,0.000521901412425819,0.000346614504479156,0.000222967773826433,0.000138599671834707,8.30409401040604e-05,4.78223886851667e-05,2.63945786897461e-05,1.39201084353743e-05,6.99361355840837e-06,3.33702515114321e-06,1.50761814133458e-06,6.43232151692405e-07,2.58442244317483e-07,9.7058867676154e-08,3.25319683713644e-08,0
396268863.870148,0,-4.22254356192787e-13,-2.47435310525718e-13,-3.85976312364125e-13,1.20337320493822e-13,1.2617015157392e-12,4.44604306391047e-12,1.13061812296876e-11,2.54601379224453e-11,5.24493392348247e-11,1.01580967344821e-10,1.86865140786522e-10,3.29222334543102e-10,5.58214795413615e-10,9.14439775230173e-10,1.45145621013401e-09,2.23768820334767e-09,3.35758368615801e-09,4.91210813124929e-09,7.01822768286505e-09,9.80740711176266e-09,1.34231897571705e-08,1.80180454870196e-08,2.37499262875455e-08,3.07789106408047e-08,3.92645601806664e-08,4.93643924162188e-08,6.12339812033963e-08,7.50288455310396e-08,9.09082751542138e-08,1.09040855045298e-07,1.29611423215294e-07,1.52828898652623e-07,1.78934486501428e-07,2.08209640880858e-07,2.40983355803138e-07,2.77638395651262e-07,3.18616377521896e-07,3.6442172131921e-07,4.1562475686031e-07,4.72864426536802e-07,5.3685123687189e-07,6.08371028761884e-07,6.88290101887062e-07,7.77562041222394e-07,8.77236509444499e-07,9.88469929080725e-07,1.11253781353252e-06,1.25084826828178e-06,1.40495646307738e-06,1.57657988100217e-06,1.76761429564623e-06,1.9801505315303e-06,2.21649207411193e-06,2.47917474275499e-06,2.77098823164246e-06,3.09500080945124e-06,3.45458718766874e-06,3.85346077888629e-06,4.29571132554294e-06,4.78584899788317e-06,5.32885527381479e-06,5.93024260389783e-06,6.59612482784941e-06,7.33329904353333e-06,8.14933939330906e-06,9.0527071464871e-06,1.00528791300344e-05,1.11604926481418e-05,1.23875110999635e-05,1.37474152462137e-05,1.5255420125619e-05,1.69287167527042e-05,1.87867432241616e-05,2.08514912912371e-05,2.31478455998685e-05,2.57039550180911e-05,2.85516438287332e-05,3.17268628612763e-05,3.52701818194045e-05,3.92273190320756e-05,4.36497115371281e-05,4.85951308876862e-05,5.41283386246721e-05,6.03217713514e-05,6.72562492437058e-05,7.50217033444053e-05,8.37179175527171e-05,9.34552469938754e-05,0.000104355308758079,0.000116551625630026,0.00013019023860612,0.000145430254215896,0.000162444346100906,0.000181419236773749,0.000202556196074671,0.000226071585702697,0.000252197490491865,0.000281182500197289,0.00031329268936107,0.000348812808021256,0.000388047699455731,0.000431324006524268,0.000478992142711122,0.000531428466922722,0.000589037677904852,0.000652255457896605,0.000721551229841894,0.000797430938344197,0.00088043997694616,0.000971166111750783,0.0010702422075173,0.00117834886166907,0.0012962169888184,0.00142463002091109,0.00156442577581157,0.00171649826423247,0.00188179905639706,0.00206133754951562,0.00225618051888091,0.00246745183803331,0.00269633176043897,0.0029440540159598,0.00321190044402906,0.00350119452715654,0.0038132932055998,0.0041495750310004,0.00451142648397979,0.00490023029437427,0.00531735150414758,0.00576411121311738,0.00624174748492637,0.00675137189378568,0.00729392647370342,0.00787014398377904,0.00848051504345292,0.00912525246511557,0.00980422748028912,0.0105168657594572,0.0112620281167646,0.0120379145335981,0.012842006533705,0.0136710405014551,0.0145209850486456,0.0153869663942895,0.0162631126047381,0.0171423845044325,0.018016499384807,0.0188759939224639,0.0197104135476161,0.0205085298030579,0.0212584179240994,0.0219473693901931,0.0225618146918323,0.0230874170681597,0.0235094605981113,0.0238136140511301,0.0239868612923153,0.0240182100384442,0.0238990244537358,0.0236230754013839,0.0231865291163176,0.0225881627292005,0.0218299242172875,0.0209177173513435,0.0198621339689799,0.0186787152076766,0.0173875319668045,0.0160122765333407,0.014579108016101,0.0131154638142785,0.0116490582144848,0.0102070417174104,0.0088151447792053,0.00749675835917556,0.00627198188497456,0.00515673247575915,0.00416208407771895,0.00329394798625779,0.00255311598311923,0.00193564635725726,0.00143354420511702,0.00103567073390222,0.000728800687747708,0.000498723262512067,0.000331266878739118,0.000213141456972387,0.000132533824291402,7.9442017317746e-05,4.5777032466907e-05,2.52850739619625e-05,1.33478638019011e-05,6.71421516912776e-06,3.20853497548034e-06,1.45211412896386e-06,6.20666083507689e-07,2.49936685418362e-07,9.42489569899667e-08,3.18352249787884e-08,0
405546073.584083,0,-3.82403824115187e-13,-2.35457440387717e-13,-3.44879492190282e-13,1.16950439184804e-13,1.23363147602595e-12,4.25822676073723e-12,1.08556855064823e-11,2.43999397111797e-11,5.03138061837434e-11,9.74471688762408e-11,1.79371015270399e-10,3.16127970622279e-10,5.36266662753836e-10,8.78806873098284e-10,1.39541973739816e-09,2.15196441818747e-09,3.22986842594608e-09,4.72634562473293e-09,6.75408711130356e-09,9.43958351701643e-09,1.29208983351809e-08,1.73444167826887e-08,2.28615563640044e-08,2.96253454053935e-08,3.77878647119727e-08,4.74986437191962e-08,5.89047568517563e-08,7.21526118079511e-08,8.7391703052915e-08,1.04780013833784e-07,1.24490834581039e-07,1.46720444058997e-07,1.71696151432913e-07,1.99684118337104e-07,2.30996448612669e-07,2.65997229324287e-07,3.05107393316083e-07,3.48808522116333e-07,3.97645722646299e-07,4.52230041945251e-07,5.13241075965741e-07,5.81430488268872e-07,6.5762675297928e-07,7.42741518095882e-07,8.37777919462228e-07,9.43840878750629e-07,1.06214902578736e-06,1.19404776018012e-06,1.34102320952042e-06,1.50471710897532e-06,1.6869422156569e-06,1.88969819925633e-06,2.11518879256565e-06,2.36584036001678e-06,2.64432234891474e-06,2.95357036911927e-06,3.29681273876799e-06,3.67760121124701e-06,4.09984602055997e-06,4.56785782246407e-06,5.08639623182667e-06,5.66072566255406e-06,6.29668220731595e-06,7.00075266113401e-06,7.78016335023815e-06,8.64298326521126e-06,9.59824748963785e-06,1.06560972337412e-05,1.18279367420652e-05,1.3126615603165e-05,1.45666366862044e-05,1.61643881884863e-05,1.79384061573137e-05,1.9909667741125e-05,2.21019144372809e-05,2.45420116014142e-05,2.72603484107131e-05,3.02912662291916e-05,3.36735268861013e-05,3.74508256358464e-05,4.16723411301175e-05,4.63933114163642e-05,5.16756563639245e-05,5.75886383829017e-05,6.42095356083076e-05,7.16243261646216e-05,7.99283945088209e-05,8.92272296537757e-05,9.96370824299073e-05,0.000111285579909773,0.000124312316641441,0.000138869387545284,0.000155121857350324,0.000173248209637537,0.000193440827454368,0.000215906495849169,0.00024086696956223,0.000268559725442327,0.00029923890949935,0.000333176432715939,0.000370663307540958,0.000412011311018563,0.000457554882156081,0.000507653163118715,0.000562692236929257,0.00062308764275446,0.00068928710559082,0.000761773229596622,0.000841066101153247,0.000927726091736096,0.00102235687609445,0.00112560804904878,0.00123817722976732,0.00136081230293532,0.00149431379735526,0.00163953667166311,0.00179739124172875,0.00196884351016111,0.00215491515908207,0.0023566830644097,0.00257527781823995,0.00281188112154639,0.00306772173602526,0.00334406851061507,0.00364222073187925,0.0039634976965915,0.00430922714738029,0.00468073122800382,0.00507931108476837,0.00550622722874133,0.00596266628257645,0.00644969409431649,0.00696821094424461,0.00751891705373688,0.00810227867542262,0.00871848935497965,0.00936741918098454,0.0100485255683707,0.0107607287863745,0.0115023103225767,0.0122708621450589,0.0130632569864098,0.0138756208697787,0.0147032841696495,0.0155406586164141,0.0163810605644336,0.0172166027165641,0.0180382411898724,0.0188359511660068,0.019598925874017,0.0203156854215431,0.0209740646893885,0.0215611548700398,0.022063341040281,0.0224666298449764,0.0227573520305576,0.0229230220486827,0.0229530299652143,0.0228390336734474,0.0225750726802689,0.0221575457662068,0.0215853617958756,0.0208604586588761,0.0199885365647563,0.0189796997191948,0.0178487251067098,0.0166147437636048,0.0153003708487646,0.0139305798701315,0.0125315929953635,0.0111299174233457,0.00975153146309744,0.0084210912579424,0.00716104322535908,0.00599067721444292,0.00492524517161079,0.00397529875091125,0.00314638072290794,0.00243910526615777,0.0018495770261608,0.00137008267225643,0.000989978123859023,0.000696683565088258,0.000476700854346242,0.000316559797390602,0.000203602536158185,0.000126549512760077,7.58296187928588e-05,4.36917876022424e-05,2.41418567622011e-05,1.27570052909797e-05,6.42871904041321e-06,3.08080267184654e-06,1.39973314242816e-06,6.01167752934517e-07,2.43486576251001e-07,9.2479556264551e-08,3.16482883612458e-08,0
415040475.785047,-7.97298915067826e-31,-3.776010474499e-13,-2.25048499616635e-13,-3.47176562670659e-13,1.06688067434549e-13,1.14708100091471e-12,4.04950355156501e-12,1.03143903760391e-11,2.32635956642864e-11,4.79652986788323e-11,9.29820890895163e-11,1.71154154474668e-10,3.0172488820793e-10,5.11843676688026e-10,8.38854028795394e-10,1.33200057589462e-09,2.05423079297677e-09,3.08322374785824e-09,4.51184594304371e-09,6.44765626369033e-09,9.0114624321164e-09,1.23350816659487e-08,1.65583082412089e-08,2.18257355352768e-08,2.82834875906823e-08,3.607679759578e-08,4.53484283442213e-08,5.62388331677902e-08,6.88877817631857e-08,8.34380286438696e-08,1.0004037318549e-07,1.18860289396295e-07,1.40085168193339e-07,1.63932097040938e-07,1.9065520487838e-07,2.20552549506221e-07,2.53971846146183e-07,2.9131523011323e-07,3.33042735794523e-07,3.79675104185923e-07,4.31796136173745e-07,4.90055344152825e-07,5.55171136995664e-07,6.27935377551853e-07,7.09219615364676e-07,7.9998323252976e-07,9.01283092563981e-07,1.01428488605665e-06,1.14027586366427e-06,1.28067845510944e-06,1.43706391824568e-06,1.61116697666339e-06,1.80490131929758e-06,2.02037533038583e-06,2.25990952097388e-06,2.52605607800374e-06,2.82161998885994e-06,3.14968359075055e-06,3.51363586440033e-06,3.91720685873481e-06,4.36450617413968e-06,4.86006830298834e-06,5.4089072323827e-06,6.01658134053913e-06,6.68926924667296e-06,7.43385419584867e-06,8.25802138731507e-06,9.17037781646318e-06,1.01805904756016e-05,1.1299533836166e-05,1.25394589424469e-05,1.39141974454692e-05,1.54393894485162e-05,1.71327279713918e-05,1.90142351268745e-05,2.11065797864182e-05,2.34354266445027e-05,2.60298067918417e-05,2.89225283364841e-05,3.21506362584224e-05,3.57558957882799e-05,3.97853055056635e-05,4.42916558770338e-05,4.93341288712904e-05,5.49789021152316e-05,6.12997926017769e-05,6.83789335993593e-05,7.63074376599413e-05,8.5186049544149e-05,9.51258077282841e-05,0.000106248672071427,0.000118688096788213,0.000132589548678698,0.000148110984911534,0.000165423290155533,0.000184710718081892,0.000206171352454078,0.000230017562535596,0.000256476578658862,0.000285791357021518,0.000318221609305763,0.00035404490191376,0.000393558118998827,0.000437079376068379,0.000484950117589981,0.000537537338535758,0.000595236003947926,0.000658471752570325,0.00072770397791241,0.000803428743315642,0.000886181126156354,0.000976537924293607,0.0010751208096858,0.00118259849695645,0.00129968827262109,0.00142715818080633,0.00156582860787857,0.00171657244110938,0.00188031547322713,0.00205803667035974,0.00225076652102595,0.00245958529819913,0.00268562228886176,0.00293005175565229,0.0031940849056638,0.00347896184175574,0.00378594216746694,0.00411629231479326,0.00447127532020603,0.00485214032760679,0.00526009663167445,0.00569627211899052,0.00616167241421564,0.00665714547688025,0.0071833489564683,0.00774072810068242,0.00832949731431454,0.00894958472855304,0.00960051127824354,0.0102812428507652,0.0109900935026432,0.0117247029671555,0.0124820387293813,0.0132583881203158,0.0140493228935565,0.0148495641887991,0.0156527479646546,0.0164512873153901,0.0172364818670546,0.0179987683820203,0.0187279270078014,0.0194131462269169,0.0200429175468949,0.02060483529045,0.0210855624185246,0.0214712925923144,0.0217487043914004,0.0219059453470661,0.0219332763750419,0.0218233404194003,0.021571011419293,0.0211729966479289,0.0206278256777376,0.0199365765011077,0.0191039800988983,0.0181393624562784,0.0170570347739571,0.0158759019689252,0.0146183449583009,0.0133087703940842,0.0119723248498736,0.0106340153914854,0.00931813441020014,0.00804774998251882,0.00684405503419503,0.00572550953680457,0.00470691253237218,0.00379863226959231,0.00300618440754567,0.00233024451656491,0.00176705620932777,0.00130914125654615,0.000946207951258371,0.000666147827746414,0.000456027318027934,0.00030298622909582,0.000194966617181768,0.00012123212378083,7.26680977025063e-05,4.18828004776042e-05,2.31504335891233e-05,1.22397666745876e-05,6.17370111054515e-06,2.96279605292228e-06,1.34865914464798e-06,5.8063734785638e-07,2.36065130981975e-07,9.00906036569453e-08,3.10093816773157e-08,0
424757155.253689,0,-3.11867225627282e-13,-1.96656325698044e-13,-2.74038602699376e-13,1.39398727138894e-13,1.15386935833863e-12,3.88255873641999e-12,9.8121291020376e-12,2.20003764164503e-11,4.52851103895078e-11,8.76910814412555e-11,1.6138482368883e-10,2.84535515290786e-10,4.82854535774786e-10,7.91738593929958e-10,1.257911679077e-09,1.94121251533031e-09,2.91553389726562e-09,4.26939173995141e-09,6.10537256422647e-09,8.53892143217735e-09,1.16960802228982e-08,1.57107633573478e-08,2.07215494844141e-08,2.68687071959769e-08,3.42916658606768e-08,4.31276146715552e-08,5.35114193864226e-08,6.55772664066807e-08,7.94619535760686e-08,9.5309827078347e-08,1.13278951973216e-07,1.33548181418953e-07,1.56324497476841e-07,1.81850208220592e-07,2.1040949153244e-07,2.42334048672826e-07,2.78007604046802e-07,3.17869419592194e-07,3.62416997981392e-07,4.12208417128138e-07,4.67864755164421e-07,5.30073291020298e-07,5.99591845965936e-07,6.77254652854103e-07,7.63980018230759e-07,8.60779840643741e-07,9.6877052070431e-07,1.08918496100328e-06,1.22338541430834e-06,1.37287702803257e-06,1.53932187295986e-06,1.72455306048637e-06,1.93058968741405e-06,2.15965375490124e-06,2.41418781582439e-06,2.69687461675871e-06,3.01066104353821e-06,3.35878535255547e-06,3.74480780923758e-06,4.17264897100071e-06,4.64663432902119e-06,5.17154443425753e-06,5.75267594057746e-06,6.39591614155221e-06,7.10782427899935e-06,7.89572520014386e-06,8.76782560806935e-06,9.73334293444376e-06,1.0802644681356e-05,1.19874195185371e-05,1.33008755051439e-05,1.47579444381824e-05,1.63755147403913e-05,1.81727145833035e-05,2.01712093522265e-05,2.23955121062454e-05,2.48733427017358e-05,2.76360233468641e-05,3.07188867989612e-05,3.41617151224378e-05,3.80092155377471e-05,4.23115189185526e-05,4.71247074226384e-05,5.25113708102569e-05,5.85411913077713e-05,6.52915431549248e-05,7.2848133276554e-05,8.13056740652789e-05,9.07685513385869e-05,0.00010135150432204,0.000113180350905781,0.00012639269203839,0.000141138595170738,0.000157581275276209,0.000175897719541662,0.000196279268183227,0.000218932259149023,0.000244078610938468,0.000271956296150423,0.000302819981705206,0.000336941922943294,0.000374612910484133,0.000416143311524685,0.00046186448569969,0.000512130731162266,0.000567321583307482,0.000627844074053524,0.000694135172088092,0.000766665016219503,0.000845940286243224,0.000932506671914941,0.00102695141108553,0.0011299064646491,0.0012420508326263,0.00136411192433441,0.00149686702976041,0.00164114441848434,0.00179782376696607,0.00196783602596468,0.00215216241534045,0.00235183304196171,0.00256792453917733,0.00280155496592239,0.00305387698880523,0.00332607175600396,0.00361934366137312,0.00393491269370479,0.00427399903418579,0.00463780106652463,0.00502747107380845,0.00544408517899935,0.00588860828379319,0.00636186638233163,0.00686452583315552,0.00739705960263855,0.00795968519020058,0.00855227903603736,0.00917428741476592,0.00982465645228596,0.0105017903725663,0.0112035252623582,0.0119270933701961,0.0126690504511557,0.0134251443195908,0.0141901562652668,0.0149578084468151,0.0157207864677542,0.0164708458526526,0.0171989508619368,0.0178953647741011,0.01854963721002,0.0191505599393667,0.0196861983898588,0.0201440792099861,0.0205116136232362,0.0207767012800509,0.0209282925388418,0.0209567750014645,0.0208542396295751,0.0206147121505922,0.0202344133060052,0.0197121595865635,0.0190499347085565,0.0182534304172856,0.0173323260275992,0.0163002417822836,0.0151743703801917,0.0139748489046732,0.0127240255881519,0.0114457033707074,0.0101643281381502,0.00890409502497951,0.00768797605654823,0.00653671705253937,0.00546791153668813,0.0044952714082442,0.00362817852245919,0.00287152811121226,0.00222583281827462,0.00168757325433685,0.00124977348510682,0.000902759987891925,0.000635055267286868,0.000434320403647056,0.000288235265845369,0.000185226686009046,0.00011498946770316,6.87843822412405e-05,3.95358048122826e-05,2.17713178636902e-05,1.14510982362081e-05,5.73458969345642e-06,2.725527980418e-06,1.22591645115029e-06,5.20647401136112e-07,2.07768581998518e-07,7.71202712127501e-08,2.53450837640657e-08,0
434701315.812502,0,-2.96877923902057e-13,-1.93126984113033e-13,-2.62130314278987e-13,1.18817564854246e-13,1.0944373455694e-12,3.67769622702976e-12,9.34679975026632e-12,2.09549006888242e-11,4.31955742393441e-11,8.36494906118555e-11,1.54021221696383e-10,2.71564977171533e-10,4.60926136055059e-10,7.55803325748735e-10,1.20090365610832e-09,1.85326790620282e-09,2.78353504777131e-09,4.07613878189717e-09,5.829103348283e-09,8.15259103695409e-09,1.1167009942154e-08,1.50001743432918e-08,1.97844487739109e-08,2.56537274004329e-08,3.27411697210514e-08,4.11777366187198e-08,5.10922126412952e-08,6.26126937307362e-08,7.58697975155461e-08,9.10013350856483e-08,1.08158238375822e-07,1.27511278647646e-07,1.49258102182452e-07,1.73630110851084e-07,2.00898723404701e-07,2.31380758678927e-07,2.65442737929504e-07,3.03504272074652e-07,3.46040680008504e-07,3.93585233369472e-07,4.46731450085307e-07,5.06136156107715e-07,5.72523735835107e-07,6.46691849871414e-07,7.29518728231564e-07,8.21972244764915e-07,9.25120450641406e-07,1.04014315235294e-06,1.16834412975435e-06,1.31116396499132e-06,1.47019352755476e-06,1.64718728680254e-06,1.84407714686302e-06,2.06298831054403e-06,2.30625595684272e-06,2.5764436426328e-06,2.87636518636464e-06,3.20911063593372e-06,3.57807571990662e-06,3.98699712228055e-06,4.43999496065309e-06,4.94162274444005e-06,5.49692540556311e-06,6.11150759125319e-06,6.79161408106789e-06,7.54422341306341e-06,8.37715499440486e-06,9.29919010511991e-06,1.03202116770659e-05,1.14513673601255e-05,1.27052525053641e-05,1.40961109564077e-05,1.56400624866566e-05,1.73553641554413e-05,1.9262697294509e-05,2.13854748427112e-05,2.37501785741705e-05,2.63867339593064e-05,2.93289137655648e-05,3.26147527803643e-05,3.62869935503759e-05,4.03935723960822e-05,4.49881226266456e-05,5.01304824822635e-05,5.58872463656897e-05,6.23323465424518e-05,6.95476364312871e-05,7.76235048898048e-05,8.66595245870763e-05,9.67651113983225e-05,0.000108060187592671,0.000120675879668376,0.000134755222203174,0.000150453823269255,0.000167940507832639,0.00018739797924801,0.000209023433467697,0.000233029109538463,0.000259642868452346,0.000289108829208378,0.000321688034278185,0.000357659244013298,0.00039731997482499,0.000440987779200894,0.000489001803456852,0.000541724693001992,0.000599544849167301,0.000662879036290534,0.000732175231746702,0.000807915593037448,0.000890619419485172,0.000980845992225347,0.00107919731974569,0.0011863207364742,0.00130291073881912,0.00142971005853333,0.00156751068737767,0.00171715438226852,0.00187953230430535,0.002055584319767,0.00224629711982247,0.00245270081816615,0.00267586523833265,0.00291689494207539,0.00317692183663424,0.00345709719637012,0.00375858371723503,0.00408254427715463,0.00443012315505859,0.00480241965824507,0.00520046030887658,0.00562517180436339,0.00607735070310654,0.00655763284506483,0.00706646104564942,0.00760403309374001,0.00817022593481634,0.0087645168377767,0.00938591624491291,0.0100329185610325,0.0107034717770876,0.0113949375413759,0.0121040054768879,0.0128265717514679,0.0135576283769567,0.0142911993881946,0.0150203479092424,0.0157372635873425,0.0164333777160757,0.0170994089759337,0.0177253150839153,0.0183002441103202,0.0188126126613629,0.0192503783377524,0.0196014932113066,0.01985445379076,0.0199988078610381,0.0200254975320213,0.0199270402155401,0.0196976828944133,0.0193336996318609,0.0188338912731991,0.0182001717149926,0.017438067294039,0.0165569876159578,0.0155701418087891,0.0144940909723857,0.0133481008958054,0.0121534546910282,0.0109327575572098,0.00970919801315574,0.00850573480842333,0.00734420830117827,0.00624440584991956,0.00522317119188053,0.00429369388897104,0.00346505446474978,0.00274202965223606,0.00212516225300801,0.00161108943152998,0.0011930992763031,0.000861881155044924,0.00060640836155382,0.000414853957372503,0.000275435319689395,0.000177103857852219,0.000110031548167691,6.58869026548778e-05,3.7924140960998e-05,2.09247503963519e-05,1.10355766560768e-05,5.54695887087025e-06,2.64944811610188e-06,1.19923385250206e-06,5.13210109863986e-07,2.06832713348346e-07,7.78557077229908e-08,2.63354961140049e-08,0
444878283.112758,0,-3.24330889733961e-13,-1.872404478669e-13,-2.82926449418132e-13,1.26329756057144e-13,1.0535587442684e-12,3.59581815251639e-12,9.05523996401598e-12,2.02824614739847e-11,4.16531553463705e-11,8.05301642443454e-11,1.47977717440425e-10,2.60583357094098e-10,4.41753980853722e-10,7.23752959904854e-10,1.14912231054079e-09,1.77237847150156e-09,2.66080622053122e-09,3.89504769080158e-09,5.56853841157673e-09,7.78647972148129e-09,1.06637162535739e-08,1.43223285232929e-08,1.88886436653247e-08,2.44905943117781e-08,3.12553427840274e-08,3.93080665975821e-08,4.87718083213725e-08,5.97690293332573e-08,7.24245414636893e-08,8.68700598574281e-08,1.03249767363687e-07,1.21726800068995e-07,1.42489902222647e-07,1.65760047068271e-07,1.91796380153839e-07,2.20901422157552e-07,2.53425188966665e-07,2.89768462151988e-07,3.30385258725036e-07,3.75785029775836e-07,4.26534922106003e-07,4.83262745824508e-07,5.4666099282796e-07,6.17492333766947e-07,6.96596702211237e-07,7.84899999656032e-07,8.8342414603465e-07,9.93298157248548e-07,1.11576991094955e-06,1.25221843598064e-06,1.40416637405903e-06,1.57329282670299e-06,1.76144668397576e-06,1.97066077556035e-06,2.20316751500041e-06,2.4614166444996e-06,2.74809557564847e-06,3.06615299904813e-06,3.41882729293741e-06,3.80968028354192e-06,4.24263758986219e-06,4.72203579083629e-06,5.25267863123869e-06,5.83990312103442e-06,6.48965671588745e-06,7.20858616572443e-06,8.00414015128272e-06,8.88468716484682e-06,9.85964968225454e-06,1.09396576523259e-05,1.21367226627858e-05,1.34644328857134e-05,1.49381720636094e-05,1.65753666801176e-05,1.83957583377175e-05,2.04217021790252e-05,2.26784935908573e-05,2.51947256729046e-05,2.80026708702621e-05,3.11386878619342e-05,3.46436570549684e-05,3.8563438135483e-05,4.29493509091058e-05,4.78586788045582e-05,5.33551883717365e-05,5.9509670413834e-05,6.64004914349229e-05,7.41141601348393e-05,8.27459011088384e-05,9.24002409975213e-05,0.000103191602747361,0.000115244910068009,0.000128696203121467,0.000143693263953298,0.000160396254978416,0.000178978375768857,0.000199626531133081,0.000222542013616914,0.000247941228287742,0.00027605647603964,0.000307136798646338,0.000341448918003441,0.000379278323990051,0.000420930536012958,0.000466732563273477,0.000517034581269271,0.000572211818938058,0.000632666684610649,0.00069883110067647,0.000771168958847169,0.000850178635326058,0.00093639550936888,0.00103039437569058,0.00113279169006232,0.00124424756144296,0.00136546736649763,0.00149720283133449,0.00164025262721325,0.00179546270725437,0.00196372603313902,0.00214598104266459,0.00234320907899125,0.00255643100065575,0.00278670219003619,0.00303510586399552,0.00330274533435903,0.00359073477914448,0.00390018680646198,0.00423219502671799,0.00458781134306147,0.0049680201164606,0.00537371149099344,0.00580565395370714,0.0062644643199338,0.00675056986093026,0.00726415587541155,0.00780510003483164,0.00837290338047187,0.00896662788573154,0.00958484715253244,0.0102256068131527,0.0108863746038879,0.0115639605482461,0.0122544156282913,0.0129529445977548,0.0136538659360755,0.0143506262178186,0.0150358523559201,0.0157014034636335,0.0163383727430298,0.0169370425670725,0.0174868879761088,0.0179767295952824,0.0183950516802795,0.018730442113912,0.0189720752252828,0.0191101042828335,0.0191358868490749,0.0190421357353426,0.018823146820187,0.0184751817288282,0.0179970197516806,0.0173905799826993,0.0166613870250028,0.0158187128418844,0.0148753818864163,0.0138472998789869,0.0127528246759606,0.011612126679532,0.0104465846243336,0.00927814895968619,0.00812861278593691,0.00701878626991803,0.00596760712640708,0.00499127830312634,0.00410255609753717,0.00331026424440791,0.00261906657722716,0.00202951596473071,0.00153837028877177,0.0011391487204673,0.000822882901645602,0.00057898340205212,0.000396122432761088,0.000263036423155789,0.000169173964619808,0.000105151369868042,6.3012694124005e-05,3.63153943159303e-05,2.00764253196906e-05,1.06188008749899e-05,5.35916608510393e-06,2.57375739750111e-06,1.17306767828222e-06,5.06099489903718e-07,2.0592753557952e-07,7.8582397411152e-08,2.73880772175152e-08,0
455293507.486696,0,-3.0639645481766e-13,-1.81853471145958e-13,-2.79314496275172e-13,9.26640591644489e-14,9.54557988849967e-13,3.34441503558395e-12,8.51256389177145e-12,1.91843655417283e-11,3.95413939474441e-11,7.66429558315333e-11,1.41075040549457e-10,2.48732525382065e-10,4.22038622433259e-10,6.91882150837498e-10,1.09901829516728e-09,1.69560217211847e-09,2.54604853293991e-09,3.72744835331522e-09,5.32916719411151e-09,7.45168051708815e-09,1.02047086687707e-08,1.37047124988395e-08,1.80722296921382e-08,2.34291439710649e-08,2.98966340366602e-08,3.75938266257004e-08,4.66378895049162e-08,5.71453514846518e-08,6.92351263722936e-08,8.30327089005837e-08,9.86756720329352e-08,1.16319710112509e-07,1.36145175368144e-07,1.58363265353193e-07,1.83221759449965e-07,2.11009818190313e-07,2.42062095833972e-07,2.76761793973404e-07,3.15542955030016e-07,3.58892357527791e-07,4.07351933082704e-07,4.61521717383816e-07,5.22063557402216e-07,5.89706191186806e-07,6.65252444350772e-07,7.49587534532266e-07,8.43688240145562e-07,9.48633785124233e-07,1.06561734775711e-06,1.19595670979728e-06,1.34110607729166e-06,1.50266851540167e-06,1.68240748979654e-06,1.88225916388714e-06,2.10434740497816e-06,2.3509990885811e-06,2.62476148297337e-06,2.92842548701201e-06,3.26505197275506e-06,3.63800212656086e-06,4.05097838800728e-06,4.50807449754922e-06,5.01382983537919e-06,5.57329619712526e-06,6.19212429801185e-06,6.87665899062767e-06,7.63403781812581e-06,8.47231020937657e-06,9.40058045146747e-06,1.04291527000021e-05,1.15696834626021e-05,1.28353628396859e-05,1.42411157707257e-05,1.58038111833999e-05,1.7542491295992e-05,1.94786352407597e-05,2.16364608194222e-05,2.40432506067036e-05,2.67296896680488e-05,2.97302651486881e-05,3.30837325207537e-05,3.68335831677633e-05,4.10285184188081e-05,4.57229936203453e-05,5.09777907735731e-05,5.68605793437733e-05,6.34464465145215e-05,7.08184248653656e-05,7.90680388948283e-05,8.82958154578203e-05,9.86116972226776e-05,0.00011013546954921,0.000122997253556413,0.000137337973922112,0.000153309814172753,0.000171076794806394,0.000190815477274328,0.00021271572390053,0.000236981572927053,0.0002638323099334,0.000293503611568526,0.00032624865863669,0.000362339462143666,0.000402068421051266,0.000445749754449045,0.000493720891874934,0.000546344018580107,0.000604007809402439,0.000667129558747476,0.000736157047570434,0.000811569737398865,0.000893880998615659,0.000983641354661851,0.00108144034267242,0.00118790761520607,0.00130371490630186,0.00142957800048278,0.00156625789534586,0.00171456023495703,0.00187533396620515,0.00204947239705394,0.00223791331480305,0.00244163368555402,0.00266164334720643,0.00289897894578938,0.00315469380563154,0.00342984800297456,0.00372550312297701,0.00404271283262263,0.00438249595841992,0.00474579613476791,0.00513344804646135,0.00554615239740059,0.00598445480351683,0.00644874759435126,0.00693927037995001,0.00745603141087723,0.00799865703234919,0.00856625521169928,0.00915733284589821,0.00976979103232565,0.0104010130773426,0.0110479581334856,0.0117071203930843,0.0123742999577625,0.0130443009608322,0.0137107641209805,0.0143662356600286,0.0150024545682242,0.0156107245804161,0.0161820671549304,0.0167070301548798,0.0171754093396162,0.017576140739111,0.0178975914714373,0.0181284425695106,0.0182587903821792,0.0182808051109899,0.01818880552247,0.0179789017131051,0.0176484200815273,0.0171957240776178,0.0166209261947971,0.0159271777771041,0.0151218573145749,0.014217134641453,0.0132295680541358,0.0121788020193012,0.0110859270633492,0.00997211987918705,0.00885787781197393,0.00776277644376658,0.00670538832715684,0.00570299898654306,0.00477097420769184,0.00392188483771513,0.00316467648864641,0.00250416068058019,0.00194095647542784,0.00147186183805153,0.00109052556566181,0.000788274670409984,0.000554983443637498,0.000379894100651466,0.000252334812808018,0.000162299458054626,0.00010086255157134,6.04274021430478e-05,3.48204758939427e-05,1.92547834020966e-05,1.01946298653136e-05,5.15684384310057e-06,2.48604293191821e-06,1.13836002139393e-06,4.93583441883541e-07,2.02746472449853e-07,7.85550277458364e-08,2.75317143890413e-08,0
465952566.866469,0,-2.92055500829931e-13,-1.72693603514741e-13,-2.65060909100979e-13,9.12566719490623e-14,9.1670429751134e-13,3.201808490587e-12,8.14222243568183e-12,1.83386290875807e-11,3.77836736802073e-11,7.32154433743981e-11,1.34737453774162e-10,2.37521195682523e-10,4.02967661271057e-10,6.6055921446436e-10,1.0491957814088e-09,1.61866056999178e-09,2.43044195776194e-09,3.55813350775092e-09,5.0870512739767e-09,7.11312578036309e-09,9.74111993099544e-09,1.30822415015637e-08,1.72515961412204e-08,2.23655816708774e-08,2.85399254442383e-08,3.58884006152448e-08,4.4522913240286e-08,5.4554760021414e-08,6.60975026865028e-08,7.92709797824327e-08,9.42065776442379e-08,1.11053002500312e-07,1.29982477353296e-07,1.51196654328174e-07,1.74932178383195e-07,2.01465303719066e-07,2.3111571234591e-07,2.64249377256887e-07,3.01280933533811e-07,3.42675668298216e-07,3.88951623774577e-07,4.40682124273055e-07,4.98499702959198e-07,5.63101533664494e-07,6.35255774360632e-07,7.15808856760414e-07,8.05695153717557e-07,9.05948039584332e-07,1.01770994858596e-06,1.14224210303861e-06,1.28093627755263e-06,1.43532713242914e-06,1.60710292431402e-06,1.79811582536092e-06,2.01039552296617e-06,2.24616556411385e-06,2.5078597717675e-06,2.79814028814004e-06,3.1199233260378e-06,3.4764128177531e-06,3.87113618631913e-06,4.30798651407748e-06,4.79128021924103e-06,5.32582699121282e-06,5.91700541882753e-06,6.57084955250644e-06,7.29415257058349e-06,8.09458527152818e-06,8.98082664865343e-06,9.96270306819764e-06,1.10513364722196e-05,1.22593175897007e-05,1.36009036432281e-05,1.50922174208424e-05,1.67514574424328e-05,1.85991541343809e-05,2.06584637833172e-05,2.29554657204544e-05,2.55194888635232e-05,2.83835088998136e-05,3.15845689422436e-05,3.51642080212394e-05,3.9168947233766e-05,4.36508240083489e-05,4.86679031726468e-05,5.42847891352807e-05,6.05731844288346e-05,6.76124194763792e-05,7.54899171784069e-05,8.43016651671592e-05,9.41526968021932e-05,0.000105157481839352,0.000117440314579114,0.0001311357900377,0.000146389291176725,0.000163357480624147,0.000182208935299775,0.000203124902451086,0.000226300126792319,0.000251943841547214,0.000280280901263498,0.0003115529138269,0.00034601945463658,0.000383959532770973,0.000425673082850933,0.000471482300275312,0.000521733169854838,0.000576797212726665,0.000637073145781561,0.000702988705004085,0.000775002591984387,0.000853606220775889,0.00093932573882524,0.00103272428863664,0.00113440409134598,0.00124500839238803,0.00136522210295443,0.00149577150593729,0.00163742582487618,0.00179099827983037,0.0019573433445153,0.00213735496861927,0.00233196682524345,0.00254214650860618,0.00276888383988873,0.00301318237791212,0.00327605572151485,0.00355852089499451,0.00386158287164927,0.00418621208949965,0.00453331501980666,0.00490369299348821,0.00529800588111413,0.00571676844558357,0.00616036290750237,0.00662902036636594,0.00712274938638601,0.00764121300691575,0.00818357705928182,0.00874839835771266,0.00933363111015974,0.00993675207101424,0.0105548700934325,0.0111846565755427,0.0118221135881013,0.0124623266465241,0.0130992695907047,0.0137257709218873,0.0143338237418795,0.0149150542094882,0.0154608863356873,0.0159623454399828,0.0164097789556307,0.016792694263284,0.0170999929052833,0.0173207901648427,0.0174454694521881,0.0174664320236449,0.0173782774236799,0.0171774019333811,0.0168613821220401,0.0164287956413008,0.015879798445749,0.0152172696962305,0.0144480617906268,0.0135836807648564,0.0126399168493425,0.0116356033161672,0.0105910442905833,0.00952662527971175,0.00846199243059108,0.00741581513553782,0.00640575068442529,0.00544821871489046,0.00455783869822499,0.00374661850912591,0.0030231427667787,0.00239205227124181,0.00185397093804913,0.00140584826197304,0.00104160235245042,0.00075292596668174,0.000530125238487281,0.00036290941841264,0.000241079926739066,0.000155080199552341,9.63890170092609e-05,5.77551734113486e-05,3.32852652756962e-05,1.84086035248005e-05,9.74843408305994e-06,4.93247175367716e-06,2.37876809009097e-06,1.08968874674803e-06,4.72714200210898e-07,1.94413613362674e-07,7.5484791849244e-08,2.64858868943449e-08,0
476861169.771447,0,-2.89082023185029e-13,-1.73410110190495e-13,-2.64541499960872e-13,7.03175525350456e-14,8.62194992265719e-13,3.03389729440402e-12,7.76039202558745e-12,1.74835478909828e-11,3.60636691605875e-11,6.98786634486586e-11,1.28632639877031e-10,2.26744941358846e-10,3.84709094344039e-10,6.30604092699053e-10,1.00162745824661e-09,1.54524394237541e-09,2.3202113713601e-09,3.39673648634189e-09,4.85632287879752e-09,6.79051752240267e-09,9.29939150632392e-09,1.24890929415001e-08,1.64695674075784e-08,2.13519326387393e-08,2.72467330237999e-08,3.42625934148687e-08,4.25063937799065e-08,5.20843819035997e-08,6.31050309681275e-08,7.56827878791251e-08,8.99431300920881e-08,1.06028015205493e-07,1.24101941196006e-07,1.44357537392091e-07,1.67020828938748e-07,1.92355603036854e-07,2.20667249506013e-07,2.52305478037197e-07,2.87666480595589e-07,3.27194738159377e-07,3.71385272173882e-07,4.20786264821198e-07,4.76002650684754e-07,5.37700864811431e-07,6.06615298731716e-07,6.83556030244636e-07,7.69417674031162e-07,8.65188950613951e-07,9.71962918420123e-07,1.09094733147444e-06,1.22347526886618e-06,1.37101564998039e-06,1.53518353537625e-06,1.71775090957438e-06,1.92065923490648e-06,2.14603305123357e-06,2.39619509779503e-06,2.67368596971626e-06,2.9812876824118e-06,3.32205042979905e-06,3.69932945341811e-06,4.11683307182538e-06,4.57867129848e-06,5.0894133498175e-06,5.65417140559497e-06,6.27869409056815e-06,6.96945199157718e-06,7.73374448148609e-06,8.57984037265659e-06,9.51711470854357e-06,1.05561811642331e-05,1.17090593373038e-05,1.29893665096465e-05,1.44125050490962e-05,1.59958700967022e-05,1.77590938417986e-05,1.97243130272276e-05,2.1916456559275e-05,2.43635671576683e-05,2.70971670213983e-05,3.01526574026603e-05,3.35697367568298e-05,3.73928501263194e-05,4.16717019021459e-05,4.64617640702522e-05,5.18247416395218e-05,5.78290911722885e-05,6.45505835648703e-05,7.20727545655662e-05,8.04872821828604e-05,8.98944581971892e-05,0.000100403658059617,0.000112133689199512,0.00012521314274395,0.000139780859903953,0.000155986483812565,0.000173991062581276,0.000193967660887853,0.000216102120063972,0.000240594103330259,0.000267658169756175,0.000297524791351534,0.000330441618533134,0.000366674850635916,0.000406510558621715,0.000450256269896227,0.000498242466622637,0.000550823834615739,0.000608381186091284,0.00067132357863202,0.00074008947939022,0.000815148373317474,0.00089700365422283,0.000986194525922034,0.00108329669265243,0.00118892448315674,0.00130373346987501,0.00142841989597261,0.00156371889610625,0.00171040607129506,0.0018692989629489,0.00204125371379807,0.00222716117114028,0.00242794423483434,0.00264455034828118,0.00287794029714226,0.00312908067112727,0.00339893896197353,0.00368847443969797,0.00399861902463855,0.00433024382388501,0.00468411684098591,0.00506086929712178,0.00546098375763898,0.00588480154856209,0.00633252753510275,0.00680418539930529,0.00729948649107581,0.00781766007579192,0.0083573536262246,0.00891663637931428,0.00949305718692852,0.0100837343514333,0.0106854153240809,0.0112943495912691,0.0119059549773948,0.0125145177696125,0.0131131916634448,0.0136943143227525,0.0142497835379134,0.0147712553202593,0.015250148346029,0.0156774377048605,0.0160433269100096,0.0163372981368411,0.0165488446214839,0.0166684869730305,0.0166885964789044,0.0166037978611045,0.0164107687455496,0.0161076258067592,0.0156935421062331,0.0151690370034496,0.0145368844806423,0.0138032690966271,0.0129786011269758,0.0120774670789372,0.0111176680565439,0.0101187567303342,0.00910060894215529,0.00808244209717352,0.00708238692705625,0.00611736806530431,0.00520293429118246,0.00435283160058362,0.00357833390465718,0.00288753137952334,0.00228484212203934,0.00177090471050088,0.0013428596372542,0.000994937833721279,0.000719220789358683,0.000506444080904373,0.00034676345272279,0.000230423476325617,0.000148287869473857,9.22169644258625e-05,5.52903292998065e-05,3.18867376016428e-05,1.76473930896858e-05,9.35136820136762e-06,4.73427901610462e-06,2.28437504566893e-06,1.04690384654811e-06,4.54198642066666e-07,1.86798519975537e-07,7.26372121683527e-08,2.55461923545155e-08,0
488025158.365443,0,-1.96518629284605e-13,-1.30746711475762e-13,-1.51109380466056e-13,1.54784725267815e-13,9.70824563781871e-13,3.05661977581292e-12,7.62551033468442e-12,1.69307754008602e-11,3.47133468333907e-11,6.70093748921974e-11,1.23106680562639e-10,2.16745170094554e-10,3.67475981965232e-10,6.02110011261179e-10,9.56122025254723e-10,1.47486002381239e-09,2.21438344997292e-09,3.24177860729816e-09,4.63483360387827e-09,6.48102813570491e-09,8.87588661334258e-09,1.19208407081221e-08,1.57208478553099e-08,2.03820847378128e-08,2.60100741494459e-08,3.2708595099432e-08,4.05796640761217e-08,4.97247719209378e-08,6.02474251742225e-08,7.22568944140117e-08,8.58729346948473e-08,1.01231141233307e-07,1.18488555039831e-07,1.37829132468363e-07,1.59468739781033e-07,1.83659431699051e-07,2.10692914340413e-07,2.40903247927367e-07,2.74668974164307e-07,3.12414958337152e-07,3.5461434244531e-07,4.01791083375393e-07,4.54523492985144e-07,5.1344896087676e-07,5.79269975713154e-07,6.52761512516919e-07,7.34779618773251e-07,8.26270711448279e-07,9.28281218631068e-07,1.04196756520545e-06,1.16860617424497e-06,1.30960319512471e-06,1.46650429788197e-06,1.64100505539492e-06,1.83496217808241e-06,2.05040560907215e-06,2.28955327600846e-06,2.55482895460075e-06,2.84888429111904e-06,3.17462585831947e-06,3.53524871540703e-06,3.93427849015469e-06,4.37562279566474e-06,4.86363165735271e-06,5.40316914448704e-06,5.99969810983316e-06,6.65937625758335e-06,7.38916242090317e-06,8.196935704583e-06,9.09162821605314e-06,1.00833686088938e-05,1.1183636806775e-05,1.24054363081416e-05,1.37634808615887e-05,1.52743990177043e-05,1.69569603465053e-05,1.88323278048794e-05,2.09243352307004e-05,2.32597957458488e-05,2.58688453027177e-05,2.87853165133862e-05,3.20471443744387e-05,3.56968052276616e-05,3.97817834978182e-05,4.43550475331684e-05,4.9475536886492e-05,5.52086579908108e-05,6.16267654568538e-05,6.88096139292544e-05,7.68447908124261e-05,8.58281336510008e-05,9.58641178611316e-05,0.000107066224358655,0.000119557320639454,0.000133470083271628,0.000148947470115592,0.000166143258454452,0.00018522268447149,0.000206363209247224,0.000229755411401354,0.00025560398374513,0.000284128822554756,0.000315566224682516,0.000350170186344119,0.000388213765425847,0.000429990479027046,0.000475815747141238,0.000526028432374141,0.000580992481015586,0.000641098579037329,0.000706765829721641,0.000778443572281029,0.000856613261216554,0.000941790188267761,0.00103452508879095,0.00113540566623834,0.00124505782470267,0.00136414644519833,0.00149337573134767,0.00163348906788273,0.00178526810968012,0.001949530647662,0.00212712739805591,0.00231893818172471,0.00252586678913928,0.002748833744351,0.00298876762517876,0.00324659425510592,0.00352322193818796,0.00381952386866631,0.00413631983080565,0.00447435605462427,0.00483428098301269,0.00521661521892402,0.00562171377755794,0.00604972059115537,0.00650051850371471,0.00697368161192278,0.0074684364360489,0.00798362707893732,0.00851766888650428,0.00906848236292484,0.00963341348843389,0.0102091522182525,0.0107916688923929,0.0113761952510027,0.0119572493177417,0.0125286665828725,0.0130836147771547,0.0136145990579971,0.0141134681270578,0.0145714634211595,0.014979374826621,0.0153277943101091,0.0156074039727064,0.0158092615848379,0.0159250498842694,0.0159472822249218,0.0158695441530352,0.0156868436092918,0.0153960556410724,0.0149964036942941,0.0144898712112423,0.0138814155849079,0.0131789384287348,0.0123930534328102,0.0115367338914442,0.0106249309659363,0.00967419722640315,0.00870227603631727,0.007727592182369,0.00676859281105307,0.00584294808075152,0.00496669824537904,0.00415346244790414,0.00341381599716739,0.00275491193793076,0.00218036512449027,0.00169037730954108,0.00128207065569596,0.00094998578324175,0.000686694982228777,0.000483479727155271,0.000331014185576001,0.000219995541848222,0.000141671198361818,8.82276313720862e-05,5.30257475716346e-05,3.06884308825799e-05,1.70628327423929e-05,9.09130482970369e-06,4.62935538198879e-06,2.24621790435679e-06,1.03533950316088e-06,4.51957496430641e-07,1.86158111039582e-07,7.19328259019278e-08,2.55770962518608e-08,0
499450511.585514,0,-1.57073291788488e-13,-3.75716491501431e-14,1.06814611330365e-14,4.41157996540555e-13,1.34781967477719e-12,3.43105855082453e-12,7.56610364785576e-12,1.54523408401055e-11,2.9626489618113e-11,5.41115029908172e-11,9.47352240886721e-11,1.59893813668337e-10,2.61066474004805e-10,4.13630870618824e-10,6.37389799683686e-10,9.57237852831064e-10,1.40344851712667e-09,2.01195753309509e-09,2.82422104240869e-09,3.8870312481221e-09,5.25201026609351e-09,6.9752068006015e-09,9.11666757223051e-09,1.17404295666765e-08,1.49148950178711e-08,1.87139707721154e-08,2.32189062584303e-08,2.85210369027133e-08,3.47252397874888e-08,4.19540828271016e-08,5.03523274903707e-08,6.00915816107985e-08,7.13747096883827e-08,8.44397593989296e-08,9.95630849487776e-08,1.17061533187281e-07,1.37293635396592e-07,1.60659938433918e-07,1.87602670048794e-07,2.18605105590429e-07,2.54191134544386e-07,2.94925525335601e-07,3.41415284506735e-07,3.94312504662578e-07,4.54319095369846e-07,5.22193517962087e-07,5.98759458722968e-07,6.84916469196911e-07,7.8165260085985e-07,8.90058725110475e-07,1.01134428217493e-06,1.14685444912443e-06,1.29808851714534e-06,1.46671893967364e-06,1.65461088208815e-06,1.86384236648806e-06,2.09672470293593e-06,2.35582266152084e-06,2.64397480480856e-06,2.96431493704017e-06,3.32029473450666e-06,3.71570776470601e-06,4.15471717942828e-06,4.64188918278855e-06,5.18223336778172e-06,5.78125265629767e-06,6.44500657266138e-06,7.18018998801082e-06,7.99422999539494e-06,8.89540413318452e-06,9.89298061658938e-06,1.09973817629475e-05,1.22203732612893e-05,1.35752777327048e-05,1.50772107348798e-05,1.67433427863489e-05,1.85931856673573e-05,2.06488979643826e-05,2.29356159109344e-05,2.54818101421717e-05,2.8319654310854e-05,3.14854106464825e-05,3.50198448754141e-05,3.89686477541778e-05,4.33828511485249e-05,4.83192631007249e-05,5.38409110219575e-05,6.00174627616607e-05,6.69256447971868e-05,7.46496655228165e-05,8.32816207288527e-05,9.29218937767026e-05,0.000103679561213325,0.00011567278575548,0.000129029218064939,0.000143886429589296,0.000160392357111431,0.000178705773417352,0.00019899682518492,0.000221447658567163,0.000246253153359378,0.000273621773117472,0.00030377656415567,0.000336956384998497,0.000373417342421732,0.00041343436257486,0.000457302958519297,0.000505341224171492,0.000557891899000515,0.000615324364471667,0.000678036665629908,0.000746457614609524,0.000821048547743673,0.000902304637062823,0.00099075634647802,0.00108697063583767,0.00119155121537935,0.00130513882276643,0.00142841169058662,0.0015620846511574,0.00170690727438561,0.00186366221353526,0.00203316278732987,0.00221624905290761,0.00241378336579043,0.0026266454858593,0.00285572491699318,0.00310190865146548,0.00336606562832939,0.00364902988186488,0.00395158262683394,0.00427443400470424,0.0046182040861598,0.0049833977346254,0.00537036616043571,0.00577925477643388,0.00620994879098034,0.00666202965012855,0.00713474200062319,0.00762696263754996,0.00813716448109134,0.00866336193705902,0.00920302516717032,0.00975298374607554,0.0103093643796704,0.0108675854921285,0.0114223959496033,0.0119679247247059,0.0124977040236349,0.0130046507279742,0.0134810321991096,0.0139184798409396,0.0143081241923516,0.0146408663037768,0.0149077153796726,0.0151001155115312,0.0152102175993889,0.0152310673569932,0.0151567525080361,0.0149826369729159,0.0147057369846633,0.0143251611514917,0.0138425260648115,0.0132622659908376,0.012591720482569,0.0118409659991645,0.0110224928636732,0.0101508144619567,0.00924201994514421,0.00831327509214182,0.00738226344373695,0.00646653433133969,0.00558277087791857,0.00474605508056225,0.00396920891153182,0.00326227133436931,0.00263215350365131,0.00208248663316658,0.00161366614182727,0.0012230955659144,0.000905619177532343,0.000654110018707144,0.000460153591991617,0.000314746926034955,0.000208934798306653,0.000134324775053592,8.34504715529326e-05,4.99799519600454e-05,2.8785499946188e-05,1.59016620351925e-05,8.40335958485113e-06,4.23670546248294e-06,2.0323243246573e-06,9.25214782097996e-07,3.98617258786583e-07,1.61764944498781e-07,6.15467326168521e-08,2.14095880072897e-08,0
511143348.344017,0,-1.72099314751007e-13,-4.1351687421858e-14,-1.27570902446691e-14,4.14607180663363e-13,1.27474802502049e-12,3.291877748809e-12,7.26668481677711e-12,1.48694516537602e-11,2.85108013730997e-11,5.20810709983458e-11,9.11588333211731e-11,1.53819808915241e-10,2.5106265353503e-10,3.97638981551325e-10,6.12509818677828e-10,9.19513111655817e-10,1.34760407305541e-09,1.9311440224078e-09,2.70973919787121e-09,3.72807929882373e-09,5.03543532893282e-09,6.68529459810052e-09,8.73494133764793e-09,1.12454787243917e-08,1.42821811130741e-08,1.79156111820464e-08,2.22233585205148e-08,2.72926723422145e-08,3.32237168081251e-08,4.01335125837468e-08,4.81601566428925e-08,5.74672211292632e-08,6.82478657394431e-08,8.07285256011313e-08,9.51718032736325e-08,1.11878545358154e-07,1.31188944622715e-07,1.53482873416401e-07,1.79179597364339e-07,2.08737312336192e-07,2.42652838948559e-07,2.8146201306377e-07,3.25741141987653e-07,3.76109934729699e-07,4.33236115596833e-07,4.97841922563254e-07,5.70712425689093e-07,6.52705660746678e-07,7.44764533972334e-07,8.47930377967833e-07,9.6335786410331e-07,1.09233122628444e-06,1.23628171246609e-06,1.39680596066199e-06,1.57568498387607e-06,1.77490369851601e-06,1.99667080717222e-06,2.24343894354848e-06,2.51792518981655e-06,2.82313215842256e-06,3.16236992272093e-06,3.53927981081512e-06,3.95786132363712e-06,4.42250336710619e-06,4.93802146818294e-06,5.50970358259268e-06,6.14336769177524e-06,6.84543338438212e-06,7.62300945541187e-06,8.48400180851179e-06,9.43724366638211e-06,1.04926473877066e-05,1.16613806722133e-05,1.29560707069765e-05,1.43910330994776e-05,1.59825237811386e-05,1.77490191847107e-05,1.97115241427153e-05,2.18939012822374e-05,2.43232234082779e-05,2.70301499961796e-05,3.00493196157902e-05,3.34197547016293e-05,3.71852801244614e-05,4.13949435815806e-05,4.61034257943915e-05,5.13714456877099e-05,5.72661586108506e-05,6.38615258454727e-05,7.12386535046148e-05,7.94861263131083e-05,8.87003353097567e-05,9.89857857774723e-05,0.000110455414855255,0.000123230957658901,0.000137443361828646,0.000153233250514197,0.000170751466955316,0.000190159721734217,0.000211631327420148,0.00023535201869038,0.000261520876092511,0.000290351340947442,0.000322072314004439,0.000356929376372282,0.000395186154792136,0.000437125791831701,0.000483052490430677,0.00053329322551245,0.00058819969841049,0.000648150302036417,0.000713551924285295,0.000784841882596827,0.000862489980538813,0.000947000060741999,0.00103891106131428,0.00113879805425839,0.00124727288458569,0.00136498396646021,0.00149261581057526,0.00163088818617292,0.00178055377169448,0.00194239447750206,0.00211721746409325,0.00230585031333944,0.00250913473644462,0.00272791948405302,0.0029630511222639,0.0032153598410774,0.00348564131609875,0.00377463807219189,0.00408302176729536,0.00441137674998639,0.00476018187860129,0.00512978056621371,0.00552033146509997,0.00593174649409304,0.00636363193771639,0.00681524465288636,0.00728546940881088,0.00777281107809419,0.00827536972112907,0.0087907658537854,0.00931603390256522,0.00984753883448674,0.010380948284146,0.0109112622410933,0.0114328779198807,0.0119396260856907,0.012424725232237,0.0128806967094449,0.0132993559721605,0.013671984294359,0.0139897083019772,0.0142439746741714,0.014426922519988,0.014531538573963,0.014551608902428,0.0144815981291616,0.0143167182268129,0.0140533874832063,0.0136899904721086,0.0132276600220097,0.0126707977018464,0.0120271196643058,0.0113072090823506,0.0105237959708337,0.00969105689895389,0.00882412011714685,0.00793878024459277,0.00705126878315798,0.00617789724356003,0.00533447826304381,0.00453555931514556,0.0037936239919065,0.00311843952929944,0.00251665407751763,0.00199167218056,0.00154377696713399,0.00117043658294904,0.000866749255516337,0.000625992106562482,0.000440232063165582,0.000300951578160215,0.000199633547629933,0.000128252809010979,7.96392518136346e-05,4.76982363902802e-05,2.74939570920639e-05,1.5217067116213e-05,8.06735405676308e-06,4.08614911258543e-06,1.97170016235867e-06,9.03597801730322e-07,3.92143601608358e-07,1.60572332510852e-07,6.16436527934256e-08,2.1626303748471e-08,0
523109930.805626,0,-1.5021821852525e-13,-3.43860502889294e-14,5.56714420590633e-15,4.07648703053447e-13,1.24012873159152e-12,3.16269311170901e-12,6.96716632579986e-12,1.4224337010581e-11,2.72555285932817e-11,4.97568433177073e-11,8.7068928459738e-11,1.46888141581567e-10,2.39728468721102e-10,3.79665939303236e-10,5.84819327329853e-10,8.77948999239354e-10,1.28672281212551e-09,1.84396184146612e-09,2.58751682402749e-09,3.56009054623308e-09,4.80878411488623e-09,6.38472720897309e-09,8.3426974882096e-09,1.07411187418438e-08,1.36424097302428e-08,1.711402390515e-08,2.12301111931636e-08,2.60739946730985e-08,3.17412640123059e-08,3.83434876307142e-08,4.60122100431696e-08,5.49030883824603e-08,6.51997811986263e-08,7.71174225623691e-08,9.0905372257624e-08,1.06849172714321e-07,1.25271616027311e-07,1.46533106984736e-07,1.71031471167868e-07,1.99201563919266e-07,2.31515069215094e-07,2.68481003070702e-07,3.106472397426e-07,3.58603393717404e-07,4.12985301924187e-07,4.74481279840069e-07,5.43840107345489e-07,6.21880684943815e-07,7.09503254493794e-07,8.07702133460634e-07,9.17579875472585e-07,1.04036272249678e-06,1.17741714090907e-06,1.33026734542665e-06,1.50061370768115e-06,1.69035187758451e-06,1.90159230168748e-06,2.13668003120529e-06,2.39821507132291e-06,2.68907344548519e-06,3.01242903032838e-06,3.37177691685932e-06,3.7709594694383e-06,4.21419611598766e-06,4.70611844349751e-06,5.25181307710581e-06,5.85687440583845e-06,6.52746984730265e-06,7.27042109822463e-06,8.0933036929905e-06,9.00456681802495e-06,1.00136757234059e-05,1.11312788038676e-05,1.23694005126991e-05,1.37416597135159e-05,1.52635125042934e-05,1.695252114949e-05,1.88286509520423e-05,2.09145919415237e-05,2.32360994550619e-05,2.58223529220538e-05,2.87063375332716e-05,3.19252413280614e-05,3.55208537058753e-05,3.95399682572787e-05,4.40347897109284e-05,4.90633322056637e-05,5.46898073974982e-05,6.09850005617879e-05,6.80266240088227e-05,7.58996538267146e-05,8.46966539023789e-05,9.45180810453908e-05,0.000105472584379541,0.000117677302589628,0.00013125816160741,0.000146350219239371,0.000163098072537758,0.000181656295555614,0.00020218997395114,0.000224875429901183,0.000249901073386543,0.000277468370311741,0.000307793085230543,0.000341106755547388,0.000377658239221045,0.000417715453059468,0.000461567365714397,0.00050952595824034,0.000561928054846324,0.00061913720913646,0.000681545546965499,0.000749575284581836,0.000823679947958268,0.0009043454322183,0.0009920907680786,0.00108746859313861,0.0011910654716001,0.00130350163247554,0.00142542996516997,0.00155753501398242,0.00170053172957184,0.00185516272648796,0.00202219472451716,0.00220241548405589,0.00239662906009798,0.00260564670371436,0.00283027505795228,0.00307130360000717,0.00332949105390236,0.00360555169577291,0.00390014090977674,0.00421383533378318,0.0045471031927094,0.0049002627577127,0.00527343381701312,0.00566649554671584,0.00607905753864076,0.00651043709836367,0.00695963293067778,0.00742528069143527,0.00790557579385092,0.00839818050218618,0.00890015760738348,0.00940794831501461,0.00991738847629206,0.0104237511506044,0.0109217684278948,0.0114055864083948,0.011868689310878,0.0123038744806758,0.0127033345541709,0.013058872679088,0.013362214796666,0.0136053170921605,0.0137805919742784,0.0138810362449547,0.013900297349099,0.0138328057606829,0.0136741008958629,0.0134213021052242,0.0130735847561169,0.0126325771641395,0.0121025703304802,0.0114904499234585,0.010805443847061,0.0100588344084156,0.00926366741833116,0.00843444402231561,0.00758675960539975,0.00673681293432346,0.00590076069689833,0.00509397865776982,0.00433032540887094,0.00362151007457794,0.00297663093816145,0.00240189789764815,0.00190053198359598,0.00147283540262346,0.00111642451576839,0.000826618181054966,0.000596959449841351,0.00041982058312123,0.000287024547320886,0.00019041704937009,0.000122336584202242,7.5952709231233e-05,4.54658899009299e-05,2.61791947956643e-05,1.44639108835901e-05,7.6482408220515e-06,3.8603618705993e-06,1.85489375604881e-06,8.46230854125531e-07,3.653531778373e-07,1.48516879153169e-07,5.66666585308997e-08,1.98382447408849e-08,0
535356667.741072,0,-1.51131185746061e-13,-3.40076692905626e-14,-1.66624499760954e-15,3.89254114384748e-13,1.1822446815632e-12,3.02773455199995e-12,6.66493203254742e-12,1.36095368722087e-11,2.60647035868326e-11,4.75706049016241e-11,8.32144959796569e-11,1.40350791204881e-10,2.29005334340499e-10,3.62619098551534e-10,5.58478722169242e-10,8.38316153524397e-10,1.22854104688627e-09,1.76049973762706e-09,2.47034125666783e-09,3.39886920924974e-09,4.59109582582999e-09,6.09590697251725e-09,7.96568568419299e-09,1.02563221717051e-08,1.30275282910419e-08,1.63438305313515e-08,2.02761268887471e-08,2.49040365566421e-08,3.03188094608007e-08,3.66268377835528e-08,4.39534157511888e-08,5.24466495301576e-08,6.22811176495483e-08,7.36611555939068e-08,8.68234478187389e-08,1.02038905252888e-07,1.19613705473502e-07,1.39889679067752e-07,1.63244178537597e-07,1.90089812692272e-07,2.20874358968878e-07,2.56081338055054e-07,2.96231572761336e-07,3.41886062029497e-07,3.93650349185181e-07,4.52180547504331e-07,5.18190954180673e-07,5.9246322441611e-07,6.75857013878565e-07,7.69322016206703e-07,8.73911297490239e-07,9.90795895040691e-07,1.12128054950825e-06,1.26682047356744e-06,1.42903908573262e-06,1.60974656703459e-06,1.81095896402096e-06,2.0349177676597e-06,2.28411013834285e-06,2.56128979946277e-06,2.86949875935545e-06,3.21209049697972e-06,3.59275529402647e-06,4.01554880068137e-06,4.48492570279959e-06,5.00577992617929e-06,5.58349271266851e-06,6.22399262115382e-06,6.93383088660683e-06,7.72027244498729e-06,8.59140540277214e-06,9.55627445960514e-06,1.0625038588818e-05,1.18091516703796e-05,1.3121569365796e-05,1.45769846351533e-05,1.61920887845973e-05,1.79858561721361e-05,1.99798552354532e-05,2.21985844919231e-05,2.46698247853647e-05,2.74250055589433e-05,3.04995889299583e-05,3.39334603935096e-05,3.77713137232816e-05,4.20630352648573e-05,4.68640840903259e-05,5.22358559918357e-05,5.82460337556498e-05,6.49689194898296e-05,7.2485745761781e-05,8.08849814922802e-05,9.02626309536537e-05,0.000100722514422568,0.000112376555818597,0.000125345095074401,0.00013975722324053,0.000155751165087124,0.000173474727125899,0.0001930858129683,0.000214753062344556,0.000238656660168968,0.000264989276605733,0.000293957144090209,0.000325781378255198,0.00036069953742077,0.000398967271973373,0.00044086006782854,0.000486675167167645,0.000536733519037258,0.00059138160007026,0.000650993182133344,0.000715970901583253,0.000786747492454448,0.000863786911160254,0.000947585200359663,0.00103867072742607,0.00113760427865678,0.00124497914835437,0.00136142037757213,0.00148758323067008,0.00162415160271424,0.00177183575743802,0.00193136893853061,0.00210350359348396,0.0022890067585398,0.00248865279457031,0.00270321309740227,0.00293344355197086,0.00318007006640947,0.00344377354867751,0.00372517573448349,0.00402482238814341,0.00434315737013731,0.00468048634012981,0.00503693373750785,0.0054123975862733,0.00580651091641835,0.0062186162319652,0.00664774315659987,0.00709257080884818,0.00755136645157165,0.00802190814127889,0.00850141512180263,0.0089865129989305,0.00947324250100307,0.00995709447762315,0.0104330298220456,0.0108954469650592,0.0113381136969583,0.0117541349455343,0.0121360254271273,0.0124759130424024,0.0127658443879691,0.012998107230604,0.0131654657731135,0.0132612678364029,0.0132794916202734,0.0132148553877597,0.0130630876979596,0.0128213743811351,0.0124888769406357,0.0120671487099333,0.0115603306580648,0.0109750957423838,0.01032038531388,0.00960706370085852,0.00884760404972076,0.00805580233319517,0.00724645350932332,0.00643492431929846,0.00563657694387314,0.0048660741860464,0.00413666990333217,0.00345958697557132,0.0028435524704139,0.00229452086046332,0.00181557825193679,0.00140701244686393,0.00106654148507471,0.000789690149181696,0.000570289677790286,0.00040105532230317,0.000274179355422401,0.000181876048515419,0.000116829372744174,7.25155424217156e-05,4.33938070935066e-05,2.49754497858206e-05,1.37918194224904e-05,7.28867263476985e-06,3.67659696075577e-06,1.76539976142124e-06,8.04833598345509e-07,3.47335485849998e-07,1.41190512777044e-07,5.37993447627807e-08,1.87766389785158e-08,0
547890117.959393,0,-1.42439146098466e-13,-3.06915792207221e-14,3.66778825788442e-15,3.80884025303644e-13,1.14909978435523e-12,2.92971543938723e-12,6.43940687987597e-12,1.31337782652366e-11,2.5137535692082e-11,4.5855590307541e-11,8.0187268240286e-11,1.35208262041951e-10,2.20569043701543e-10,3.49201407148018e-10,5.37740275277158e-10,8.07093152480285e-10,1.18267013410071e-09,1.69462778452997e-09,2.37774693017647e-09,3.27128830014104e-09,4.41857186941974e-09,5.86665501073047e-09,7.66597585844253e-09,9.8703534424128e-09,1.253727081121e-08,1.57287745239311e-08,1.95128756283587e-08,2.3965642408951e-08,2.91737549959386e-08,3.5237542029156e-08,4.22741764782622e-08,5.04209591088737e-08,5.98383708588982e-08,7.07128484244834e-08,8.32590900971327e-08,9.77219654455171e-08,1.14378000847801e-07,1.3353665918867e-07,1.55541532906561e-07,1.80771730570317e-07,2.09643639267401e-07,2.42613348657012e-07,2.8017984166063e-07,3.22889084383282e-07,3.7133903848337e-07,4.26185643638458e-07,4.88149698944598e-07,5.58024649188832e-07,6.36685250689881e-07,7.25097182441896e-07,8.24327678406164e-07,9.35557255239464e-07,1.06009250448457e-06,1.19937991350727e-06,1.35502063552132e-06,1.52878599817426e-06,1.72263347551368e-06,1.93872294602876e-06,2.17943318352976e-06,2.4473787594977e-06,2.74542772217277e-06,3.07672081251399e-06,3.44469357383645e-06,3.85310301091502e-06,4.30606055546187e-06,4.80807374757269e-06,5.36409959778561e-06,5.97961163923776e-06,6.66068210938969e-06,7.41408210909346e-06,8.24740123345655e-06,9.16918614792812e-06,1.01890991753095e-05,1.13180978247798e-05,1.2568634192693e-05,1.39548750392468e-05,1.54929444382218e-05,1.72011853322418e-05,1.91004386560394e-05,2.12143463866749e-05,2.35696750219874e-05,2.6196648961743e-05,2.91292971847777e-05,3.24058169400811e-05,3.6068941821117e-05,4.01663074112092e-05,4.47508189384286e-05,4.98810138546588e-05,5.56214051098987e-05,6.20428073168722e-05,6.92226585641961e-05,7.72453255998553e-05,8.62023770180521e-05,9.61928446415738e-05,0.000107323504967752,0.000119709178172204,0.000133473030234185,0.000148746905119025,0.000165671744348892,0.000184398117498527,0.000205086843507048,0.000227909725316587,0.000253050479423831,0.000280705877595278,0.000311087032047831,0.000344420820721216,0.000380951519506728,0.000420942601673771,0.000464678532612126,0.000512466472741664,0.000564637996935649,0.000621550846105014,0.000683590365857858,0.000751170505369746,0.000824734800275302,0.000904757288028869,0.000991742792835878,0.00108622689215896,0.00118877598031678,0.00129998669103421,0.00142048445576153,0.00155092195677685,0.00169197713402867,0.00184435022523545,0.00200876043331329,0.00218594129668261,0.00237663295400454,0.00258157209365106,0.00280148034141608,0.00303705067943015,0.00328893436369301,0.00355772870127405,0.00384395924291372,0.00414805263413308,0.00447030116769407,0.00481081944088844,0.00516950118725899,0.00554599007146164,0.00593966218103895,0.00634960173023088,0.00677455737689026,0.00721287888125417,0.0076624399270486,0.00812056791400116,0.00858401699388399,0.00904899314124386,0.00951119148566714,0.00996580357283037,0.0104074816871469,0.0108302756104724,0.0112275994319749,0.0115923038652481,0.0119168812609626,0.0121937604727046,0.0124156023274877,0.012575505458313,0.012667100071217,0.0126846012683907,0.0126229348754676,0.0124780157737146,0.0122471763642079,0.011929645804716,0.0115269302535594,0.0110429829508733,0.010484137883582,0.00985887079768076,0.00917750646948498,0.00845194364964974,0.007695383367912,0.00692201419372861,0.00614658322008503,0.00538381158549474,0.0046477197459575,0.00395095800664655,0.00330421933892291,0.00271581048643364,0.00219140215378078,0.00173393692403572,0.00134369180770439,0.00101849275465912,0.00075406906962711,0.000544528914051875,0.000382911962743449,0.000261756938632868,0.000173623500574961,0.000111520873141418,6.92162517349789e-05,4.14169932703295e-05,2.38362041093119e-05,1.31617563487856e-05,6.9550279157225e-06,3.50784082707413e-06,1.68411557551235e-06,7.67649597473182e-07,3.31165076872118e-07,1.34518508964915e-07,5.12558892824021e-08,1.79020376657699e-08,0
560716993.820547,0,-1.39341376645446e-13,-2.94488662306958e-14,1.16393806366875e-15,3.65453916623769e-13,1.09966128005731e-12,2.80694156612773e-12,6.16427933125619e-12,1.25693185027339e-11,2.40452233454587e-11,4.38485277332809e-11,7.66518108653434e-11,1.29213250180593e-10,2.10739884120225e-10,3.33576875918476e-10,5.13596770644202e-10,7.7075556219894e-10,1.12930214508597e-09,1.61802195239674e-09,2.27011298205954e-09,3.12305750413513e-09,4.21821498650852e-09,5.60052315059458e-09,7.31815261465208e-09,9.4225135857027e-09,1.19685204292665e-08,1.50154548436786e-08,1.86282967805483e-08,2.28797244636724e-08,2.7852546484063e-08,3.36426044468442e-08,4.03618191728676e-08,4.81413260823958e-08,5.71343830023976e-08,6.75190209251115e-08,7.95002318725448e-08,9.33117735159045e-08,1.09217558008946e-07,1.27512842117175e-07,1.4852531334898e-07,1.72616355499543e-07,2.00182665132096e-07,2.31658494963004e-07,2.67518620700981e-07,3.08282173851553e-07,3.54517356460942e-07,4.06847098614018e-07,4.65955587550961e-07,5.32595674991068e-07,6.07597173541266e-07,6.91876154278619e-07,7.8644528793586e-07,8.92425301207392e-07,1.0110575792081e-06,1.14371791885285e-06,1.29193127122925e-06,1.45738724044896e-06,1.64195602456538e-06,1.84770462611496e-06,2.07691332066902e-06,2.33209237592148e-06,2.61599912400234e-06,2.93165619230804e-06,3.28237236946586e-06,3.67176735119962e-06,4.10380181318769e-06,4.58281546354808e-06,5.11357577853144e-06,5.70133920826464e-06,6.35192719686045e-06,7.07181952105412e-06,7.86826595072907e-06,8.74941692468533e-06,9.72447463977999e-06,1.08038651515543e-05,1.19994303105599e-05,1.33246397316128e-05,1.47948254471902e-05,1.64274369106904e-05,1.82423128454615e-05,2.02619739124869e-05,2.25119359126664e-05,2.502103349069e-05,2.78217535004276e-05,3.09505826865789e-05,3.44483602105491e-05,3.83606241527105e-05,4.27379552847511e-05,4.76363185137611e-05,5.31173888038836e-05,5.92488579384005e-05,6.61047328336503e-05,7.37656223340565e-05,8.23190028836071e-05,9.18594788342374e-05,0.000102489057015661,0.000114317429372565,0.000127462270224454,0.000142049582918091,0.000158214107953506,0.000176099800386861,0.000195860415550497,0.000217660233841916,0.000241674911177938,0.000268092474713148,0.000297114532328105,0.00032895769031675,0.000363855061580259,0.000402057864994015,0.000443837185376518,0.000489485778093561,0.000539319755794388,0.000593680166917212,0.000652934429694219,0.000717477572509143,0.000787733248209596,0.000864154336331676,0.000947223253876146,0.00103745222142364,0.00113538310032623,0.00124158658807684,0.0013566611487083,0.0014812314539107,0.00161594597316251,0.00176147413598738,0.00191850297389718,0.00208773250865505,0.0022698694550088,0.00246561829902761,0.00267566933711053,0.00290068535527155,0.00314128827946217,0.00339804544387219,0.00367145382646405,0.00396191811145869,0.0042697187363288,0.00459497143889648,0.0049375852615077,0.0052972275499813,0.00567329879911952,0.00606491039980602,0.00647085303061692,0.00688954466500006,0.00731896004824756,0.00775656520186778,0.00819928433404886,0.00864350660137665,0.00908511664632845,0.00951951278763801,0.00994158018109347,0.0103456317073781,0.010725375936288,0.0110739765472898,0.0113842371390074,0.0116488864838533,0.0118608773286819,0.0120136041419299,0.0121010040911844,0.0121175951100093,0.0120585685713743,0.0119200316218562,0.011699406279273,0.0113959053316408,0.0110109371328948,0.0105482931348829,0.010014083078006,0.00941649373187203,0.00876547191805598,0.00807241548208094,0.00734990571929347,0.00661142638004376,0.00587097876271611,0.00514256067008047,0.00443954367114405,0.00377402385992599,0.0031562467623711,0.00259418099119628,0.0020932622608268,0.00165630426033811,0.00128356509735828,0.000972957691172634,0.000720394455082014,0.000520244261948892,0.000365859418377065,0.000250116284945134,0.000165912074273312,0.000106572883160568,6.61475767122437e-05,3.95816664968629e-05,2.27802424989798e-05,1.25788517284735e-05,6.64720824282555e-06,3.3527931675658e-06,1.60979428496126e-06,7.33829781340508e-07,3.16677337224109e-07,1.28732474346604e-07,4.90443606996348e-08,1.71082182942213e-08,0
573844164.83024,0,-1.20056200066698e-13,-2.54804296104229e-14,1.496265826553e-14,3.54103685452553e-13,1.06391650764167e-12,2.68699567609135e-12,5.89843599074859e-12,1.20073488828887e-11,2.29653562100196e-11,4.18626819930936e-11,7.31720200912149e-11,1.23330459745367e-10,2.01132021559794e-10,3.18348801522905e-10,4.90132040680801e-10,7.35519978457618e-10,1.07765785517067e-09,1.54401588374557e-09,2.16628632801944e-09,2.98025036500561e-09,4.02540278765333e-09,5.34465645407381e-09,6.98402494751462e-09,8.99261704295476e-09,1.14229012102847e-08,1.43315150736615e-08,1.77805482628556e-08,2.18394351101318e-08,2.65872895168863e-08,3.21156589211904e-08,3.85314479844667e-08,4.59598953268605e-08,5.45473645081972e-08,6.44638534378147e-08,7.59050910785073e-08,8.90942308072629e-08,1.04283167331409e-07,1.21753616690862e-07,1.41818119669674e-07,1.64821183710513e-07,1.91140777216129e-07,2.21190381052499e-07,2.55421758383245e-07,2.94328538611173e-07,3.38450671053751e-07,3.88379753144563e-07,4.44765222106886e-07,5.08321402333771e-07,5.7983546740477e-07,6.6017637936981e-07,7.50304907618934e-07,8.51284815868472e-07,9.64295286489721e-07,1.09064450699503e-06,1.23178431564921e-06,1.3893256653752e-06,1.56505459591141e-06,1.76094844775552e-06,1.97919220800993e-06,2.22219499801763e-06,2.49260676896883e-06,2.79333592582697e-06,3.12756902229132e-06,3.49879366217826e-06,3.9108261433885e-06,4.36784631899803e-06,4.87444200621939e-06,5.43566491601503e-06,6.05710051950146e-06,6.74495432226565e-06,7.50615617958474e-06,8.34848351687036e-06,9.28070396451972e-06,1.03127389724808e-05,1.14558493879321e-05,1.27228405661787e-05,1.4128287179381e-05,1.56887804111449e-05,1.7423195843678e-05,1.93529771836161e-05,2.1502435877327e-05,2.38990672551349e-05,2.65738766095452e-05,2.95617095583195e-05,3.29015851756138e-05,3.6637029683855e-05,4.08164034440018e-05,4.54932163181268e-05,5.07264326296256e-05,5.65807628041008e-05,6.31269407258779e-05,7.04419912538774e-05,7.86094882613007e-05,8.77198066928676e-05,9.78703867147637e-05,0.000109166013983282,0.000121719116691059,0.000135650105201774,0.00015108777170383,0.00016816975399817,0.000187043086697075,0.000207864865571048,0.000230803042862653,0.000256037373609547,0.000283760518132698,0.000314179311311175,0.000347516201395874,0.000384010812829843,0.000423921585451757,0.00046752749970055,0.000515129776965943,0.000567053442528319,0.000623648774582121,0.000685292611264792,0.000752389317820115,0.000825371377079328,0.000904699805986153,0.000990864373980733,0.00108438332884816,0.00118580262937118,0.0012956949220717,0.00141465798482228,0.0015433122844718,0.00168229801721863,0.00183227186640708,0.00199390272199194,0.0021678654401024,0.00235483230830794,0.00255546209562805,0.00277038722310771,0.0030002008664682,0.00324544465862126,0.00350659391381858,0.00378403610648074,0.00407804063316519,0.00438872013194402,0.00471598866840263,0.0050595274943538,0.00541876188779478,0.00579284037950303,0.00618060595688711,0.00658054850877268,0.00699073601855125,0.00740875096873144,0.00783166334708426,0.00825603855229254,0.00867795970592632,0.00909303689700932,0.0094963729302395,0.00988249948677673,0.0102453519217625,0.0105783462069216,0.0108745845085523,0.0111271590225009,0.0113294440412444,0.0114752603354499,0.0115589049392068,0.0115751419332188,0.0115192744176979,0.0113873975169846,0.0111768520914802,0.0108867637485163,0.0105184742799987,0.0100757159409684,0.00956450180611398,0.00899282629026143,0.00837031188048775,0.00770790180291726,0.00701762104247596,0.00631233569704415,0.00560540549911052,0.00491018260714903,0.00423939543378413,0.00360451448818705,0.0030152086936633,0.00247896317287338,0.00200087292498425,0.001583589326304,0.00122739249202448,0.000930376878458217,0.000688748049308378,0.000497223957572053,0.000349514267898362,0.000238830041710081,0.000158367273640777,0.000101714042127429,6.31485442393818e-05,3.78163727010149e-05,2.17939246868964e-05,1.20579022062867e-05,6.38797697131682e-06,3.23154770945378e-06,1.55652349795244e-06,7.11769168177527e-07,3.08001555339492e-07,1.25484601545976e-07,4.79090456967102e-08,1.67492499264007e-08,0
587278661.318949,0,-1.27198819979079e-13,-2.56726051638707e-14,2.65207160706556e-15,3.37571480691369e-13,1.00945735772992e-12,2.57085362684409e-12,5.63645367410321e-12,1.14806746856903e-11,2.19439846150618e-11,3.99910822989902e-11,6.98730548520606e-11,1.17739877080009e-10,1.91968385139807e-10,3.03792733244722e-10,4.67657603882587e-10,7.0172832603535e-10,1.02808264774443e-09,1.47293739427355e-09,2.06653832142099e-09,2.84304811819821e-09,3.84017809400157e-09,5.09891915258405e-09,6.66322742170246e-09,8.58003057990459e-09,1.08994658717358e-08,1.36756633866534e-08,1.69679533344288e-08,2.08426839657055e-08,2.53754325049384e-08,3.06536477158629e-08,3.67794247781945e-08,4.38723645693429e-08,5.20722229738674e-08,6.15413212867348e-08,7.24665257045686e-08,8.50608673995323e-08,9.9564762456556e-08,1.16247024164136e-07,1.35405759535425e-07,1.57369417864991e-07,1.82498141586861e-07,2.11185669768067e-07,2.43861897653674e-07,2.80996242678063e-07,3.23101825506988e-07,3.70740509643919e-07,4.24528759094234e-07,4.8514435867815e-07,5.53334013026545e-07,6.29921940616092e-07,7.15819560694198e-07,8.12036397106513e-07,9.19692248257302e-07,1.04003059995869e-06,1.17443314100859e-06,1.32443515587976e-06,1.49174148065695e-06,1.67824273391102e-06,1.88603159542543e-06,2.11741910707768e-06,2.37495113064857e-06,2.66142545692566e-06,2.97991047575617e-06,3.33376655337093e-06,3.72667171144327e-06,4.16265352124374e-06,4.64612947374518e-06,5.18195809560346e-06,5.77550314085986e-06,6.43271305507447e-06,7.16021760325164e-06,7.96544327706877e-06,8.85674843582837e-06,9.8435786869854e-06,1.09366435960224e-05,1.21481145763027e-05,1.34918432630392e-05,1.49836007062516e-05,1.66413364228579e-05,1.8485455373246e-05,2.05391104521272e-05,2.28285079057306e-05,2.5383222510712e-05,2.82365168229737e-05,3.1425660879893e-05,3.49922488112512e-05,3.89825071442658e-05,4.34475924518841e-05,4.84438766161797e-05,5.40332182400841e-05,6.02832221291083e-05,6.7267489743179e-05,7.50658646088868e-05,8.37646779049257e-05,9.34570042538619e-05,0.000104242935288444,0.000116229878295098,0.000129532894636322,0.000144275087633155,0.000160588050911382,0.000178612397350923,0.00019849838383948,0.000220406649234226,0.000244509082722795,0.000270989842913001,0.000300046532955053,0.000331891528552238,0.000366753442695968,0.00040487870433878,0.000446533203453923,0.000492003939266779,0.000541600607758589,0.000595657072680637,0.000654532647201393,0.000718613097905968,0.000788311328347547,0.000864067787280306,0.000946350592736974,0.00103565527554526,0.00113250415397465,0.00123744527205923,0.00135105066979962,0.00147391402079276,0.00160664778069524,0.00174987977938825,0.00190424908649713,0.00207040038463402,0.00224897588830225,0.00244060480435745,0.00264589108510248,0.0028654006924553,0.00309964936460703,0.00334908937878068,0.00361409082953375,0.00389491330152114,0.00419166783411295,0.00450427494179351,0.00483242884012425,0.00517557447747096,0.00553289188531623,0.00590327273921683,0.00628527685240688,0.0066770697818159,0.00707635865928584,0.00748035274319616,0.00788576606056654,0.00828884714669469,0.00868539310417486,0.00907071993028092,0.00943960548422946,0.00978625792827561,0.0101043786007257,0.0103873639108387,0.0106286088723905,0.0108217953717999,0.010961057957865,0.0110410065541206,0.0110566785536627,0.0110035626281971,0.010877837616158,0.0106768456307936,0.0103996570349365,0.0100475301200975,0.00962411058744098,0.00913530892521056,0.00858894033882536,0.00799430903160428,0.00736187264018886,0.006703014772828,0.00602986034625887,0.00535501242061247,0.00469112832694594,0.00405035317633121,0.00344370071360812,0.00288049770096285,0.0023679810962468,0.00191107605150864,0.00151233835620116,0.00117203093619212,0.000888313528706618,0.000657538192574312,0.000474640205634468,0.000333598426758702,0.00022792161541452,0.000151108173406553,9.70327862479675e-05,6.0229622875871e-05,3.6061189969989e-05,2.07791525496176e-05,1.14956338699952e-05,6.09045774827995e-06,3.08175526024372e-06,1.48497250227276e-06,6.79378791557038e-07,2.94159720808775e-07,1.19984985432473e-07,4.58818075070719e-08,1.60551970724402e-08,0
601027678.207039,0,-8.9818556782892e-14,-1.77426651960163e-14,3.65119584768482e-14,3.35657436594559e-13,9.98323277502434e-13,2.47235634976065e-12,5.41336750850813e-12,1.09778618556297e-11,2.09718084750358e-11,3.81809631303348e-11,6.66945012914584e-11,1.12348859519024e-10,1.8315529032857e-10,2.89807814402078e-10,4.46096235044363e-10,6.6933246854682e-10,9.80584770609327e-10,1.40485528673265e-09,1.97101151213827e-09,2.7116534065778e-09,3.66278982065711e-09,4.86356183775923e-09,6.35596493409158e-09,8.18483623690899e-09,1.03980990712084e-08,1.30474899870203e-08,1.61897245551456e-08,1.98882104095547e-08,2.42151696951911e-08,2.92541411143843e-08,3.51026429812382e-08,4.18748869794285e-08,4.97043230507989e-08,5.8745925268902e-08,6.91780919912374e-08,8.12041704659908e-08,9.50536147248886e-08,1.10982908925413e-07,1.29276393182642e-07,1.50247204972679e-07,1.7423851666917e-07,2.01625275094871e-07,2.32816586439516e-07,2.68258861477774e-07,3.08439748534322e-07,3.53892879234491e-07,4.05203426839537e-07,4.63014499194064e-07,5.28034397041709e-07,6.01044848213138e-07,6.82910359215579e-07,7.74588821061721e-07,8.77143400989866e-07,9.91755712276507e-07,1.11974018229797e-06,1.26255935943534e-06,1.4218398161454e-06,1.59938835608982e-06,1.79720825871952e-06,2.01751549375182e-06,2.2627549844408e-06,2.53561726236425e-06,2.83905635193235e-06,3.17631001553428e-06,3.55092350398267e-06,3.96677872978722e-06,4.42813134753608e-06,4.9396575159464e-06,5.506512140009e-06,6.13440171508224e-06,6.82967418017173e-06,7.59942641602143e-06,8.45163036053399e-06,9.39528041748135e-06,1.04405628195334e-05,1.15990453651979e-05,1.28838879566703e-05,1.43100754735432e-05,1.5894671103223e-05,1.76570864071435e-05,1.96193667934946e-05,2.18064910430593e-05,2.42466786238175e-05,2.69716984758606e-05,3.00171760834266e-05,3.34228947347893e-05,3.7233084412668e-05,4.14966946615846e-05,4.62676525263087e-05,5.16051040072925e-05,5.75736409280899e-05,6.42435213547976e-05,7.16908932417202e-05,7.99980253641426e-05,8.92535551042651e-05,9.95527725131409e-05,0.000110997949924056,0.000123698712257176,0.000137772456413395,0.000153344841040515,0.000170550346761271,0.000189532895802988,0.000210446545823673,0.000233456292404162,0.000258738989234865,0.000286484367645568,0.000316896172050872,0.000350193448427295,0.000386611953610683,0.00042640562173004,0.000469848088177316,0.000517234248914999,0.0005688817317625,0.000625132191711869,0.000686352429927638,0.000752935262892809,0.000825300051546803,0.00090389290268971,0.000989186567471983,0.00108167995133524,0.00118189706487218,0.00129038526991936,0.0014077128854585,0.00153446630091547,0.00167124660595338,0.00181866549875307,0.00197733978444846,0.00214788366342491,0.00233089849852201,0.00252696082971559,0.00273661061609985,0.00296034046250033,0.00319858346487491,0.0034516954005265,0.00371992692290219,0.00400338504960139,0.00430199110310082,0.0046154470207466,0.00494321620202138,0.00528451231306722,0.00563828052609801,0.00600315641586388,0.00637740073568201,0.00675883046277626,0.00714477871486283,0.00753209913699973,0.00791719681096976,0.00829604685768504,0.0086641684120897,0.00901655994215613,0.00934766099561591,0.0096514279182772,0.00992155335764408,0.0101517698051412,0.0103361231246394,0.0104691096921276,0.010545650368313,0.0105609906746327,0.0105107022775721,0.0103909480061996,0.0101990147008273,0.00993393412801931,0.00959696722435519,0.00919178050566256,0.00872425282371173,0.00820203240944588,0.00763406784593008,0.00703027147090543,0.00640134749209715,0.00575869492321479,0.00511422845087952,0.00448001217246955,0.00386771226162083,0.00328796487570847,0.0027497965237124,0.00226020166915546,0.00182391275778993,0.00144334801037731,0.00111870055997771,0.000848139876067098,0.000628112959956558,0.000453731403987648,0.000319217789252815,0.000218370270233179,0.000144996328348751,9.32737551827743e-05,5.80126748917964e-05,3.48102352044577e-05,2.01050989508997e-05,1.11492836004056e-05,5.92083344265699e-06,3.00249564715466e-06,1.44949109625721e-06,6.64047008009099e-07,2.87756680977188e-07,1.17432874279689e-07,4.48857780481293e-08,1.56325637011174e-08,0
615098578.85805,0,-1.03082431795617e-13,-2.22524737152739e-14,1.68780276533499e-14,3.12018429368108e-13,9.3894436679266e-13,2.35623671536848e-12,5.16761297889859e-12,1.04939697671787e-11,2.00487639421391e-11,3.64962533783946e-11,6.37358552891445e-11,1.07333820270706e-10,1.74934771549885e-10,2.76733361020939e-10,4.25888727675519e-10,6.38907623171551e-10,9.35897094602423e-10,1.34070642412378e-09,1.88089399978843e-09,2.58757296433132e-09,3.49513357627753e-09,4.64095311673367e-09,6.06515786949e-09,7.8105862384466e-09,9.92304367911284e-09,1.24519727768742e-08,1.54515822902034e-08,1.89824601756594e-08,2.31136133884481e-08,2.7924838724552e-08,3.35092791595346e-08,3.99760015346638e-08,4.7452440390399e-08,5.60865679945129e-08,6.6048714372894e-08,7.75330005316076e-08,9.0758434849832e-08,1.05969753111079e-07,1.23438171909505e-07,1.43462226464978e-07,1.66368902987697e-07,1.92515226078462e-07,2.22290475977603e-07,2.56119121035143e-07,2.94464527250853e-07,3.37833437308078e-07,3.86781243954414e-07,4.41918056802555e-07,5.03915634874089e-07,5.73515283999087e-07,6.51536874983338e-07,7.38889081464407e-07,8.36580965144706e-07,9.45734925317754e-07,1.06760087134509e-06,1.20357132650005e-06,1.35519726628255e-06,1.52420435668736e-06,1.71250914448685e-06,1.92223509776653e-06,2.15572878986217e-06,2.41557633489469e-06,2.70462051261406e-06,3.02597980601821e-06,3.38307087165795e-06,3.77963577072785e-06,4.21977549804736e-06,4.70799232320078e-06,5.24924375551056e-06,5.84900975742014e-06,6.51337464844726e-06,7.24912613703895e-06,8.06387443081261e-06,8.96619190783545e-06,9.96577227856154e-06,1.10736112863079e-05,1.23022113220054e-05,1.3665807274989e-05,1.51806103686577e-05,1.68650714229867e-05,1.87401621814646e-05,2.08296673519733e-05,2.31604828379847e-05,2.57629183142359e-05,2.86709966569859e-05,3.19227423131941e-05,3.55604573208441e-05,3.96309821505841e-05,4.41859335110063e-05,4.92819209676841e-05,5.49807535629331e-05,6.13496385437461e-05,6.84613699403615e-05,7.63945257625274e-05,8.52336990645458e-05,9.50697670206336e-05,0.000106000197874982,0.000118129413035392,0.000131569226971837,0.00014643936386665,0.000162868036147422,0.000180992587462482,0.000200960212820595,0.000222928761146607,0.000247067618793906,0.000273558666477201,0.000302597313807564,0.000334393641760722,0.000369173661724098,0.00040718062671652,0.000448676347876126,0.000493942582145528,0.000543282466813533,0.000597021763883368,0.000655509847936893,0.000719120630339101,0.00078825330297092,0.000863332594890669,0.000944808704593569,0.0010331571225433,0.0011288778431547,0.00123249358746624,0.00134454746568995,0.00146560020813211,0.00159622664445473,0.00173701177734195,0.00188854602668287,0.0020514176267625,0.00222620203557425,0.00241345055199514,0.0026136790029047,0.00282735679525968,0.00305489665589285,0.00329664018298835,0.00355283109484051,0.00382357590361321,0.00410880092864003,0.00440821659529769,0.00472129821650496,0.00504728234622901,0.00538515978764103,0.00573364079509547,0.00609108675462851,0.00645543214144294,0.00682413452829635,0.0071941725519233,0.00756208109262837,0.0079239901030837,0.00827562001351259,0.00861221685544753,0.00892849305578372,0.00921867550495999,0.00947670503398119,0.0096965499088992,0.00987251659038267,0.00999940637928142,0.0100724685065421,0.0100872593343384,0.0100395859703786,0.00992570044150263,0.00974281269655271,0.00948978315729893,0.00916770132988654,0.00878011070638765,0.0083328195845124,0.0078334059821688,0.00729064153378072,0.00671406868559406,0.00611381935143072,0.00550057572059773,0.00488549590636027,0.00427995962328449,0.00369508715263153,0.00314111617205348,0.00262679347799503,0.0021589105937092,0.00174204601290648,0.00137851134131371,0.00106845568254258,0.000810084988130838,0.000599970799090241,0.000433428380503147,0.000304940946281662,0.000208595750197296,0.00013849028772526,8.90718515952026e-05,5.5386161861071e-05,3.3226228846228e-05,1.91867763131346e-05,1.06395568311194e-05,5.65110963304732e-06,2.86698987565068e-06,1.38505372983453e-06,6.35110906124343e-07,2.75572868155997e-07,1.12670319994711e-07,4.31212436944872e-08,1.50343973023462e-08,0
629498899.022189,0,-9.89576342763847e-14,-2.0215361643581e-14,1.86212214372702e-14,3.05461313863464e-13,9.1286985814e-13,2.28341932186246e-12,4.99796464804717e-12,1.01354101547662e-11,1.93432682781706e-11,3.51824859624956e-11,6.13992120374606e-11,1.03338951243678e-10,1.68339809147784e-10,2.66183786118835e-10,4.09491256338717e-10,6.14085384855479e-10,8.99229107287507e-10,1.28775557143749e-09,1.80602853477006e-09,2.48378632354102e-09,3.35386628213922e-09,4.45191809668617e-09,5.81616722811648e-09,7.48737342155038e-09,9.50907030969722e-09,1.19282056400998e-08,1.47962219713212e-08,1.81706006939429e-08,2.21168097168986e-08,2.67105589820349e-08,3.20402172120511e-08,3.82092252930456e-08,4.53383485016216e-08,5.35676299862126e-08,6.30579759487062e-08,7.39923542406836e-08,8.6576694497102e-08,1.01040644452779e-07,1.17638456411746e-07,1.36650304041892e-07,1.58384381344712e-07,1.8318007747028e-07,2.11412467845709e-07,2.4349815419664e-07,2.79902318257763e-07,3.21146643788709e-07,3.67817644227708e-07,4.20574770845059e-07,4.80157711072297e-07,5.47392420700961e-07,6.23195644269465e-07,7.08577771534302e-07,8.04644188781385e-07,9.1259562520548e-07,1.03372816926861e-06,1.16943357257829e-06,1.32120073737795e-06,1.49061961342633e-06,1.6793884555855e-06,1.88932511341087e-06,2.12238339020798e-06,2.3806752246794e-06,2.66649894426895e-06,2.98237411712633e-06,3.33108373057873e-06,3.7157238010407e-06,4.13976059587699e-06,4.60709664835917e-06,5.12214675935062e-06,5.68992404262179e-06,6.31613601871028e-06,7.00729238109038e-06,7.77082619108776e-06,8.61522746437396e-06,9.55018794327021e-06,1.0586759341121e-05,1.17375270768832e-05,1.30167968983573e-05,1.44407924298558e-05,1.60278658708629e-05,1.7798723328538e-05,1.97766621699327e-05,2.19878163013019e-05,2.44614076524198e-05,2.72300047195688e-05,3.03297850536286e-05,3.38007918908605e-05,3.76871807411613e-05,4.2037462688318e-05,4.69047416908898e-05,5.23469406964079e-05,5.84270259299075e-05,6.52132504479402e-05,7.27794127988233e-05,8.12051310275084e-05,9.05761713907861e-05,0.000100984832326875,0.000112530359189677,0.00012531941435846,0.000139466620804061,0.000155095143695508,0.000172337304032891,0.000191335256753873,0.000212241715872787,0.000235220692408985,0.000260448290640995,0.000288113618671794,0.000318419753215654,0.000351584711110886,0.000387842538836262,0.00042744457472699,0.000470660698496197,0.000517780488967996,0.000569114430601461,0.000624995093613226,0.000685778033690027,0.000751842397405806,0.000823591407539321,0.000901452639977186,0.000985877856987393,0.00107734233382651,0.00117634351554487,0.00128339875158713,0.00139904248919447,0.00152382328533991,0.00165830005631906,0.00180303690970553,0.001958596301138,0.002125529651186,0.00230436533919234,0.00249559663822194,0.00269967195673277,0.00291698599183098,0.00314786618920001,0.00339254777895163,0.00365113636637441,0.00392356539998375,0.0042095595995576,0.00450861446677961,0.00481999379698652,0.00514272868469201,0.00547558985386576,0.00581702228438385,0.00616506464668189,0.00651729238075232,0.00687081083180683,0.00722229356485317,0.00756802802672746,0.00790392114034473,0.0082254480237652,0.00852758814733544,0.00880484320670888,0.0090514105694566,0.00926148861213648,0.00942959155113033,0.00955073163363526,0.00962040330909157,0.00963443517124758,0.00958889305747018,0.00948023234627448,0.00930576351931865,0.00906430651825229,0.00875678957513206,0.00838653521625514,0.00795910730985188,0.00748182229712214,0.0069631674356663,0.00641234631254592,0.00583905840467549,0.00525346060616721,0.00466613189222758,0.00408786926005212,0.00352925909341593,0.00300009233259279,0.00250876586878039,0.00206181204533546,0.00166363265416448,0.00131643899249521,0.0010203571648061,0.000773650360129203,0.000573024264737635,0.000413994143446251,0.00029129022501617,0.000199270496120922,0.000132304635927931,8.50952504046073e-05,5.2913939782669e-05,3.17436714232826e-05,1.83316247085419e-05,1.01666009236182e-05,5.40114531944673e-06,2.74118362964872e-06,1.32494815602757e-06,6.07925676020496e-07,2.63986235637224e-07,1.08053986090017e-07,4.13953219414429e-08,1.4443633494241e-08,0
644236350.872137,0,-1.01795622535022e-13,-2.13457083094872e-14,9.43314992271128e-15,2.87244160025442e-13,8.63193708728041e-13,2.17573152652341e-12,4.76924003701807e-12,9.68322866227035e-12,1.84896786260057e-11,3.36373711662007e-11,5.87118364613687e-11,9.88156851721637e-11,1.60973382652796e-10,2.54518495682505e-10,3.91525695016301e-10,5.87090812876735e-10,8.59633214061221e-10,1.23093573838335e-09,1.72619608787112e-09,2.37378493702107e-09,3.20507704859558e-09,4.2540834011769e-09,5.55731859462858e-09,7.15367131713445e-09,9.08472200832148e-09,1.13952720921029e-08,1.41344578476781e-08,1.73571516292642e-08,2.11258932857883e-08,2.55129786748189e-08,3.06028284639668e-08,3.64942350027897e-08,4.33025646040316e-08,5.11615789048762e-08,6.02249973444474e-08,7.06676046774875e-08,8.26861559109008e-08,9.65000820085545e-08,1.12352379193825e-07,1.30510849771791e-07,1.51270159050973e-07,1.74954878283529e-07,2.01923807671415e-07,2.3257554777929e-07,2.67355275618148e-07,3.067622757236e-07,3.51357825383604e-07,4.01772852471234e-07,4.58714841704844e-07,5.22973423129676e-07,5.95424485770264e-07,6.77032766568909e-07,7.68853048924185e-07,8.72030342094746e-07,9.8779979058038e-07,1.1174870269011e-06,1.26250982069737e-06,1.42438197614972e-06,1.60472040494521e-06,1.80525628979509e-06,2.02785121003478e-06,2.27451862405035e-06,2.54745091108923e-06,2.84905256362961e-06,3.18198014821283e-06,3.54918934194845e-06,3.95398935187764e-06,4.4001049045424e-06,4.89174697869332e-06,5.43369462628213e-06,6.03138808152951e-06,6.69103109633313e-06,7.41970413323576e-06,8.22549356028656e-06,9.11763505430714e-06,1.01066655679812e-05,1.1204587472118e-05,1.24250511427001e-05,1.37835500685191e-05,1.52976223563153e-05,1.69870656589102e-05,1.88741663916822e-05,2.09839330834277e-05,2.33443346550781e-05,2.59865475331288e-05,2.89451981462586e-05,3.22585969921814e-05,3.59689779821817e-05,4.01227301831748e-05,4.47706009170409e-05,4.99679009001985e-05,5.57747354986295e-05,6.2256231761449e-05,6.94827645633426e-05,7.75302237101291e-05,8.64803463577811e-05,9.64211003562859e-05,0.000107447087734797,0.000119659994951641,0.000133169155844877,0.000148092165822429,0.000164555454044671,0.000182694908657248,0.00020265663539626,0.000224597719154088,0.000248686904891472,0.00027510535286815,0.000304047594262877,0.000335722496914218,0.000370354105531231,0.00040818264226417,0.000449465769938651,0.00049447969010237,0.000543520102246873,0.00059690343643375,0.000654967896048928,0.00071807388582457,0.000786604501412393,0.000860966227311238,0.000941588965341989,0.00102892553116759,0.00112345120386638,0.00122566204240984,0.00133607109281627,0.00145520436738844,0.00158359775094849,0.00172179332212036,0.00187033356266214,0.00202975220488175,0.00220056076189993,0.00238323207736191,0.00257818513358254,0.00278577704508673,0.0030063021905,0.0032399853380653,0.00348695409094747,0.00374718869397999,0.0040204583767614,0.00430626813993257,0.00460384893697158,0.00491219003376106,0.00523006521732622,0.00555601156431443,0.00588825369151735,0.00622458705333775,0.00656227556817201,0.00689805012642124,0.00722822407291123,0.00754882773035989,0.00785564797784218,0.00814414359908766,0.00840930584511642,0.00864560385933789,0.0088471563379278,0.00900814804296252,0.00912332376388742,0.00918831560391433,0.00919965514317704,0.00915451129930183,0.00905038208721839,0.00888504669772728,0.00865696245086453,0.00836600674620278,0.00801422076954769,0.00760620161091378,0.00714896171281398,0.00665130315549521,0.00612298938224166,0.00557407040872139,0.00501453977063345,0.00445427268553812,0.00390305622682019,0.00337048935608819,0.00286563975390175,0.00239651810757015,0.00196953355380399,0.00158909366298542,0.00125743958908217,0.000974715651097203,0.0007392132282875,0.00054771559563475,0.000395888632825358,0.000278683462905746,0.000190725342923848,0.00012666520117011,8.14722139906635e-05,5.06503364618449e-05,3.03712886855916e-05,1.75270412104034e-05,9.7126545549109e-06,5.15614824875304e-06,2.61556728953444e-06,1.26401273702915e-06,5.7983083175142e-07,2.51701589462172e-07,1.03172710861177e-07,3.95979596827942e-08,1.36850528880576e-08,0
659318827.133354,0,-7.63180947611051e-14,-1.57476472137204e-14,2.91074349191501e-14,2.8005847417484e-13,8.36263774005682e-13,2.07476953892151e-12,4.54664422195259e-12,9.2246254921774e-12,1.76269072477169e-11,3.20951052714522e-11,5.60647555395467e-11,9.44372787971709e-11,1.53935962163067e-10,2.43529244399703e-10,3.7477113504031e-10,5.62152145301133e-10,8.23285507061368e-10,1.1790454305136e-09,1.65349643585506e-09,2.27376987839575e-09,3.06978056845981e-09,4.07398655600046e-09,5.32115091586972e-09,6.84833174946775e-09,8.69509207324878e-09,1.09041188055824e-08,1.35222102210199e-08,1.66017199032649e-08,2.02023350059952e-08,2.43931576134747e-08,2.92548977580364e-08,3.48820788464294e-08,4.13850651463208e-08,4.88918338340664e-08,5.75493895795926e-08,6.75248488627019e-08,7.90062440379494e-08,9.22032293573731e-08,1.07347903911353e-07,1.24696060134272e-07,1.44529155651532e-07,1.67157302573458e-07,1.92923444960815e-07,2.2220877001962e-07,2.55439196624958e-07,2.93092617214599e-07,3.35706398431859e-07,3.83884596097933e-07,4.38304345956518e-07,4.99721023388679e-07,5.68971937413671e-07,6.46978529000649e-07,7.34747277133463e-07,8.3336979148262e-07,9.44022685096649e-07,1.0679679435387e-06,1.20655465192409e-06,1.36122303680116e-06,1.53351166944589e-06,1.72506858795214e-06,1.93766698868055e-06,2.17322602255816e-06,2.43383694531155e-06,2.72179476838391e-06,3.03963581302953e-06,3.39018158682796e-06,3.77658917610098e-06,4.20240891975678e-06,4.67165087290405e-06,5.1888606503203e-06,5.75920466013064e-06,6.38856669206233e-06,7.08365741213415e-06,7.85213579407546e-06,8.70274275836701e-06,9.64544966689998e-06,1.06916218547676e-05,1.18541948317474e-05,1.31478641001843e-05,1.45892900362822e-05,1.61973149569151e-05,1.79931899968816e-05,2.00008114133378e-05,2.2246963898706e-05,2.47615672388405e-05,2.75779235483001e-05,3.07329609304984e-05,3.4267468791488e-05,3.82263245074389e-05,4.26587100000666e-05,4.76183130417019e-05,5.316351818131e-05,5.93575959130772e-05,6.62688902174787e-05,7.39710119514295e-05,8.25430556956521e-05,9.2069848678875e-05,0.00010264223257463,0.000114357399356594,0.000127319295343678,0.000141639089764176,0.000157435716937988,0.000174836514837549,0.000193977962816251,0.000215006505293009,0.000238079470800757,0.000263366101667654,0.000291048665918316,0.000321323608223946,0.000354402743082415,0.000390514471876242,0.000429904957393234,0.000472839200794786,0.000519602025268943,0.000570498931017904,0.000625856766552895,0.000686024189243947,0.000751371945869711,0.00082229297333916,0.000899202205962254,0.000982535889682355,0.00107275028471853,0.00117031976328814,0.00127573439759389,0.00138949704604662,0.00151211972162684,0.00164411879538966,0.00178600832655347,0.00193829112712725,0.00210144835870888,0.00227592951570271,0.00246214364150597,0.00266044965481525,0.0028711417900915,0.00309442680747588,0.00333039220883391,0.00357897041191006,0.00383990958780966,0.00411275850022844,0.00439685972956204,0.00469133570531098,0.00499505429332335,0.00530657345638412,0.00562408180006424,0.00594536200769916,0.00626779256968572,0.00658837592926021,0.00690375891455337,0.00721021229073159,0.00750357407650425,0.00777921569755763,0.00803210256560154,0.00825697296159214,0.0084485960317052,0.00860201755609265,0.00871268082003304,0.00877638515382235,0.00878918664045582,0.00874740059855328,0.00864781154131366,0.00848810941269901,0.00826743855562001,0.00798683536320538,0.00764937616746803,0.00726000665705657,0.00682515811787394,0.0063523284152919,0.00584978079642749,0.00532640208023337,0.00479163786557512,0.00425536440104666,0.00372760001796506,0.00321805451092506,0.00273559619429772,0.00228775576276169,0.00188036417555542,0.0015173584421151,0.00120074028823642,0.000930656645404687,0.000705573976443061,0.000522530973195022,0.000377459904083339,0.000265556056992444,0.000181661518597163,0.000120624756823756,7.76010882894937e-05,4.82713522819434e-05,2.89714989538349e-05,1.67384086411962e-05,9.28641508980192e-06,4.9342702003614e-06,2.50377346969063e-06,1.20951142222869e-06,5.54436788338797e-07,2.40385382043066e-07,9.81477452896234e-08,3.7519400286739e-08,1.30614488983652e-08,0
674754405.311069,0,-8.78159721971588e-14,-1.99878265673933e-14,1.16990218916777e-14,2.58774205631119e-13,7.84126399236792e-13,1.97408895923428e-12,4.33625299144174e-12,8.81419726242038e-12,1.68495390875036e-11,3.06840191345186e-11,5.35971090323129e-11,9.02683220407021e-11,1.47119969815034e-10,2.32710365969462e-10,3.58075466961336e-10,5.37043546054831e-10,7.86436400527211e-10,1.12617714476501e-09,1.579248182134e-09,2.17154867927062e-09,2.93164843639045e-09,3.89053557501463e-09,5.08141107204437e-09,6.5396589010397e-09,8.30306548107746e-09,1.0412392980873e-08,1.29123382660318e-08,1.58528961338877e-08,1.92910711267907e-08,2.32928522581257e-08,2.7935320304846e-08,3.3308744828133e-08,3.95185345538995e-08,4.66869245905402e-08,5.49543428338186e-08,6.44804443931106e-08,7.54448973627397e-08,8.80480605174667e-08,1.02511791688321e-07,1.19080650848884e-07,1.38023810793655e-07,1.59637924283345e-07,1.8425113686843e-07,2.12228261990937e-07,2.4397698440071e-07,2.79954745133078e-07,3.20675864578407e-07,3.66718364987879e-07,4.187299798683e-07,4.77432935007771e-07,5.43627325443608e-07,6.18193059760778e-07,7.02090590406563e-07,7.96360891458177e-07,9.02125301453513e-07,1.02058588878062e-06,1.15302720433325e-06,1.30082037341967e-06,1.46543031181751e-06,1.64842664027126e-06,1.85149900023316e-06,2.07647731765912e-06,2.32535704000692e-06,2.600329389813e-06,2.90381711280911e-06,3.23851589441624e-06,3.60744178821713e-06,4.01398565122116e-06,4.46197560757894e-06,4.95574826189041e-06,5.50022956632375e-06,6.10102702087338e-06,6.76453383061426e-06,7.49804469779043e-06,8.30988491354293e-06,9.20955392725454e-06,1.02078821659517e-05,1.13172009859736e-05,1.2551527191132e-05,1.39267611199999e-05,1.5460895402092e-05,1.71742333438987e-05,1.90896160017644e-05,2.12326550862724e-05,2.36319681306587e-05,2.63194119937362e-05,2.93303122521086e-05,3.27036861692209e-05,3.64824560669585e-05,4.07136500042432e-05,4.54485899656549e-05,5.07430729106155e-05,5.6657549206577e-05,6.32573000448016e-05,7.0612621564685e-05,7.87990361092262e-05,8.78975349266026e-05,9.79948518644978e-05,0.000109183792148725,0.000121563627057065,0.000135240543485617,0.0001503281631055,0.000166948154672429,0.000185230932206591,0.000205316427515382,0.000227354944343044,0.000251508118953615,0.00027794997891701,0.000306868037498566,0.000338464403242798,0.000372956944864115,0.000410580453350069,0.000451587700677483,0.0004962503941378,0.000544860028072603,0.000597728522042831,0.000655188650168851,0.000717594377653563,0.000785321013937114,0.000858764944708497,0.000938342964978765,0.00102449119622308,0.00111766322462122,0.00121832750032034,0.00132696449772148,0.00144406351923469,0.00157011827644663,0.00170562045127563,0.00185105088079836,0.00200686926961597,0.0021735044776212,0.00235134629868106,0.00254073715851139,0.00274195977946261,0.0029552155126937,0.00318059145997447,0.00341802292099822,0.00366726341055303,0.00392787095901396,0.0041992075080775,0.0044804345575917,0.00477048468542255,0.00506800306410468,0.00537127802929462,0.00567819406307426,0.00598622962777695,0.00629249257832869,0.00659375701628652,0.00688645941097902,0.00716664474410765,0.00742991261649371,0.00767144996653821,0.0078862037686249,0.00806915356915414,0.0082155693333738,0.00832114513039028,0.00838196436930266,0.00839435490381675,0.00835480848660092,0.00826015248932743,0.00810800625608733,0.00789737208048855,0.00762913823086555,0.0073062913694559,0.00693374591286796,0.00651788935500968,0.00606607300760167,0.00558624690834261,0.00508680779638631,0.00457658852219275,0.0040648273832769,0.00356097222723923,0.00307428189401473,0.00261329910873084,0.00218532592025819,0.00179602443298682,0.00144920149948206,0.00114676780212552,0.000888832551100871,0.000673893796898286,0.000499096805362645,0.000360546521833949,0.00025365730451366,0.000173512404584263,0.000115200766487072,7.41003627672024e-05,4.60865546556288e-05,2.76573838494953e-05,1.59794787149556e-05,8.86725696028262e-06,4.71378161101941e-06,2.3937192619682e-06,1.15751484483743e-06,5.31223214562917e-07,2.30655480953208e-07,9.43502232387862e-08,3.61083407862028e-08,1.25801584477471e-08,0
690551352.016232,0,-8.90110768715913e-14,-1.80646015347321e-14,6.88492337000194e-15,2.50880063669747e-13,7.49611506992098e-13,1.89806439391488e-12,4.15819749857266e-12,8.4559517212567e-12,1.61491917767294e-11,2.94003226025373e-11,5.13272459043505e-11,8.6414664997618e-11,1.4078590166673e-10,2.22620829651664e-10,3.42450201328866e-10,5.13475106051781e-10,7.51750730327155e-10,1.07628789478889e-09,1.50902453033412e-09,2.07467284779395e-09,2.80050999478074e-09,3.71611005105668e-09,4.85318153273726e-09,6.24550556020641e-09,7.92918190984971e-09,9.94314015042863e-09,1.23300905361541e-08,1.51377889629824e-08,1.84207030714909e-08,2.22418630957824e-08,2.66749016299201e-08,3.18060270581925e-08,3.77359136234593e-08,4.45812939245999e-08,5.24762925855714e-08,6.15734051376533e-08,7.20442801501132e-08,8.40803688737823e-08,9.78937305642364e-08,1.13718188626798e-07,1.31811183686554e-07,1.52456524187017e-07,1.75968251370215e-07,2.02695581728934e-07,2.33028815071158e-07,2.67405875215494e-07,3.06319087164037e-07,3.50321614778575e-07,4.00033067676303e-07,4.56143921027038e-07,5.19418631050652e-07,5.90697376259877e-07,6.70896577469377e-07,7.61008726460008e-07,8.62102278851725e-07,9.75322106558751e-07,1.10189115713042e-06,1.24311451637789e-06,1.40038675342592e-06,1.57520267828024e-06,1.76917216558843e-06,1.98403994321358e-06,2.22171011910618e-06,2.48427494213971e-06,2.77404866124236e-06,3.09360704878989e-06,3.44583212615083e-06,3.83396284011435e-06,4.26165354636412e-06,4.73304136851869e-06,5.25282312670121e-06,5.82634265314041e-06,6.45968897274477e-06,7.15980742246262e-06,7.9346257331963e-06,8.79319240125559e-06,9.74582579909077e-06,1.08042796631244e-05,1.19819254784078e-05,1.32939431499788e-05,1.47575206594824e-05,1.6392068825281e-05,1.82194419590262e-05,2.02641566083935e-05,2.25536160488677e-05,2.51183352309039e-05,2.79921507694976e-05,3.1212421896629e-05,3.48202277442278e-05,3.88605459099846e-05,4.33824142870061e-05,4.84390902690057e-05,5.40882074832253e-05,6.03919375760889e-05,6.74171749692458e-05,7.52357495113608e-05,8.39246726766075e-05,9.35664445932249e-05,0.000104249425873291,0.000116068253627401,0.000129124315689751,0.000143526299788762,0.000159390797255229,0.00017684295576025,0.000196017191572605,0.000217057945288365,0.000240120508219727,0.000265371952514919,0.000292992061757657,0.000323174234874511,0.000356126557692872,0.000392072972297393,0.000431254207552841,0.0004739286147697,0.000520373239764969,0.000570884702693276,0.000625779452944787,0.000685393952262702,0.000750085193065178,0.000820230866908413,0.000896228696546157,0.000978495274485225,0.00106746442840042,0.00116358460135366,0.00126731547122187,0.00137912475829651,0.0014994850083563,0.00162886852981224,0.00176773886416829,0.00191653872822233,0.00207567670298851,0.00224551726597355,0.0024263765501837,0.00261851900440735,0.00282214515684196,0.00303736222376435,0.00326413741576422,0.00350224784245135,0.00375125043210463,0.00401048571706763,0.004279101986518,0.00455606362803311,0.00484011324943678,0.00512968728327813,0.00542281828099379,0.00571708325287174,0.00600964336099237,0.00629734313566771,0.00657677979982076,0.00684428614449185,0.00709583295458291,0.00732692278876895,0.0075326200396788,0.00770781420933127,0.0078476264362702,0.00794775820396346,0.00800462554848514,0.00801522736921739,0.00797685167959269,0.0078868873760934,0.00774299995371763,0.00754369533408757,0.00728904567041318,0.00698126127173456,0.00662484180672864,0.00622621772658745,0.00579306557997547,0.00533362745351607,0.00485627827870276,0.00436940456156417,0.00388147834448889,0.00340109595154664,0.00293680219957842,0.00249667951067,0.00208781098415803,0.0017157857968097,0.0013843851683256,0.00109549094101636,0.000849183786936117,0.000643968143501831,0.000477062618274301,0.000344721222509573,0.000242568635389255,0.000165931617131703,0.000110145893858006,7.08164395232397e-05,4.401242793684e-05,2.63879277955782e-05,1.52297497973949e-05,8.44206623427637e-06,4.48342246659986e-06,2.27506144341711e-06,1.09949201558951e-06,5.04183834430146e-07,2.18697065442845e-07,8.94371328600532e-08,3.41527466154847e-08,1.17287092284502e-08,0
706718127.392748,0,-8.54706335163039e-14,-1.87484715582602e-14,6.1997905116768e-15,2.37074306113999e-13,7.16708560531871e-13,1.81133630947378e-12,3.97621460103257e-12,8.08021393224358e-12,1.54379096234977e-11,2.80964885539828e-11,4.9053129947476e-11,8.25719431481631e-11,1.34520176853091e-10,2.12690541197549e-10,3.27157750148185e-10,4.90509835766944e-10,7.18094995540148e-10,1.02805061425094e-09,1.4413406177622e-09,1.98154925373281e-09,2.6747368877563e-09,3.54913242126441e-09,4.63502482259375e-09,5.96466136650216e-09,7.57252161632311e-09,9.49577058750406e-09,1.1775199388467e-08,1.44564050530895e-08,1.75914089456624e-08,2.12404000869998e-08,2.54737050132068e-08,3.03736545613008e-08,3.60364123822618e-08,4.25734828821997e-08,5.01130039964742e-08,5.88006744766106e-08,6.88005270742056e-08,8.02955479852123e-08,9.34884652775526e-08,1.08602852921274e-07,1.25884934708098e-07,1.45606228277133e-07,1.68067260322384e-07,1.93602284910052e-07,2.2258493711206e-07,2.5543446383712e-07,2.9262216540873e-07,3.34677454954421e-07,3.82193103803812e-07,4.35829348154311e-07,4.96316736488059e-07,5.64457591032806e-07,6.41126355434567e-07,7.27269370254849e-07,8.23904677818068e-07,9.32122392944679e-07,1.05308649000066e-06,1.18803896356182e-06,1.33830696141136e-06,1.5053132847137e-06,1.69059113013111e-06,1.8958036015149e-06,2.12276729596511e-06,2.37347955113528e-06,2.65015079685065e-06,2.95524261982399e-06,3.29150978221162e-06,3.66204678842544e-06,4.07034306581737e-06,4.5203476178157e-06,5.01654063441761e-06,5.56401446567667e-06,6.16856892141083e-06,6.83681946606068e-06,7.57631525011292e-06,8.39567068679139e-06,9.30471346236427e-06,1.03146449495646e-05,1.1438211814633e-05,1.26898916163525e-05,1.40860899059722e-05,1.564534421826e-05,1.73885343535559e-05,1.93390964092663e-05,2.15232365751481e-05,2.39701430181844e-05,2.67121896305778e-05,2.97851261932963e-05,3.32282601751156e-05,3.70846302743805e-05,4.14011609424664e-05,4.62288032897943e-05,5.16226837135123e-05,5.76422602859608e-05,6.43514792850196e-05,7.18189604384004e-05,8.01182407906455e-05,8.93280619235109e-05,9.95326842472557e-05,0.000110822274288859,0.000123293403439731,0.000137049593168268,0.000152201864697913,0.000168869385705805,0.000187180246385451,0.00020727224450765,0.000229293659003405,0.000253404130013761,0.000279775618901492,0.000308593325630072,0.000340056625205073,0.000374380073772455,0.000411794314893825,0.000452546897488292,0.000496903156451027,0.000545146876097981,0.000597580505158638,0.000654525323198882,0.000716321778365608,0.000783329643190218,0.000855927684904881,0.000934512761440347,0.00101949832254586,0.00111131191459193,0.00121039155151406,0.00131718259741392,0.00143213565990337,0.00155570220730849,0.00168832596550084,0.0018304313349617,0.00198240954663331,0.00214460622160472,0.00231731707932784,0.00250078992006516,0.00269521969904436,0.00290072311445915,0.00311728866878621,0.00334471604597106,0.00358257481209328,0.00383020508661768,0.00408675267155069,0.00435120401566324,0.00462237701731153,0.00489883962236735,0.00517878017957662,0.00545990950011197,0.00573946793467936,0.0060143367212615,0.0062811756053414,0.0065364809704418,0.00677651082130719,0.00699713624883765,0.00719376414743981,0.00736147079667536,0.00749537286820828,0.00759108050770256,0.00764499522520273,0.00765431605707545,0.00761678030333842,0.0075303378763231,0.00739307487006946,0.00720356971820197,0.00696156733616452,0.00666867313651675,0.00632874202566228,0.00594775055199716,0.00553320576670273,0.00509337834074974,0.00463667800005694,0.00417135324438411,0.00370548760887597,0.00324709431670703,0.00280408655257486,0.00238401159624204,0.00199359412362628,0.00163824229976105,0.00132167709969509,0.00104577697095627,0.000810641593372911,0.000614813580209882,0.000455584059968448,0.000329329852237119,0.000231849922257032,0.000158682074359687,0.000105387630310513,6.77894202421014e-05,4.21497950653245e-05,2.52827408971884e-05,1.46002190781248e-05,8.09980948220264e-06,4.30714718278239e-06,2.1898850350148e-06,1.06126222744489e-06,4.88316914176788e-07,2.12675797155778e-07,8.75364447346306e-08,3.37436893579891e-08,1.17065582530678e-08,0
723263389.648355,0,-7.42218922586952e-14,-1.6052228451996e-14,1.49574247850024e-14,2.31057261556452e-13,6.96432071273927e-13,1.73884377674953e-12,3.81360200374544e-12,7.73102222674145e-12,1.47633781281038e-11,2.68494497212048e-11,4.6863754480466e-11,7.88655996747919e-11,1.2846524321101e-10,2.03094509677682e-10,3.12376733834097e-10,4.68325512629443e-10,6.85596470527249e-10,9.81505749334062e-10,1.37607017164807e-09,1.89181150693595e-09,2.55361346439385e-09,3.38843689857647e-09,4.42520382583321e-09,5.69471432179785e-09,7.22989199593359e-09,9.0662337905993e-09,1.12426908935118e-08,1.38028130061522e-08,1.67962759647314e-08,2.02805642363971e-08,2.4322836715435e-08,2.90017275072318e-08,3.44090792451266e-08,4.06514033828641e-08,4.78511086911416e-08,5.61474095721252e-08,6.56970600884764e-08,7.6674966168697e-08,8.927494170128e-08,1.03710792235471e-07,1.20218041124638e-07,1.39056480984396e-07,1.60513736888268e-07,1.84909789009733e-07,2.12602358330976e-07,2.43992870613262e-07,2.79532562542567e-07,3.19728158590666e-07,3.65146783922741e-07,4.16419851568544e-07,4.74245611991702e-07,5.39390276979902e-07,6.12688216131323e-07,6.95041798855691e-07,7.87421147591241e-07,8.90864310585258e-07,1.00647901063431e-06,1.13544699010622e-06,1.27903117255901e-06,1.43858595021318e-06,1.61557154863353e-06,1.81157290512258e-06,2.02832264242691e-06,2.26772785984699e-06,2.53190087311818e-06,2.82319420662003e-06,3.14424038462494e-06,3.4979971522853e-06,3.88779876845101e-06,4.31741458118165e-06,4.79111701002025e-06,5.31376048614461e-06,5.89087105112132e-06,6.52874730132343e-06,7.2345753163897e-06,8.01655727486732e-06,8.88405233315201e-06,9.8477315394105e-06,1.09197449434275e-05,1.21138996686633e-05,1.34458523997328e-05,1.49333077045052e-05,1.65962142614503e-05,1.84569723651826e-05,2.05406465443528e-05,2.28751571814464e-05,2.54914673248811e-05,2.84237780697741e-05,3.17096962511547e-05,3.53903776346977e-05,3.95106837711314e-05,4.41193272605831e-05,4.92689902697354e-05,5.50164664686294e-05,6.14228302030943e-05,6.85536107837458e-05,7.64790093067351e-05,8.5274179103051e-05,9.50195510394108e-05,0.000105801212207167,0.000117711358062405,0.000130848821564906,0.000145319654485927,0.000161237737417193,0.000178725460264911,0.000197914492601286,0.000218946577141469,0.000241974316947893,0.00026716198974884,0.000294686455457743,0.000324738154999249,0.000357521977438074,0.000393257972037688,0.000432182295594893,0.000474548251962831,0.000520626737324844,0.000570706290449137,0.000625093444805996,0.000684113094301619,0.00074810839794794,0.000817440594849255,0.000892488708682728,0.000973648074286795,0.00106132732308716,0.00115594500080469,0.00125792664788048,0.00136770207801947,0.00148570229820839,0.0016123534732483,0.0017480643803916,0.00189320988586033,0.00204811808160945,0.00221306539753393,0.00238827962952133,0.00257394311768399,0.00277017651430895,0.00297699025008351,0.00319421661958433,0.00342145248163559,0.00365804349938368,0.00390312315206704,0.00415567795235589,0.00441457459786493,0.00467849526129232,0.00494579043965506,0.005214335350126,0.00548148830418115,0.00574417963545361,0.00599908377653985,0.00624277459269475,0.00647173762610403,0.00668220848849369,0.00686999415739971,0.0070304792632766,0.0071588877386073,0.00725073100737053,0.00730225609313227,0.00731065147825826,0.0072739045244521,0.00719045042960651,0.00705891044949466,0.00687818657584975,0.00664796048180933,0.00636938881723038,0.00604565993402693,0.00568211556532388,0.00528585210169251,0.00486499060838189,0.00442793850240293,0.00398290757409646,0.00353776928229446,0.00310012052379835,0.00267733450629567,0.00227642710640238,0.00190371202720012,0.00156435189684654,0.00126196771120776,0.000998433165307427,0.000773891524829185,0.000586953495266707,0.000435002664581025,0.000314540918104063,0.000221527993901337,0.000151691838913737,0.000100798357155691,6.48712855480179e-05,4.03550398013705e-05,2.42172272329698e-05,1.39914387490558e-05,7.76649044269428e-06,4.13330685702192e-06,2.10418774624115e-06,1.02160116333429e-06,4.71107575494393e-07,2.05754403330387e-07,8.51362035987674e-08,3.30603136496265e-08,1.15265546889134e-08,0
740195999.691565,0,-5.99558463045013e-14,-1.40533314336487e-14,2.52311027820291e-14,2.23177460807945e-13,6.76363060766581e-13,1.66822005600721e-12,3.66482540780791e-12,7.42249311802933e-12,1.41891344762133e-11,2.58177211948586e-11,4.509822417965e-11,7.59378001549171e-11,1.23763456963439e-10,1.95742048835041e-10,3.01166506884141e-10,4.51620867911968e-10,6.61235454450314e-10,9.46690400250395e-10,1.32725514012307e-09,1.82460104102317e-09,2.4626617985288e-09,3.26738220115648e-09,4.26660978351262e-09,5.4900587669939e-09,6.96954973792651e-09,8.73948702083858e-09,1.08376815687116e-08,1.33064529404021e-08,1.61939990971084e-08,1.95559233700243e-08,2.34568180261733e-08,2.7971793530028e-08,3.31878406680953e-08,3.92049844330342e-08,4.61371802854771e-08,5.41130391353828e-08,6.3276455251726e-08,7.37873523486325e-08,8.58227169208589e-08,9.9578225175654e-08,1.15270655239368e-07,1.33141297334605e-07,1.53460377814297e-07,1.76532462057829e-07,2.02702526541728e-07,2.32362320207949e-07,2.65956456898693e-07,3.03987717798741e-07,3.47021020574685e-07,3.95685761756867e-07,4.50676451515543e-07,5.12751858300494e-07,5.82733012839881e-07,6.61500755821976e-07,7.49993762289263e-07,8.49207901560925e-07,9.6019761692016e-07,1.08408023185113e-06,1.22204412365891e-06,1.37536112501132e-06,1.54540297899132e-06,1.73366213610782e-06,1.94177688617608e-06,2.17155981262887e-06,2.42502887886248e-06,2.70444117426975e-06,3.01232851162239e-06,3.35153532589074e-06,3.72526153353314e-06,4.13711083655396e-06,4.5911447092745e-06,5.0919468745049e-06,5.64470297192235e-06,6.25529477951385e-06,6.93040892931343e-06,7.67766318604532e-06,8.5057538897585e-06,9.42462258743639e-06,1.04456340138937e-05,1.15817664917973e-05,1.2847820656687e-05,1.42606321886607e-05,1.5839274874769e-05,1.76052684499221e-05,1.9582786270577e-05,2.17988331413195e-05,2.42834036434167e-05,2.70696408435103e-05,3.01939725042105e-05,3.36962157557951e-05,3.76196817497826e-05,4.20112836397597e-05,4.69216412831463e-05,5.24051990221626e-05,5.85203652306305e-05,6.53296892032829e-05,7.29000931633691e-05,8.13031507226222e-05,9.06154133508494e-05,0.00010091881199025,0.000112301127558536,0.00012485651352687,0.000138686086073289,0.000153898560453369,0.000170610888840632,0.000188948946264447,0.00020904830819922,0.000231055026688937,0.000255126328054102,0.0002814313401194,0.000310151980264445,0.000341483878271734,0.000375637087180108,0.000412836772537708,0.000453324181577667,0.00049735742297021,0.00054521157381661,0.000597178646802496,0.00065356787724095,0.000714705947974881,0.000780936910624386,0.000852621966019011,0.000930138639472894,0.0010138781559452,0.00110424115563004,0.00120163393751696,0.001306466162093,0.00141914848375753,0.00154008805251183,0.00166967876951388,0.00180828501850481,0.00195622474828284,0.00211375980346622,0.0022810964433327,0.00245839282052394,0.00264575832511961,0.00284322153143466,0.00305066041090945,0.00326772216069348,0.00349377982034867,0.00372795767636045,0.00396921034171213,0.00421639470698746,0.00446826564128024,0.00472336192520985,0.00497981750207026,0.00523520388722627,0.0054865192210092,0.00573035723896296,0.00596316722759264,0.00618143961193457,0.00638169649180745,0.00656031788529174,0.00671335191113875,0.0068364782065331,0.00692524747123165,0.00697555008925237,0.00698406782765937,0.00694848514689329,0.00686741646322543,0.0067401479129706,0.0065664174619356,0.00634647939966718,0.00608149171029188,0.00577402654053477,0.0054284338145421,0.00505084515568927,0.00464876740703344,0.00423043290585092,0.00380417390298233,0.00337801139523813,0.00295949280721841,0.0025556716937021,0.00217306171250574,0.00181745403565088,0.00149361193638249,0.00120494639682061,0.000953291215050939,0.000738856639408256,0.000560368763704026,0.000415341451768611,0.000300413466257933,0.000211693907026767,0.000145076849642616,9.65073710543343e-05,6.21914313635077e-05,3.87458039224372e-05,2.32891843795335e-05,1.34782284174127e-05,7.49507246115272e-06,3.9966826107281e-06,2.03920629733744e-06,9.92637657170248e-07,4.59119326645365e-07,2.01295070486247e-07,8.38012376064244e-08,3.27658138712485e-08,1.15239062943497e-08,0
757525025.877192,0,-7.12705485634175e-14,-1.56402213779716e-14,8.56178793630462e-15,2.07734593573863e-13,6.27861237722536e-13,1.58261581082128e-12,3.4770528084986e-12,7.06979843859977e-12,1.3519302870745e-11,2.46235235867446e-11,4.3020348343882e-11,7.24613980141252e-11,1.18109408031227e-10,1.86823047331563e-10,2.87462498861632e-10,4.31100842949605e-10,6.31221701891188e-10,9.03761159025983e-10,1.26711322508627e-09,1.74197742648709e-09,2.35120563638119e-09,3.11957769033448e-09,4.07368754982749e-09,5.24191488019065e-09,6.65464955192565e-09,8.34474760852043e-09,1.03483176196129e-08,1.2705771771322e-08,1.54631397758522e-08,1.86735259286662e-08,2.23986305197225e-08,2.67102065609492e-08,3.16913684764598e-08,3.74376862524132e-08,4.40580530615502e-08,5.16753762410504e-08,6.04271940551204e-08,7.04663937308143e-08,8.19622313751035e-08,9.51019007981243e-08,1.10092861205902e-07,1.27166101499358e-07,1.4658038980394e-07,1.68627437448303e-07,1.93637714702341e-07,2.21986520286923e-07,2.54099776376508e-07,2.90459016236776e-07,3.3160508604674e-07,3.78140249477799e-07,4.30728605264974e-07,4.90095024084813e-07,5.57023074576018e-07,6.3235258469603e-07,7.16977612807611e-07,8.1184573249566e-07,9.17959496328923e-07,1.03638083488137e-06,1.1682390335926e-06,1.31474280580104e-06,1.47719663547547e-06,1.65702122696847e-06,1.8557778372006e-06,2.07519605360593e-06,2.31720403065755e-06,2.58396064593957e-06,2.8778896799394e-06,3.20171635770136e-06,3.55850656994287e-06,3.95171086573229e-06,4.38521566841819e-06,4.86340353829307e-06,5.39122534375807e-06,5.97428770668471e-06,6.61895690055606e-06,7.33247940228172e-06,8.12312084317565e-06,9.00032401691057e-06,9.97488312974085e-06,1.10591305002132e-05,1.22671332155789e-05,1.36148981424478e-05,1.51205793254527e-05,1.68046785390293e-05,1.86902364318033e-05,2.08030150551601e-05,2.31716654748697e-05,2.58278740146418e-05,2.88064944655019e-05,3.21456726408031e-05,3.58869598648593e-05,4.00754192060323e-05,4.47597390121272e-05,4.99923567689245e-05,5.58295939762388e-05,6.2331811984192e-05,6.95635962471465e-05,7.75939721414972e-05,8.64966581961659e-05,9.63503592316764e-05,0.000107239108550872,0.000119252678242083,0.000132487055064973,0.000147044978563224,0.000163036566711248,0.000180580043165413,0.000199802548724564,0.000220841023546244,0.000243843148265052,0.000268968329223307,0.000296388702232271,0.00032629011512482,0.000358873039404448,0.000394353371354762,0.000432963085134943,0.000474950741823358,0.000520581811410039,0.000570138720916821,0.000623920765260414,0.000682244033370835,0.000745440967956605,0.000813859184538929,0.000887859836604149,0.00096781570935203,0.00105410880778188,0.00114712769971947,0.00124726472194783,0.00135491168426861,0.00147045263324965,0.00159425425136536,0.00172665612027166,0.00186796306638913,0.00201844016117082,0.00217830758351038,0.00234772861972028,0.00252678490638261,0.00271544156098662,0.00291351353833445,0.0031206452869491,0.00333630908364275,0.00355981369339039,0.00379029952345502,0.00402669938354288,0.004267672943774,0.00451155031516717,0.00475631718571589,0.00499964870907453,0.00523896733679566,0.00547147228463121,0.00569410068307938,0.00590344495439071,0.00609570888390915,0.0062667853470409,0.00641248391841918,0.00652883597121091,0.00661232359746905,0.00665992318421241,0.00666898578212041,0.00663706934934966,0.00656189108968793,0.0064415529995924,0.0062750190911814,0.00606263329597689,0.00580645258763597,0.00551025710205566,0.00517923022626713,0.00481947305867198,0.00443757791768199,0.00404038947565563,0.00363494929942781,0.00322850683726185,0.00282844121797312,0.00244201154027308,0.00207596451167452,0.00173610416627912,0.00142694336643929,0.00115150960315528,0.00091131000654762,0.000706418070031834,0.000535637084871806,0.000396709963490343,0.000286562585010678,0.000201572430126628,0.000137847091263951,9.14895333810899e-05,5.88250324660088e-05,3.65703935951141e-05,2.19368323686882e-05,1.26684151800949e-05,7.02609911270697e-06,3.73239725202305e-06,1.89342552692951e-06,9.14121946414106e-07,4.18427779537453e-07,1.80981260000497e-07,7.36504553637601e-08,2.79504178946986e-08,9.51808016464642e-09,0
775259748.862947,0,-6.61364809804843e-14,-1.59623389403877e-14,1.00382404090011e-14,1.96811880095413e-13,6.02093492900037e-13,1.51139925483967e-12,3.32667257677738e-12,6.75806100765032e-12,1.29265642293678e-11,2.35354641029508e-11,4.1116628598402e-11,6.92394902123016e-11,1.12843850197332e-10,1.78465836822022e-10,2.74572393418645e-10,4.1172336698127e-10,6.02797942084005e-10,8.63000139930454e-10,1.20989789561292e-09,1.66324689132159e-09,2.24487500921929e-09,2.97843992974819e-09,3.88934851410861e-09,5.00470273443589e-09,6.35353993963915e-09,7.96724182325863e-09,9.88030967950327e-09,1.21313423571553e-08,1.47643144847298e-08,1.78299438956288e-08,2.13871687478648e-08,2.55045184420316e-08,3.0261388946317e-08,3.5749071827057e-08,4.20716110286256e-08,4.93464540655285e-08,5.77050711162642e-08,6.72936367798781e-08,7.8274037553827e-08,9.08253744103596e-08,1.0514621793569e-07,1.21457731744733e-07,1.40007761386095e-07,1.61075765821015e-07,1.84978377120798e-07,2.12075172580939e-07,2.4277418541659e-07,2.77536600877498e-07,3.16880192766452e-07,3.61381192733371e-07,4.11674541878637e-07,4.68452703200438e-07,5.32463487560285e-07,6.04507562871035e-07,6.85436422685516e-07,7.76151663504857e-07,8.77606424277408e-07,9.90809742336629e-07,1.11683445471404e-06,1.25682908421378e-06,1.41203381623602e-06,1.58380047913515e-06,1.77361636796168e-06,1.98313127719396e-06,2.21418676633119e-06,2.4688471116095e-06,2.7494320718064e-06,3.05855153305461e-06,3.39914240909848e-06,3.77450946664027e-06,4.18837233147755e-06,4.64492140596382e-06,5.14888519327121e-06,5.70561139238601e-06,6.32116414413458e-06,7.00243906877131e-06,7.75729642469584e-06,8.59471274556641e-06,9.52494918725124e-06,1.05597332729747e-05,1.17124519245328e-05,1.29983519621246e-05,1.44347409625705e-05,1.60411839920182e-05,1.78396919867092e-05,1.98548952692092e-05,2.21142016817391e-05,2.46479385189071e-05,2.74894740400732e-05,3.0675325390206e-05,3.42452627172767e-05,3.82424075368331e-05,4.27133315853613e-05,4.77081706858955e-05,5.32807548843462e-05,5.94887575254892e-05,6.63938777278837e-05,7.40620529178911e-05,8.2563699838586e-05,9.19740052932248e-05,0.000102373267965704,0.000113847278029198,0.000126487760600485,0.000140392898266105,0.000155667910125415,0.000172425713898208,0.000190787705139645,0.00021088458795137,0.000232857223990125,0.00025685758218364,0.00028304976604797,0.000311610937483279,0.000342732125125254,0.000376619082065682,0.000413493074328772,0.000453591299641541,0.000497167043568192,0.000544489859793309,0.000595845650123152,0.000651536407307093,0.000711879678990431,0.000777207736895568,0.000847866140905616,0.000924211533894878,0.0010066090983494,0.00109543018871182,0.00119104971956577,0.0012938421576002,0.00140417515647433,0.00152240039544366,0.00164884298001286,0.00178379288978378,0.0019275003704361,0.00208017246119951,0.00224196440737892,0.00241295891794624,0.00259313155239762,0.00278231250112595,0.00298016097970008,0.00318616105723494,0.0033996341275711,0.00361974634976699,0.0038454828587604,0.00407558617766097,0.00430848980177158,0.00454228168880533,0.00477472077255375,0.0050033034714632,0.00522532512110767,0.00543787066691521,0.0056377386133393,0.00582137129835451,0.00598487922613183,0.00612421528235999,0.00623546837423745,0.00631514873702128,0.00636032168995812,0.00636853909963886,0.0063376554546193,0.00626570340987411,0.00615099118930608,0.00599247260698412,0.005790263703905,0.00554606419089997,0.00526328938397132,0.00494685907609786,0.00460274046010271,0.00423745477822399,0.00385773733553949,0.00347040231457895,0.0030823334788455,0.00270045929607595,0.00233159249766644,0.00198211215305498,0.00165756737068567,0.00136231921588909,0.00109931246331274,0.000870011045479241,0.000674473969238737,0.000511524134065232,0.000378969848995199,0.000273853392893721,0.000192712088531501,0.000131840019620938,8.7533017819801e-05,5.62975569040877e-05,3.50083642870993e-05,2.10062455331195e-05,1.21364828731864e-05,6.73603487996595e-06,3.58253542214761e-06,1.82065511269509e-06,8.81189555216693e-07,4.04629906145115e-07,1.75688877043262e-07,7.18776404584803e-08,2.74638469070054e-08,9.4426805072769e-09,0
793409666.579749,0,-6.89661545511075e-14,-1.54562901494317e-14,4.15833505031511e-15,1.89047764303143e-13,5.73180742584269e-13,1.45064526923554e-12,3.18640441434548e-12,6.47781155657828e-12,1.23793942680066e-11,2.25337346561684e-11,3.93451678867014e-11,6.62339253099337e-11,1.07905092710262e-10,1.70605913671728e-10,2.62410096401513e-10,3.93400962495e-10,5.7586675096863e-10,8.24321769037639e-10,1.15553542656284e-09,1.58836917020867e-09,2.14366730734414e-09,2.84402230112574e-09,3.71370504743066e-09,4.7786039153126e-09,6.06646489094663e-09,7.60726852660857e-09,9.43398248237517e-09,1.1583479667444e-08,1.40977718665608e-08,1.70253001502491e-08,2.04223602105988e-08,2.43543999897269e-08,2.88972555277653e-08,3.41381282169907e-08,4.01764247476357e-08,4.71243773424402e-08,5.51076587387137e-08,6.42660386534425e-08,7.47543709557822e-08,8.67440346260628e-08,1.00425116489844e-07,1.16009403347175e-07,1.33734305466478e-07,1.5386756892164e-07,1.76712595357984e-07,2.02613928953815e-07,2.31962484854646e-07,2.65199963584316e-07,3.02822047745723e-07,3.45380065510519e-07,3.9348108717969e-07,4.47786601969236e-07,5.09010270853589e-07,5.77915394309475e-07,6.55312863022363e-07,7.42060404130362e-07,8.39064021553252e-07,9.4728231094979e-07,1.06773418703238e-06,1.20151055684143e-06,1.34979010967926e-06,1.5138588614302e-06,1.69513315776926e-06,1.8951859665383e-06,2.11577562666711e-06,2.35887579025433e-06,2.62670638489307e-06,2.92176650078126e-06,3.24686953217958e-06,3.60518127172806e-06,4.00026318706473e-06,4.43612362189812e-06,4.91727972555228e-06,5.44883357537233e-06,6.0365638132805e-06,6.68703294953343e-06,7.40771378688489e-06,8.20713669041509e-06,9.0950526028153e-06,1.00826086696637e-05,1.11825378380702e-05,1.24093568040221e-05,1.37795627180539e-05,1.53118272111791e-05,1.70271842458818e-05,1.89492004759282e-05,2.11041261036306e-05,2.35210301627534e-05,2.62319169106405e-05,2.9271821821331e-05,3.26788957192565e-05,3.64944835064629e-05,4.07632051589881e-05,4.55330432118874e-05,5.08554384380091e-05,5.67854151921284e-05,6.3381747028526e-05,7.07071456866569e-05,7.88284890225356e-05,8.78171243156308e-05,9.77492341852511e-05,0.000108706248053422,0.00012077531885598,0.000134049883789494,0.000148630305419375,0.000164624567141342,0.000182149001001514,0.000201329072742526,0.000222300233164318,0.000245208761849254,0.000270212555178148,0.000297481912208352,0.000327200317640783,0.000359565113473486,0.000394788012297301,0.000433095456553386,0.00047472881984058,0.000519944547043967,0.000569014267650858,0.000622224721832654,0.000679877448912739,0.000742288206879774,0.000809785735789417,0.000882709577888202,0.000961407525114894,0.00104623357627732,0.00113754598513477,0.00123570347201266,0.00134105818582102,0.00145394593605491,0.00157467613782062,0.00170352459806236,0.00184073040107802,0.00198649482718146,0.00214097517437529,0.00230426196243495,0.00247633719579578,0.00265703085171034,0.00284599711257416,0.00304271913950894,0.00324653539962209,0.00345665926815985,0.00367215509316308,0.00389186425054905,0.00411431577793352,0.004337672683025,0.00455975410506965,0.00477812400146422,0.00499017554328447,0.00519313880835466,0.00538399818167742,0.00555938290653575,0.00571555623044626,0.00584859399225051,0.00595470609048305,0.00603055347617661,0.0060734112290003,0.00608109266257301,0.0060516927622597,0.00598337034107182,0.00587440315720238,0.00572357895734488,0.00553077514511399,0.00529747313187529,0.0050269654321946,0.00472414018813524,0.00439494968327105,0.00404582482720274,0.00368326598322247,0.00331369824750554,0.00294352120080188,0.00257917586704177,0.00222706506275535,0.00189327684906588,0.00158318290211641,0.00130104554501544,0.00104975229012846,0.000830730482682954,0.000644023013396027,0.000488469876195143,0.000361942189388443,0.000261593644982651,0.00018411309067604,0.000125969332908417,8.36369451581851e-05,5.3789463646128e-05,3.34470187395061e-05,2.0070123115819e-05,1.15985774468418e-05,6.44147052785948e-06,3.42974993764225e-06,1.74606984517937e-06,8.47086308695815e-07,3.90048438494937e-07,1.69902660852555e-07,6.98148276514294e-08,2.68081961361243e-08,9.26709405327631e-09,0
811984499.318401,0,-6.05773806115273e-14,-1.26309235067963e-14,1.22680865719245e-14,1.88209541820189e-13,5.64706919559438e-13,1.40803601676625e-12,3.08338357003481e-12,6.24422443999785e-12,1.19129207731286e-11,2.16482261232666e-11,3.77585350400707e-11,6.35020293480078e-11,1.03379040332841e-10,1.63346955930521e-10,2.51115666935865e-10,3.76303229265092e-10,5.50636459557631e-10,7.87962629847717e-10,1.10428312247392e-09,1.51759841076624e-09,2.04780283678788e-09,2.7164679880533e-09,3.54676948247666e-09,4.56343979458179e-09,5.79298629934035e-09,7.26406301836859e-09,9.00817472749894e-09,1.10605643183616e-08,1.34613749581839e-08,1.62568930580938e-08,1.95008950421718e-08,2.32558986380201e-08,2.75943349306435e-08,3.25994992031153e-08,3.83663512362285e-08,4.50021296363445e-08,5.26269454991643e-08,6.13744362810326e-08,7.13927201396638e-08,8.2845798829196e-08,9.59156539642396e-08,1.10805131181999e-07,1.2774169235755e-07,1.4698192152973e-07,1.68816593258467e-07,1.93575898970302e-07,2.21634387536857e-07,2.53415112964409e-07,2.89392589379593e-07,3.30094268814944e-07,3.76100484704472e-07,4.28043024252637e-07,4.86602805712869e-07,5.52507334223709e-07,6.26528667265693e-07,7.0948264716886e-07,8.02230244465914e-07,9.05681827258108e-07,1.02080491966781e-06,1.14863566388345e-06,1.29029404377576e-06,1.44700298441568e-06,1.62011108981775e-06,1.81111812734089e-06,2.02170250042677e-06,2.25375034602041e-06,2.50938580416685e-06,2.7910020328685e-06,3.10129383243896e-06,3.44329366431655e-06,3.82041233731843e-06,4.2364858356641e-06,4.69583209867832e-06,5.20332205101879e-06,5.76446560532646e-06,6.38551311429467e-06,7.07357586730017e-06,7.8367671125578e-06,8.68435975527832e-06,9.62695829489855e-06,1.06766842313743e-05,1.18473695539263e-05,1.31547510221887e-05,1.46166605501722e-05,1.62532066881574e-05,1.80869399487144e-05,2.01429964795452e-05,2.24492206656405e-05,2.50362666401684e-05,2.79376769524599e-05,3.11899470376381e-05,3.48325869132147e-05,3.89081830985959e-05,4.34624671164321e-05,4.85444116760734e-05,5.42063643406403e-05,6.05042154849085e-05,6.74976060825893e-05,7.52501959295631e-05,8.38300000351325e-05,9.33097661699506e-05,0.000103767389775545,0.000115286407592089,0.00012795654559008,0.000141874273278805,0.000157143419120381,0.00017387584936122,0.00019219211279303,0.000212222115966931,0.000234105907689052,0.000257994400851039,0.000284050002387427,0.000312447359265054,0.000343374113806395,0.000377031427156643,0.000413634364070442,0.000453412211555727,0.000496608669601877,0.000543481974288506,0.000594304949515415,0.000649364939423051,0.000708963391867376,0.000773414499571955,0.000843043031375541,0.000918182053369961,0.000999170454205451,0.0010863506083758,0.00118006607234694,0.00128065586788627,0.00138844352284903,0.00150372537918213,0.00162676287663188,0.0017577798663834,0.00189696395371189,0.00204446496149038,0.0022003773725912,0.00236470007643094,0.00253728513981025,0.00271780121016627,0.00290573275590188,0.0031004144154349,0.00330107028351942,0.00350681141638823,0.00371656830833946,0.0039289868600699,0.00414234455866778,0.00435453737942707,0.00456316298625883,0.0047656565462818,0.00495936186615064,0.00514146829803495,0.00530887958651035,0.005458138305965,0.00558550007709028,0.00568719656993661,0.00575980932393319,0.00580055877317916,0.00580734559307134,0.00577854586126841,0.00571272904697378,0.0056085437670225,0.00546493011879738,0.00528161460733288,0.00505967439183749,0.00480189959946147,0.00451275746565727,0.00419796689534373,0.00386389528156509,0.00351703779701009,0.00316374000782357,0.00281016701268505,0.00246238108751702,0.00212634499027063,0.00180774663873178,0.00151166766098758,0.00124220655640201,0.00100218563599882,0.000793024116717314,0.000614783927530441,0.000466342099268215,0.000345631051306253,0.000249899387116981,0.000175966185656534,0.000120457483267934,8.00171368922077e-05,5.14834888267788e-05,3.20239201129555e-05,1.92212920490019e-05,1.1110967691604e-05,6.17302287752221e-06,3.2890232454697e-06,1.67638186192492e-06,8.14722825908744e-07,3.75982234925735e-07,1.64229730623532e-07,6.78143566004671e-08,2.62210312317399e-08,9.11545166864505e-09,0
830994194.935339,0,-5.51625113423792e-14,-9.82765637515067e-15,1.63487594691601e-14,1.86273045932577e-13,5.49507886161764e-13,1.36078209197459e-12,2.9683136618707e-12,5.99964686300029e-12,1.1428341818904e-11,2.0748478615447e-11,3.61600216803227e-11,6.07804060799328e-11,9.89013912058074e-11,1.56216728136671e-10,2.40081620761054e-10,3.59683217606144e-10,5.26211339361577e-10,7.52890078886343e-10,1.05499140885704e-09,1.44970613377137e-09,1.9560266722117e-09,2.59455749527696e-09,3.38742956409006e-09,4.35827059550096e-09,5.53239847593828e-09,6.93718991844898e-09,8.60273870602683e-09,1.05627155387863e-08,1.28554648265843e-08,1.55252045966408e-08,1.86233013433485e-08,2.22094782148473e-08,2.63529252218902e-08,3.11332238705776e-08,3.66411080164958e-08,4.29790706706088e-08,5.02619317090392e-08,5.86174849572102e-08,6.8187417686088e-08,7.91286809656872e-08,9.16154991054468e-08,1.05842144013844e-07,1.22026533019527e-07,1.40414552565347e-07,1.61284879138874e-07,1.84953960739956e-07,2.11780712917883e-07,2.42170421211619e-07,2.7657745041112e-07,3.1550653132903e-07,3.59512554966729e-07,4.09199047630479e-07,4.65215784858804e-07,5.28256182051364e-07,5.99055192498901e-07,6.78388540824427e-07,7.67074119395861e-07,8.65976205822139e-07,9.7601295438041e-07,1.09816762609681e-06,1.23350374792097e-06,1.38318386587768e-06,1.54849145114041e-06,1.73085563226395e-06,1.93187809036568e-06,2.15336124047231e-06,2.39733728818781e-06,2.66609799788246e-06,2.96222553466605e-06,3.28862594194972e-06,3.64856712906045e-06,4.04572230987252e-06,4.48422207902011e-06,4.96871971550407e-06,5.50447156663217e-06,6.09743280395153e-06,6.75437104631556e-06,7.48300005819291e-06,8.29213205592225e-06,9.19184534172996e-06,1.01936643336853e-05,1.13107481577325e-05,1.25580807621711e-05,1.39526579984017e-05,1.55136693724653e-05,1.72626604834745e-05,1.92236666957344e-05,2.14233314887345e-05,2.38910094474657e-05,2.66588348801982e-05,2.97617699987229e-05,3.32376589286892e-05,3.7127282343593e-05,4.14744138229549e-05,4.63259038661217e-05,5.17318008812253e-05,5.7745508448784e-05,6.44239904697735e-05,7.18280314757851e-05,8.00225543481612e-05,8.90769936531054e-05,9.90657062807653e-05,0.000110068428215155,0.000122170810793144,0.000135464992289134,0.000150050143028217,0.000166033061391056,0.000183528869908697,0.000202661679652843,0.000223565202865159,0.000246383450871956,0.000271271451166686,0.000298395880143268,0.00032793573488425,0.000360082988381117,0.000395042945305838,0.000433034423527772,0.000474290032467295,0.000519056284438889,0.000567593439934538,0.000620175517752961,0.000677090194868099,0.000738637698271626,0.000805128611040986,0.000876881230964058,0.000954219036506486,0.00103746866402846,0.00112695785375108,0.00122301097549363,0.00132593981596074,0.00143603100643373,0.0015535349672019,0.00167866069037534,0.00181157758080139,0.00195241926663835,0.00210127563913233,0.00225816059317738,0.00242295944348235,0.0025953784042278,0.00277492482198518,0.00296093161151158,0.00315260633652123,0.00334906202280798,0.00354928913298124,0.00375205601436973,0.00395578540505562,0.00415849819589541,0.00435786783690216,0.00455134538601762,0.00473628476822526,0.00490998955656536,0.00506962925830419,0.00521209214536838,0.00533393665480832,0.00543154441748175,0.00550144135118562,0.00554065322573099,0.00554692745025319,0.00551870785974402,0.00545490514876937,0.00535466588474563,0.00521735616349579,0.00504283409984876,0.00483191858414829,0.00458683818692754,0.00431141283021067,0.00401085566336917,0.00369129199830656,0.00335920517737723,0.00302101035482588,0.00268285737863616,0.00235061383126154,0.00202988319159576,0.00172592625747406,0.00144344255070602,0.00118626957998395,0.000957107109740959,0.000757359206141892,0.00058713526393107,0.00044538970184877,0.000330147316864891,0.000238763807188839,0.000168184050042244,0.000115177076776056,7.65392354799797e-05,4.92596561194692e-05,3.06433275285114e-05,1.8389507507762e-05,1.06254441860558e-05,5.89937462564442e-06,3.14092175185863e-06,1.60002856103561e-06,7.77558646272188e-07,3.58989717076024e-07,1.56967778693324e-07,6.50229468176586e-08,2.53066305033938e-08,8.87042198598825e-09,0
850448934.180267,0,-5.51829458274891e-14,-1.55687993351222e-14,3.33253941712106e-15,1.53224016295756e-13,4.81131737874394e-13,1.22471155247443e-12,2.71477053707355e-12,5.54557766812747e-12,1.06463738152258e-11,1.94440969133584e-11,3.40469636883664e-11,5.74450050757139e-11,9.3760191066075e-11,1.48462796547684e-10,2.28621118837381e-10,3.43061083991141e-10,5.02527315068519e-10,7.19706713781069e-10,1.00923652966958e-09,1.38757355449772e-09,1.87287886882115e-09,2.48483452720175e-09,3.24456709619017e-09,4.17462850716671e-09,5.29919846748635e-09,6.64445699049293e-09,8.23923878084233e-09,1.01158787217587e-08,1.23112839583056e-08,1.48680991281021e-08,1.78359439743072e-08,2.12725863330889e-08,2.52450234716351e-08,2.983038129308e-08,3.51166479876699e-08,4.12032307647658e-08,4.82014212546813e-08,5.6234850373725e-08,6.54400885071167e-08,7.59675372481466e-08,8.79827951247321e-08,1.01668640263678e-07,1.17227734027846e-07,1.34886041832245e-07,1.54896874943987e-07,1.77545340688272e-07,2.03152888078129e-07,2.3208159973025e-07,2.64737932040214e-07,3.01575655917691e-07,3.43097854473402e-07,3.89858040276669e-07,4.42460617969599e-07,5.01561021156131e-07,5.67865919401086e-07,6.42133940620954e-07,7.25177484538595e-07,8.17866136960895e-07,9.21132066662879e-07,1.035977896424e-06,1.16348735203255e-06,1.30483879257087e-06,1.46132179978178e-06,1.63435659475045e-06,1.82551579383864e-06,2.03654847175148e-06,2.26940666597284e-06,2.52627346497307e-06,2.80959344557234e-06,3.12210830336657e-06,3.46689792901791e-06,3.84742710656815e-06,4.26760197949e-06,4.73184006591748e-06,5.24515313776331e-06,5.81324246646722e-06,6.44260998914846e-06,7.14068662876199e-06,7.91597434429957e-06,8.77819806818309e-06,9.73846666246028e-06,1.08094421656659e-05,1.20055115055026e-05,1.33429514894956e-05,1.48400838288216e-05,1.65174223282425e-05,1.83978060184323e-05,2.05065099232798e-05,2.28713374871611e-05,2.55227023565578e-05,2.84937014744131e-05,3.1820179062588e-05,3.55407889636949e-05,3.9697072675694e-05,4.43335596172788e-05,4.9497885792345e-05,5.52409461068108e-05,6.1617096084825e-05,6.86843942510276e-05,7.65048928268335e-05,8.51449816858702e-05,9.46757814872259e-05,0.000105173583154417,0.000116720332684319,0.00012940414421393,0.000143319854095392,0.000158569619509148,0.000175263532414865,0.000193520228214371,0.000213467513337636,0.000235243042896316,0.000258994995759482,0.000284882674614892,0.000313077105168684,0.00034376165974471,0.00037713245612741,0.000413398511724202,0.000452781964488272,0.000495518207952219,0.000541855718133173,0.000592056103446228,0.000646394219628302,0.000705157005333094,0.00076864100237781,0.000837150016825355,0.000910993309364414,0.000990483579731667,0.00107593419785192,0.00116765478723892,0.00126594327942066,0.00137107391140956,0.00148328575413994,0.00160277852956031,0.0017297158421905,0.00186422764347621,0.00200640050712036,0.00215624615563381,0.00231365104800355,0.00247832922398219,0.00264980637665538,0.00282744593021819,0.00301049741811375,0.00319812224237266,0.00338935801406103,0.0035830237437842,0.00377761080964286,0.00397122481426449,0.00416163207331208,0.00434639776217855,0.00452301298117493,0.00468891034147167,0.00484137259898543,0.00497741654273083,0.00509375386074535,0.00518692769405046,0.00525362972662311,0.00529104734312762,0.00529705463573428,0.00527016769261104,0.00520932510156174,0.00511367581595301,0.00498257693170974,0.00481587425212014,0.00461436255317178,0.00438020639421384,0.00411709472314498,0.00383003425051472,0.0035248782567395,0.00320779776611083,0.00288488802645645,0.00256199662370862,0.00224471744464191,0.00193840860174753,0.00164811074705153,0.00137832916572987,0.00113273822135906,0.000913915497287093,0.000723194514259803,0.000560669951605759,0.000425334926523509,0.000315299201705364,0.000228037856146698,0.000160636156112722,0.000110012330729956,7.31100090262282e-05,4.70553950132762e-05,2.92750767201179e-05,1.75714691848508e-05,1.01555707370266e-05,5.64071345202879e-06,3.00475143763821e-06,1.5315820959187e-06,7.44758100782644e-07,3.44049516240804e-07,1.50523109813739e-07,6.2378769239864e-08,2.42692600056781e-08,8.50169898554993e-09,0
870359136.148515,0,-6.70962254323527e-14,-1.7486785628624e-14,-1.15460518339511e-14,1.43664133887972e-13,4.48840921203972e-13,1.1751432755092e-12,2.59889639562778e-12,5.32952211810155e-12,1.02186766080083e-11,1.86676311631321e-11,3.26569303141393e-11,5.50757080167388e-11,8.9829207679853e-11,1.42170495394264e-10,2.1881873457658e-10,3.28227198457348e-10,4.80625185963747e-10,6.8814799117403e-10,9.64742158731685e-10,1.32613902256234e-09,1.78965446132908e-09,2.37410124531369e-09,3.09963788926188e-09,3.98782477416801e-09,5.0617487930878e-09,6.34644017113874e-09,7.86943748100361e-09,9.66164556680472e-09,1.17583107606552e-08,1.42001780279854e-08,1.70346367194665e-08,2.03168786087492e-08,2.41109024182046e-08,2.84904026773559e-08,3.35394486992832e-08,3.93530438709892e-08,4.60375609566648e-08,5.37112083426496e-08,6.25046064180342e-08,7.25616737890399e-08,8.40409406121547e-08,9.71174669891821e-08,1.11985419086241e-07,1.28861340462971e-07,1.47987994294318e-07,1.69638594606194e-07,1.94121108346368e-07,2.21782318247241e-07,2.53011308972629e-07,2.88242154382917e-07,3.27955690710687e-07,3.72680445854277e-07,4.22992927689311e-07,4.79517624791704e-07,5.42927123739517e-07,6.13942821921047e-07,6.93336721401546e-07,7.81934818682701e-07,8.80622484796065e-07,9.90352247241357e-07,1.11215429102272e-06,1.24714983206434e-06,1.3965673376104e-06,1.56176133818097e-06,1.74423369700073e-06,1.94565682919495e-06,2.16789878266347e-06,2.41305017958072e-06,2.68345351249754e-06,2.98173572440275e-06,3.31084565533066e-06,3.67409802112472e-06,4.07522633563923e-06,4.51844685812708e-06,5.00853543931526e-06,5.55091889240221e-06,6.15178169363643e-06,6.81818799874644e-06,7.55821782661719e-06,8.38111587717534e-06,9.29745023038506e-06,1.03192773013208e-05,1.14603074339877e-05,1.27360673259784e-05,1.41640554446859e-05,1.57638836244816e-05,1.75574006443858e-05,1.9568799260698e-05,2.18247058627422e-05,2.43542520353659e-05,2.71891336272908e-05,3.03636663548702e-05,3.39148449515881e-05,3.78824093908723e-05,4.23089303269315e-05,4.72399242456642e-05,5.27240044911707e-05,5.88130702794016e-05,6.55625400769587e-05,7.30316386174483e-05,8.12837312673816e-05,9.03867031512186e-05,0.000100413383749093,0.000111442014382003,0.000123556746088488,0.000136848164280729,0.000151413845116317,0.000167358934841214,0.000184796741283818,0.000203849340688642,0.00022464819595971,0.000247334764851954,0.000272061092998564,0.000298990377182264,0.000328297462704798,0.000360169271636656,0.000394805173936415,0.000432417254752313,0.000473230404531651,0.000517482220463157,0.000565422708006193,0.000617313680904696,0.000673427855508081,0.000734047703943919,0.000799463893065177,0.000869973012757753,0.000945874513222115,0.0010274667991839,0.00111504245514961,0.00120888293282803,0.00130925288387971,0.00141639347297956,0.00153051373442571,0.00165177945950182,0.00178029994127873,0.00191611434891701,0.00205917996490495,0.00220936248502073,0.00236642581357096,0.0025300171278501,0.00269964355611627,0.00287464179109722,0.00305414876029236,0.00323708312663438,0.00342214238889818,0.00360781217504798,0.00379237595104397,0.00397391228144025,0.00415027802826572,0.00431909013415511,0.00447772613989871,0.00462336118833184,0.00475304225783497,0.00486377879611614,0.00495262556536729,0.00501674749051384,0.0050534745068028,0.00506037158563826,0.00503535083624645,0.00497682821552391,0.00488389565001735,0.00475646311678732,0.00459533215571013,0.00440219013943859,0.00417954753667973,0.00393065836661077,0.00365945632687918,0.00337050964027225,0.0030689668933519,0.0027604540659075,0.00245089466610234,0.00214625413494859,0.00185224014659246,0.00157400494628071,0.00131589171784552,0.00108125091765078,0.000872334440387877,0.000690265202969974,0.000535077187425307,0.000405820304025944,0.000300721897106538,0.000217390608865427,0.000153041450208271,0.000104718008179015,6.9490090347852e-05,4.46118211970833e-05,2.76334933661449e-05,1.64673752769717e-05,9.41222333638681e-06,5.14370287029183e-06,2.67917368787681e-06,1.32591191713436e-06,6.21667867195486e-07,2.75482270312132e-07,1.15136547500896e-07,4.52464455602808e-08,1.66522510750779e-08,5.37452082369202e-09,0
890735463.861046,6.98372912399971e-32,-6.06075586287941e-14,-1.49249969972926e-14,-5.93094033498954e-15,1.42280877817241e-13,4.38183316179281e-13,1.13486794866278e-12,2.5026755337208e-12,5.11965730462976e-12,9.80501489244867e-12,1.78943453870994e-11,3.12848702787797e-11,5.27336363440069e-11,8.59758951000722e-11,1.36025788722885e-10,2.09305186791936e-10,3.13883037331755e-10,4.59531916064862e-10,6.57835393462523e-10,9.22114380211087e-10,1.26738569146523e-09,1.71018721249231e-09,2.26847917663896e-09,2.96151498935469e-09,3.80988126581438e-09,4.83563023762257e-09,6.06266603203954e-09,7.51729559022118e-09,9.22903816998901e-09,1.12315660892437e-08,1.35638022975825e-08,1.62710224171486e-08,1.94059554307758e-08,2.30297504455767e-08,2.72128239406204e-08,3.20355167742437e-08,3.75886311249471e-08,4.39738586777345e-08,5.13042350059453e-08,5.9704706093764e-08,6.93129888620283e-08,8.02808443455246e-08,9.27759235627799e-08,1.06984242059996e-07,1.23113311122636e-07,1.41395804767176e-07,1.62093581284057e-07,1.85501758135238e-07,2.11952533281279e-07,2.41818428456576e-07,2.75514738961375e-07,3.13501087741771e-07,3.56282168216739e-07,4.04407878684095e-07,4.58473184309435e-07,5.19118131046174e-07,5.87028522609117e-07,6.62937710229043e-07,7.47629934421829e-07,8.41945669881201e-07,9.46789381526425e-07,1.06313990025626e-06,1.19206353235768e-06,1.3347299480448e-06,1.4924305823645e-06,1.6665992376431e-06,1.85883452397188e-06,2.07092400895205e-06,2.30486986064616e-06,2.56291651164855e-06,2.8475811937679e-06,3.16168860593988e-06,3.50841154884535e-06,3.89131973823794e-06,4.3144392113193e-06,4.78232409536807e-06,5.30014245370858e-06,5.87377749637857e-06,6.50994454961737e-06,7.21632264277888e-06,8.0016985065614e-06,8.87612115970958e-06,9.85106333048448e-06,1.0939584553687e-05,1.2156490527941e-05,1.3518484407123e-05,1.50443054884182e-05,1.67548506297247e-05,1.86732759737161e-05,2.08250796086041e-05,2.32381679084174e-05,2.59429089939499e-05,2.89721797518142e-05,3.23614155251226e-05,3.61486702989454e-05,4.03746952385968e-05,4.50830446954671e-05,5.0320216073092e-05,5.61358277918568e-05,6.25828385037856e-05,6.97178129451514e-05,7.76012323167322e-05,8.62978480617406e-05,9.58770789004876e-05,0.000106413450344686,0.000117987073182842,0.000130684158314295,0.000144597564430524,0.000159827380339503,0.000176481534134863,0.000194676410881993,0.000214537475587317,0.000236199897814588,0.000259809142709782,0.000285521491352392,0.000313504487494945,0.000343937325305429,0.000377011147297125,0.000412929182302861,0.000451906731499667,0.000494171017725984,0.000539960802839949,0.000589525761485196,0.000643125699792333,0.00070102951615624,0.000763513741353112,0.000830860561003629,0.000903355031592443,0.000981281309879913,0.00106491820715171,0.00115453431088387,0.00125038247713505,0.00135269327622028,0.0014616666460064,0.0015774611123505,0.00170018120072113,0.00182986489271606,0.0019664728081846,0.00210987908126267,0.00225986117117852,0.00241608421809511,0.00257807728055683,0.00274520384850642,0.00291663462894686,0.00309133200873786,0.00326805014407702,0.00344534540614727,0.00362158477347298,0.00379494063016223,0.00396337129906884,0.00412460047165858,0.00427611699737727,0.00441521244432166,0.00453905469783387,0.00464477732015025,0.00472956304328733,0.00479070969709646,0.00482568302823962,0.00483218118970023,0.00480823696246854,0.00475235865200044,0.0046636846438972,0.00454211406224185,0.00438837908827716,0.00420404834208379,0.0039914809389758,0.00375376445218839,0.00349466151229466,0.00321856507547931,0.002930436884951,0.00263569485348511,0.00234002773606011,0.00204914281466367,0.00176847881451298,0.00150292711104881,0.00125659868354382,0.00103265855431732,0.00083323266107843,0.000659383324125893,0.000511148018317994,0.000387636436428223,0.000287179085823072,0.000207515311052281,0.000146002535817023,9.98253223046618e-05,6.6184069212461e-05,4.244859166574e-05,2.62688377644459e-05,1.56413211341401e-05,8.93474279670312e-06,4.88139848410934e-06,2.54283710131465e-06,1.25914926767449e-06,5.90994186036784e-07,2.62297976274124e-07,1.09827817715506e-07,4.32505449218106e-08,1.59728832436677e-08,5.17312971919672e-09,0
911588829.975084,0,-5.86649341771162e-14,-1.34845113984082e-14,-4.71676405028191e-15,1.39766150790439e-13,4.25480675221803e-13,1.09750668299341e-12,2.41325488039446e-12,4.92761887626187e-12,9.42377503561128e-12,1.71800589408741e-11,3.00102239645925e-11,5.05500656508923e-11,8.23689304128721e-11,1.30257310911831e-10,2.00349458356726e-10,3.00351268943343e-10,4.39595136680713e-10,6.29140984895213e-10,8.81707987965284e-10,1.21163310710171e-09,1.63470699843123e-09,2.16807771468784e-09,2.83013055805316e-09,3.64052426499336e-09,4.62032059778231e-09,5.79235109874914e-09,7.18174592671942e-09,8.81670488422988e-09,1.07293979746486e-08,1.29570118069924e-08,1.55428039163808e-08,1.85371534883753e-08,2.19984874042284e-08,2.59940914389656e-08,3.06007431562595e-08,3.59052309790593e-08,4.20047726335596e-08,4.9007460713702e-08,5.70328181721405e-08,6.62126355775359e-08,7.66922040367139e-08,8.8632094827834e-08,1.02210535473643e-07,1.17626405445545e-07,1.35102734913472e-07,1.54890528876545e-07,1.7727262217978e-07,2.02567266631298e-07,2.31131140169639e-07,2.6336157698083e-07,2.99697921216496e-07,3.40622086004836e-07,3.86658524579845e-07,4.38373973651101e-07,4.96377398986022e-07,5.61320611208179e-07,6.33900001128872e-07,7.14859868270351e-07,8.04997773357962e-07,9.05172213139099e-07,1.01631284072883e-06,1.13943335740041e-06,1.27564709629345e-06,1.42618494756599e-06,1.59241534874175e-06,1.77586601731455e-06,1.9782471656382e-06,2.20147601818013e-06,2.44770304357844e-06,2.71934062102322e-06,3.01909513283165e-06,3.35000462705993e-06,3.71548410615051e-06,4.11938027126251e-06,4.56603810625777e-06,5.06038168459513e-06,5.6080103003067e-06,6.21530961390036e-06,6.88957797700126e-06,7.63916649612952e-06,8.47362962448663e-06,9.40388261212111e-06,1.04423615254275e-05,1.16031802755077e-05,1.2902279346373e-05,1.43575614227676e-05,1.59890092982453e-05,1.7818783658392e-05,1.98713007349009e-05,2.21732917297059e-05,2.47538483950781e-05,2.76444616091079e-05,3.0879061237505e-05,3.44940671345592e-05,3.85284601628381e-05,4.30238791078596e-05,4.8024752552704e-05,5.35784717995215e-05,5.97356060448948e-05,6.65501585135599e-05,7.40798679291992e-05,8.23865536501132e-05,9.15365004893082e-05,0.000101600879358511,0.000112656201762367,0.00012478480691929,0.000138075382444956,0.000152623513218616,0.000168532248773977,0.000185912686204292,0.000204884566962901,0.000225576868294624,0.000248128365576176,0.000272688151106323,0.000299416087509796,0.000328483177943223,0.000360071849470218,0.000394376115784507,0.000431601550320066,0.000471965080338801,0.000515694645564365,0.000563028636752951,0.000614215081927149,0.000669510698013712,0.000729179614809206,0.000793491354599428,0.000862718039279059,0.000937130934555414,0.00101699626858105,0.00110257050749531,0.00119409516899888,0.00129179045576012,0.0013958469131991,0.00150641511355127,0.00162359421916482,0.00174742094300633,0.00187786004577952,0.00201479545475063,0.00215801883196582,0.00230721190620654,0.00246192149015841,0.0026215315245114,0.00278524073884804,0.00295205345655946,0.00312078413637339,0.00329006709048605,0.00345835862910753,0.00362392367988786,0.00378481032472949,0.00393882904679913,0.00408355944661579,0.00421639609414539,0.00433462533894372,0.00443551309906879,0.00451638231218884,0.00457466883530405,0.00460796724506767,0.00461409384606398,0.00459118575825018,0.0045378334147619,0.00445322308059053,0.00433725355259306,0.0041905989361966,0.00401471461714979,0.00381180620882817,0.00358478857061069,0.0033372508231922,0.00307341871185007,0.00279808632146015,0.00251648852925302,0.0022341021797896,0.00195639055383592,0.00168852732570383,0.00143514021557026,0.00120010449135593,0.000986400293765843,0.000796033357840703,0.000630014007212719,0.00048839099103142,0.000370337736946795,0.000274286981688741,0.000198104095795046,0.000139282488816384,9.51411591531712e-05,6.30053404705431e-05,4.03555852836915e-05,2.4936936877547e-05,1.48257225493398e-05,8.45630747498801e-06,4.6137509674099e-06,2.40066535236746e-06,1.18774446068491e-06,5.57225358462005e-07,2.4729929620228e-07,1.03568558039788e-07,4.08123492720862e-08,1.51026563994414e-08,4.89491899201123e-09,0
932930402.62847,0,-5.71851378933274e-14,-1.29036240570333e-14,-4.69583020715125e-15,1.35164952291422e-13,4.1025907162926e-13,1.05679083808955e-12,2.32061103187887e-12,4.73331432452656e-12,9.04385217773158e-12,1.64747628598914e-11,2.87592636896718e-11,4.84161692087278e-11,7.88543173405329e-11,1.2464933850023e-10,1.91657715029011e-10,2.87237546219575e-10,4.20297542742287e-10,6.01397253905175e-10,8.42678816640287e-10,1.1578311686044e-09,1.56193094609888e-09,2.07135386346883e-09,2.70365812194425e-09,3.47762133266166e-09,4.41336269316796e-09,5.53269440570063e-09,6.85962535114263e-09,8.4210976785696e-09,1.02478460450581e-08,1.23753972024904e-08,1.4845077370931e-08,1.7705017172724e-08,2.10110386698087e-08,2.48274337593344e-08,2.92275741883511e-08,3.42944146456482e-08,4.01209021133711e-08,4.68104130316834e-08,5.44772980681008e-08,6.32476974414297e-08,7.32607343870855e-08,8.46702295706465e-08,9.76469818033783e-08,1.12381633508679e-07,1.2908800717226e-07,1.48006739598377e-07,1.694089273954e-07,1.93599495969554e-07,2.2091999507374e-07,2.51750623158637e-07,2.86511389229908e-07,3.25662504701561e-07,3.69704217239212e-07,4.19176438220372e-07,4.74658598306413e-07,5.36770197713528e-07,6.06172519472239e-07,6.83571941859211e-07,7.69725232232063e-07,8.65447151538311e-07,9.71620550480522e-07,1.08920905653189e-06,1.21927228206421e-06,1.36298330216424e-06,1.52164811190399e-06,1.69672662596272e-06,1.8898550379906e-06,2.10286930101412e-06,2.33783007275125e-06,2.59704954083807e-06,2.88312156231472e-06,3.19895645179381e-06,3.54782255842932e-06,3.93339682272681e-06,4.35982675934695e-06,4.83180594350651e-06,5.35466423547758e-06,5.93447357549383e-06,6.57816930886612e-06,7.29368563597512e-06,8.09010198059367e-06,8.97779675165059e-06,9.96860465878245e-06,1.10759718846741e-05,1.23151025277757e-05,1.3703091796095e-05,1.52590420642162e-05,1.70041573233592e-05,1.89618161278246e-05,2.11576259150938e-05,2.36194612485096e-05,2.63774932304684e-05,2.94642203770538e-05,3.29145100760608e-05,3.67656594296028e-05,4.10574838352771e-05,4.58324413952718e-05,5.11357979322383e-05,5.70158363038069e-05,6.35241082332685e-05,7.07157270877356e-05,7.86497042014706e-05,8.73893237315752e-05,9.70025471026104e-05,0.000107562446036588,0.000119147672447196,0.000131842950995528,0.000145739585386542,0.00016093599158522,0.000177538257861876,0.000195660701829576,0.000215426418013875,0.00023696782034909,0.000260427151702743,0.000285956922033149,0.000313720270461887,0.000343891252443848,0.000376655002087304,0.000412207703002345,0.000450756388726517,0.000492518608648014,0.000537721889989524,0.0005866029944212,0.000639407036334832,0.000696386244981497,0.000757798029750123,0.000823902301602445,0.000894958111280171,0.000971219661197608,0.00105293188440591,0.00114032550931809,0.00123361095954965,0.00133297042134369,0.00143854797031655,0.00155043861796356,0.00166867798574372,0.00179323360025161,0.00192399634655824,0.00206076857139129,0.00220324581883797,0.00235099237535316,0.00250341525486718,0.00265974475234534,0.00281902846694845,0.0029801378963867,0.00314177743726953,0.00330248265290162,0.00346060145839466,0.00361426583536628,0.00376137378344487,0.00389960137091175,0.00402645270581981,0.00413933841465863,0.00423565938785206,0.00431287298452216,0.00436853734337518,0.00440035199369903,0.00440622123813796,0.00438435623809391,0.00433340934441163,0.00425261201491326,0.00414187972787545,0.00400186117898443,0.0038339361512973,0.00364018721655825,0.00342337189124799,0.00318690435196303,0.00293483018723412,0.00267176109333553,0.00240274093843207,0.00213303777994466,0.00186788473684636,0.00161221069590769,0.00137040125470273,0.00114611494424896,0.000942161162486206,0.000760434255158218,0.000601896240486771,0.000466605509199547,0.000353792624466035,0.000261982195567259,0.00018915326619931,0.000132923328917263,9.07365609723463e-05,6.00373891069819e-05,3.84148193873008e-05,2.37088355363098e-05,1.40760052829478e-05,8.01623303320954e-06,4.36622357698119e-06,2.2677250077758e-06,1.11981746440989e-06,5.24330331492359e-07,2.32251209718826e-07,9.70762313766789e-08,3.81772503964442e-08,1.41007020643771e-08,4.55008542224815e-09,0
954771611.420807,0,-3.89470392810251e-14,-6.88833842665779e-15,1.43863659538971e-14,1.41028654655588e-13,4.15488888267609e-13,1.02873190970555e-12,2.24638597084488e-12,4.54852625013261e-12,8.67523660554348e-12,1.57714013716111e-11,2.75123462154936e-11,4.62842487443645e-11,7.53583200319228e-11,1.19087123710522e-10,1.83075324463962e-10,2.74334377144279e-10,4.01380737326043e-10,5.74285410759846e-10,8.04651470338324e-10,1.10554196926586e-09,1.49136320549042e-09,1.97774892143159e-09,2.58147763910557e-09,3.3204821103735e-09,4.21398900512242e-09,5.28283288849378e-09,6.54995573757891e-09,8.04109240984786e-09,9.78560687285369e-09,1.18174326901309e-08,1.41760497848209e-08,1.69074342407679e-08,2.00649203079816e-08,2.37099379611685e-08,2.79126110663087e-08,3.27522360844515e-08,3.83176902366749e-08,4.47078521340872e-08,5.20321420939622e-08,6.0411309280026e-08,6.99785932389255e-08,8.08813697633192e-08,9.32833453067393e-08,1.07367294938541e-07,1.23338248954076e-07,1.41426942784746e-07,1.6189327092523e-07,1.85029450102475e-07,2.11162616145829e-07,2.40656657319241e-07,2.73913209559938e-07,3.11371889832601e-07,3.53509992119951e-07,4.00842005266312e-07,4.53919380888286e-07,5.13331018542312e-07,5.79704933437902e-07,6.53711535824715e-07,7.36068904489969e-07,8.2755030059695e-07,9.28994141603369e-07,1.04131645897698e-06,1.16552580068909e-06,1.30274024767015e-06,1.45420632801519e-06,1.62131937493264e-06,1.80564504502512e-06,2.0089418290071e-06,2.23318474863002e-06,2.48059072991884e-06,2.75364659830538e-06,3.05514132957424e-06,3.38820425536021e-06,3.75635164008838e-06,4.16354381198813e-06,4.61425527629612e-06,5.11355931769122e-06,5.66722825779148e-06,6.28184930450391e-06,6.96495489678534e-06,7.72516505568245e-06,8.57233823348719e-06,9.51772588796282e-06,1.05741254810411e-05,1.17560261018161e-05,1.3079740656521e-05,1.45635200829519e-05,1.62276461908766e-05,1.80945018172064e-05,2.01886195289213e-05,2.25367135453997e-05,2.51677019622832e-05,2.81127277402417e-05,3.14051896741781e-05,3.508079244027e-05,3.9177626053207e-05,4.37362817693328e-05,4.88000098272597e-05,5.44149204383129e-05,6.06302294839329e-05,6.74985467579106e-05,7.50762031561182e-05,8.34236123285103e-05,9.26056630644286e-05,0.000102692137575492,0.000113758155118201,0.000125884636374958,0.000139158785929036,0.000153674593405526,0.000169533353355393,0.000186844191970112,0.000205724592431895,0.000226300912770241,0.000248708874514872,0.000273093993502172,0.000299611939400479,0.000328428800763291,0.000359721227053863,0.000393676435347584,0.00043049207098603,0.00047037590234298,0.000513545324630372,0.00056022663234652,0.00061065399254996,0.00066506804170553,0.00072371405432125,0.000786839640457136,0.000854691890947582,0.000927513839558788,0.00100554010961106,0.00108899159549297,0.00117806906935156,0.00127294579826904,0.00137375937542022,0.00148060282387273,0.00159351474667129,0.00171246808571311,0.00183735716349481,0.00196798325700043,0.00210403963384816,0.00224509728678129,0.0023905921310307,0.00253981300673853,0.00269188877377116,0.0028457736739936,0.00300023212784408,0.0031538263024474,0.0033049118048671,0.00345164583115993,0.00359200694163045,0.00372382161488012,0.00384479310118714,0.00395253063304548,0.00404458225145147,0.00411848052285336,0.00417180968776098,0.00420229512793492,0.00420790801230476,0.00418697223802593,0.00413826042476059,0.00406107297749253,0.00395530280615666,0.00382149125413524,0.00366087715440443,0.0034754325158199,0.00326787009110463,0.0030416064393939,0.00280067122131631,0.00254956624009059,0.00229308907602097,0.00203614046254395,0.00178353184089355,0.00153980231517881,0.0013090476631471,0.00109476344990351,0.000899708769549377,0.000725802543695079,0.000574067017691777,0.000444630176867507,0.000336790708387582,0.000249139358561021,0.000179722273712476,0.000126227109062292,8.6171761960678e-05,5.7077655726239e-05,3.66134867089632e-05,2.2700428119977e-05,1.35753132405328e-05,7.8136702293232e-06,4.31894992621286e-06,2.28722789178067e-06,1.15771524343406e-06,5.58680269222167e-07,2.56342518979312e-07,1.11507275002583e-07,4.58607712850549e-08,1.77745138135391e-08,6.33638810894963e-09,0
977124153.53465,0,-3.77675130197748e-14,-6.33680030160875e-15,1.38938235253128e-14,1.36302417105126e-13,3.99708172675053e-13,9.88567674398076e-13,2.1554403289747e-12,4.36043082032081e-12,8.30935310990358e-12,1.50963788248178e-11,2.63197862100001e-11,4.42575894425257e-11,7.20304582926215e-11,1.13791981863097e-10,1.74889112644793e-10,2.62012527848547e-10,3.83288670222644e-10,5.4832978329588e-10,7.6821143516694e-10,1.05540632997771e-09,1.42367209010786e-09,1.88794272504851e-09,2.46424853289966e-09,3.1697260226402e-09,4.02274935504691e-09,5.04322996057523e-09,6.25309125553572e-09,7.67692285528075e-09,9.34277773679823e-09,1.12830712686466e-08,1.35355147051646e-08,1.61440252919468e-08,1.91595529205509e-08,2.26407903029288e-08,2.66547506309392e-08,3.12772334766229e-08,3.65932246792486e-08,4.26973105735271e-08,4.9694207371205e-08,5.76995273198259e-08,6.68409018635213e-08,7.72595659464783e-08,8.91124618169148e-08,1.02574855946804e-07,1.17843376387239e-07,1.35139291324779e-07,1.54711776809463e-07,1.76840889398741e-07,2.01839977677926e-07,2.30057341487872e-07,2.61877066922099e-07,2.97719117216199e-07,3.380389104032e-07,3.83326728532066e-07,4.34107401381648e-07,4.90940730146266e-07,5.54423108298966e-07,6.25190762292071e-07,7.03924960622582e-07,7.91359464462115e-07,8.88290353691153e-07,9.95588267283389e-07,1.1142129759596e-06,1.24522999651919e-06,1.38982895589443e-06,1.54934328431604e-06,1.72527097379194e-06,1.91929621950421e-06,2.13331199514728e-06,2.36944404776298e-06,2.63007713421133e-06,2.91788496313106e-06,3.23586539716357e-06,3.58738323181894e-06,3.97622283173721e-06,4.40665296034065e-06,4.88350575937521e-06,5.41227106496293e-06,5.99920656589128e-06,6.65146282657336e-06,7.37722111083537e-06,8.18584053790661e-06,9.0880100654572e-06,1.00958996483895e-05,1.12233047867233e-05,1.24857784929821e-05,1.39007451137013e-05,1.54875921125518e-05,1.72677385761772e-05,1.92646811194468e-05,2.15040204297304e-05,2.40134763623885e-05,2.68229006460188e-05,2.99642973307957e-05,3.34718622071056e-05,3.73820516928019e-05,4.17336885732612e-05,4.65681103373365e-05,5.1929363286063e-05,5.78644412361614e-05,6.44235664349183e-05,7.1660509092252e-05,7.96329401986583e-05,8.84028126425656e-05,9.80367649690762e-05,0.000108606544147746,0.000120189446516434,0.000132868775714408,0.000146734312729666,0.000161882799383685,0.00017841843446276,0.000196453371056104,0.000216108202627681,0.00023751242778571,0.000260804872982298,0.000286134045267004,0.00031365839131309,0.000343546444267118,0.000375976841026812,0.000411138194016294,0.000449228798739823,0.000490456154396419,0.000535036269031362,0.000583192685992395,0.000635155138631063,0.000691157784495005,0.000751437010290691,0.000816228730217267,0.000885765049607566,0.000960270171537543,0.00103995534965048,0.00112501272144683,0.00121560814811354,0.00131187331147229,0.00141389714776478,0.00152171651232395,0.00163530568648634,0.00175456416248774,0.00187930270380798,0.0020092286660532,0.00214393202789002,0.00228287309808614,0.00242537159392878,0.00257059540618727,0.00271754721757835,0.00286504929138637,0.00301173024355279,0.00315601957244959,0.00329615440418117,0.00343019924397484,0.00355607478540045,0.00367158864439679,0.00377446361016408,0.00386236678643011,0.00393294903881263,0.0039839044626092,0.00401305417855284,0.00401844901693417,0.00399847694387749,0.00395195993623483,0.00387823178466245,0.00377719781343849,0.00364938354904422,0.00349597748688982,0.00331886393746866,0.00312063215055076,0.00290454454294474,0.00267445248326725,0.00243466083761182,0.00218975586284809,0.00194441737108091,0.0017032332071846,0.00147052603791397,0.00125019460087151,0.00104556886971875,0.00085928274496326,0.000693174720170086,0.000548231007528141,0.000424583911782748,0.000321570809542452,0.000237848845791192,0.000171551457722041,0.0001204676133731,8.22236322060351e-05,5.44497228481301e-05,3.49176511490201e-05,2.16411259892803e-05,1.29358567792718e-05,7.44128906353418e-06,4.11016755840858e-06,2.17477891984387e-06,1.09968671299979e-06,5.30075622302103e-07,2.4291643355586e-07,1.05524377033453e-07,4.33402017603532e-08,1.67787449512443e-08,5.96901074426765e-09,0
1000000000,0,-3.70969596058473e-14,-5.98001527033888e-15,1.27978614972769e-14,1.31232750548834e-13,3.83415798583045e-13,9.48482810396428e-13,2.06536520805337e-12,4.17554806747733e-12,7.9509113271224e-12,1.44371321090903e-11,2.51574778359364e-11,4.22860745195554e-11,6.87981386220214e-11,1.08656281723751e-10,1.66959621218769e-10,2.50091591626985e-10,3.65804915010189e-10,5.23273490977299e-10,7.33068915603665e-10,1.00710108619552e-09,1.35850929666146e-09,1.80156151062826e-09,2.35157562474937e-09,3.02493040477362e-09,3.83918791696186e-09,4.81337983851016e-09,5.96845751560304e-09,7.32791682402115e-09,8.91855738080749e-09,1.07713426710262e-08,1.29222920497732e-08,1.54133539003941e-08,1.82931984766677e-08,2.16179027214893e-08,2.545150850975e-08,2.9866477032314e-08,3.49440804019607e-08,4.07748097187708e-08,4.74588933768165e-08,5.51070430092014e-08,6.38415389994506e-08,7.37977546936795e-08,8.51261723014667e-08,9.79948845429723e-08,1.12592489730028e-07,1.29131206728325e-07,1.4784996690503e-07,1.6901720944076e-07,1.92933119336235e-07,2.1993112410389e-07,2.5037858287119e-07,2.84676745806529e-07,3.23260212388231e-07,3.66596244281352e-07,4.15184365054439e-07,4.69556712719276e-07,5.30279603428346e-07,5.97956731369575e-07,6.73234315846758e-07,7.56808458371478e-07,8.49434829349601e-07,9.51940713336554e-07,1.06523925325992e-06,1.19034565235944e-06,1.32839501621057e-06,1.48066144207196e-06,1.64857802867156e-06,1.83375765949878e-06,2.03801459759248e-06,2.26338723966851e-06,2.51216281370759e-06,2.78690521521352e-06,3.09048759494332e-06,3.42613164142212e-06,3.79745599367518e-06,4.20853605267427e-06,4.66397727504354e-06,5.16900352501027e-06,5.72956127133345e-06,6.35243887633676e-06,7.0453994296887e-06,7.81732383292367e-06,8.67835980957673e-06,9.64007111355072e-06,1.07155812694396e-05,1.19197054786064e-05,1.32690646758297e-05,1.47821777011739e-05,1.64795295017579e-05,1.83836151419623e-05,2.05189628680442e-05,2.29121438306158e-05,2.55917767544402e-05,2.85885390875795e-05,3.19351955112564e-05,3.56666553129576e-05,3.9820067266439e-05,4.44349582790302e-05,4.95534181421318e-05,5.52203296998661e-05,6.1483643279195e-05,6.83946885766222e-05,7.6008518649883e-05,8.43842794535229e-05,9.35856003341178e-05,0.000103680999857245,0.000114744306465017,0.0001268550890904,0.000140099098948908,0.000154568725033144,0.000170363459261966,0.000187590361113307,0.00020636452059091,0.000226809504972859,0.000249057763330075,0.000273250972144151,0.00029954030192842,0.000328086568445557,0.000359060247358465,0.000392641352460159,0.000429019165950348,0.000468391780573225,0.000510965415055427,0.000556953473541932,0.000606575276256002,0.000660054367150911,0.000717616373768596,0.000779486437018805,0.000845886120970353,0.000917029578917752,0.000993118763160625,0.001074337542295,0.00116084474612122,0.00125276639805498,0.00135018743755622,0.00145314292709145,0.00156160829968585,0.00167548795515763,0.00179460189355406,0.00191867122163855,0.0020473042555277,0.00217998462594488,0.00231606137465054,0.00245473933295894,0.00259506736528717,0.0027359237281252,0.00287600162589751,0.0030138013945653,0.00314763564915585,0.0032756494729606,0.00339585142993097,0.00350614702371808,0.00360436799618886,0.00368829818381834,0.00375570515741169,0.00380439061104692,0.00383226740463407,0.00383745980605516,0.00381841278168389,0.00377399209990411,0.0037035624912389,0.00360704296727767,0.00348494764496344,0.00333842036085233,0.00316926300026135,0.00297994615408867,0.00277358353738039,0.00255385508926805,0.00232487754500212,0.00209103635632824,0.00185680099545609,0.00162654470067245,0.0014043806543451,0.00119401575172693,0.000998618721073213,0.000820702898362304,0.000662031510560219,0.000523559709335906,0.000405427812728593,0.000307013248877383,0.000227038074823471,0.000163718969256143,0.000114940438287562,7.84307326335697e-05,5.19225308588977e-05,3.32851041305006e-05,2.06201187440581e-05,1.23185666762015e-05,7.08107635041361e-06,3.90765202918335e-06,2.06531489389088e-06,1.04294613689012e-06,5.01957213929964e-07,2.29639003782082e-07,9.95680000161525e-08,4.08118881922293e-08,1.57724498545596e-08,5.59374824190506e-09,0
