#"f_a, f(q)"
1000000,0,0.000113932386674713,7.29815271935783e-07,0.000124573755339804,7.88744302447e-06,0.000143881363950738,-2.44541664105266e-06,0.00016983483777208,1.05283495158219e-05,0.000158434022730595,5.76340071194678e-05,0.000135687576042974,0.000100239568042173,0.0001307416193799,0.00012751659757831,0.000141174518996374,0.000148157668091931,0.000158659219050311,0.000168668443321607,0.000179695559480281,0.000191319333636921,0.000203672387896544,0.000216845721275237,0.000230797924503443,0.000245693852238341,0.000261467243935952,0.0002783091931281,0.000296138783003059,0.00031517558779457,0.000335320845996935,0.000356821918678631,0.000379585966555559,0.000403856981733456,0.0004295811930983,0.000456977635201539,0.000486046380099859,0.000516984969572116,0.000549837303676159,0.000584786636382686,0.000621912931828689,0.000661399591552197,0.000703365110990126,0.000747992238379699,0.000795434509712311,0.000845873401515921,0.000899510399980055,0.000956532002087083,0.00101719063722017,0.00108166514126114,0.00115026579869399,0.00122317143039358,0.00130076663773993,0.00138322666251475,0.00147101653686509,0.00156430196324779,0.00166363756409972,0.00176917975394273,0.0018815938675308,0.00200102342637884,0.0021282508233553,0.00226339944536061,0.00240739286896569,0.00256033847616546,0.00272331025178676,0.00289639683599237,0.00308084139250948,0.00327673151737566,0.00348548337958495,0.00370720152884401,0.00394346152093691,0.00419441862314744,0.00446178751818229,0.00474581717915222,0.00504833865567023,0.0053697682525259,0.00571201661499423,0.00607572999123043,0.00646287564937829,0.0068743804829251,0.00731225829692936,0.00777774663911767,0.00827289589558017,0.00879930314876102,0.00935906401502966,0.00995418163842764,0.0105867815225356,0.0112593307387772,0.0119739773265022,0.012733718911474,0.0135407030551827,0.0143985248571104,0.0153093147085348,0.0162773285787307,0.017304669400078,0.0183963289420749,0.0195543724741117,0.0207845663256757,0.0220889347165049,0.0234740512810811,0.0249419245309068,0.0264999451488642,0.0281501431730459,0.0299006890506683,0.0317536724817619,0.0337180108280924,0.035795906866768,0.0379969358147183,0.0403234969159399,0.0427857023355747,0.0453861217724358,0.048135281343351,0.051035939652629,0.0540988324611501,0.0573268520431759,0.0607308456563331,0.0643136064426809,0.0680857539339166,0.0720502106844984,0.0762163080144573,0.0805877826797581,0.0851714216265495,0.0899717721949239,0.0949924388247986,0.10023830514949,0.105709261083298,0.111409777938923,0.11733520036035,0.123488848671069,0.129860317792812,0.136450999669323,0.143243504909556,0.150236114253797,0.157402878414287,0.164737658354259,0.172204422057573,0.179791321831821,0.187450218504533,0.195162083937034,0.20286448917182,0.21053030483666,0.218080701555298,0.22547934412012,0.232629542052526,0.239486468032191,0.245934456473024,0.251920686959832,0.257309428973522,0.262043841259961,0.265971452563161,0.269037161248594,0.271076206118262,0.272045869259225,0.27177669611436,0.27024992649392,0.267302439034121,0.262957171661653,0.257077719337602,0.249750062711136,0.240871000361937,0.230606350482939,0.21892236747648,0.206054640335486,0.192063875947388,0.177243772965271,0.161744888993168,0.145905356196598,0.12993991347378,0.114193120261799,0.0988986821488261,0.084360774628435,0.0707793550579575,0.0583633634335123,0.0472400274734693,0.0374900182763774,0.0291450767564082,0.022151536614841,0.0164623253835624,0.0119185124299209,0.00842684969394237,0.00577518827775691,0.00386764848596833,0.00249055424014609,0.00157509395119708,0.000943465329994566,0.00056356719827905,0.000310203450327827,0.000176094772588142,8.76781838040617e-05,4.75104057878302e-05,2.15340665957988e-05,1.00223345862579e-05,4.96090623670703e-06,5.56479375133868e-07,1.61385953630211e-06,-8.84255315606249e-07,1.05270045066194e-06,-3.98359891870884e-07,6.77598809781481e-07,7.32519121501931e-08,0
1023411.40210545,0,0.000113746660090283,1.00157802681532e-06,0.000124355844148583,8.29000682789548e-06,0.000143484039574863,-1.48184566149269e-06,0.000168822723619979,1.1844638437477e-05,0.000157381254821952,5.8489190115272e-05,0.000135012736538795,0.00010042822336146,0.000130256951089357,0.000127223594060905,0.000140606564973554,0.000147532208071945,0.000157872381281908,0.000167755881580126,0.000178632185223962,0.000190097837883618,0.000202272053940311,0.000215245249962167,0.000228972663820029,0.000243621029528632,0.000259127186322597,0.000275689599554909,0.000293237827765202,0.00031200521823019,0.000331907226973265,0.000353204948043141,0.000375817394047757,0.000399998604635879,0.000425701043791335,0.000453143932682054,0.00048232395594627,0.00051343112370243,0.000546503483139812,0.000581719185284532,0.000619153787248228,0.000658977994964792,0.000701294170934226,0.00074627462968856,0.000794073140666953,0.000844870296852469,0.000898854725027852,0.000956188161534287,0.00101710816665305,0.00108179238706885,0.0011505555338138,0.00122357997594947,0.00130123990994821,0.00138369767009817,0.00147140564598839,0.00156454778827346,0.00166371291259535,0.0017690823580227,0.00188131672859298,0.00200055650549175,0.00212760766544939,0.00226262445166383,0.00240650853021145,0.00255933900651209,0.00272221071151384,0.00289526443420833,0.00307970722017284,0.00327554669833452,0.00348419529544351,0.00370583470276494,0.00394203345923091,0.00419287376065238,0.00446008154630303,0.00474396096832016,0.00504635407733739,0.00536762501360283,0.0057097056783112,0.00607324023162135,0.00646021261256119,0.00687150866293531,0.00730915993891338,0.0077743777520477,0.00826925489916283,0.00879534024177742,0.0093547582109157,0.00994949562434535,0.0105816955927586,0.0112537947188441,0.011967962362713,0.0127271799395736,0.0135336033956448,0.0143908157013236,0.0153009608295763,0.0162682675447327,0.0172948643447173,0.0183857187560639,0.0195429107195823,0.0207721831385835,0.022075579474392,0.0234596454761318,0.0249264090205019,0.0264832346871448,0.0281321632173672,0.0298813466131942,0.0317328649114199,0.0336956520480733,0.0357718597662057,0.0379711264940822,0.0402957376643378,0.0427559362870417,0.04535410273357,0.0481009714744303,0.0509990388137628,0.05405931505296,0.0572843522017552,0.0606853595356433,0.0642647006690959,0.0680334378983919,0.0719939740817765,0.0761561727629999,0.0805231494072721,0.0851023177570795,0.0898975225038494,0.0949130599839761,0.100153037241997,0.105618093384618,0.111311893411803,0.117230551661647,0.123376581611792,0.129740346226132,0.136322458354967,0.143106227660156,0.150089211371041,0.157246025234194,0.164569928253348,0.172025304624548,0.179599846229917,0.187245705234534,0.19494361997466,0.202631296968829,0.210281496751136,0.217815398978277,0.225196737333489,0.232328675213968,0.239166509843133,0.245594466261287,0.251559955444845,0.256927139405302,0.261639472173886,0.265544427618513,0.26858728392151,0.270603416887809,0.271550412898833,0.271259149308975,0.269711243051928,0.266744047239567,0.262380950209212,0.256486315340873,0.249146369203081,0.240258839104144,0.229989929910858,0.218306563522532,0.205444715413094,0.191465521801133,0.176662721852722,0.161186931202364,0.145375656692621,0.129443320018974,0.113733369076775,0.0984788665799068,0.0839824937702495,0.0704434652183154,0.058069360292055,0.0469866013085363,0.037274809565684,0.0289652005930046,0.0220034787839313,0.0163424749088817,0.0118230502882712,0.00835215365432594,0.00571780142278441,0.00382452084558357,0.00245892539508869,0.00155249027816079,0.000927690138427422,0.00055269156097471,0.000302690657704866,0.000170768842699554,8.38894326958274e-05,4.49900612039192e-05,2.02073028031611e-05,9.83469438873398e-06,5.60566745049887e-06,1.64942670424255e-06,2.62430751380903e-06,-1.92758163386274e-07,1.31902052463083e-06,-3.69603132809552e-07,5.84390043929483e-07,-7.41761373723062e-09,0
1047370.89795945,0,0.000113143615761426,1.15760287332815e-06,0.000123586763476553,8.51629288904004e-06,0.000142647844171911,-9.58146284243905e-07,0.000167456816182875,1.28796805793793e-05,0.000155907728610678,5.93028268614294e-05,0.000134147113623556,0.000100758534073177,0.000129973859512226,0.000127366985767044,0.000140654832516066,0.000147741780296478,0.000158144907323494,0.000168147243821561,0.000179142399922385,0.000190754579995767,0.000203099611077762,0.000216274540061114,0.00023023421707571,0.000245144094653862,0.000260934944868717,0.000277797240250182,0.000295648726352185,0.000314710035846349,0.000334881448375671,0.000356411921810358,0.000379205196601335,0.000403505394426766,0.000429256742643081,0.000456678288286311,0.000485769691251186,0.000516727662945936,0.000549596233698632,0.000584557916136793,0.000621691869243367,0.000661181288458837,0.000703144719201827,0.000747766200812098,0.000795199088330985,0.000845625512659035,0.000899244806211881,0.000956242927774044,0.00101687101138023,0.00108131060821218,0.0011498722985641,0.00122273755957047,0.00130028875707926,0.00138270107344402,0.00147043529990314,0.00156365978144415,0.00166292723772281,0.00176839692787589,0.00188072754962285,0.00200006500139909,0.00212718869628234,0.00226223058199143,0.00240610697283313,0.00255893096513679,0.00272177172174531,0.00289472466863002,0.00307902352402108,0.00327475736091111,0.00348333624775628,0.00370486143545505,0.00394090796215444,0.00419162332515454,0.00445873414282542,0.00474247610225285,0.00504470102307869,0.00536579871184725,0.00570770645976102,0.00607103348589669,0.00645777885223798,0.00686882334441183,0.00730621491529007,0.00777114623242282,0.00826570971658361,0.00879145680585535,0.00935052511394847,0.00994487321085944,0.0105766716837195,0.0112483328289649,0.0119620529787625,0.0127207676464452,0.0135266876421052,0.0143833333869061,0.0152929027590963,0.0162595641849707,0.0172854958021191,0.0183755990773992,0.0195320056605331,0.0207603988466874,0.0220628600516463,0.0234458979304274,0.024911550542805,0.0264671788498469,0.0281148028216435,0.029862613933568,0.0317126320008476,0.0336738544769782,0.035748350529584,0.0379458568487563,0.0402685362371204,0.042726743029818,0.045322712022233,0.0480673227151418,0.0509628778810662,0.0540205742017918,0.057242736978844,0.0606407938822348,0.0642168341258795,0.0679822012621679,0.0719389709550017,0.0760973128447835,0.0804599987114053,0.0850347595151571,0.0898250673058277,0.0948355524675051,0.100069968753708,0.105529236355642,0.111216699529463,0.117128709711347,0.123267503602691,0.129623607672577,0.136197437038218,0.142972398663434,0.1499459677155,0.157092769629686,0.164406026013833,0.171850037035059,0.179412578860528,0.187045630062195,0.194730069371373,0.202403342572687,0.210038409520754,0.21755614466947,0.224920619285957,0.232034677055744,0.238853989983027,0.245262450012479,0.251207907152681,0.256554175516242,0.261245224550733,0.265128345756534,0.268149252410734,0.270143306800556,0.271068684028357,0.270756325673471,0.269188360411832,0.266202558957767,0.261822889031568,0.255914181551653,0.248563313138938,0.239668475514323,0.229396508397046,0.217714640789479,0.20485944778439,0.190892105036578,0.176106823402286,0.160653646062012,0.144870255423368,0.128970178445357,0.113296617371824,0.0980811447390541,0.0836259679539964,0.0701286340581644,0.0577960869406447,0.0467532610463027,0.0370793735584658,0.0288044008103674,0.0218740050209083,0.0162402775664592,0.0117444052642014,0.00829284180419942,0.00567436634359929,0.00379329044660196,0.00243717855149103,0.00153748886831901,0.000917828092285427,0.000546452615387264,0.000299494457470539,0.000169675252486745,8.42911248583429e-05,4.57334203461855e-05,2.05687576816656e-05,9.29146688396991e-06,4.56944825862467e-06,8.99178465931039e-07,3.22940678724251e-06,2.49371135272654e-06,6.32192920519289e-06,6.21380613241429e-06,6.9781457516528e-06,3.83053623103329e-06,0
1071891.31920513,0,0.000112549169632044,1.40622222996282e-06,0.000122869075084744,8.87490119479767e-06,0.000141856721877923,-1.55709240464935e-07,0.000166065737795067,1.42228821824448e-05,0.000154427810154079,6.03285949874184e-05,0.000133270924639037,0.000101167902732909,0.000129620729123497,0.0001274372274376,0.000140528193894034,0.000147721047814834,0.000158099317515002,0.000168134628690247,0.000179142557266696,0.000190775495559824,0.000203136525143385,0.000216325150846073,0.000230292597938434,0.000245204717988664,0.000260991387161166,0.00027784458694961,0.000295682497799607,0.00031472828833914,0.000334883011424651,0.000356398239714211,0.000379177711085432,0.000403467801166073,0.000429213620058064,0.000456634267001566,0.000485727678725492,0.000516687863414862,0.000549559036806857,0.000584525444434118,0.000621668045119903,0.000661168117885148,0.000703140616316557,0.000747767250202503,0.000795202494196719,0.000845630977563869,0.000899252267117329,0.000956250355188866,0.00101687398349467,0.00108130573008381,0.0011498573706544,0.00122271125197621,0.00130024821514929,0.00138264292831086,0.0014703545139086,0.00156355302343449,0.00166279211114899,0.0017682318463564,0.00188052689358755,0.00199982291947576,0.00212689695921316,0.0022618814290043,0.00240568755967165,0.00255842742454621,0.0027211680970278,0.00289400691773934,0.00307817831278197,0.00327377097485132,0.00348220011559864,0.00370356611160283,0.00393945046369123,0.00418999377205709,0.00445693300548488,0.00474049515782089,0.00504253881154761,0.00536344561136015,0.00570515401824292,0.00606826768647738,0.00645478114523374,0.00686557072835513,0.00730267813873444,0.00776729441587102,0.00826151539277272,0.00878689095830246,0.00934556622320926,0.00993948754452365,0.0105708422940222,0.011242021975078,0.0119552430735582,0.012713407952904,0.0135187520402984,0.0143747602852287,0.0152836609777493,0.0162495893293583,0.0172747551545366,0.0183640304641303,0.0195195737157919,0.0207470398991496,0.0220485281250787,0.0234305276198074,0.0248950822165095,0.0264495429385446,0.0280959211039292,0.0298424053880256,0.0316909929352446,0.0336506944692041,0.0357235351980114,0.0379192762033891,0.0402400332993419,0.0426962031274612,0.0452899516236761,0.0480322114637554,0.0509252088115552,0.0539802061494159,0.0571994344117177,0.0605943919722163,0.0641670665712418,0.0679288909783394,0.0718818140163294,0.0760361129989637,0.0803943937913859,0.0849645347591074,0.0897498167275407,0.0947550236185098,0.0999836923967993,0.105436928150912,0.111117843020568,0.117022970222684,0.123154321595741,0.129502591334816,0.136067978441349,0.142834015005248,0.149797949044626,0.156934523252705,0.164236806410913,0.171669192765484,0.179219296592316,0.18683916111836,0.194509571857117,0.202168021888146,0.209787424647953,0.21728869530748,0.224635828555741,0.231731692904749,0.238531968366531,0.244920585064085,0.250845433524428,0.256170478648434,0.260839750367177,0.264700717356232,0.267699297608185,0.269671123494621,0.270574561238392,0.270241027611733,0.268652958061454,0.265648652987043,0.261252489249188,0.255330033007136,0.247968447676423,0.239066781604713,0.228792308073648,0.217112753643059,0.204265114033911,0.19031086214556,0.175544163395522,0.160115169473778,0.14436090183487,0.128494642590799,0.112858578108896,0.0976836531253823,0.0832706997931437,0.0698164233676313,0.0575264493691976,0.0465248157777954,0.0368896998293664,0.0286503670515872,0.0217518083539603,0.0161457698865629,0.0116732680610089,0.00824080649197188,0.00563746601838218,0.00376793711127065,0.00242041957651022,0.00152674755676527,0.000911243127853732,0.000542492046049289,0.000297234696517587,0.000168365189589452,8.37500725002592e-05,4.58848672014765e-05,2.14430145974587e-05,1.0641210073957e-05,5.81794939260708e-06,1.3047583980402e-06,2.07307923119463e-06,-6.73734595994575e-07,1.06676692082885e-06,-4.27552179928721e-07,6.51874292235487e-07,7.65018425830432e-08,0
1096985.79789238,0,0.000111929063399811,1.64152735675952e-06,0.000122151257017808,9.25823234303602e-06,0.00014096988151628,7.06059890362205e-07,0.000164674377934594,1.54328547593999e-05,0.000153114142668909,6.11349374752135e-05,0.000132533446271931,0.000101422751701607,0.000129297602355745,0.000127407403234403,0.000140348045517264,0.000147594380627782,0.000157937053837007,0.00016797087344167,0.000178963532693967,0.00019058573588968,0.000202934488063046,0.000216112490969861,0.000230069962415174,0.000244974104440622,0.000260753974016311,0.000277602533691176,0.000295437318189242,0.000314482189456954,0.000334636499090322,0.000356153140611262,0.000378934679352064,0.00040322918034409,0.000428980544322466,0.000456407452873913,0.000485506981263552,0.000516472297659022,0.000549347200280015,0.000584314876222947,0.00062145580581399,0.000660951251460345,0.000702916794028861,0.00074753523892764,0.000794961609235161,0.000845380792122609,0.000898992220077341,0.000955981225829972,0.00101659769992088,0.00108102556091715,0.00114957509041985,0.00122242712430496,0.00129995990406523,0.00138234864829352,0.00147005156827256,0.00156323909057194,0.00166246161727219,0.00176787977542347,0.00188014741308591,0.00199941373136564,0.00212645350798987,0.00226140146641385,0.00240516795891077,0.00255786975981711,0.00272057223162279,0.00289337367780302,0.00307750738734719,0.00327305865910291,0.00348144194668368,0.0037027481810985,0.00393856361074914,0.00418901604563211,0.00445585236795158,0.00473928234183346,0.00504118070422967,0.00536191113907379,0.00570342938423438,0.00606632647677061,0.00645261130792046,0.00686315248587799,0.00730000335976151,0.00776434506321238,0.00825827705593458,0.00878333376205559,0.00934166808735427,0.00993520962707878,0.010566157487107,0.0112368805323315,0.0119496184221533,0.0127072481300751,0.0135120353021165,0.0143674309681426,0.015275697474357,0.0162409257183691,0.0172653627372706,0.0183538281653965,0.0195085213746042,0.020735047349395,0.0220355461113912,0.0234164597982083,0.0248798648916664,0.0264330788329276,0.0280781263521847,0.0298231848892978,0.031670242418429,0.0336283319902705,0.0356994339975204,0.0378933640915081,0.0402121430520818,0.0426662653849407,0.0452577601828235,0.0479977048255578,0.0508881374565866,0.0539405084597293,0.057156801963017,0.0605487694098616,0.0641180904260173,0.0678764949285495,0.0718255720616526,0.0759759708292647,0.0803298660190905,0.0848955630314948,0.0896758603440022,0.0946760082715394,0.099899025280502,0.10534649348487,0.111020972945909,0.116919485076517,0.123043493773937,0.129384167103968,0.135941184433796,0.142698527200774,0.149652987547055,0.156779664454432,0.164071233724761,0.171492351353347,0.179030324719351,0.186637377668197,0.194294103487741,0.201938091348909,0.20954212482075,0.217027147875203,0.22435716098908,0.231435040207315,0.238216493693316,0.244585485416868,0.250489961399176,0.255793902167128,0.260441546337454,0.264280515254326,0.267256843210688,0.269206407330594,0.270087893836722,0.269733137984905,0.268124837294257,0.26510185498873,0.260688975469726,0.254752434498004,0.247379726058166,0.238470752303462,0.228193171790557,0.216515231086152,0.203674233656743,0.18973195866455,0.174982553885962,0.159576322343138,0.14384976681188,0.128015719512077,0.112415653087638,0.0972798122318013,0.0829077490537559,0.069495270459064,0.0572468087927698,0.0462855843474841,0.0366887531724714,0.0284849601945929,0.0216184864389476,0.0160408534075403,0.0115928214119297,0.00818087754059899,0.00559424667701186,0.00373786475751328,0.00240029085349164,0.00151370271424032,0.000903012009093912,0.000537226603336371,0.0002937322746227,0.000165761122617557,8.16907087086798e-05,4.42594587483656e-05,2.03067620543026e-05,1.00724989578442e-05,5.75576465643942e-06,1.64191824792051e-06,2.55944209902079e-06,-1.66740147438685e-07,1.44036105565337e-06,-1.74650845957217e-07,7.63088387766431e-07,1.1463610630455e-07,0
1122667.77351081,0,0.000111221237211462,1.9262488248653e-06,0.000121329700501416,9.65174462067374e-06,0.000140087128884998,1.63207452814018e-06,0.000163157937516761,1.6949419617952e-05,0.000151597673055802,6.22999551538153e-05,0.00013174020531105,0.00010197225027964,0.000129103109316656,0.000127660286924738,0.000140434351673207,0.000147810510481091,0.000158158389339198,0.00016825454796922,0.000179294820477079,0.000190977239852293,0.000203388164413986,0.000216632678321334,0.000230656977172803,0.000245625943646742,0.000261462244940866,0.000278353950242621,0.000296212454993546,0.000315259116101847,0.000335389604135361,0.000356857871769032,0.000379565977348129,0.000403766945355964,0.000429410789992092,0.000456724726188174,0.00048571400406269,0.000516578692581089,0.000549368845085238,0.000584270174630832,0.000621362515813609,0.000660824617104277,0.000702770936839484,0.000747383550141276,0.000794814186603904,0.000845241838354608,0.000898861827005875,0.000955857356877318,0.00101647533892853,0.00108089750361279,0.00114943836803315,0.00122228875244682,0.00129983001670245,0.00138223403823286,0.00146995358016086,0.00156315557674619,0.00166238383206288,0.00176779833969074,0.00188005473227788,0.00199930352658297,0.00212631284301553,0.00226121400534845,0.00240491907561047,0.00255755323120251,0.00272017961271671,0.00289289135937004,0.00307692293741707,0.0032723662185934,0.00348063491030079,0.00370181373418208,0.00393748895156485,0.00418778403388771,0.00445445429949937,0.00473769924637818,0.005039394928543,0.00535990215265657,0.0057011849194549,0.00606382715155859,0.00644984357759452,0.00686010254815401,0.00729665735780248,0.00776068518799491,0.00825428587276708,0.00877898444019858,0.00933693553703846,0.00993005929479525,0.0105605647822412,0.0112308061055811,0.011943038861983,0.0127001149298896,0.0135043206933849,0.0143590765873314,0.0152666688616345,0.0162311531289745,0.0172548034081862,0.0183424090387738,0.0194961989065916,0.0207217480778441,0.0220212228461942,0.0234010374926148,0.0248632864239544,0.026415261993286,0.0280589906675575,0.0298026355031264,0.031648175272966,0.0336046397333288,0.0356739848611932,0.0378660415209532,0.0401827978414733,0.0426347815624532,0.0452239598569817,0.0479614702466711,0.0508492529490276,0.0538988558111586,0.0571121233952373,0.060500938793324,0.0640668030968966,0.0678216366066327,0.07176678798088,0.0759131300567222,0.0802625453586527,0.0848236064915766,0.0895987798896836,0.0945936256925831,0.0998107999665604,0.105252215192214,0.110920040080606,0.116811622858676,0.122928040426155,0.129260770575201,0.13580912357291,0.142557379583353,0.149501994030892,0.156618339347085,0.163898785649958,0.171308213358724,0.178833696060177,0.186427614057412,0.194070373027709,0.201699619673108,0.209288043641729,0.216756597459407,0.224069307936603,0.23112898037628,0.237891456729425,0.244240573373935,0.250124549151504,0.255407247368173,0.260033278092812,0.263850163773901,0.266804418777408,0.268731876502648,0.269591808415984,0.269216074176415,0.267588023351018,0.264546810417288,0.260117930665629,0.254167944105417,0.246785100040476,0.237869733323081,0.227590185559649,0.215914937361239,0.203081948888878,0.189152875802138,0.174422382155223,0.159040133161365,0.143342710398269,0.127542092133961,0.111979339173236,0.096883335022968,0.0825529048881016,0.0691823167402266,0.0569751583940764,0.0460532896617599,0.0364933139597367,0.0283228757649693,0.0214862658800574,0.0159345109499712,0.0115088841393684,0.00811560436198872,0.00554473443103578,0.00370108226237079,0.00237407739418842,0.00149564022689637,0.000891440738136503,0.000530174375272476,0.0002899390354607,0.000163738338936849,8.07190252848373e-05,4.35361979695456e-05,1.96634263122513e-05,9.28500751584166e-06,4.95423910996495e-06,8.45844175550386e-07,1.91107648262238e-06,-6.70607162564397e-07,1.11894700272742e-06,-3.84227164791455e-07,6.66219347155192e-07,6.60274179690129e-08,0
1148951.00018731,0,0.000110569142759747,2.18639166390672e-06,0.00012057863406703,1.00412799351054e-05,0.000139184256811337,2.52970396412931e-06,0.000161692266689954,1.82115388838901e-05,0.000150211544546347,6.30896147290864e-05,0.000130942578637911,0.000102147538453028,0.000128684746795652,0.000127500884384588,0.000140099507577101,0.000147495020740134,0.000157772889277292,0.000167830509538802,0.000178815562495476,0.000190445495917908,0.000202800626225045,0.000215990848497533,0.000229962656851631,0.000244885184879789,0.000260684290750077,0.000277553676580237,0.00029540810600127,0.000314472594022837,0.000334642991637354,0.000356174490652321,0.000378966518695231,0.000403269512779787,0.000429026601032203,0.000456457245794973,0.000485559257657762,0.000516525510758869,0.000549400783247576,0.000584367429426663,0.000621505889597137,0.000660996451927593,0.000702954841401869,0.000747563617439974,0.000794977134728946,0.000845379522121248,0.000898969300871571,0.000955932419590275,0.0010165185623616,0.00108091222220287,0.00114942235395191,0.00122223052158263,0.00129971495505298,0.00138205352175577,0.00146970311808313,0.00156283435405289,0.0016619938263758,0.00176734343808653,0.00187953457432118,0.00199871844488199,0.00212566534263626,0.00226051448446524,0.00240417562756209,0.00255677251412501,0.00271936564513622,0.00289205840270683,0.00307608295275333,0.00327153063992729,0.00347980927620111,0.00370100127018232,0.00393668348640755,0.00418696520050926,0.00445357955458378,0.00473671389290177,0.00503825027187684,0.00535855159353206,0.00569959846779529,0.00606197568169695,0.00644771615353358,0.00685769212835696,0.00729399391517909,0.00775778350656465,0.00825115086458803,0.00877558457146875,0.00933326045686036,0.00992609242258673,0.0105563025589126,0.0112262024851843,0.011938054787189,0.012694702235225,0.0134984647926657,0.0143527299729516,0.0152597896204853,0.0162236702238792,0.0172466762788098,0.0183335576084057,0.0194865609773695,0.0207112346246769,0.022009773242178,0.0233885636687285,0.024849725371268,0.0264005342845665,0.0280430291952832,0.0297853603781833,0.0316295035723841,0.0335844794297852,0.0356522305514763,0.0378425866755912,0.0401575089927619,0.0426075387316825,0.04519461426868,0.0479298806499436,0.0508152534885608,0.0538622970276702,0.0570728179656203,0.0604587031304804,0.0640214217173203,0.0677729023762117,0.0717144555284642,0.0758569766218508,0.0802022634010353,0.0847589614439956,0.0895294171477142,0.0945192711456233,0.0997310429165031,0.105166742661733,0.110828388518193,0.116713436651046,0.122822819574767,0.129148085286381,0.135688437050792,0.142428159447235,0.14936365722383,0.156470231515265,0.163740317522139,0.171138631876903,0.178652414512652,0.186233752860599,0.193863339182762,0.201478436513915,0.209052166280494,0.216504985452121,0.223801420575642,0.230843698440864,0.237588278372079,0.243918404631842,0.249782992756398,0.255045362595865,0.259650850187515,0.263446496050912,0.266379612397075,0.268285747031018,0.269124935155796,0.268728909537592,0.267081803530781,0.264022800057055,0.259578265439833,0.25361499323148,0.246222019144004,0.237299943114153,0.227018029379831,0.215344794049532,0.202518945215857,0.188601909550996,0.173888843484705,0.158528990226441,0.142858819826518,0.127089470634117,0.111561613691553,0.0965030544576966,0.0822119213608867,0.0688812165603526,0.0567139502696317,0.0458306809718521,0.0363075695112403,0.028171128113396,0.0213653963695783,0.0158406017731267,0.0114380519161257,0.00806367550642977,0.00550810773113362,0.00367625834329619,0.00235832102033194,0.00148633605390644,0.000886664202265778,0.000528099645959131,0.000289373710531767,0.000163562377768586,8.0484712171216e-05,4.29966205021368e-05,1.89819684937417e-05,8.62890827619972e-06,4.49564005068812e-06,6.03239438713612e-07,1.80223360718259e-06,-7.19794772573885e-07,1.05875715644021e-06,-4.3856004295131e-07,6.17920801695597e-07,4.9451283256354e-08,0
1175849.55405216,0,0.000109651239619483,2.47373049202445e-06,0.000119567511992071,1.05008025225161e-05,0.000138043886856491,3.57891739923377e-06,0.000160078749829322,1.9699040554793e-05,0.000148848780359033,6.42022763627981e-05,0.000130390409801957,0.000102785421085287,0.000128764809793303,0.000128000727118065,0.000140531130294388,0.000148091904113872,0.000158441402253193,0.000168614893760112,0.000179705226163166,0.000191449484881086,0.000203919110328398,0.000217224668533883,0.000231307085939127,0.000246332295056251,0.000262219633080705,0.000279158108036152,0.000297054068208,0.000316128959504373,0.000336274187181595,0.000357747299149926,0.000380445291335976,0.000404623743181201,0.00043023133728923,0.000457498104450048,0.000486431224346831,0.000517233573539827,0.000549959195149366,0.00058479648109639,0.000621828691625782,0.000661238565070429,0.000703144506473569,0.000747728262125146,0.000795140213103522,0.000845557704037329,0.000899173038971813,0.000956166966973783,0.00101678161768236,0.0010811920660034,0.00114970485413931,0.00122250916582585,0.00129998963029773,0.0013823261968998,0.00146997462132439,0.00156310137848799,0.00166224555702143,0.00176757117522545,0.00187973486057401,0.00199889177993774,0.00212580585172222,0.00226061031086314,0.00240421098005352,0.00255673550406437,0.00271924078902324,0.00289182002566744,0.00307569790962173,0.00327097392832894,0.00347906662297387,0.00370005333807296,0.00393551458288413,0.00418557230088083,0.00445199583020021,0.00473497191863742,0.0050363805648394,0.00535656398798905,0.00569750042335692,0.00605975438572468,0.00644535883772918,0.00685515553035754,0.00729121077327034,0.007754682341708,0.00824769678099633,0.00877174636658957,0.00932901087154979,0.0099213779825786,0.0105510832451502,0.0112204363421807,0.0119317342423452,0.0126877779087062,0.0134909010199333,0.0143444641709093,0.0152508102742002,0.0162139222258072,0.0172361463427321,0.0183221796267146,0.0194743306039818,0.0206980823906668,0.0219956629176666,0.0233734251771462,0.0248334822331933,0.026383112654126,0.0280243139064754,0.029765277462436,0.0316079087288577,0.0335613006410978,0.0356273060027822,0.037815849484603,0.0401287834587393,0.0425767526180093,0.0451615599720562,0.0478944874403889,0.0507772800278556,0.0538216495197969,0.0570292183770174,0.0604120598215895,0.0639714147156817,0.0677194189557349,0.0716571099962247,0.0757956406462904,0.0801365067940223,0.0846886316501965,0.0894540146680055,0.0944386241832069,0.0996445746190799,0.105074255741882,0.110729255292075,0.116607424221957,0.122709219897398,0.12902663844124,0.135558391234186,0.142289209978855,0.149214982322373,0.156311471671385,0.163570594936574,0.170957468292608,0.178458824810498,0.186027171683715,0.193642799599682,0.201243327408866,0.208801422619256,0.216237901534391,0.2235169883095,0.23054125427055,0.237266855075047,0.243577436559591,0.24942163465189,0.254663162605209,0.259247203036213,0.263021296313258,0.265932570697502,0.267817146415848,0.268635054705033,0.268218720097522,0.266552278414342,0.263475759750229,0.259015690172324,0.253039838623344,0.245637254900954,0.236709588857385,0.226426191193683,0.214756214489295,0.201938466356062,0.188034890143444,0.17334041085689,0.158004343339294,0.142362610608943,0.12662608696151,0.111134492638913,0.0961149528371898,0.0818642708867718,0.0685745329860652,0.0564475095710083,0.0456027799921075,0.0361156545022212,0.0280119702295979,0.0212353820508459,0.0157359202026796,0.011354958129196,0.00799846220382232,0.00545755758634488,0.00363734536280632,0.00232867986168717,0.00146377991662336,0.000869779670539559,0.000515661367754853,0.000280776470475723,0.000158064548314237,7.76647012965518e-05,4.22518258143617e-05,2.0096740735369e-05,1.16560723143314e-05,9.91881538009944e-06,8.64287946099298e-06,1.14429827380801e-05,7.60037111533756e-06,4.07058591105739e-06,-5.06016624683506e-06,-8.9769283403988e-06,-7.35591062895907e-06,0
1203377.84077759,0,0.000108760037840192,2.73647064600447e-06,0.000118554196987673,1.08946473713211e-05,0.000136834332519656,4.46670989305413e-06,0.000158272124700798,2.08858947515121e-05,0.000147099181592003,6.48010409707988e-05,0.000129204946635362,0.000102627478246821,0.000127900218324958,0.000127368488360243,0.000139647684988351,0.000147166457885751,0.000157374563697272,0.000167434837100974,0.000178392711632046,0.000190003432984283,0.000202334213863731,0.000215500001720629,0.000229444624094265,0.000244339425596679,0.00026010815847637,0.000276946135711939,0.000294765862162338,0.000313794314978769,0.000333925573712651,0.000355419475892527,0.00037817352620627,0.000402442134437478,0.000428169814294974,0.000455579687079934,0.000484672332249778,0.000515641926420414,0.000548535306986442,0.000583533972545763,0.000620717939157033,0.00066026541609016,0.000702289902100501,0.000746970678463488,0.000794458028260092,0.000844932237934686,0.000898589077163018,0.000955613677682951,0.00101625136659611,0.00108068317751957,0.00114921798227767,0.00122204330842148,0.00129953663804495,0.00138187319225613,0.00146950658288831,0.00156261025975839,0.00166172980679532,0.00176703038436152,0.00187916291867007,0.00199827909981703,0.0021251427561821,0.00225989334678561,0.00240343415186027,0.00255588960432195,0.0027183133755505,0.00289080783871128,0.00307459880574397,0.00326977777654187,0.00347775519542845,0.00369861201547851,0.00393393730699994,0.00418384874546028,0.00445011408344226,0.00473291140905501,0.00503413291424753,0.00535411610976153,0.00569484765737367,0.0060568783069134,0.0064422448871365,0.00685178179581474,0.00728756661398029,0.00775074291248198,0.0082434418080811,0.00876715052493356,0.00932405746840789,0.00991603614216804,0.0105453326348111,0.0112142408532694,0.0119250681840429,0.0126805966642522,0.0134831796579468,0.0143361501678834,0.015241876932464,0.0162043145978586,0.0172258342764746,0.018311105118751,0.0194624511839811,0.0206853219240014,0.0219819747073999,0.0233587089800513,0.0248176915081506,0.026366128413364,0.028006083851768,0.0297456755107256,0.0315868680030567,0.0335386994073485,0.0356030491976524,0.0377898144592029,0.0401008324272418,0.0425467644637108,0.0451293572234903,0.0478599374104454,0.0507401607735301,0.0537818350706259,0.0569864535186813,0.0603662035532698,0.0639221602559515,0.0676666288626139,0.0716004152892583,0.0757348964024295,0.0800712859141607,0.0846188119132368,0.0893790955649355,0.0943584698724338,0.0995585994290943,0.104982299445221,0.110630659805922,0.116502011078238,0.12259630197231,0.128905970903358,0.135429240110299,0.142151206511814,0.149067402866661,0.156153775204617,0.163402058662143,0.170777362575533,0.178266504756409,0.185821707373101,0.193423632881808,0.201009326873393,0.208552150576576,0.215972052015751,0.223234263615213,0.230240262706934,0.236947445730134,0.243238171855176,0.249062536394884,0.254282852530044,0.258845908555275,0.262597889428074,0.265487609933313,0.26735000308732,0.26814681227886,0.267709516898926,0.266023903354429,0.262929327359531,0.258453885592136,0.252464949914699,0.245052849650676,0.236119096610178,0.225834195303872,0.21416703955224,0.201357435424272,0.187467017106695,0.172791130553223,0.157478561765432,0.141865155551294,0.12616112196285,0.110705588014772,0.0957246007617939,0.0815141033010836,0.0682651732775574,0.0561785163173513,0.045372797003246,0.035922550518881,0.0278529615727488,0.0211071251993507,0.0156347726592266,0.0112771203008753,0.00794006091520244,0.00541490288666027,0.00360702407166339,0.00230776958465056,0.00144969457368927,0.00086053860497726,0.000509647377508538,0.000276884842189437,0.000155384503947406,7.56159773977458e-05,4.03516042069079e-05,1.78238859941379e-05,8.30869596448315e-06,4.54463894144088e-06,6.26632450330108e-07,1.34690118212138e-06,-1.91348529252251e-06,-8.72018026619742e-07,-2.67084604952971e-06,-1.37923603490958e-06,-1.21069233176092e-06,0
1231550.60329283,0,0.000107756777539319,2.98226974847087e-06,0.000117450962195669,1.12927024618559e-05,0.000135488577822751,5.38252304233474e-06,0.00015645258740387,2.19796866865292e-05,0.000145508500489858,6.53195904182115e-05,0.000128214766401554,0.000102532875291307,0.000127253225911621,0.000126948211346633,0.000139063317446782,0.00014659465154585,0.000156742963352795,0.000166778817260466,0.000177712400750031,0.000189318639243434,0.000201664840913667,0.000214871715505338,0.000228884048105077,0.000243873646108379,0.00025976001954459,0.000276731768063201,0.000294689511344472,0.000313848259550979,0.00033408931305865,0.000355663454261972,0.000378458204548405,0.000402724608595717,0.000428408696474418,0.000455742181613599,0.000484737678242774,0.000515600988102312,0.000548388936891687,0.000583289855171176,0.000620389825210013,0.000659873108361366,0.000701858036546259,0.000746524147949555,0.00079401423402303,0.000844500249118303,0.000898174860455864,0.000955224905702824,0.00101589139236371,0.00108034729546567,0.00114889803612751,0.0012217364281406,0.00129924974074353,0.00138162320383022,0.00146930921993594,0.00156246442059219,0.00166161410507259,0.00176692251460292,0.00187904853386247,0.00199814657644473,0.00212496811380582,0.00225965499206999,0.00240313559476965,0.00255555444623723,0.00271793611289404,0.00289034767418631,0.00307402987347587,0.00326912945669725,0.00347706474490328,0.00369786154128857,0.00393308146864053,0.00418289340996088,0.00444911067824248,0.00473184077655453,0.00503291965742095,0.00535272859318293,0.00569331314714472,0.0060551784718551,0.00644033831900529,0.00684964534746624,0.00728519819589254,0.00774811288296315,0.00824052030299092,0.00876390651192931,0.00932048759328466,0.00991210100514507,0.0105410016449312,0.0112094797603753,0.0119198544084898,0.0126748828663272,0.0134769289560177,0.0143293086344907,0.01523441239466,0.0161961423328265,0.0172169255098458,0.0183013765802105,0.0194518703965255,0.0206738038289936,0.0219694853020915,0.0233451612564534,0.0248030439088919,0.0263502876085759,0.0279889842794479,0.0297272205027144,0.0315669683055454,0.0335172679395911,0.0355799681547315,0.0377649972221599,0.0400741385109443,0.0425181012998975,0.0450985500003582,0.0478268907024868,0.0507046823171265,0.0537438104688814,0.0569456364756768,0.060322475088111,0.0638752477995581,0.0676163922331322,0.0715465365225592,0.0756772413887789,0.0800094631766353,0.0845526540842821,0.0893081657539712,0.0942825828618107,0.0994772651391332,0.104895308270328,0.11053744261995,0.116402308362208,0.122489449264493,0.128791680498695,0.135306735520161,0.142020203847466,0.148926990859786,0.15600370902413,0.163241272372519,0.170605706717044,0.178082689272297,0.18562571549975,0.193213886097958,0.200785998467899,0.208313334381367,0.215718221029044,0.222963140094856,0.229952668592192,0.236640761559886,0.242913672785796,0.248717300534679,0.253918772068367,0.258459909326331,0.26219254613627,0.265059841078728,0.266903176522395,0.267678006224518,0.267222987281185,0.265517116156423,0.262407584223297,0.257915375285001,0.251916124855725,0.244492807523401,0.235555495017182,0.225267246802662,0.213605293273065,0.200801838891754,0.18692636394018,0.172266598824571,0.156978642439128,0.141390551994288,0.12571919301327,0.110296120089276,0.0953533804667292,0.081179530913008,0.067970815136756,0.0559211063226375,0.0451538769332443,0.0357374680048052,0.0277014371065094,0.0209836620891981,0.0155380443470225,0.0112014090734096,0.0078835559983423,0.00537232515983353,0.00357674661580322,0.00228552244877295,0.00143456667575823,0.000849606996967303,0.000502939797254879,0.000272621670573643,0.000153875276069356,7.53615360837175e-05,4.14549215233602e-05,1.88452055223808e-05,9.4139757832413e-06,4.91243802508521e-06,1.03461069829542e-06,1.74496776377834e-06,-6.14983636716398e-07,9.67941366946881e-07,-3.07830718354965e-07,6.12107006850929e-07,1.58485870439617e-07,0
1260382.92967973,0,0.00010677053983248,3.28513401355933e-06,0.000116390244657099,1.17837778055448e-05,0.00013428022831042,6.50639884839245e-06,0.000154805508378996,2.34775762118035e-05,0.000144212676540269,6.63845914041877e-05,0.000127748372652214,0.00010314042493111,0.000127379278076032,0.000127439903048185,0.000139502512515992,0.00014717391750936,0.00015737805742848,0.000167497287405482,0.000178492077674367,0.000190149681499671,0.000202526303112053,0.000215741755834822,0.000229737602916575,0.000244687478116246,0.000260512432682813,0.000277408991378452,0.000295286040475219,0.000314371140460915,0.000334552343629945,0.000356090833645493,0.000378877142285204,0.000403166964598553,0.000428901615249567,0.000456307155431302,0.000485387095202697,0.000516340217176162,0.000549217892356023,0.000584204901593537,0.000621384379542129,0.000660937124270339,0.000702978428482756,0.00074768681157968,0.000795210028745107,0.000845724694677818,0.000899422608150252,0.000956483882985235,0.00101714562028907,0.00108158066003526,0.00115009172238419,0.00122286652871461,0.00130028637284497,0.00138252925118094,0.00147004550270912,0.00156300598149718,0.00166195755028556,0.00176707800196487,0.00187902855282278,0.0019979706715744,0.0021246721158762,0.00225928176714755,0.00240270260559706,0.00255505613496491,0.00271738141825819,0.00288977538066201,0.00307345620027225,0.00326851589271215,0.00347635549144292,0.00369705208579219,0.00393219192381686,0.00418188783328676,0.00444791046767656,0.00473043302948681,0.00503136388086259,0.0053510256819635,0.00569141646207908,0.00605306475294542,0.00643803040567358,0.006847118479104,0.0072824282583563,0.00774506697949329,0.00823719585850251,0.00876026761786947,0.00931649654687301,0.00990772801823585,0.0105362306000751,0.0112042718511097,0.011914178131561,0.0126686968236549,0.0134702125320554,0.0143220172482485,0.015226519922963,0.016187625894948,0.0172077509587142,0.0182915007598123,0.0194412543038165,0.0206623876153582,0.0219572166338937,0.0233319584813279,0.0247888421629113,0.0263349876198392,0.0279725093469416,0.0297094465271979,0.0315477958678155,0.033496550516672,0.0355575837911553,0.037740793436903,0.0400479623546832,0.0424898139666235,0.0450679837386498,0.0477939161483847,0.0506690976051355,0.0537055008571997,0.0569043758160358,0.0602781255413441,0.0638275196537982,0.0675651468196315,0.0714914286294093,0.0756181007685972,0.0799458748418473,0.0844844433989612,0.0892348422391146,0.0942039726487342,0.0993928100451256,0.104804816494103,0.110440278323201,0.116298259340118,0.122377820818143,0.128672217560634,0.135178677380267,0.141883228160236,0.148780327524009,0.155846933066941,0.163073601180126,0.170426527271752,0.177891290486805,0.185421280079408,0.192995857085303,0.200553293420845,0.208065603144717,0.215454045762771,0.222682501426899,0.229653845836938,0.236324109389767,0.242577166721756,0.248361786274884,0.253541976140277,0.258063262150444,0.261773696650618,0.264620905410601,0.266441935608383,0.267197449176472,0.266721241028277,0.26499804540387,0.261869957491163,0.257364205712251,0.251351179687071,0.243920246074705,0.234976077323729,0.224688165697788,0.21302807205406,0.200234410113609,0.186370845475235,0.171731108598161,0.156465106477889,0.140906414111858,0.125265773583123,0.109879573185788,0.0949734222242963,0.0808402937625576,0.0676702234169584,0.0556610928448152,0.0449306362719161,0.035551059875592,0.0275467782840434,0.0208593948623521,0.0154385844593245,0.011124863962218,0.00782458900304555,0.00532924352733725,0.00354508948864939,0.00226411609545825,0.00141979424428381,0.000840611770302917,0.000496814287148004,0.00026898254247804,0.000150798566255147,7.31793919728778e-05,3.92612043880593e-05,1.73693827608727e-05,8.14058930326358e-06,4.3462769173687e-06,6.3127117401325e-07,1.74785348977402e-06,-6.67695175039206e-07,1.07022321353242e-06,-3.47557373025461e-07,6.50003001622786e-07,8.43278645932951e-08,0
1289890.26125331,0,0.000105678920734392,3.56662945307472e-06,0.000115212303297038,1.22228133645825e-05,0.000132901841413742,7.53841747381692e-06,0.000152946262009332,2.47579868200574e-05,0.000142663880567486,6.70836362413937e-05,0.000126909290475937,0.000103236898411992,0.000126945110228852,0.000127243596852799,0.000139159329610614,0.000146847075459021,0.000156991147224899,0.000167073185512913,0.000178016077726201,0.000189621885284463,0.000201942342907135,0.000215100223225216,0.000229036611517446,0.000243927174848448,0.000259693232268373,0.00027653456430266,0.000294361835898511,0.000313406425752057,0.000333556891890275,0.000355078562690721,0.000377863328519762,0.000402170469432126,0.000427939457931273,0.000455391589245687,0.000484523169803296,0.000515525291877784,0.000548443686697613,0.000583458104438197,0.000620648630617096,0.000660192836944459,0.000702205522270321,0.000746868109751871,0.000794333743212488,0.000844784149665393,0.000898414886956248,0.000955411642469218,0.00101602148840728,0.00108042938016132,0.00114894171362998,0.0012217399632014,0.00129919713448602,0.00138149292817622,0.00146908206636555,0.00156213863079859,0.00166120286555971,0.00176643653010509,0.00187848284073303,0.00199749765759502,0.00212424270527895,0.00225885806023297,0.00240224039391878,0.00255452065473143,0.00271674972292557,0.00288903223450125,0.0030725860311132,0.00326750159219079,0.00347518981093767,0.00369573647839326,0.00393074035730528,0.00418029914107701,0.00444618574009205,0.00472855827128206,0.00502933226003757,0.00534881222059137,0.00568900075989102,0.00605042363778215,0.00643513500661625,0.00684394440176146,0.00727895251669534,0.00774127677798478,0.00823306124317559,0.00875576875277491,0.00931161363470032,0.00990243270529319,0.0105305025279323,0.0111980686403486,0.0119074757841553,0.0126614417091247,0.0134623736914495,0.0143135298534758,0.0152173445108025,0.016177675174702,0.0171969760413715,0.018279811597323,0.0194286056589377,0.020648688592609,0.0219424172754267,0.0233159734865411,0.0247716171134305,0.0263164437697291,0.0279525782006736,0.0296880543237796,0.0315248589812122,0.0334719979613519,0.03553131460142,0.0377127334669924,0.0400179850395452,0.0424578235452761,0.0450338178425767,0.0477574552789542,0.0506301336177995,0.0536638656349844,0.0568598225907171,0.0602304610778816,0.0637764787803263,0.0675105141008672,0.0714329327121873,0.0755555042085299,0.079878897443375,0.0844128046444346,0.0891582524271334,0.0941220797402918,0.0993053144281376,0.104711281903067,0.110340388850926,0.116191488910765,0.122263829813801,0.128550366088735,0.135048611996066,0.141744183452921,0.14863189960393,0.155688230752535,0.16290422157445,0.170245472012887,0.177698139028353,0.185214901565251,0.192775853690808,0.200318432214343,0.207815525696706,0.215187425077097,0.222399047622723,0.229352125296476,0.236003965613846,0.24223712433915,0.248001895084681,0.253160834003566,0.257661253677806,0.261349652702201,0.264175654487583,0.265974694576657,0.266709679866908,0.266212826761182,0.264471279208676,0.261325525224603,0.256805395117196,0.250779601952519,0.243340138368432,0.234389908967816,0.224101244512523,0.212443607587667,0.199658483464111,0.185807284714825,0.17118625714146,0.155942991630891,0.140412915852957,0.12480410980606,0.109454313081394,0.0945862739309341,0.0804936848185999,0.0673637988285461,0.0553951853882376,0.0447029167518767,0.0353600428367515,0.0273888202525192,0.0207318644101139,0.015337148599636,0.0110465799161733,0.00776509486461048,0.0052857753874555,0.00351381546323254,0.00224283392206952,0.00140538097510542,0.000831613187308049,0.000491002991846566,0.000265641951391775,0.000148510568388821,7.1811061750146e-05,3.80968786632663e-05,1.66332492699725e-05,7.51174210134263e-06,4.07817711937098e-06,4.5928118608717e-07,1.80285612484516e-06,-6.33493775435229e-07,1.19567131213398e-06,-3.02315988584004e-07,7.34253058875148e-07,7.57625470193439e-08,0
1320088.40083142,0,0.000104465674021693,3.84545150481751e-06,0.000113912375611688,1.26528889095339e-05,0.00013140966863699,8.57025431528186e-06,0.000150997494789664,2.60498422500923e-05,0.000141070894081318,6.78238223817375e-05,0.000126086002579723,0.000103422921700559,0.000126608377309277,0.000127206111216849,0.000139011977006428,0.000146773757291784,0.000156912362973889,0.00016701944183426,0.00017797586127884,0.000189599540866222,0.000201936990271014,0.000215113067335757,0.000229067538696684,0.000243977067458601,0.000259761739058912,0.000276621983005947,0.000294466465391349,0.000313527420597532,0.00033369130853161,0.000355225421317963,0.000378018034768782,0.000402329123961331,0.000428097093490414,0.000455545184665704,0.000484670284338328,0.000515664645218591,0.000548575639031905,0.000583584420529215,0.000620772669043834,0.000660319183195669,0.000702339244519665,0.000747013001124367,0.000794492804220356,0.000844960349194547,0.000898609881949806,0.000955624993539036,0.00101625034938775,0.0010806684241809,0.00114918390537861,0.00122197836413952,0.00129942422316348,0.00138169960359028,0.00146925644478795,0.00156226906858059,0.00166127883085151,0.00176645096290054,0.00187843065853592,0.00199737550557293,0.002124047840039,0.00225859249764298,0.00240190616299588,0.00255411854262486,0.00271627570405208,0.00288848498435152,0.0030719620483295,0.00326680148621353,0.00347440964423977,0.00369486664564038,0.00392976534227171,0.00417920542712012,0.00444496376287407,0.00472719396032512,0.00502781779638541,0.00534712961418907,0.00568713910222464,0.00604836245649772,0.0064328588852352,0.00684142595047869,0.00727616894795122,0.00773819933607467,0.00822967272822008,0.00875204518198466,0.00930754033845784,0.00989798544383453,0.0105256670801217,0.0111928155342676,0.0119017872264012,0.01265528320707,0.0134557159631013,0.01430632232483,0.0152095491193139,0.0161692333358385,0.0171878507767593,0.018269934098172,0.0194179314438029,0.0206371360379246,0.0219299307345677,0.0233024582597024,0.0247570084148333,0.0263006392736417,0.0279355022327092,0.0296696035010738,0.0315049504947926,0.0334505235764238,0.0355081699555963,0.0376878040793404,0.0399911444498064,0.0424289496372399,0.0450027579372387,0.0477240772683455,0.0505942614593647,0.0536253726744279,0.0568185127759949,0.0601861964498772,0.0637290227940791,0.067459720048146,0.0713784875747107,0.0754972374087851,0.0798164038374744,0.0843459168667922,0.0890864670413699,0.0940452401381343,0.0992228149799975,0.104622977627472,0.110245578147792,0.116090059150732,0.122155011103707,0.128434063124718,0.134923939906286,0.141611039859988,0.148489336840141,0.15553611930397,0.162741485867958,0.170071932349481,0.177512629998829,0.185017203074483,0.1925646998921,0.200093548967326,0.2075755586708,0.214932110077005,0.222127012344478,0.229063222531241,0.235696814057631,0.241911707369303,0.247656896656589,0.252796501803065,0.257276352478988,0.260944768543074,0.263749842429057,0.265529160772452,0.266243912827772,0.265728729102992,0.263968896545486,0.260807700776117,0.256272983538998,0.250236561818774,0.2427881323927,0.233833921089074,0.223543912961332,0.211890762541613,0.1991134680718,0.185276443738626,0.170673100287575,0.155453544167438,0.139949982385825,0.124372897659124,0.109056465624453,0.0942253018355698,0.0801695770714758,0.0670782976051507,0.0551464650285873,0.0444908801217032,0.035181400572699,0.0272420202603759,0.0206126648956513,0.0152431762841313,0.0109732813045248,0.00770984375839665,0.00524433801437142,0.00348400522332128,0.00222131681432542,0.0013906789618057,0.000821304104453643,0.000484406329735615,0.000261233208125577,0.000146166139430296,7.05319638491473e-05,3.79780003285183e-05,1.68310565962253e-05,8.12133435116825e-06,4.36522964871615e-06,6.17014212467057e-07,1.36447193266296e-06,-1.28270087527483e-06,1.88338905908423e-07,-1.18618518298009e-06,-9.03568440471797e-08,-3.52615717017882e-07,0
1350993.52119803,0,0.000103223784237094,4.1171032699695e-06,0.000112559560205167,1.30646970218909e-05,0.000129903017942836,9.52944527245832e-06,0.000149011938337303,2.73258226241344e-05,0.000139356287767202,6.85683617353838e-05,0.000125134082615096,0.000103560356445091,0.000126156506624812,0.000127067066798684,0.000138735042998177,0.000146556877317262,0.000156668506822123,0.000166778408935738,0.000177724327062596,0.000189340445292952,0.000201668934593985,0.00021483733337692,0.000228785295888926,0.000243691126064579,0.000259474342165027,0.000276336783001937,0.000294186309185254,0.000313256462477934,0.000333431314900018,0.000354979358858782,0.000377785627069153,0.000402110257152738,0.000427888998466005,0.000455344470257033,0.000484473142846863,0.000515467070854377,0.000548373475661444,0.000583372721561856,0.000620547328397618,0.000660077059903163,0.000702078683162014,0.000746733090740313,0.000794194087466488,0.000844644416751616,0.000898279880568362,0.000955284845465872,0.0010159043438368,0.00108032097405919,0.00114883877276616,0.00122163935067358,0.00129909471562999,0.00138138265101393,0.00146895313523308,0.00156197957635673,0.00166100251261555,0.00176618830994616,0.00187818028215829,0.00199713464018162,0.00212381084273579,0.00225835333758006,0.00240165576891905,0.00255384721706228,0.00271597340076132,0.00288814431072873,0.00307157624817181,0.00326636035904108,0.00347390052001279,0.00369427486203312,0.00392908147589144,0.00417841371210142,0.00444405385008062,0.00472614782094076,0.00502662570006613,0.00534577587243238,0.00568561787389304,0.006046660194209,0.00643096942974916,0.00683933642893014,0.00727386921800466,0.00773566983965389,0.00822689294922805,0.00874898414148639,0.00930416463339404,0.00989425336306053,0.010521543833665,0.011188260621192,0.0118967669435291,0.0126497482476665,0.0134496350129818,0.0142996426152828,0.0152022478225242,0.0161612592988673,0.017179174176075,0.0182604822683946,0.0194076619867069,0.0206259697405522,0.0219178224853132,0.0232893164298375,0.0247427724176992,0.0262852132059362,0.0279188179538919,0.0296515576340954,0.0314854514396746,0.0334294657279725,0.0354854428687419,0.0376632991815154,0.0399647307169819,0.0424005150919698,0.0449721422929544,0.0476911628139845,0.0505588557316309,0.0535873317748681,0.0567775930987156,0.0601422510431908,0.0636817811440248,0.0674090102132658,0.0713239975621822,0.0754388090587441,0.0797536829278402,0.0842787214971407,0.0890143943954858,0.093968086643247,0.0991401152880513,0.104534503007099,0.110150796033609,0.115988692366574,0.122046441868,0.128317961521906,0.134799621845789,0.141478100594213,0.148347019703888,0.155383951469845,0.162578681227506,0.169897909181101,0.177326603501832,0.18481851933808,0.192352606439065,0.199867276603819,0.207334396746107,0.214675172405508,0.221853688232159,0.228772525451033,0.235388272391849,0.241584284230801,0.247310370301525,0.252429905673173,0.256889818434449,0.260537490085414,0.26332243388182,0.265081194139167,0.265776672375372,0.265242311896835,0.263465362430957,0.260287895792945,0.255739950849989,0.249692110879332,0.242236339879584,0.233277456413473,0.222987757203893,0.21133817915565,0.198570097772553,0.184746011022162,0.170161476865806,0.154964072040988,0.139487918286543,0.123941090099829,0.108659160601431,0.0938637385051126,0.0798461840147495,0.0667925421151765,0.0548987700261854,0.0442788943711262,0.0350038987358082,0.0270952632358684,0.0204942001964141,0.0151486771322234,0.0109000348674768,0.00765361265865825,0.00520276577040924,0.00345350407979753,0.00220010204166101,0.00137590259739311,0.000811840646697919,0.000478195776907818,0.000257740958736271,0.000143953285201037,6.94451922342496e-05,3.71279086590053e-05,1.6359706331513e-05,7.59279166822857e-06,4.12736193119313e-06,5.08688667915243e-07,1.70481621965139e-06,-7.02754116844056e-07,1.06530343902292e-06,-3.71642318985816e-07,6.48921479068912e-07,4.85420961306356e-08,0
1382622.17376466,0,0.000101884945733339,4.36235069716557e-06,0.000111134222695794,1.34829711177804e-05,0.000128237188463408,1.05071282932738e-05,0.0001470002846533,2.84262933010217e-05,0.000137783041357447,6.91028086186033e-05,0.000124296685819665,0.000103597592629212,0.000125758745778045,0.00012692198858876,0.000138507987113872,0.000146394548019265,0.00015650976530886,0.000166646623995888,0.000177612393878867,0.000189252789956413,0.000201607112490861,0.000214804302950387,0.000228783167718702,0.000243722082848413,0.000259538462729147,0.00027643329256292,0.000294311225304441,0.000313404815566825,0.000333594409171436,0.000355149239137013,0.000377950852432486,0.00040226127443834,0.000428015653052009,0.000455439955249495,0.000484533119214494,0.000515491445105386,0.000548365591059556,0.000583338464729013,0.000620493819450968,0.000660012372821503,0.000702011119900087,0.000746670248936908,0.00079414128785776,0.000844603864282198,0.00089825085697951,0.000955264648998029,0.00101588715689448,0.00108029817951159,0.00114880186419725,0.00122158248288721,0.00129901464406541,0.00138127708318159,0.00146882005929674,0.00156181681121767,0.00166080576936312,0.00176595298117586,0.00187790295793241,0.0019968134453678,0.00212344162469893,0.00225793186853912,0.00240117762514908,0.00255331021740916,0.00271537219542111,0.00288747180795147,0.00307082140792212,0.00326551596800259,0.0034729598958114,0.00369322932461458,0.00392791880654642,0.00417711959941721,0.00444261997807604,0.00472456011117566,0.00502487270949128,0.00534383822401306,0.00568348333346358,0.00604431057871114,0.0064283921637078,0.00683651379560776,0.00727078518205349,0.00773230586708416,0.00822323226765162,0.00874500424407884,0.00929984317120084,0.00988956106058336,0.01051645112433,0.0111827287874249,0.011890765479534,0.0126432337917191,0.0134425763301409,0.0142919893716639,0.015193964123864,0.0161522849754534,0.0171694709841762,0.0182499821265899,0.0193963251279539,0.0206137199171447,0.0219046187230478,0.0232750790409747,0.0247274510196397,0.0262687149363757,0.0279010774160917,0.0296324753664989,0.0314649392792594,0.0334074107354122,0.035461724008243,0.0376377981820434,0.0399372929187888,0.0423710197750897,0.0449403912778015,0.047657020221413,0.0505220870708885,0.0535478303566873,0.0567350931182516,0.0600966179358568,0.0636326867588362,0.0673563454266388,0.0712674045487702,0.0753781685818513,0.0796885716350511,0.0842090217934029,0.0889396215037537,0.0938881161275398,0.0990543965624593,0.104442895465891,0.110052672911375,0.115883890939848,0.121934234329307,0.128198142387199,0.13467135080014,0.141341130422304,0.148200382164975,0.155227345318109,0.162411099631716,0.169719079079477,0.177135447117891,0.184614659738327,0.192134909119239,0.199635337894788,0.207087115051441,0.214412144741097,0.2215737739179,0.228475205969541,0.235072478440166,0.241249513934575,0.246955624351208,0.252054836479661,0.256493807740972,0.260120538178308,0.262884336452296,0.264622348376672,0.265297419010577,0.264743706589208,0.262948470548764,0.25975459930649,0.255192246232811,0.249132684349112,0.241668058039376,0.232704170147354,0.222413560663484,0.210767818876786,0.198008376347389,0.184197717557064,0.169631331087314,0.154457005565976,0.13900805861284,0.123491867066889,0.108243406752431,0.0934838374673338,0.079503401267093,0.0664873488102063,0.0546309178502336,0.0440472486967292,0.0348066537848097,0.0269300082596114,0.0203582356993204,0.0150387970896308,0.0108130426318867,0.00758609758044767,0.00515154496076988,0.00341544266528015,0.00217266351426191,0.0013565838347537,0.000798761612346125,0.000469622643655394,0.00025248463026008,0.000140860710948289,6.78073962590948e-05,3.62818977835456e-05,1.59431307098929e-05,7.35344200624419e-06,3.96501978858081e-06,3.87079097829553e-07,1.61823747369935e-06,-7.54473503241705e-07,1.04273074131296e-06,-3.8071024616694e-07,6.53459391132274e-07,4.38811099542284e-08,0
1414991.29743458,0,0.000100513615062613,4.62753055290339e-06,0.000109646164091535,1.38843197620573e-05,0.000126596696890302,1.14481700889602e-05,0.000144905965766173,2.96534307184435e-05,0.000136005435929667,6.97721862039763e-05,0.000123302448353587,0.000103661064595599,0.000125257066799595,0.000126713205258997,0.00013816403579751,0.000146096490763374,0.000156173011960326,0.00016629394843426,0.000177226520225078,0.000188830902861689,0.000201142220876901,0.000214291847885241,0.000228219028880553,0.000243104567538635,0.000258867155910631,0.000275711584601802,0.000293544672127948,0.000312603542121705,0.000332769620847759,0.000354317030162806,0.000377127103778053,0.000401464457956325,0.000427262395244368,0.000454744975276609,0.000483906878720885,0.00051493954163837,0.000547888883922693,0.000582932965110682,0.000620152371488193,0.000659724635104145,0.000701764963147104,0.000746452341769263,0.000793939781315086,0.000844409051766139,0.00089805524490915,0.000955062905085368,0.00101567764418392,0.00108008309153409,0.00114858420153466,0.00122136373789156,0.00129879418976925,0.00138105471084554,0.00146859562469787,0.00156159081187263,0.00166057918220975,0.00176572682621308,0.00187767498376541,0.00199658055666829,0.00212320051531474,0.00225767936979794,0.00240090714116689,0.00255301350521344,0.00271504033944128,0.00288709801937473,0.00307039850703905,0.00326503359969661,0.00347240610810439,0.00369259399137987,0.00392719630251551,0.00417629785422298,0.00444168979825528,0.0047235068571516,0.00502369382279502,0.00534251833553682,0.00568201378323542,0.00604267112339723,0.00642657009355548,0.00683448426302144,0.00726853038649785,0.00772979760526644,0.00822045056191744,0.00874192029584669,0.00929643862679849,0.00988580513042849,0.0105123246736783,0.0111781968744202,0.0118858007395291,0.0126377936786413,0.0134366301640414,0.0142854874268174,0.0151868733485615,0.0161445463731355,0.0171610527109636,0.0182408221766086,0.0193863885825952,0.0206029305205136,0.0218929309688102,0.0232624085574752,0.0247137514244397,0.026253899658797,0.0278850871173746,0.02961520837174,0.0314463207757749,0.033387331202853,0.0354400861712441,0.037614465411223,0.0399121349780227,0.0423438798192682,0.0449111154655775,0.047625436268765,0.0504880204138428,0.0535110780558025,0.0566954594637726,0.060053890456298,0.0635866618100168,0.0673067925762841,0.071214092320302,0.075320846737581,0.0796269623093624,0.0841428466576291,0.0888685297747843,0.0938117820746691,0.0989723905111961,0.104354850550495,0.109958081337069,0.115782349660466,0.121825182140858,0.128081173444165,0.134545867075599,0.141206712759226,0.14805641620231,0.15507338351345,0.162246427301552,0.169543127111974,0.176947434708722,0.184413980852454,0.191920791264037,0.199407105694425,0.206843909165892,0.214153177708983,0.221298301822236,0.228182531172587,0.234761939327248,0.240920500309662,0.246607655645148,0.251687378685551,0.256106580029844,0.25971332674659,0.262457146218778,0.264175324489124,0.264831117346854,0.264258963327403,0.262446470046597,0.259236933892758,0.254661033565966,0.248590683397213,0.241118273699289,0.232150359345154,0.221859639329089,0.210218121416894,0.197467380919116,0.183670372499777,0.16912228238217,0.153970916873459,0.138549198447791,0.12306432233498,0.107850411699135,0.093127859314282,0.079186007714831,0.0662091169708223,0.0543913192074997,0.0438448035164536,0.0346391078155017,0.0267943153434389,0.0202509058272696,0.0149560308547137,0.0107509714888655,0.00754094941321169,0.00511990670671553,0.00339422547387086,0.00215919247246052,0.00134852608560533,0.000794238976836319,0.000467207018140357,0.000251229357222209,0.000140114548034095,6.72636102753396e-05,3.58563614686218e-05,1.55930146090652e-05,7.14013489442237e-06,3.82378155088595e-06,3.57601865299069e-07,1.59550949806116e-06,-7.32606126809915e-07,1.03840212729016e-06,-3.6836937669873e-07,6.46207674190374e-07,4.70789256090079e-08,0
1448118.22767453,0,9.90974451180315e-05,4.88276000316634e-06,0.000108156085236703,1.42749097176372e-05,0.000124891182814104,1.24434561348039e-05,0.000142825828145973,3.07935314251257e-05,0.00013441924715993,7.03198524215192e-05,0.00012250318143563,0.000103720482136638,0.000124909810943788,0.000126610199801562,0.000137987882549456,0.000145980759274026,0.000156056479989666,0.000166194457683733,0.000177132597061072,0.00018874197474217,0.000201054755561936,0.000214203933504704,0.000228128558150429,0.000243010327462924,0.000258766996617179,0.00027560423019867,0.000293427963270305,0.000312476981970943,0.000332630825534323,0.000354166305414799,0.000376962636700861,0.000401287428003996,0.000427073076564715,0.000454545476302285,0.000483698711510875,0.000514724802796314,0.000547669730888337,0.000582711760095934,0.000619931138238339,0.000659504640713638,0.000701546953719054,0.000746236511031464,0.000793726088124462,0.000844196275792234,0.000897840841696962,0.000954843300589691,0.00101544918678216,0.00107984285120536,0.00114832987636845,0.00122109248445763,0.00129850108002461,0.00138073341852117,0.00146823963669425,0.00156119558384556,0.00166014075282341,0.00176524037712025,0.00187713425942163,0.00199598037083965,0.0021225358915547,0.00225694572014258,0.00240009916401874,0.00255212874619168,0.00271407909282435,0.00288606193582512,0.00306928399667928,0.00326383376236564,0.00347111608221578,0.00369121533340141,0.00392573307067863,0.00417474760016888,0.00444005456798105,0.00472178822910825,0.00502189997753679,0.00534064604225561,0.0056800603718084,0.00604062217943234,0.0064244057473503,0.00683217004920813,0.00726602826719553,0.00772706255034186,0.0082174384886151,0.00873858840899667,0.00929275081020525,0.00988172967733703,0.0105078386490265,0.0111732733117595,0.0118804213308833,0.0126319292074838,0.0134302601226332,0.0142785673101342,0.0151793651455611,0.0161363883266474,0.0171521989464827,0.0182312102100238,0.0193759657211203,0.0205916225857204,0.0218806741741449,0.0232491158272734,0.024699355319232,0.0262382972098948,0.0278682054371902,0.0295969430553877,0.0314265976087639,0.0333660454279549,0.0354171505257573,0.037589770043877,0.0398855736071774,0.0423153406132062,0.0448804619176746,0.047592530849465,0.0504526834697031,0.0534731592953891,0.0566547408006495,0.0600101818205603,0.063539707362347,0.0672563781215732,0.0711599233851816,0.0752626991503132,0.0795645086619617,0.0840758629123252,0.08879664792784,0.0937347711758747,0.0988898214156304,0.104266465936227,0.109863371417257,0.115681032296328,0.121716652154469,0.127965121673946,0.134421584135086,0.141073866291696,0.147914192557147,0.154921442460898,0.162083855877114,0.169369567890948,0.176761867275244,0.184216038808215,0.191709392014064,0.199181883139987,0.206603705880573,0.213897624419851,0.221026236754588,0.227893644309387,0.234455110405343,0.240595482271648,0.246263462795489,0.251323957865046,0.255723170178757,0.259310186623049,0.262033893939642,0.263732671473028,0.264369234276001,0.263779208673114,0.261949699039539,0.258725330538907,0.254136370052267,0.248056119311517,0.240576535181558,0.231605523647086,0.221315366028229,0.209679070335155,0.196937795074533,0.183155265079897,0.168625943120799,0.153497962983439,0.138103246741966,0.12264915018622,0.107468476388954,0.0927813781577256,0.078875756183959,0.0659355243632574,0.0541534507989979,0.0436414230347588,0.0344679441506097,0.026652951771029,0.0201362241060541,0.0148649759507848,0.0106801000803057,0.00748697931130727,0.00507951896654141,0.0033644932878566,0.00213756424165194,0.00133303621203965,0.000783419066145299,0.00046003258038421,0.000246902834439765,0.000137919841625935,6.64990246213112e-05,3.59157675279301e-05,1.59429760748751e-05,7.53598369988504e-06,4.08231712355543e-06,5.40531349195236e-07,1.67303269479386e-06,-6.70666984971856e-07,1.05553408962981e-06,-3.50005064387176e-07,6.45546922825038e-07,4.60239270796441e-08,0
1482020.70579886,0,9.75204384173416e-05,5.09478926157954e-06,0.000106488268737716,1.46375320254491e-05,0.00012297160594027,1.33378841172784e-05,0.000140608920696192,3.1755236170553e-05,0.000132698666903197,7.07030424799479e-05,0.000121543879697169,0.000103628383457358,0.000124404562313022,0.000126359725596684,0.000137665603214282,0.000145725749869007,0.000155805671132276,0.000165966001938798,0.00017691434945186,0.00018853261823081,0.000200850227898991,0.000214001667976247,0.000227926186336001,0.000242806965806548,0.000258562138995193,0.000275399222977248,0.000293223766967266,0.000312276220647888,0.000332434435781266,0.000353977739689745,0.000376781859305635,0.000401115824559926,0.000426909200629295,0.000454388650103722,0.000483546532877861,0.0005145753242771,0.000547520700633898,0.000582561436688778,0.000619778269240957,0.000659349317261982,0.000701390339732223,0.000746080000301842,0.000793571525982072,0.000844046423285824,0.000897699759291775,0.000954715580115301,0.00101533842512628,0.00107975012965234,0.00114825428307102,0.001221032518646,0.0012984558445213,0.00138070228039865,0.00146822024470414,0.00156118292138688,0.00166012800411573,0.00176522177223701,0.0018771038037918,0.00199593089668505,0.00212245797879348,0.00225683031442101,0.00239993580317798,0.00255190507854812,0.00271377734937661,0.00288566486541908,0.00306877773414946,0.00326320970359483,0.00347036220174677,0.00369031306215535,0.00392466396920609,0.00417349590214608,0.00443860866909794,0.0047201260860294,0.00502000662254543,0.00533850314369395,0.00567766135841476,0.00603795494070376,0.00642146826859469,0.00682895562640321,0.00726252893748343,0.00772325709337331,0.00821329948722395,0.00873407391655265,0.00928781904643162,0.0098763343844544,0.0105019472556063,0.0111668533842064,0.0118734538488494,0.0126243877447577,0.0134221408160088,0.0142698542569018,0.0151700525823422,0.0161264283553877,0.0171415539209965,0.0182197935161837,0.0193637259821235,0.0205784669567752,0.021866548541163,0.0232339122639403,0.0246830057660088,0.026220697319324,0.0278492729386704,0.0295765628118749,0.0314046682472201,0.0333424505137759,0.0353917834598508,0.037562518454808,0.0398563109858613,0.0422839539937921,0.044846814056275,0.0475565010911975,0.0504141149793865,0.0534319110698656,0.0566106146862046,0.0599630043565195,0.0634892231306247,0.0672024038456204,0.0711021711143695,0.0752009493206343,0.0794984102313042,0.0840051725021852,0.0887209773869582,0.0936538552631321,0.098803237209004,0.104173935666842,0.109764409151556,0.115575339847748,0.121603691672677,0.127844515120398,0.134292685258213,0.140936218011346,0.147767063945388,0.154764256582583,0.161915835652354,0.169190076770282,0.176570140397043,0.184011349102965,0.191490971124052,0.198948910753527,0.206355488992848,0.213633265818302,0.220745082093316,0.227594701312258,0.234137848742651,0.240258922423578,0.245907278211568,0.250947323341904,0.255326141609165,0.258892217504253,0.261595505287308,0.263273776073709,0.263890947871258,0.263282060438139,0.261435511730078,0.258195429008739,0.253593433168967,0.247502348255954,0.240015398855207,0.231040072155061,0.220749939457708,0.209117473434995,0.196385036375895,0.182615639927445,0.168104642843596,0.152999285521014,0.137631812522888,0.122208543722171,0.107062086790289,0.0924114471768238,0.0785438860569145,0.0656422060293347,0.0538984280271639,0.0434233595431935,0.0342848249544284,0.0265019980103996,0.0200142121544724,0.0147682834961139,0.0106051075877292,0.00743004435609083,0.00503742206376325,0.00333424046007072,0.00211665578547306,0.00131903312091682,0.000774333097868846,0.000454103817974753,0.00024291788220315,0.000134990533708618,6.42468815035616e-05,3.41880001857121e-05,1.4699070227062e-05,6.74975424985019e-06,3.62261679125333e-06,3.20766252186149e-07,1.54829661135328e-06,-7.32487742529906e-07,9.91716606381379e-07,-4.0842179712973e-07,5.84191785970213e-07,2.19841399836137e-09,0
1516716.88847092,0,9.59654658818997e-05,5.31355215526747e-06,0.000104816232562634,1.49590396589388e-05,0.000121123204459371,1.4154617346736e-05,0.000138374341508662,3.27518685627424e-05,0.000130853667541189,7.1129451498818e-05,0.000120472200112888,0.000103514177732922,0.000123811688009486,0.000126040895498803,0.000137254824230728,0.000145379796257172,0.000155456860472105,0.000165636184936204,0.000176593106008524,0.000188221018598634,0.000200546561139787,0.000213705561487855,0.000227637267203278,0.000242525248175558,0.000258286599309041,0.000275129195328272,0.00029295765500155,0.000312013767745528,0.000332173399417387,0.000353718461754241,0.00037652315890679,0.000400859779307436,0.000426656807167237,0.000454142500584994,0.000483309185048243,0.000514350855129883,0.000547312940797319,0.000582373484835453,0.000619611907377442,0.000659205194208398,0.000701268526314628,0.000745979892024597,0.000793491865537332,0.00084398411960867,0.000897650486534283,0.000954674350176333,0.00101530074150369,0.00107971186685454,0.0011482115098745,0.00122098085637267,0.00129839051221313,0.00138061950805675,0.00146811706477677,0.00156105701226442,0.00165997686425015,0.0017650430507087,0.00187689522650932,0.0019956916155949,0.00212218774678664,0.00225652920793922,0.00239960285610997,0.00255154009811278,0.00271337949944715,0.00288523206578868,0.00306830464211288,0.003262688824917,0.00346978290488409,0.00368966271418804,0.00392392883363691,0.00417265759543626,0.00443765126578363,0.0047190294272325,0.00501875852302275,0.00533708666758874,0.00567606853165333,0.00603617377905904,0.00641949481476095,0.00682678387527193,0.00726016212659932,0.00772069671250504,0.00821054991305479,0.00873112919239046,0.00928466547709757,0.00987293288506683,0.010498238216501,0.0111627533644883,0.011868889858116,0.0126192893713955,0.0134164500897264,0.0142634990901501,0.0151629783811779,0.0161185856712097,0.0171329189442997,0.0182103310820669,0.0193534049930894,0.0205672278789065,0.0218543565305669,0.023220701778072,0.0246687128606348,0.0262052086306743,0.0278325019115573,0.0295583867764009,0.0313849868386701,0.0333211211640441,0.0353686826992576,0.037537509437844,0.0398292710552106,0.0422547604593889,0.044815334754214,0.0475226300321808,0.0503776862855774,0.0533928169802676,0.0565686608917634,0.0599180761819938,0.0634410834137029,0.0671509012179718,0.0710470012096059,0.075141933304098,0.0794351916313595,0.083937550945989,0.088648528165788,0.0935763428422036,0.0987201525258675,0.104084987500276,0.109669031330533,0.115473220606195,0.121494213349892,0.127727358394812,0.13416718457236,0.140802032878296,0.147623508874134,0.154610957436575,0.161752034957771,0.169015324821014,0.176383567705725,0.183812431814817,0.191278789379134,0.198722880166802,0.206114600194694,0.213376915607983,0.22047229976786,0.227304977933238,0.233830259369539,0.239933065072457,0.245562377551593,0.250583205028378,0.254942248810474,0.258488671007926,0.26117208625665,0.262831038189562,0.263429127649872,0.262802354479534,0.260938785562146,0.25768360576228,0.253068274816737,0.24696683930986,0.239472165106456,0.230493124163249,0.220202959742542,0.208575103611379,0.195851566162195,0.182096007975148,0.167603192233561,0.152520801489188,0.13718015879639,0.121787517993173,0.106674284287851,0.0920592066683115,0.0782281196603671,0.0653634294115961,0.0536558181940553,0.043215705963149,0.0341098446025351,0.0263572425189243,0.0198965464597777,0.0146746291826572,0.0105320669506193,0.0073744366442358,0.00499604963298158,0.00330430593229684,0.00209559499169978,0.00130467311615323,0.000764802995383452,0.000447947143877894,0.000239018082997725,0.000132559993539196,6.27342140977859e-05,3.32840851633014e-05,1.41501547126831e-05,6.47754600850905e-06,3.466792328993e-06,2.80422228725836e-07,1.52452557724574e-06,-7.01433964299434e-07,1.0348789850024e-06,-3.27278289689033e-07,6.65982594574191e-07,5.60107941081889e-08,0
1552225.35742705,0,9.43413620979136e-05,5.51877951719538e-06,0.000103087042283694,1.52813284788719e-05,0.000119183655376962,1.497960942815e-05,0.000136114853381753,3.36784811887385e-05,0.000129066778177758,7.14791686007301e-05,0.000119459709785823,0.000103378101146834,0.000123263019098475,0.000125745087560093,0.000136889855377397,0.000145079293630933,0.000155159873836223,0.000165358060094026,0.000176321549644549,0.00018795313185683,0.000200277436091084,0.000213431488212762,0.000227355263951498,0.000242233679948016,0.000257984690652707,0.000274818012516795,0.000292638379567711,0.000311689341358253,0.000331845543461923,0.000353391458942593,0.000376198112462385,0.000400539308421201,0.000426341344057688,0.000453833384238364,0.000483005616982666,0.000514051768098254,0.000547016682192992,0.000582079169660187,0.000619319299417701,0.000658915096467247,0.00070098208930553,0.000745697777244632,0.00079321512155861,0.000843714712187466,0.000897391230766491,0.000954427768366991,0.00101506868618651,0.00107949480851244,0.00114800910301292,0.00122079254530476,0.00129821576524138,0.00138045733062436,0.00146796595478104,0.00156091572385394,0.00165984437716347,0.00176491852326876,0.00187677649550515,0.00199557516604708,0.00212206851065173,0.00225640255446379,0.00239946289786315,0.0025513797383855,0.00271319011431911,0.00288500698783228,0.00306803661526601,0.00326237114145713,0.0034694084562219,0.00368922559331476,0.00392342356768394,0.00417207261450081,0.00443697341017518,0.00471823507715227,0.00501782926298586,0.00533599041878391,0.00567477842422948,0.00603465359763152,0.00641771697526549,0.00682471817792075,0.00725778900566986,0.00771799846755471,0.00820751675452453,0.00872775117248762,0.00928093882285005,0.00986885161389879,0.0104938099420246,0.0111579835056151,0.0118637795599692,0.0126138030267246,0.0134105417041007,0.0142571004914773,0.0151560473933472,0.0161110602086849,0.0171247554465276,0.0182014514021549,0.0193437625865657,0.0205567409094786,0.0218429709654007,0.0232083211902005,0.0246552858845229,0.0261906441625077,0.0278167394594162,0.0295413123623341,0.0313665089067432,0.0333011247049681,0.0353470668652747,0.0375141567800501,0.0398040451993445,0.0422275192754963,0.0447859052186892,0.0474908610343765,0.0503433809373196,0.0533557911351965,0.0565286802980219,0.0598749399904195,0.0633945451037541,0.0671007370943707,0.0709929472467692,0.0750837587323323,0.0793725952944223,0.0838702797744806,0.0885762504406385,0.0934987862178058,0.098636947818601,0.103995859541708,0.109573521624675,0.115371017587391,0.121384751574812,0.127610301602585,0.134041856981858,0.140668091514351,0.147480140627359,0.154457835909665,0.161588225748602,0.168840486784566,0.176196677799587,0.183613162268432,0.191066054865741,0.198496333363454,0.205873122657958,0.21312009200859,0.220199097726098,0.227014936850619,0.233522475990792,0.239607014949868,0.245217402801221,0.250218741112701,0.25455804760015,0.258084338306557,0.260747900812108,0.262386880039899,0.262966076957577,0.262320810226575,0.26044066585813,0.257170046080658,0.25254222847752,0.246430199766285,0.238928827747747,0.229945792120221,0.219656449621689,0.208032637828744,0.19531861240066,0.181575995154507,0.167101707997306,0.152041013119844,0.136727195264837,0.121363845048055,0.106284102580757,0.0917035982110908,0.07790973233692,0.0650817708553051,0.0534117140365278,0.0430069736771707,0.0339356047746069,0.0262139535987452,0.0197820099533235,0.0145844746632004,0.0104634771206991,0.00732295841743505,0.00495895013430922,0.00327776446720066,0.00207761747937163,0.00129245316435276,0.000757201106908936,0.000443148819349906,0.000236532766028151,0.000131216041578324,6.23640322364432e-05,3.31643005379517e-05,1.4301804569851e-05,6.53243171977507e-06,3.57108994382515e-06,2.73942679515944e-07,1.56105549831394e-06,-7.34141642319616e-07,1.04228732182293e-06,-3.82016864282612e-07,6.48229409684293e-07,6.9337314978475e-10,0
1588565.12942805,0,9.2665897425592e-05,5.71052970363028e-06,0.000101310925142738,1.55639727068408e-05,0.000117188753332839,1.57669426268747e-05,0.000133787157179867,3.45531764787294e-05,0.000127221484071845,7.17625795663984e-05,0.000118392908291642,0.000103178349977687,0.000122661213575906,0.000125395828140969,0.000136479375968513,0.00014473939123751,0.000154832428039226,0.000165059385656455,0.000176041064721291,0.000187689455400549,0.000200027147700124,0.000213192133407206,0.000227124947566601,0.000242011110726813,0.00025776823377863,0.000274606368769054,0.000292429414623562,0.000311481842975491,0.000331636309030199,0.000353179472811188,0.000375979661402054,0.000400313238990292,0.000426105516854381,0.000453588768361507,0.000482753813215028,0.000513797101525714,0.000546763770973264,0.000581832378142644,0.000619081091396773,0.000658687237154802,0.000700766651887691,0.000745497330774622,0.000793032012364516,0.000843549436257573,0.00089724216782388,0.000954291990347178,0.00101494364848429,0.00107937828316653,0.00114789950526985,0.00122068937343965,0.00129812014020141,0.0013803712649048,0.00146789011490068,0.00156084673531308,0.00165977377831908,0.00176483614925352,0.00187667539583151,0.00199545196129404,0.00212191804126851,0.00225621671297908,0.00239923431773161,0.00255110424338607,0.00271286082710991,0.00288461084925734,0.00306755982201033,0.00326180748360918,0.00346875683918546,0.00368848046739896,0.0039225746102663,0.00417110673769639,0.00443588496106167,0.00471701228658376,0.00501646327121275,0.00533446281755541,0.00567307739605491,0.00603275850256946,0.00641560774409736,0.00682237005187671,0.00725517771358646,0.00771509490844353,0.00820429397876582,0.00872418493305216,0.00927700628764531,0.00986452788032518,0.0104890705196495,0.0111527907146197,0.0118580981697759,0.0126075902651611,0.0134037618644316,0.0142497108522445,0.0151480045209125,0.016102299931976,0.0171152270105726,0.0181910848439359,0.0193325101274855,0.0205445283768942,0.021829755357888,0.0231940322351736,0.0246398828275515,0.026174048565621,0.0277989045691887,0.0295221626910006,0.0313459946042225,0.0332791546450612,0.0353235533524215,0.0374889750096629,0.0397770721703582,0.042198613847887,0.0447549062562066,0.0474575967224674,0.0503076629145562,0.0533174553907386,0.0564875318269348,0.0598308079752759,0.0633472133433736,0.0670500329879192,0.0709386146708926,0.0750256053401038,0.0793103249907356,0.0838036829472673,0.0885049586456667,0.0934225586982644,0.0985553404306343,0.103908593927901,0.10948008680865,0.115271080324417,0.121277690487496,0.127495744372753,0.133919117184586,0.140536761277902,0.147339493095628,0.154307451788299,0.161427353398096,0.168668632577535,0.176013024865165,0.183417149897786,0.190856897824666,0.198273382682544,0.205635500564884,0.212867051038596,0.219929875949638,0.226728844680868,0.233218800056511,0.239285165161873,0.244876856697489,0.249859093111223,0.254179004919078,0.257685869370634,0.260330002643925,0.261949989066424,0.262510719220014,0.261848078925114,0.259951627083799,0.256666618213603,0.252026335442763,0.245904781680979,0.238396594355477,0.22941056051339,0.219121684650001,0.207502790388182,0.194797623813253,0.181068804974678,0.16661219924035,0.151573740395885,0.136285285081648,0.120951149785891,0.105902633153032,0.0913557927169294,0.0775960129593042,0.06480303675736,0.0531669317607204,0.0427955682354632,0.0337554052784394,0.0260632613769358,0.0196577945339755,0.0144843509056972,0.0103841742721545,0.007261822705306,0.00491273581384261,0.00324391547881775,0.00205333584618258,0.00127564943768046,0.000745748895581323,0.000435646566810197,0.000231651553538771,0.000128230083550836,6.0540135366192e-05,3.21971811040985e-05,1.37594567999559e-05,6.32281561381225e-06,3.41140114190324e-06,1.82539377991707e-07,1.39237599085626e-06,-9.00128424454062e-07,8.34697599538312e-07,-5.56799165060251e-07,5.01842331263512e-07,-8.34106151892117e-08,0
1625755.66644379,0,9.09358537747072e-05,5.88949799928629e-06,9.94733841144584e-05,1.58303981396861e-05,0.0001151335266012,1.65127796510477e-05,0.000131424633203417,3.53655632002402e-05,0.000125350068769088,7.19913352104154e-05,0.000117296315628132,0.000102939750255861,0.000122031403333386,0.000125020628157867,0.000136048967593912,0.000144384261657012,0.000154494566378245,0.000164754388204587,0.000175757304224275,0.000187423992925397,0.000199774845514616,0.00021294835677216,0.000226885524810045,0.000241772423920312,0.000257527328332796,0.00027436158036795,0.000292179517399683,0.000311227523824136,0.000331377456747513,0.000352918945555628,0.00037571820377851,0.000400054241205534,0.000425850462338906,0.00045334042118777,0.000482512517094219,0.00051356326499245,0.000546537146471729,0.000581614319876048,0.000618873754675327,0.000658493368897179,0.000700587859463131,0.000745333454432056,0.000792882415792253,0.000843414086863226,0.000897122304600105,0.00095418856358491,0.00101485615656913,0.00107930468098067,0.00114783864902215,0.00122064095731276,0.00129808282971511,0.00138034093091207,0.00146786109180308,0.00156081498081606,0.00165973869818477,0.00176479896563322,0.0018766346651196,0.00199540319397067,0.00212185676887638,0.00225614062797118,0.00239913946598933,0.00255098301743068,0.00271270522219072,0.00288441859186731,0.00306733048167219,0.00326153539302827,0.0034684287573971,0.00368808128572101,0.00392209238896341,0.00417053083618786,0.00443521060365227,0.00471622648915285,0.00501555826524544,0.00533342202395792,0.00567189217901941,0.00603141039372197,0.00641408688985073,0.00682066108099371,0.00725326320565065,0.00771295062934683,0.0082018962825077,0.0087215020219488,0.00927400700058264,0.00986117187424901,0.0104853230163647,0.0111486100307381,0.011853451523211,0.0126024348019433,0.0133980695317769,0.0142434384027822,0.0151411210643381,0.0160947545833942,0.0171069826162518,0.0181820815701624,0.0193227071439008,0.0205338523517063,0.0218181521022124,0.0231814100108339,0.0246261750218685,0.0261591539377903,0.0277827449125459,0.0295046194444395,0.0313269690061695,0.033258517981637,0.0353011896022789,0.0374647514447131,0.0397508507847092,0.0421702645537409,0.044724276033853,0.0474245658383006,0.0502720648929294,0.0532791790195583,0.056446388882095,0.0597866717646822,0.063299854094246,0.0669992843005996,0.0708841967333701,0.0749673112543437,0.0792478176171908,0.0837367092972795,0.0884331430265385,0.09334560369635,0.0984728226699102,0.103820164649216,0.109385287333743,0.11516954661275,0.121168957972014,0.127379425628126,0.133794683820413,0.140403771110406,0.147197341039677,0.154155615947192,0.161265130620579,0.168495447369132,0.175828116853332,0.183219892303295,0.190646459281248,0.198049106215162,0.205396599729953,0.212612881190968,0.219659620705592,0.226441861009454,0.232914381096779,0.238962716613152,0.244535790359808,0.24949901768107,0.253799631777096,0.257287082852562,0.259911957274197,0.261513018692531,0.262055502836604,0.261375579447924,0.259463223594047,0.25616396712236,0.251511640111371,0.245380585304314,0.237865886139696,0.228876750342074,0.218588663551164,0.206974529043935,0.194278584986769,0.180563284549486,0.166124706273289,0.15110839661909,0.135846084732583,0.120541382381026,0.105525181985378,0.0910126175363787,0.077288450173413,0.0645313775779914,0.0529308122976653,0.042593635746413,0.0335857809476674,0.0259233284795895,0.0195446787665367,0.0143947425072363,0.0103148239930716,0.00720933005746911,0.00487407369278529,0.00321614010684168,0.00203406887638236,0.00126263861997946,0.000737315523941404,0.00043030638497195,0.000228438209904774,0.000126293623402806,5.9421002250695e-05,3.15295643257363e-05,1.33748380287455e-05,6.12697649964711e-06,3.34872381209551e-06,2.44988268755594e-07,1.53596913817117e-06,-6.96218595458994e-07,1.05268377525242e-06,-3.64456364707826e-07,6.5214609619431e-07,-1.47822959509737e-08,0
1663816.88607613,0,8.9157369161151e-05,6.0517262886254e-06,9.75824640828868e-05,1.60577594896902e-05,0.000113026965798073,1.71971973827727e-05,0.000129009234335105,3.61036948103446e-05,0.00012341975776169,7.21428435732677e-05,0.000116132968300379,0.00010262659689025,0.000121330838773543,0.000124573811640919,0.000135548203709314,0.000143959673071955,0.000154087781640817,0.000164380730551543,0.000175404527104875,0.000187088623443991,0.000199451191730151,0.000212631435350913,0.000226571268605581,0.000241457497184442,0.000257209373249131,0.000274039740982966,0.000291853852262702,0.000310900162378058,0.000331049925424875,0.000352595771574898,0.000375401902893338,0.000399749622180862,0.000425559488803676,0.000453065237640067,0.000482252236388838,0.000513316968323121,0.000546302061082139,0.000581387128509768,0.000618649704251143,0.00065826801237017,0.000700357497994421,0.000745095349383525,0.000792634842407456,0.00084315596702209,0.000896853679822983,0.000953911244309428,0.00101457440908224,0.00107902306291529,0.00114755895581523,0.00122036023205112,0.00129779545623682,0.00138004233130933,0.00146754929476987,0.00156048926389624,0.00165939798616389,0.00176444026798471,0.00187625257396259,0.00199499198978677,0.00212141189521062,0.00225565800976665,0.00239861330044309,0.00255040744149887,0.00271207630429551,0.002883735416249,0.00306659053893855,0.00326073153514332,0.00346754865109951,0.00368711345099058,0.00392103167317205,0.00416937195043045,0.0044339456520401,0.0047148351923756,0.00501402637129133,0.00533172872056323,0.00567002444352151,0.00602934643198764,0.0064118066633288,0.00681813528400535,0.00725047040506068,0.00770986960094748,0.00819851046777645,0.00871779298885076,0.00926996199572403,0.00985677540791876,0.010480558965239,0.0111434511977976,0.0118478660602139,0.0125963713287917,0.0133914768857533,0.0142362536916462,0.0151333062158205,0.0160862668692288,0.0170977887124847,0.0181721157058926,0.0193119164893636,0.0205221665378444,0.0218055239490488,0.0231677573914676,0.0246114395776508,0.0261432399103358,0.0277655797265445,0.0294860896980253,0.0313069883870887,0.0332369630352662,0.0352779567172741,0.0374397070130711,0.0397238812134293,0.0421412313742596,0.0446930529307153,0.0473910035547019,0.0502360243996099,0.0532404931532635,0.0564048902541783,0.0597421558407449,0.0632521296055399,0.066948125516469,0.0708293821840897,0.0749085915767146,0.0791849197662883,0.0836693719591989,0.0883610341511762,0.0932684361234101,0.0983901807522519,0.103731724871132,0.109290540789518,0.115068154255286,0.121060346477749,0.127263237808963,0.133670267225127,0.140270765097915,0.147055038479992,0.154003620869864,0.161102657113342,0.168322068150399,0.175642954488505,0.183022481755966,0.19043587763016,0.197824881978405,0.205157765463867,0.212358965806933,0.219389692845745,0.226155467159089,0.232610629180896,0.238641232968248,0.244195846908663,0.249140374445008,0.253421874607716,0.256890283870068,0.259496097454218,0.261078562533116,0.261603026078898,0.260906215101491,0.258978236889176,0.255665138511905,0.251001060625243,0.24486088826846,0.237339874378077,0.22834795651609,0.218060878286652,0.206451911224524,0.193765425269715,0.18006386878698,0.165643313494193,0.15064942323801,0.135413465754188,0.120138505011112,0.105154868074658,0.09067713274296,0.0769890558665676,0.064268548038636,0.0527040825235139,0.0424016658523845,0.0334263858068606,0.0257937820823287,0.0194417124531488,0.014314822076426,0.0102543490208431,0.00716478209982036,0.00484216937929926,0.00319392088675067,0.00201904793007039,0.00125270783610891,0.000730884942427447,0.000426140670909298,0.000225782512612465,0.000124574797935471,5.83462345286911e-05,3.09063260783802e-05,1.30477367601026e-05,6.01855155044588e-06,3.33726124790816e-06,2.90097098048447e-07,1.57130652479477e-06,-6.70520755090794e-07,1.06007153951835e-06,-3.72511272941603e-07,6.47159958518098e-07,-3.53771985433373e-08,0
1702769.1722259,0,8.73444660573263e-05,6.18157646942285e-06,9.56578897487587e-05,1.62648743891962e-05,0.000110846256464606,1.78186179257328e-05,0.000126593370615952,3.66785149894947e-05,0.000121523370034249,7.21313048000696e-05,0.00011495693571643,0.000102196063832458,0.000120576789981693,0.000124041554851856,0.000134983995878934,0.000143469910045008,0.000153627805707794,0.000163962741745797,0.000175020200414922,0.000186735383192836,0.000199125281645933,0.000212328898488754,0.000226288868461396,0.000241191843422142,0.000256957393802316,0.000273798435683689,0.0002916199399878,0.000310670812046703,0.000330820710411289,0.000352363972063731,0.000375161663532631,0.000399497358856835,0.000425289906725801,0.000452776216619566,0.000481940974464608,0.000512983419329255,0.000545946390100919,0.000581011994367486,0.000618258307303819,0.000657865285906717,0.000699947944858272,0.000744682538787281,0.000792221429115926,0.000842744473191061,0.00089644629724808,0.000953508056865082,0.00101417257204107,0.00107861683955895,0.00114714440761747,0.00121993822254277,0.0012973706358272,0.0013796183114451,0.0014671261841413,0.00156006419521055,0.00165896738135131,0.00176400229396816,0.00187580765727547,0.00199454058508239,0.00212095255633442,0.00225518956516763,0.00239813596988037,0.00254991916944295,0.00271156721968045,0.0028831892172229,0.00306599140235812,0.00326007135170017,0.00346682581104206,0.00368632364968081,0.00392016241303586,0.00416840249479204,0.00443286460744439,0.00471362980597912,0.00501269403981037,0.00533025160349173,0.00566839272394613,0.00602754038730356,0.00640981883101527,0.00681595505007291,0.00724808708849703,0.00770726256465684,0.00819565945934642,0.00871467032120044,0.00926653806405534,0.0098530111609457,0.0104764155667552,0.011138886384494,0.0118428471318935,0.0125908640031591,0.013385460080276,0.0142296850917008,0.0151261450674375,0.0160784356072017,0.0170892323008631,0.0181627671917791,0.0193017284191093,0.0205110547230592,0.0217934242246304,0.0231545720472169,0.0245971047225629,0.0261276525299315,0.0277486799417858,0.029467784695659,0.0312872191597431,0.0332156389652262,0.0352550053727998,0.0374150351592404,0.0396973810972533,0.0421127891614406,0.0446625151776088,0.0473582330858149,0.0502008054596105,0.0532026408308472,0.0563641452461064,0.0596983233003285,0.0632049387721696,0.0668973474067913,0.0707747165659579,0.0748497911606879,0.0791216603838301,0.0836013615449668,0.0882879256156033,0.0931899210008318,0.0983059001153537,0.103641385647233,0.109193756718592,0.114964598485433,0.120949538937901,0.127144821627478,0.133543669242654,0.140135553122132,0.146910475798503,0.15384923297353,0.16093761582964,0.168145855500499,0.175454690431421,0.182821611293079,0.190221466121108,0.197596344520832,0.204914208709009,0.212099819446041,0.219114118177962,0.225862909191316,0.232300371549474,0.238312744491082,0.243848558417927,0.248773913979588,0.253035885774834,0.256484625461844,0.259070853961703,0.260634123132389,0.261140062728137,0.260425726797264,0.258481632958312,0.255154304889741,0.250478276789581,0.244328854851959,0.236801633856443,0.227806844953358,0.217520625390215,0.205916383972504,0.193238960383293,0.179550670238808,0.165147857477586,0.150175663996466,0.134965350124412,0.11971946847996,0.10476799432781,0.0903244064972493,0.0766721032674453,0.0639878324781092,0.0524594675548688,0.042191897475546,0.0332497857190375,0.0256477434265493,0.0193234098068782,0.0142207772872226,0.0101813177105174,0.00710926174023689,0.00480111719565972,0.00316428694905012,0.00199846223274836,0.00123885213793503,0.00072206249524951,0.000420785719779122,0.000222810913951938,0.000123015176843108,5.76282071016309e-05,3.05587835570176e-05,1.28529426179146e-05,5.86440365295439e-06,3.18590887466018e-06,1.68051646737204e-07,1.47325252652167e-06,-7.29345711822505e-07,1.02882880377424e-06,-3.94750796499949e-07,6.42193459627963e-07,-5.43179376346869e-08,0
1742633.38600965,0,8.54710374832537e-05,6.30469427731544e-06,9.36745284206803e-05,1.6415886301705e-05,0.000108622226386249,1.83978405368745e-05,0.000124078782115072,3.72461077532648e-05,0.000119518265692227,7.2101013810379e-05,0.000113700865111525,0.000101734654721597,0.000119772201242573,0.000123483475378339,0.000134395780695432,0.000142972132578842,0.000153170160828772,0.000163560898270793,0.000174664491455229,0.000186423187255921,0.000198851467867184,0.000212087893106577,0.000226075465347368,0.000241000614396926,0.000256783482954761,0.000273637564454318,0.000291468565959704,0.000310526992727754,0.000330682154277456,0.000352231497179245,0.000375034884741213,0.000399379357013395,0.00042518221446283,0.000452681975257548,0.000481860345613831,0.000512916827123851,0.000545892229858061,0.000580969121505096,0.000618223674724717,0.000657835841111306,0.000699920218236182,0.000744653787031985,0.000792189762849024,0.000842708791998185,0.000896405775070275,0.000953461876974997,0.00101412159304868,0.00107856268947199,0.00114708762784057,0.00121987538231698,0.00129729606954364,0.00137952612947944,0.00146701210721376,0.00155992443731399,0.00165879859086864,0.00176380018895954,0.00187556775759282,0.00199425928776661,0.00212062715516935,0.0022548167093849,0.00239771144691398,0.00254944007111342,0.00271103378911708,0.00288260295990821,0.00306535036190234,0.00325936940508007,0.00346605335548546,0.00368547066602663,0.00391921944840237,0.00416735752700679,0.00443170318339833,0.00471232988934415,0.005011241781099,0.00532862554105682,0.00566657783646434,0.00602551328411314,0.00640755995345078,0.0068134342258322,0.0072452808514663,0.00770414490827829,0.00819220714383769,0.00871085613334376,0.00926234307635164,0.00984841114100663,0.0104713995989648,0.0111334262374529,0.0118369294670788,0.012584455918957,0.0133785367131876,0.0142222013523675,0.0151180648152503,0.016069706699695,0.0170798017363749,0.0181525746015378,0.0192907138586273,0.0204991540215886,0.0217805688370263,0.0231406902712024,0.0245821230829607,0.0261114923061789,0.0277312574729622,0.0294490041537977,0.0312669949334682,0.033193859568596,0.0352315720338259,0.0373898152800793,0.0396702702575988,0.0420836437136171,0.0446312096904254,0.0473245960520456,0.0501646893922522,0.0531638709062725,0.0563225430679358,0.0596536602027084,0.0631569812377773,0.0668458723144804,0.0707194646689919,0.0747905233989755,0.0790580560324344,0.0835331878411046,0.0882148040404041,0.0931116058663346,0.0982219485505198,0.103551503149225,0.109097418599014,0.114861467035826,0.120839024707912,0.127026505646702,0.133416882815913,0.139999853940861,0.146765169704164,0.153693839883164,0.160771385044692,0.167968297403335,0.175264993184571,0.182619250864564,0.19000561494266,0.197366489826798,0.204669467389501,0.211839655942042,0.218837683960322,0.225569656560407,0.231989525553685,0.237983819201878,0.24350095743626,0.248407282589054,0.252650040003971,0.256079536771538,0.258646727165922,0.260191220281082,0.260679229055721,0.259947845656169,0.257988209452914,0.254646870151714,0.249959223189774,0.243800555582334,0.236267275185821,0.227269718737296,0.216984784809874,0.205385725276515,0.192718046247093,0.179043611160782,0.164659221205726,0.149709557975783,0.134525843414945,0.119309616157219,0.104390591247986,0.0899813922182196,0.0763646346571604,0.0637160945844722,0.0522230967727425,0.0419894995224018,0.0330795186860585,0.0255070784417956,0.0192095513600414,0.0141305118483525,0.0101113695131721,0.00705625983864273,0.00476198031754696,0.00313613377693263,0.00197884450794297,0.00122557472211118,0.00071335821828296,0.000415226431751435,0.0002194217124545,0.000121009539474198,5.64724851547461e-05,2.99343100079528e-05,1.24970368518463e-05,5.6984211340474e-06,3.07570159197608e-06,1.28676716949082e-07,1.43507344138396e-06,-7.39711441198677e-07,1.01526293767195e-06,-4.03754267510077e-07,6.36584984219823e-07,-6.9557576874453e-08,0
1783430.87693191,0,8.36040287378449e-05,6.41522783753699e-06,9.16920591249419e-05,1.65505492055757e-05,0.000106397400508137,1.89284601189257e-05,0.000121580899365441,3.77357770277314e-05,0.000117517774046704,7.1992447673812e-05,0.00011241497159669,0.000101198249495155,0.000118906205134682,0.00012284298031436,0.000133722041647126,0.00014237649116236,0.000152606224156792,0.000163042414370785,0.00017418248552586,0.000185974741777955,0.000198431814387094,0.000211691666478296,0.000225697998519744,0.000240636751346899,0.000256428739965637,0.000273287519280579,0.000291119503846731,0.000310176221853293,0.000330326743902916,0.000351871153161907,0.000374668182476179,0.000399007986768171,0.000424806591119969,0.000452304922205649,0.000481482931301076,0.000512541904478091,0.000545521215530858,0.000580604261014819,0.000617865637426978,0.000657485771543979,0.000699578616308728,0.000744321196158519,0.00079186652301372,0.000842395412253585,0.000896102582619025,0.000953168993645025,0.00101383999357528,0.00107829359664045,0.0011468326722684,0.00121963491248624,0.00129706868694723,0.00137930868406463,0.00146680128146537,0.00155971740138857,0.00165859364284743,0.00176359521692711,0.00187535923471202,0.00199404202142766,0.00212039541750008,0.00225456398027756,0.00239743075297078,0.00254912539985749,0.00271068221744126,0.00288221349471282,0.00306492152919444,0.00325889599284071,0.00346552521645288,0.00368487250670524,0.00391853513620528,0.00416656985461328,0.00443080295521418,0.0047113037251331,0.00501008113643644,0.00532731094781543,0.00566509702098712,0.00602384720666088,0.00640569699672109,0.00681135785247768,0.00724297900538273,0.00770159683443634,0.0081893960939675,0.00870775899136174,0.00925893040237848,0.00984465492307909,0.0104672578374923,0.011128866491752,0.011831905044452,0.0125789260511674,0.0133724605129575,0.014215541796309,0.0151107833405938,0.0160617602024534,0.0170711578958324,0.0181431695997092,0.0192805137581764,0.0204880768935709,0.0217685721355319,0.0231276773100069,0.0245680401032737,0.026096233853569,0.027714758056934,0.0294311490002925,0.0312477024238782,0.0331730052868235,0.0352090567961365,0.037365514189368,0.0396440577715929,0.0420553885831921,0.0446007535516994,0.0472918080172348,0.050129375491455,0.0531258878957029,0.0562816578978733,0.0596097198728442,0.0631097148738435,0.0667951038942994,0.0706648913014401,0.0747319444927241,0.0789951343788391,0.0834656862838006,0.088142357003295,0.0930339347293066,0.0981386536686613,0.103462261641188,0.10900177996456,0.114759062846449,0.120729337577453,0.126909130521404,0.133291220434764,0.139865467983462,0.146621372635765,0.153540183571954,0.160607085197037,0.167792884483536,0.175077592660969,0.182419402896366,0.18979237068015,0.197139393186766,0.204427493391099,0.211582371541058,0.218564059671135,0.225279345091666,0.231681538329041,0.237657915631732,0.243156297253288,0.248043853604076,0.252267288787079,0.255677778353158,0.258225844676731,0.259751981488406,0.260222102747303,0.259474137663445,0.257499046703534,0.25414422397328,0.249445088381563,0.243277708201297,0.235738568468942,0.226738680599805,0.216455072991266,0.204861305758309,0.19220320113517,0.178542711119747,0.164176701518325,0.149249323682695,0.134091718907702,0.11890490406045,0.104018151459044,0.0896430432219233,0.0760616786290964,0.0634487676561055,0.0519910361623042,0.0417914087254855,0.0329136541250341,0.02537085694441,0.0191001499012135,0.0140446035088218,0.0100456147660561,0.00700714006657073,0.00472633394962001,0.00311092786678015,0.00196159697013665,0.0012140666204938,0.000705922558822475,0.00041053578763303,0.000216566121241359,0.000119301962109111,5.54845890438262e-05,2.93877811900969e-05,1.21925446959138e-05,5.56083729419777e-06,2.99723681162826e-06,1.15505881150561e-07,1.42346694845858e-06,-7.3100595650201e-07,1.0184474083707e-06,-4.05639999472249e-07,6.37462291595329e-07,-8.57890191085662e-08,0
1825183.49431904,0,8.17239676244555e-05,6.50711370745167e-06,8.96848948327752e-05,1.66576590566843e-05,0.000104157968830578,1.93841709364917e-05,0.00011907566095543,3.81550031380993e-05,0.000115465234929905,7.18354095206672e-05,0.000111054196383902,0.000100607705326154,0.000117966631151759,0.000122138287069901,0.000132978453862473,0.000141713957314546,0.000151975682063512,0.000162459659956208,0.000173638783760901,0.000185468102694196,0.000197958304167159,0.000211246863886093,0.000225278181301138,0.000240237526109681,0.000256046456595273,0.000272918560933073,0.000290760894229725,0.000309825788058684,0.000329981966998575,0.000351531537087676,0.000374331446428345,0.000398674420699337,0.000424475229308416,0.000451977787774743,0.000481161297554337,0.000512229928002949,0.000545222649947541,0.000580324502278547,0.000617608861387704,0.00065725708090916,0.000699382178128819,0.000744160337496451,0.000791742814827164,0.000842308754326312,0.000896051795469855,0.00095315200162704,0.00101385389410122,0.00107833375045263,0.00114689496366956,0.00121971596620185,0.00129716565518339,0.00137941780194864,0.00146691861649681,0.00155983815890343,0.00165871223152847,0.00176370446258345,0.00187545087179338,0.00199410618792195,0.0021204214081733,0.00225454089723429,0.00239734837494043,0.00254897287067317,0.00271044772913831,0.00288188414116156,0.00306448520120386,0.00325834230723032,0.0034648477779121,0.00368407062230834,0.00391761128299695,0.00416552377565106,0.00442963248802757,0.00471000013488171,0.00500863759276358,0.00532571762637826,0.00566334981950908,0.00602193761465845,0.00640361760177841,0.00680910296961488,0.00724053984379219,0.00769896956298363,0.00818657176985982,0.00870472986564034,0.00925568741170871,0.00984117594327747,0.0104635184601772,0.0111248237349208,0.0118275216507065,0.0125741479200718,0.0133672345098901,0.0142097979632758,0.0151044592279477,0.0160547751982017,0.0170634487058659,0.0181346636345143,0.0192711571954252,0.0204778036971409,0.0217573315938357,0.0231153961598689,0.0245546594593843,0.0260816616535308,0.0276989315755881,0.0294139631217321,0.0312290680646934,0.0331527973404144,0.0351871742025457,0.0373418219959156,0.0396184273272434,0.0420276666365919,0.0445707920650473,0.0472594470117817,0.0500944358437463,0.0530881906324351,0.0562409958803231,0.0595659216567181,0.0630625573971025,0.0667443894454919,0.0706103506702897,0.074673373140684,0.0789322290327859,0.083398217296416,0.0880699625667125,0.0929563553969826,0.0980554541310265,0.103373163703482,0.108906292295892,0.11465689420989,0.120619907846145,0.12679216849662,0.133166050927672,0.139731794609788,0.146478360454987,0.15338754500624,0.160443860332265,0.16761881475721,0.1748915809184,0.182221235337482,0.189580814930168,0.196914272523802,0.204187533338838,0.211327504110284,0.21829297626347,0.224992058888213,0.231376797602034,0.23733581644859,0.242815714898154,0.247685092054122,0.251889448045818,0.255281385970595,0.257810447558304,0.259318601454504,0.259770840461407,0.259006576694578,0.257016016980781,0.253648073823792,0.248937536687481,0.242761936770675,0.235217049761468,0.22621526050428,0.215932976510885,0.204344772497894,0.191695929855588,0.178049081014854,0.163700429852817,0.148794543419381,0.133661742813836,0.118503326893682,0.103647515758647,0.0893055973350928,0.0757586085492608,0.0631808447512197,0.0517577342202804,0.0415916859364606,0.0327453993745487,0.0252317264083379,0.0189870943789605,0.0139545734995459,0.00997537057981629,0.00695363648363662,0.00468653748106206,0.00308211708610558,0.00194132879041055,0.00120025871851167,0.000696849521043015,0.00040481951325786,0.000213099376874016,0.00011730279311702,5.43941180441809e-05,2.88360734956507e-05,1.19128159054701e-05,5.45170345639595e-06,2.93476892145381e-06,1.02876094798788e-07,1.40752186528607e-06,-7.33222896838916e-07,1.01474302041451e-06,-4.15814351382028e-07,6.35635380250924e-07,-1.06580566181742e-07,0
1867913.59902078,0,7.98108991419947e-05,6.58539389069855e-06,8.76503806243704e-05,1.67250507796577e-05,0.000101876565703167,1.98026359330564e-05,0.000116524017958118,3.84961959603501e-05,0.000113394098980279,7.15735067709775e-05,0.000109665560257039,9.99267683760342e-05,0.000116976359140694,0.000121361193059698,0.000132175946285311,0.000140990504135834,0.00015129059982982,0.000161826754565231,0.000173051310737159,0.000184924187989468,0.000197454432423785,0.000210778407405948,0.000224841244026278,0.00023982708961029,0.000255658006026011,0.000272547003532578,0.000290401809583799,0.000309475075991608,0.000329635303288135,0.000351186446450158,0.000373984373025417,0.000398324606188718,0.000424120922476042,0.000451620175065505,0.000480800458358951,0.000511868610504536,0.000544862398196423,0.000579968082593874,0.000617257407264044,0.000656913049760297,0.00069904754635249,0.000743837353449994,0.000791433360465463,0.000842014793136173,0.000895774505300688,0.000952891617372808,0.00101361095816964,0.00107810839293592,0.00114668711304344,0.00121952494472611,0.00129699178986796,0.00137926201673758,0.00146678234550415,0.00155972154453962,0.00165861401820887,0.00176362181572423,0.00187538144795986,0.00199404772957706,0.00212037074473452,0.00225449266900061,0.00239729699231798,0.00254891285575959,0.00271037429919308,0.00288178955168435,0.00306435997082262,0.00325817704628144,0.00346463492580271,0.00368380042398977,0.00391727451416273,0.00416510799066731,0.00442912944337014,0.00470939533561798,0.00500792704666029,0.0053248854922827,0.00566238763692367,0.00602082850157553,0.00640234727011046,0.0068076423226527,0.00723885946665503,0.00769703332634294,0.00818434023242754,0.00870215511507985,0.00925272065433716,0.00983777154439482,0.0104596404245335,0.0111204380704092,0.0118225983387383,0.0125686549760742,0.0133611523456242,0.0142030973975306,0.0150971196055832,0.0160467635203136,0.0170547374286661,0.0181252052697855,0.0192609082428274,0.0204666952862923,0.0217453117846273,0.0231023840754051,0.0245406030740865,0.026066471158921,0.0276825403930221,0.0293962626201254,0.0312099812649619,0.0331322082869127,0.0351649780498829,0.0373178867824676,0.0395926187009489,0.0419998484379144,0.044540796095684,0.0472271367831597,0.0500596251354278,0.0530507464544952,0.0562007272284656,0.0595226872758215,0.0630161576278577,0.0666946549747295,0.0705570679352908,0.0746163175401452,0.0788711564186505,0.0833328303352285,0.0879999743252129,0.0928813831743741,0.0979751829279143,0.103287139641954,0.108814183223015,0.114558151831914,0.120514177466685,0.1266788232947,0.133044771592497,0.139601853274277,0.146339463108693,0.153238864191408,0.160285172582236,0.16744912564457,0.174710715196827,0.182028048416104,0.189375251428091,0.196695027821496,0.20395460472923,0.211079379893388,0.218029824515698,0.224712311200773,0.231080819013537,0.237022060416984,0.242484833404002,0.247335635691813,0.251522501344927,0.254895795047499,0.257407647722851,0.258897670749025,0.259333778102774,0.258553060933666,0.256548611110593,0.253166963923448,0.248446054558646,0.242261118276856,0.234710967015491,0.225705955557946,0.215425562924891,0.203841920489818,0.191203219036871,0.177569353673036,0.163239141865098,0.148354519491587,0.133247906110422,0.118117327845756,0.103292862768381,0.0889829467245002,0.0754699349188329,0.0629252456452014,0.0515357379370206,0.0414011101100163,0.0325853765823511,0.0250990424099513,0.0188799281552302,0.0138691250199254,0.00990929664695659,0.00690309927750505,0.00464931516388468,0.00305489605861122,0.00192239524924721,0.00118702390676894,0.000688150259256009,0.000398860819674973,0.000209449741556452,0.000114895732032713,5.31606525147841e-05,2.82170353264293e-05,1.19313706431487e-05,5.70363742109089e-06,3.42010188735545e-06,5.17440015716573e-07,1.80516077984465e-06,-5.15167945678677e-07,1.18395802497321e-06,-3.83861371099871e-07,6.74635601726611e-07,-1.47003403070484e-07,0
1911644.0753857,0,7.78570630614821e-05,6.63295411126385e-06,8.55693471061863e-05,1.67528832713472e-05,9.95252328938565e-05,2.01367498698907e-05,0.00011393290497881,3.86929002297459e-05,0.000111278738580982,7.116597170472e-05,0.000108192489550516,9.9115826233798e-05,0.000115875607220743,0.000120462339073484,0.000131258110604326,0.00014015384175772,0.000150499373013472,0.00016109572724771,0.000172375766489644,0.000184303389520414,0.000196885900556112,0.000210257940327767,0.000224365055400781,0.000239389859568924,0.000255255201769088,0.000272173432496214,0.000290053372243277,0.000309148049365248,0.000329326175089935,0.00035089345702113,0.000373704676238055,0.000398057912842564,0.000423865247275452,0.000451375379160822,0.000480563443168308,0.000511637721891095,0.000544633977398762,0.000579740163524349,0.000617026018075904,0.000656675384158414,0.000698800289647422,0.000743578650849956,0.000791161758020018,0.000841730093841234,0.000895477312819891,0.000952583520667504,0.00101329466913767,0.00107778686439434,0.001146363481013,0.00121920032909766,0.00129666571840206,0.00137893264396458,0.00146644792977305,0.0015593797875839,0.00165826410118836,0.00176326268222828,0.00187501159937594,0.00199366478923452,0.00211997241357557,0.00225407601475992,0.00239685846284496,0.00254844813626918,0.00270987825072847,0.00288125654308476,0.00306378334694627,0.0032575477811941,0.00346394236567421,0.0036830338424562,0.00391642253108906,0.00416415614160915,0.00442806403701176,0.00470819551736978,0.00500657752561686,0.00532336345003829,0.00566067822279732,0.00601890502766499,0.0064001878293623,0.00680522082387132,0.00723615517900632,0.00769402168104828,0.00818099875016664,0.00869846066588314,0.00924865372152438,0.00983330827218087,0.0104547611649484,0.0111151184789132,0.0118168190851465,0.0125623902521793,0.0133543758878637,0.014195774242617,0.0150892175737467,0.0160382356283601,0.0170455426788099,0.0181152777383336,0.0192501957253517,0.0204551202478372,0.0217328116721269,0.0230888683053246,0.0245259995850792,0.0260506722821619,0.0276654664976194,0.0293777986192388,0.0311900426429795,0.0331106651104841,0.0351417358741159,0.0372928113204393,0.0395656098489995,0.0419707687395411,0.0445095347103973,0.0471935355918963,0.0500235462828712,0.0530120114960518,0.0561591565466624,0.0594780417113956,0.0629682071088923,0.06664314398741,0.0705017189171446,0.074556850893508,0.0788072297607056,0.083264163186244,0.0879261829127778,0.0928021997035554,0.0978901789395863,0.103196050003268,0.108716504471337,0.114453643380607,0.120402267926774,0.126559260016747,0.132916828812005,0.139465293995352,0.146193432473569,0.153083123008077,0.160118688064436,0.167271702314476,0.174521188593561,0.181826246575304,0.1891598513579,0.19646592279058,0.203710408246849,0.210820097365112,0.217754015030627,0.224420099599562,0.230770837468321,0.236694592999044,0.242138642096775,0.246971252243273,0.251138937244171,0.254493859383931,0.256986718843532,0.258458985745311,0.25887723978183,0.258080441659478,0.256060453904113,0.252665837787309,0.247933379253888,0.241740329294917,0.234184268242628,0.225177541251028,0.214898280753688,0.203320434821351,0.190690910517992,0.177071227810537,0.162758673769892,0.147896388288751,0.132815003484449,0.117713801960388,0.102920677022921,0.0886447830965923,0.075166251695782,0.0626572400967224,0.0513022346503975,0.0412016005498526,0.0324172751409868,0.0249606386486386,0.0187677046999191,0.0137805820559225,0.00984054367890275,0.0068514940475773,0.00461117463480717,0.00302790596673845,0.00190356401453608,0.00117469217619743,0.00068012280008701,0.000394192771002809,0.000206647581914226,0.000113512562426265,5.22584739183e-05,2.77163603158062e-05,1.13169817314177e-05,5.20415343827547e-06,2.7972763831149e-06,7.74422809808196e-08,1.38386530675783e-06,-7.30229105775496e-07,1.01544258561358e-06,-4.34850790668279e-07,6.34868489292908e-07,-1.51532186660247e-07,0
1956398.34351706,0,7.59268611748777e-05,6.67657627592664e-06,8.34963444734613e-05,1.67620086422563e-05,9.72179221385659e-05,2.04141152726376e-05,0.000111364592952445,3.88746876395447e-05,0.000109129595490545,7.07588149472694e-05,0.000106676090516385,9.82840076216612e-05,0.000114733309930217,0.00011952319316676,0.000130291391773744,0.000139262460424229,0.000149646395719272,0.00016029551030434,0.00017162334019078,0.000183597644218339,0.000196224160912702,0.000209635770164736,0.000223778523691702,0.000238833421473598,0.000254724172756532,0.000271662339578878,0.000289557815799168,0.000308663673401795,0.000328848898582175,0.000350420804083105,0.000373233464108021,0.000397587448488524,0.000423393963306008,0.000450904335614075,0.000480092363856274,0.00051116910640147,0.000544169537589196,0.000579284020078461,0.000616581138626296,0.000656246560603544,0.000698391469431291,0.000743193882935427,0.000790803895722702,0.000841401842708908,0.000895180484485636,0.000952318861140798,0.00101306229354564,0.00107758549818417,0.00114619164175189,0.00121905589324068,0.00129654692551448,0.00137883693867937,0.00146637274648938,0.00155932144186524,0.0016582186919075,0.00176322544021024,0.00187497731297463,0.00199362731318242,0.00211992632363619,0.00225401606192054,0.00239678001514961,0.00254834460074109,0.00270974308368424,0.00288108402127291,0.00306356941250488,0.00325728664754749,0.00346362741795883,0.00368265724119441,0.00391597799331899,0.00416363634687505,0.00442746567804648,0.00470750791766546,0.00500579459096344,0.00532246796598218,0.00565966112408501,0.00601775105417466,0.00639888755179259,0.0068037592965437,0.00723451658918915,0.00769218664425675,0.0081789488454039,0.00869617412855093,0.0092461058153301,0.00983046956040613,0.0104516000890282,0.0111115968759512,0.0118129003734124,0.0125580266043567,0.0133495242325516,0.0141903826205739,0.0150832403967014,0.0160316152797351,0.017038230120371,0.0181072142839235,0.0192413296625444,0.0204453868416586,0.0217221561870841,0.0230772174505055,0.0245132967890198,0.0260368372501083,0.027650435038976,0.0293614698760948,0.0311723374447431,0.0330914677139403,0.035120948499696,0.0372702915459672,0.0395412309313372,0.041944367777798,0.0444809517287457,0.0471626055528671,0.0499900803178339,0.0529758349192988,0.0561200587605022,0.0594358696831835,0.0629227456102701,0.0665942166270402,0.0704490921077051,0.0745003496836419,0.0787466023994458,0.0831991992725303,0.0878565749943538,0.0927276831438436,0.0978103767961084,0.103110647894074,0.10862505722495,0.114355749448596,0.120297372480001,0.126446922763076,0.132796447847484,0.139336397088707,0.146055335261636,0.152935377163134,0.159960557926675,0.16710273834744,0.174340563449831,0.181633593016101,0.188954316022768,0.19624718336374,0.20347746448032,0.210572628405524,0.217491035300953,0.224141374124054,0.230475346395175,0.236382171794139,0.241808381177205,0.246623123176756,0.25077235373532,0.254109143664616,0.256583703368071,0.258038388611825,0.258439621476927,0.257627153632637,0.25559278122063,0.25218572127709,0.247442983309011,0.241242190389159,0.233681190128932,0.224672584115838,0.21439498180154,0.202822165349989,0.190201722438846,0.176594667696194,0.162298868437156,0.147456671329451,0.132399191421268,0.117324513124213,0.102560828183172,0.08831588957346,0.0748699654785764,0.0623937298430457,0.0510717749189086,0.0410030071948719,0.0322495189332768,0.0248214217771204,0.0186549286736197,0.013691108406786,0.00977160548079565,0.00679959857894555,0.00457345392758647,0.00300112259573405,0.0018853439922396,0.00116254411268632,0.000672426033203239,0.00038934079996845,0.000203801291639196,0.000111796994216369,5.13232139653584e-05,2.71613502743582e-05,1.10284484499686e-05,5.03050349294885e-06,2.70965133106921e-06,1.89251503489606e-08,1.35892397378309e-06,-7.56615935506129e-07,1.01232269305052e-06,-4.58386573284951e-07,6.34655452779891e-07,-1.8203786682011e-07,0
2002200.37181558,0,7.39758390248682e-05,6.70286314036987e-06,8.14070819378571e-05,1.67316604429196e-05,9.48763302846959e-05,2.06437442131687e-05,0.000108758680145531,3.89709954640503e-05,0.000106947348720442,7.02501355469331e-05,0.000105103536106592,9.73567802465917e-05,0.00011351216286424,0.000118493397241761,0.000129238226068551,0.000138284783070335,0.000148711573415666,0.000159419379534102,0.000170803415407134,0.000182834966972539,0.000195518066525334,0.000208983527970129,0.000223177799064675,0.000238279796960156,0.000254213715247899,0.00027118947944761,0.000289117623664266,0.000308250586110033,0.000328457257798903,0.000350045762491536,0.000372869355805461,0.000397230671087969,0.000423040095964512,0.000450551740579749,0.000479738159817588,0.000510813201600576,0.000543810833725135,0.000578924160966286,0.000616220580731278,0.00065588765060523,0.000698035422492544,0.00074284224569011,0.000790457237707514,0.000841061356068029,0.000894846919511494,0.000951992231141451,0.00101274211990969,0.00107727050476655,0.00114588134090466,0.00121875028807563,0.00129624692826146,0.00137854233724831,0.00146608306061556,0.00155903509093468,0.00165793462789038,0.00176294194359825,0.0018746930544345,0.00199333984020331,0.00211963273864198,0.00225371211317112,0.00239646168780796,0.00254800643870076,0.00270937918398261,0.00288068578109046,0.00306312787466967,0.0032567925821571,0.00346307333860507,0.00368203432842717,0.00391527655134165,0.00416284300285995,0.0044265696400395,0.00470649371180371,0.00500465637075583,0.00532119054843487,0.00565823604111737,0.00601616065329407,0.00639711952984331,0.00680179665339377,0.00723234426823007,0.00768978431097981,0.00817629323293308,0.00869323635273882,0.00924285545685114,0.00982687078336548,0.0104476175720097,0.011107191598341,0.0118080361757379,0.0125526647314422,0.013343629849618,0.0141839127690883,0.0150761546433506,0.0160238642872551,0.0170297703553942,0.0180979882340799,0.0192312867341511,0.0204344552056574,0.0217102733810613,0.0230642962042526,0.0244992656238667,0.0260216010881769,0.0276339192537548,0.0293435745743483,0.0311529834338515,0.0330705522077094,0.0350983811672549,0.037245960349636,0.0395150253305421,0.0419161653253599,0.0444506264824448,0.0471300090291855,0.0499550558987401,0.0529382049597415,0.0560796299138385,0.0593924169778456,0.0628760344385982,0.066543988757839,0.0703950773533895,0.0744422456995457,0.0786840950608416,0.0831319640141853,0.0877842830183622,0.092649994708047,0.0977269406022657,0.103021099679226,0.108528989039201,0.114252797903404,0.120187111455163,0.126328957372138,0.132670245724404,0.139201541272862,0.145911227956791,0.152781553116855,0.159796274591664,0.166927494436575,0.17415353919674,0.181434266500472,0.188741779369082,0.196020928724784,0.203236592653953,0.210316669019183,0.217219125485544,0.223853138851372,0.230170042215418,0.236059491560828,0.241467741627443,0.246264361322565,0.250395164676427,0.253713658982499,0.25617001812426,0.257606989705643,0.257991149168505,0.257162664194479,0.255113545381419,0.251693515428718,0.246939850901441,0.24073069538398,0.233164171131346,0.224153452477254,0.213877271533692,0.202309787405986,0.189698758262571,0.176105431335149,0.161827401767604,0.147006923576715,0.131974682750601,0.116928714784583,0.102196263535657,0.087984586982985,0.0745730311743492,0.0621318421086063,0.0508442897598441,0.0408088969095458,0.0320866135218936,0.0246875013284246,0.0185467978671001,0.0136056864520582,0.00970534149929271,0.00674949625544338,0.00453626030868288,0.00297431711247258,0.00186640471124825,0.00114967344128779,0.000663810984738592,0.000383899923038174,0.000200382540139165,0.000109840794709817,5.01618324746714e-05,2.65987849092617e-05,1.0686165260695e-05,4.91804930907358e-06,2.60937534001588e-06,1.60470221292797e-08,1.32450171395492e-06,-7.47305320506854e-07,9.99297295181004e-07,-4.61484737200356e-07,6.2818744525082e-07,-1.98222458753129e-07,0
2049074.68981585,0,7.201009314289e-05,6.70543234108629e-06,7.93141097456894e-05,1.6671198639115e-05,9.24900858471698e-05,2.08320925267276e-05,0.000106137399060343,3.89525562661695e-05,0.000104767237028007,6.96187030894752e-05,0.000103488062975999,9.63284838331051e-05,0.000112210630500458,0.000117368015445006,0.000128089967578812,0.000137209124774986,0.00014767807898289,0.00015844504449762,0.00016988658777175,0.000181977512809343,0.000194720007351841,0.000208242569489228,0.000222491903269261,0.000237644300822473,0.000253624434331822,0.000270640350365708,0.000288603521562296,0.000307765429017462,0.000327995583518894,0.000349602755796741,0.000372439949272164,0.000396812009843404,0.000422628507622457,0.000450146136739747,0.000479335820714221,0.000510414124340923,0.000543413441975468,0.00057852883233346,0.000615825168187769,0.000655491631816358,0.000697637233118473,0.000742441719594883,0.000790053489770812,0.000840654029699643,0.000894435230388214,0.000951576115889265,0.00101232260455617,0.00107684895909585,0.00114545946332337,0.00121832844812993,0.00129582514176756,0.00137812016165343,0.00146566090256858,0.00155861224600006,0.001657510306946,0.00176251383351218,0.00187425871344556,0.00199289618443919,0.00211917655544309,0.00225323826733764,0.00239596488959213,0.00254748133348418,0.00270882131333592,0.00288008931414828,0.00306248597829734,0.00325609665912579,0.00346231459408054,0.00368120299911036,0.00391436310886741,0.00416183475939116,0.00442545472226438,0.00470525283726959,0.00500327624570628,0.00531964899464545,0.00565651867017461,0.00601424334268454,0.00639498168641922,0.00679941284580519,0.00722969266770367,0.00768684116854175,0.00817303731657494,0.00868964652141365,0.00923891163333639,0.00982255152385225,0.0104429013581919,0.011102050637546,0.0118024410556842,0.0125465766162236,0.0133370114667461,0.0141767175600988,0.0150683440699934,0.0160153880501409,0.0170205859301554,0.0180880381676287,0.0192205261862548,0.0204228203360402,0.0216977147868433,0.0230507380563134,0.0244846492693696,0.0260058331552591,0.0276169292645078,0.0293252531627996,0.0311332531935625,0.0330492878662749,0.0350754902322918,0.0372212995724203,0.0394884756134935,0.0418875702279404,0.0444198226149511,0.0470968266601432,0.0499192974428553,0.0528997111026549,0.0560381773512987,0.0593478438593687,0.0628280959442075,0.0664925199727626,0.0703398050678935,0.0743829819743227,0.0786205366916665,0.0830639041338181,0.0877113736726003,0.0925719686469872,0.0976433798167556,0.102931674171979,0.108433255329252,0.114150388835402,0.120077555699289,0.126211869108906,0.132545104227179,0.1390678856598,0.145768447445936,0.152629111982474,0.159633474194696,0.166753738382481,0.17396803214167,0.181236359751202,0.188530600629011,0.195795855539194,0.202996799889572,0.210061668024425,0.216948133488853,0.223565774420851,0.229865584336007,0.235737707577648,0.241128062690918,0.24590678369691,0.250019283672648,0.253319682201599,0.255757960494033,0.257177574092207,0.257544873383911,0.25670079269834,0.254637258715665,0.251204689637252,0.246440459229319,0.24022350485046,0.232651930837729,0.223639699188079,0.213365678042576,0.201804386320466,0.189203588912416,0.17562449853443,0.161364662960085,0.146566220323906,0.131559418410483,0.11654186142936,0.101840294525189,0.0876613829332729,0.0742837413613036,0.0618768410350802,0.0506232195657424,0.0406206716639819,0.0319293646163155,0.0245587168891839,0.0184434966459798,0.0135246955245602,0.00964346592269546,0.0067036835285028,0.00450371035886961,0.00295250296946094,0.00185307050317519,0.00114284164090013,0.00066170837988519,0.000384929383384275,0.000203187250530441,0.000113326689533723,5.35295130706953e-05,2.94176500370751e-05,1.2738287407757e-05,6.27607141305634e-06,3.37788919359843e-06,4.09684946599934e-07,1.48208988570793e-06,-6.99153058221876e-07,1.00904202654145e-06,-4.78843670732205e-07,6.26965228255805e-07,-2.27379397032862e-07,0
2097046.40132323,0,7.00663707295844e-05,6.70459740402142e-06,7.72262298598856e-05,1.65831221038718e-05,9.01494258322493e-05,2.09571073900974e-05,0.000103523667095555,3.89201098765251e-05,0.000102533658098238,6.89778970918757e-05,0.000101814330184291,9.5260516387014e-05,0.000110851638666891,0.000116181700448907,0.000126874790998926,0.000136059908451457,0.000146566548784239,0.000157387681775976,0.000168883232049617,0.000181030691586851,0.000193830669150047,0.000207409114829216,0.000221713119474525,0.000236916348550602,0.000252943932943332,0.000270001845312768,0.000288002509942292,0.000307196361434811,0.000327453550113014,0.000349083438703137,0.000371939123335009,0.000396327397484501,0.000422157815635289,0.000449689556540205,0.000478892099191342,0.000509984519294275,0.000542997667094359,0.000578128729957778,0.00061544010075521,0.000655122116431432,0.000697281992073581,0.000742100017018169,0.000789723266696199,0.000840333876082921,0.000894123099102441,0.000951270012619408,0.0010120214094906,0.00107655251117556,0.00114516936910131,0.00121804669482196,0.00129555469808421,0.00137786355558988,0.00146542181550859,0.00155839392518352,0.00165731709089337,0.00176234915828941,0.00187412622035189,0.00199279796671996,0.00211911408449981,0.00225321040883562,0.00239597069009505,0.00254751794755799,0.00270888453709322,0.00288017013229687,0.00306257204175576,0.00325617163435066,0.00346236529477524,0.00368121751518574,0.00391432570279313,0.00416171800081258,0.00442522913224662,0.00470488585279649,0.00500275156530799,0.00531894668717539,0.00565562977287756,0.0060131522042219,0.00639367558738769,0.00679787140972188,0.0072278977198054,0.00768477832407373,0.00817069168833674,0.00868699754601471,0.0092359353338157,0.00981922651135825,0.0104392053434795,0.0110979577854476,0.0117979241403193,0.0125416065900534,0.0133315649514414,0.0141707596324619,0.0150618453849587,0.016008299620155,0.0170128753202869,0.0180796464528564,0.0192114076051068,0.0204129067620459,0.0216869524538188,0.0230390486446175,0.024471969552989,0.0259920682398568,0.0276019986627881,0.029309044313409,0.0311156664686441,0.0330301919428294,0.0350547717260581,0.0371988201225532,0.03946412059334,0.0418611871885216,0.044391291628069,0.0470659913416811,0.049886017925031,0.0528638201821012,0.0559995048585829,0.0593062082425491,0.0627832770782261,0.0664443113834203,0.0702879477056409,0.0743272396529999,0.078560613070418,0.0829995042859342,0.0876421585057725,0.0924976170293171,0.0975635354904753,0.102845978363099,0.108341295188659,0.114051769252013,0.11997179062714,0.126098520948992,0.132423623103112,0.138937820216934,0.145629171959511,0.152480171380513,0.159474177113067,0.166583640963079,0.173786404768234,0.181042801788515,0.188324360851323,0.195576559725603,0.202763616473737,0.209814180759725,0.216685476301491,0.223287564192949,0.229571007272006,0.235426432635338,0.240799375387517,0.245560551772183,0.249655184401754,0.252938008070543,0.255358756982571,0.256761485548276,0.257112556191448,0.256253515240348,0.254176260508205,0.250731930733522,0.245957964594438,0.239733859603964,0.232157785254336,0.223144256821514,0.2128720963112,0.2013161192715,0.188724348302868,0.175158087995288,0.16091490460884,0.146136524361519,0.13115325560063,0.116162086172548,0.101489536290546,0.0873412212219813,0.0739955059901813,0.0616207588947893,0.0503991908976109,0.0404274428205287,0.0317656124074901,0.0244222612258534,0.0183322117626196,0.0134356377634625,0.00957382234384017,0.00665013066220392,0.0044633144278564,0.00292215965513981,0.00183037541002391,0.00112548995737474,0.000648197711725786,0.000374125293097578,0.000194554843997902,0.000106470499067714,4.83102581823683e-05,2.56346159258799e-05,1.01830775194587e-05,4.70353012130409e-06,2.4885192861223e-06,-1.56668733449537e-08,1.29913766477035e-06,-7.57143049669929e-07,9.97877347074462e-07,-4.92180332798228e-07,6.26411804644991e-07,-2.52694127336331e-07,0
2146141.19785841,0,6.81157242515405e-05,6.68247708456884e-06,7.51314210608206e-05,1.64709464914891e-05,8.77789238798034e-05,2.1027438638796e-05,0.000100908100618242,3.87781776008054e-05,0.000100293503557608,6.82280679223698e-05,0.000100087392739679,9.40955631706018e-05,0.000109404514019267,0.000114894314679172,0.000125553655653718,0.000134799334596242,0.000145339031708873,0.000156211456034146,0.000167759029879094,0.000179962491959951,0.000192820892549266,0.000206457701325444,0.000220820331882643,0.000236079563101756,0.00025216114291942,0.000269268595445176,0.000287315127974898,0.000306549402205078,0.000326841879112923,0.000348501393742314,0.000371380585369558,0.000395787274970151,0.000421629979152462,0.000449169861178281,0.00047837536549899,0.000509469268985503,0.000542482660783516,0.000577616994893994,0.000614934257452471,0.000654628218802308,0.000696805718662843,0.000741648393277611,0.000789301546566674,0.000839947189485187,0.000893775155538075,0.000950963890034251,0.00101175869086484,0.00107633195668107,0.00114498732825709,0.0012178971311075,0.00129543152557894,0.00137776073073371,0.00146533502029876,0.00155831834512976,0.00165724780561896,0.00176227796077386,0.00187404348460444,0.00199269398022995,0.00211898293677135,0.00225304672299425,0.0023957654440125,0.00254725545748882,0.00270855387519389,0.00287977327197548,0.00306211913813054,0.0032556574404353,0.00346175706602828,0.00368046905664962,0.00391341847552881,0.00416067731329973,0.00442410421496096,0.00470369859942025,0.00500149031542046,0.00531757207764172,0.00565411820213789,0.00601148463233093,0.00639184617933391,0.00679587250330563,0.00722572144193553,0.00768240328081948,0.00816808272086893,0.00868411337014535,0.00923274382621526,0.00981571091771432,0.0104353643359448,0.0110937796410921,0.0117933704855464,0.0125366045392201,0.0133260511649672,0.0141646926514234,0.0150551855635618,0.0160009863395651,0.0170048365394101,0.0180708209810171,0.01920174216776,0.0204023297762031,0.0216754046860966,0.0230264548785,0.0244582650902899,0.0259771700791541,0.0275858394044446,0.0292915298195459,0.0310967164640351,0.0330096845422173,0.0350325887697962,0.0371748135782067,0.039438136738747,0.0418330903704262,0.0443609270046348,0.0470332319526065,0.0498507164045547,0.052825832249708,0.0559586448194625,0.0592622724494901,0.0627360582793879,0.0663935938238479,0.0702334901817672,0.0742687879119932,0.0784978668263684,0.0829322059443355,0.0875699913980739,0.0924202786111053,0.0974806520574463,0.102757174248454,0.108246155430837,0.113949871691196,0.119862674468302,0.125981675011131,0.132298509694693,0.138803881462252,0.145485852446749,0.152326881243001,0.159310330902384,0.166408653735174,0.173599638106683,0.180843702255279,0.188112242596443,0.195350884962461,0.2025235630118,0.209559230967204,0.216414802075712,0.223000749189264,0.229267257428774,0.235105452300175,0.240460532601601,0.24520375236772,0.249280161953715,0.252544979670776,0.254947826084885,0.256333130162851,0.256667512343858,0.255792799192528,0.25370128083973,0.25024425860721,0.245459892885495,0.239227679512204,0.231646547346786,0.222631066000372,0.212360834891549,0.200810377437633,0.188228446390515,0.174675770828064,0.160450398690971,0.145693557981395,0.130735605863917,0.115772732438294,0.101131099842409,0.0870156207283819,0.0737038194528476,0.0613633985488096,0.0501755872660519,0.0402365212729044,0.0316052684400215,0.0242902576214574,0.0182254306841844,0.0133511730068188,0.00950821295105426,0.00660048683306697,0.00442643491886551,0.00289559206408131,0.00181154758507391,0.00111263337260479,0.000639478620149441,0.000368460856611372,0.000190860858595475,0.00010421889125229,4.68817867156433e-05,2.48536827619757e-05,9.68924406074936e-06,4.48180940703022e-06,2.33538240958316e-06,-5.9370989950316e-08,1.25624470775272e-06,-7.62954227254222e-07,9.86711925457617e-07,-5.04515068813666e-07,6.21762134151541e-07,-2.7685606848533e-07,0
2196385.37241655,0,6.61700399491377e-05,6.65356078981479e-06,7.30361524768869e-05,1.63289293826858e-05,8.54213437548024e-05,2.10521880118454e-05,9.82768466787849e-05,3.86072042627135e-05,9.80053385024501e-05,6.7443098302863e-05,9.83035219182141e-05,9.28768985447988e-05,0.000107894281247113,0.00011353998680972,0.000124161774309016,0.000133464870476229,0.000144036367441505,0.000154959899912956,0.000166561208421458,0.000178824073658471,0.000191746209294047,0.000205448556021588,0.000219878912726294,0.000235204980360687,0.000251352950207312,0.000268523525343247,0.000286630613675846,0.000305920763725204,0.000326264796449881,0.000347970595083637,0.000370890494405761,0.000395332765274214,0.000421205433194226,0.000448771232098792,0.000477996988649097,0.000509107586983509,0.000542132478777899,0.000577275260112701,0.000614595649571039,0.000654289599193553,0.000696463303841291,0.000741300895394216,0.000788947822346527,0.000839588149331787,0.000893411576470149,0.000950597168851413,0.00101139079541788,0.00107596518707917,0.00114462475501022,0.00121754116915326,0.00129508407388646,0.00137742103651109,0.00146500098780952,0.0015579851492418,0.00165691108709763,0.00176193327928677,0.00187368846714932,0.00199232505768743,0.00211859499107979,0.00225263222061886,0.00239532145195409,0.0025467823813784,0.00270804976284108,0.00287922421219703,0.00306150842693606,0.00325498264710813,0.00346104149732592,0.00367974207841364,0.00391268734775133,0.00415991185650185,0.00442326164852901,0.00470274724382552,0.00500043523844824,0.00531642212940381,0.00565287875442373,0.00601013541876996,0.00639036280405668,0.00679422640365069,0.00722388686628411,0.00768035429578225,0.00816580332263,0.00868159194814593,0.00922996034887027,0.00981262007260099,0.0104319052158007,0.0110898914801007,0.0117890200256844,0.0125317760975383,0.0133207205521171,0.0141588007406999,0.0150486740827103,0.015993805440606,0.0169969456490524,0.0180621552809537,0.0191922366546238,0.0203919142811448,0.0216640166378102,0.0230140165180943,0.0244447121912307,0.0259624120997389,0.0275698043626919,0.0292741143976695,0.0310778447449489,0.0329892501974798,0.0350105245003979,0.0371510096401962,0.039412512053023,0.0418055014297999,0.0443312452792409,0.0470012804619862,0.0498163028069721,0.0527887627489395,0.0559187136117822,0.059219299439489,0.0626898175238557,0.0663438781034078,0.0701800511891428,0.0742114102361291,0.0784362754840858,0.0828661453369212,0.0874991130305497,0.0923442821847051,0.0973991410400969,0.102669840196366,0.108152536712785,0.113849610677142,0.119755236729927,0.125866719873611,0.132175449308794,0.138672374981941,0.145345195020354,0.152176762906309,0.159149939816703,0.166237673107299,0.173417121289447,0.180649327341067,0.18790495943747,0.195130390961721,0.202288762217931,0.209309888205123,0.216149809204132,0.222719994990044,0.228969683639541,0.234791124559073,0.240128502218831,0.244854386421471,0.248912698770393,0.252160143689834,0.254545174505116,0.255913930842441,0.256231766016257,0.255342387549826,0.253236719158268,0.24976810889706,0.244973353760602,0.238734052555497,0.23114764015503,0.222130801944623,0.211861722236998,0.200316690334978,0.187743305438647,0.174203632469267,0.159994610989181,0.1452582616856,0.130323879869082,0.115387989156678,0.10077569321012,0.0866916645268817,0.0734124801292829,0.0611052998774578,0.0499505155000968,0.0400434857541717,0.031442678982272,0.0241558101749716,0.0181165623902399,0.0132647208736689,0.00944117275602293,0.00654955606260827,0.00438881162757914,0.00286835579298525,0.00179250401542432,0.00109959040654539,0.000630963828143033,0.000362992605912243,0.000187580608992052,0.000102256753931444,4.58393315501904e-05,2.42749907890918e-05,9.43060268361004e-06,4.3467082504649e-06,2.2929157540735e-06,-9.03921211043304e-08,1.25764637415014e-06,-7.82261187771937e-07,9.93732376957949e-07,-5.32334903689132e-07,6.24517625777235e-07,-3.14153138781155e-07,0
2247805.83354873,0,6.42548099462802e-05,6.6070052691031e-06,7.09743025088878e-05,1.61707889172605e-05,8.30777225991419e-05,2.10335605134809e-05,9.5692506751841e-05,3.83353973697022e-05,9.57670942144527e-05,6.6557305832001e-05,9.65194527977962e-05,9.15786174920916e-05,0.000106337617362822,0.000112110031758769,0.000122696851277064,0.000132046084161015,0.000142644817771505,0.000153613248962524,0.000165263754518987,0.000177581978967587,0.000190564736528009,0.00020433015669523,0.00021882644864873,0.000234217959919369,0.000250431488190262,0.000267664701034403,0.000285832341899589,0.000305178405594785,0.000325574367066358,0.000347326794643963,0.000370288024270246,0.00039476682558501,0.000420670726612523,0.000448264153701708,0.000477512367353178,0.00050864269780588,0.000541683043394878,0.000576839939141678,0.000614171409137948,0.000653876470612631,0.000696060197689279,0.000740908530383672,0.000788565789849383,0.000839217870978807,0.000893053947974467,0.000950253598793675,0.00101106243661879,0.00107565299272645,0.00114432997687452,0.00121726468263704,0.00129482740546073,0.00137718468933324,0.00146478546461533,0.0015577887049738,0.00165673251226419,0.00176176990516062,0.0018735379609758,0.00199218289266747,0.00211845684954863,0.00225249207183105,0.00239517423964532,0.00254662065656314,0.0027078664237839,0.00287900989163753,0.00306125392029956,0.00325467595005711,0.00346067221221281,0.00367929835022976,0.00391215827454297,0.00415928251171334,0.00442251924909791,0.00470187332028468,0.00499941985508769,0.00531524400845536,0.00565152405647886,0.00600858293548159,0.00638859734027989,0.00679222670043652,0.00722163282626874,0.00767782388970178,0.00816297526839239,0.00867844458685133,0.00922647241357054,0.00980876839446703,0.0104276664352038,0.0110852414020485,0.0117839384213325,0.0125262382114771,0.0133147012586121,0.0141522646968282,0.0150415866831164,0.015986120966745,0.0169886192642737,0.0180531286960446,0.0191824542192848,0.0203813026048904,0.0216525053006649,0.0230015147062341,0.0244311403073653,0.0259476684476518,0.0275538035851532,0.0292567417704036,0.0310590027812828,0.0329688085379128,0.0349883790782483,0.0371270216515829,0.0393865690189091,0.0417774523137092,0.0443009610606969,0.0469686066129005,0.0497810900727791,0.0527508389256975,0.0558778952378656,0.0591753893369941,0.0626425912075828,0.0662930934079932,0.0701254454567063,0.0741527056414044,0.0783731811422143,0.0827983358929901,0.0874262591788535,0.0922660445923671,0.0973151553049928,0.10257973653906,0.108055901364263,0.113746049321437,0.119644281106684,0.125747947191444,0.132048360831597,0.138536510202624,0.145200007751091,0.152021724631038,0.158984456469088,0.166061152613395,0.173228914027313,0.180448766463341,0.187691344425844,0.194903031026144,0.202046952870051,0.209052945662304,0.215877060435607,0.22243079637516,0.22866347945581,0.23446740128134,0.239786924878569,0.244494631227522,0.248534797714377,0.251764089996539,0.254131485427413,0.25548299426725,0.255784697327527,0.254880081571639,0.252760913169102,0.249280163099527,0.244475720468365,0.23822871264332,0.230637653207846,0.221618825129152,0.211351690014411,0.199811754039596,0.187247847909147,0.173720908173942,0.159529033666203,0.144813212688476,0.129903422014497,0.114994667295578,0.100412547169442,0.0863604826098279,0.0731150149339665,0.0608420114102568,0.0497215994292889,0.0398479731556077,0.0312789705896259,0.0240214989584041,0.0180087592100343,0.0131803284311238,0.00937679486544868,0.00650199684470392,0.00435466512558196,0.00284477047948163,0.00177671241499089,0.00108963493893721,0.000624917490713321,0.000359685086356657,0.000185811131581164,0.000101496321328075,4.5467032888794e-05,2.42204322070466e-05,9.36237837373391e-06,4.38632958138083e-06,2.26404149284724e-06,-6.0869432400278e-08,1.23760038939836e-06,-7.67377150708671e-07,9.84109399135907e-07,-5.35381990624037e-07,6.18842750290911e-07,-3.32184438519229e-07,0
2300430.11977292,0,6.23558479364167e-05,6.55015310132017e-06,6.89247188149918e-05,1.5989081822738e-05,8.07511365851216e-05,2.09669569637747e-05,9.31154697889181e-05,3.80148012161572e-05,9.3502373959749e-05,6.56233887240993e-05,9.46819621218932e-05,9.02182049914788e-05,0.000104708149508158,0.000110598392839346,0.000121140257532514,0.000130526216213504,0.000141142983421719,0.000152147613206967,0.000163839329833288,0.000176205667736735,0.000189242606076167,0.000203065502438474,0.000217623136608012,0.000233076477429123,0.000249352925939247,0.000266646958158756,0.000284874206870642,0.000304275893705619,0.00032472421435621,0.000346524124555654,0.000369528190290571,0.000394045337312049,0.000419982810989452,0.000447606225390659,0.000476879144482558,0.000508031005612605,0.00054108824183709,0.000576260168744539,0.00061360291750793,0.000653318141660635,0.000695509694708899,0.000740365563014109,0.000788029233780117,0.000838688615402358,0.000892532254541683,0.000949740209787136,0.00101055790713487,0.00107515792516963,0.00114384509238057,0.00121678987005748,0.00129436267818496,0.001376728946607,0.00146433806656038,0.00155734766478595,0.00165629718913075,0.00176133826353389,0.00187310834583474,0.00199175204420633,0.00211802215566797,0.00225204934912018,0.00239472060196672,0.0025461517042135,0.00270737902991216,0.00287849941927015,0.0030607166309905,0.00325410655555873,0.00346006749624556,0.00367865306786525,0.00391146760278073,0.00415853758297217,0.00442171238857128,0.00470099073591687,0.00499845631061887,0.00531418321182295,0.00565035779969876,0.00600729459426091,0.00638717487234406,0.00679065016998086,0.0072198826199149,0.00767587804770588,0.00816081214755092,0.00867603915777677,0.00922379747407137,0.00980579228622964,0.0104243567699277,0.011081560302291,0.0117798477796559,0.0125216951155186,0.0133096660665621,0.0141466935917165,0.0150354408665883,0.0159793575714134,0.0169811998741724,0.0180450046772581,0.0191735832142647,0.0203716307255032,0.0216419847229244,0.0229900822850685,0.0244187348950037,0.0259342056228147,0.0275392111842088,0.0292409239060002,0.0310418751758294,0.0329502581800843,0.0349683051845726,0.0371052997541019,0.0393630848461295,0.0417520653162015,0.0442735477453458,0.0469390075651285,0.0497491517175657,0.0527163956901544,0.0558407533244989,0.0591353644229962,0.0625994450564787,0.0662466415559046,0.070075410624195,0.0740988789196192,0.0783152375558475,0.0827360496712582,0.0873592848742062,0.0921941199667835,0.0972379136314701,0.102496869113411,0.107967013683138,0.113650774750325,0.119542196705598,0.125638603851619,0.131931247394811,0.138411120311359,0.145065780009729,0.151878121068643,0.158830844298433,0.165897002203215,0.173053565272896,0.180261749411466,0.187491964652601,0.194690877493648,0.2018212889005,0.20881341904634,0.215622904234557,0.222161765243781,0.228378821747376,0.234166963496518,0.239469999552276,0.244161268535438,0.248184572373932,0.251397354100327,0.253748085089395,0.255083589384493,0.255369717939525,0.254450777398775,0.252318371060583,0.248826304150651,0.244012502681101,0.23775868818218,0.230163514914112,0.221143730010393,0.210878869742076,0.199344557925514,0.186789987028861,0.173275828454906,0.1591004329789,0.144404107243051,0.129517203008729,0.114633805187363,0.100079613356084,0.0860567190276869,0.0728417993432742,0.0605993365319782,0.0495095548917095,0.0396651905787896,0.0311244631149252,0.0238931111587724,0.0179046250895151,0.0130973486867312,0.00931241233851095,0.00645297060998759,0.00431859696624194,0.00281880489758103,0.00175886490211724,0.00107757079074511,0.000617162875752514,0.000354708494646267,0.000182875402713567,9.97216146123381e-05,4.45119164316475e-05,2.36635734415402e-05,9.10552155382014e-06,4.23707196620547e-06,2.20887695014943e-06,-9.82338443079729e-08,1.23395311203895e-06,-7.85785735453923e-07,9.90749183675725e-07,-5.60545709401105e-07,6.2196615181419e-07,-3.67241304512941e-07,0
2354286.41432242,0,6.04663593099597e-05,6.48472937416002e-06,6.68822435089786e-05,1.57854970304253e-05,7.84339480751223e-05,2.08623439727649e-05,9.0535772069028e-05,3.76564808899374e-05,9.12078647836784e-05,6.46519789159556e-05,9.27942346432648e-05,8.88090814465173e-05,0.000103016251451546,0.000109023121080743,0.000119511368989356,0.00012893078133332,0.000139560989824843,0.000150599515676839,0.000162331105979391,0.000174746075213509,0.000187839536407736,0.000201724224853445,0.00021634951012424,0.000231872925854247,0.000248222469996435,0.000265589059556289,0.000283889044435457,0.000303360364623734,0.00032387571008219,0.000345737643361573,0.000368798780083635,0.000393367259846991,0.000419349925371113,0.00044701314140581,0.000476319172573814,0.000507499690948634,0.00054058035885458,0.000575773722501245,0.00061313449640875,0.000652867379544923,0.000695075271930136,0.000739948265748569,0.00078762846520973,0.0008383052978759,0.000892166453920197,0.000949392563414212,0.00101022824618258,0.00107484518095055,0.00114354791632777,0.00121650678179678,0.00129409345650928,0.00137647308258137,0.0014640961612281,0.00155711896526939,0.00165608174736512,0.00176113374366202,0.00187291214963385,0.00199155921440238,0.00211782882609045,0.00225185016140193,0.00239451078955562,0.00254592264578502,0.0027071232311152,0.00287820982612976,0.00306038885607948,0.00325373157824279,0.00345963451762962,0.00367814882609706,0.00391088507812297,0.00415787364702598,0.00442097083795319,0.00470016736655089,0.00499754881466269,0.00531317393384574,0.00564923697553428,0.00600604788472166,0.00638579520118603,0.0067891210482574,0.00721818060828406,0.00767397286248907,0.00815867359862161,0.00867363623346429,0.00922109899844789,0.00980276540707407,0.0104209709979484,0.0110777827610925,0.0117756486729048,0.0125170358149481,0.0133045066015441,0.0141409880257434,0.0150291446572633,0.0159724181111609,0.0169735695277918,0.0180366287408716,0.0191644091058339,0.0203615936396655,0.0216310229966641,0.0229781163539342,0.0244057003190675,0.0259200144343939,0.0275237837127061,0.0292241573676107,0.0310236880904496,0.0329305289350081,0.034946958055022,0.0370821900602154,0.0393381128634484,0.0417250944528791,0.0442444221108188,0.046907594845857,0.04971525781631,0.0526798805941659,0.0558014032193749,0.0590929974382262,0.0625538226703795,0.0661975269767375,0.070022540727355,0.0740419823597679,0.0782540269329439,0.0826702114302327,0.087288495414325,0.0921180550623518,0.0971562249407675,0.102409220126802,0.107873016622221,0.113550097768118,0.119434371305437,0.125523279752458,0.131807873641039,0.138279303077993,0.144924888883189,0.151727730238276,0.158670257739463,0.165725732123,0.172870833862289,0.180067011746079,0.187284378173674,0.194469877059811,0.201586004330633,0.20856337001929,0.215357278911466,0.221880199099473,0.228080552206105,0.233851799641524,0.239137377579442,0.243811279765646,0.247816832626284,0.251012218613637,0.253345653837468,0.254664758558795,0.254935056499471,0.254001551232819,0.251855705173842,0.24835194514035,0.243528216137973,0.237266876042997,0.229666592659192,0.220644683488047,0.210380925601481,0.198851299440783,0.18630528548367,0.172803682481452,0.158644976697571,0.14396923773385,0.129106400670193,0.114250461879273,0.0997262870328438,0.0857355265573318,0.0725537388036813,0.0603451727971803,0.0492885977768597,0.0394768062269077,0.0309664426911824,0.0237635017928699,0.0178001280123512,0.0130153500195876,0.00924926194020648,0.00640595157786655,0.00428419529713201,0.00279466056717012,0.00174213238139612,0.00106664099533546,0.000610054663001808,0.000350488357320272,0.000180258215976831,9.83520072982975e-05,4.36963847737938e-05,2.33260119898642e-05,8.86917393744194e-06,4.19262628306762e-06,2.13511404581018e-06,-8.74197189780965e-08,1.20628586790595e-06,-7.77340677658493e-07,9.79590649637243e-07,-5.68346797405857e-07,6.1587209173325e-07,-3.8833516409587e-07,0
2409403.56023953,0,5.85957530981714e-05,6.40845830292509e-06,6.48580644011593e-05,1.55629095963494e-05,7.61296647376393e-05,2.07188082107831e-05,8.79745711851852e-05,3.72327883200271e-05,8.89213784433112e-05,6.36088854366519e-05,9.08815471730751e-05,8.73288056500453e-05,0.000101266274066532,0.000107368263435539,0.000117799268394825,0.00012724001184716,0.000137875439995121,0.000148938548042888,0.000160701919698719,0.000173158033401263,0.000186301505173324,0.000200242414237506,0.000214931005528732,0.000230521314642388,0.000246942020781051,0.000264380335669842,0.000282753448473068,0.000302295666030433,0.000322880346453795,0.000344807032620568,0.000367928266710056,0.000392550849328534,0.000418581286914878,0.000446286453020321,0.000475627233164304,0.000506837084876707,0.000539940517249158,0.000575152924842092,0.00061252737127925,0.000652271649181075,0.000694487722311814,0.000739368227672673,0.000787054461341983,0.000837738323406402,0.00089160716096116,0.000948843026063897,0.00100969050414217,0.00107432153776957,0.00114304077801608,0.00121601815319673,0.00129362523574345,0.00137602509634812,0.00146366793455698,0.00155670804949966,0.00165568685336765,0.0017607525832814,0.00187254419461583,0.00199120253724589,0.00211748168430275,0.00225150814187031,0.00239417152201179,0.00254558254894953,0.00270677944155976,0.00287785445054888,0.00306001355438066,0.00325332761343405,0.00345919798527459,0.00367767167412201,0.00391035556102299,0.00415727211423234,0.0044202783012602,0.0046993586503962,0.00499661152914934,0.00531208872322887,0.00564799425065383,0.0060046251444027,0.00638417356144797,0.00678728150645951,0.00721611239357803,0.007671667289035,0.00815612148392748,0.00867082621063956,0.00921801817108812,0.00979939850014607,0.0104172989493231,0.0110737806005723,0.0117712884413346,0.0125122844903222,0.0132993318503187,0.0141353465095455,0.0150229911799004,0.0159656959567098,0.0169662197233894,0.0180285802692335,0.0191555921765247,0.0203519271037658,0.0216204355541544,0.0229665233457663,0.0243930208746042,0.025906154279504,0.0275086634049864,0.0292076690787622,0.0310057411450809,0.0329110070620557,0.0349257402501778,0.0370591430892166,0.0393130959076282,0.0416979340156479,0.0442149716156152,0.0468756503125086,0.0496806506199954,0.052642381989582,0.0557608148201446,0.059049116782321,0.0625064478084973,0.0661464689113938,0.0699675855168529,0.0739829495672721,0.0781906646321968,0.0826023197839995,0.0872157756962756,0.0920402183745746,0.0970728959048533,0.102320039563139,0.107777550832453,0.113447865877228,0.119324897858297,0.12540601348745,0.131682345705078,0.138144902648556,0.144781114521589,0.151573919234512,0.158505911904348,0.165550163539745,0.172683533974194,0.179867287863237,0.187071708015597,0.194243590813261,0.20134560650256,0.20830823738553,0.215086898523703,0.221594018794106,0.227778111960374,0.233532679034846,0.238801155675737,0.243457760514635,0.247445841029888,0.250623872704637,0.25293995807306,0.254242173761334,0.254496069181323,0.253547315810309,0.251387347160322,0.247871314983933,0.243037312953494,0.236768417315958,0.229163441425664,0.220140372873985,0.209879122492849,0.198355754174728,0.185820014778313,0.172332243291257,0.158191371262742,0.143536699599041,0.128698679995252,0.113869858306212,0.0993757808587383,0.0854165285658963,0.0722680834538152,0.0600927213735399,0.0490698787765371,0.0392901368892909,0.0308108302777563,0.023635945685242,0.0176983870940023,0.0129356493574581,0.00918881524301978,0.00636099999054362,0.00425220119526074,0.00277242315655566,0.00172761285892618,0.00105744646530787,0.000604823954646646,0.00034763774391939,0.000179094613253217,9.79530853704326e-05,4.37668428231386e-05,2.3480123085747e-05,9.05654163234913e-06,4.29197583550538e-06,2.20479533279527e-06,-8.20241248035132e-08,1.21429258556076e-06,-8.01614893215463e-07,9.79304857339119e-07,-5.99678135810369e-07,6.15571555381098e-07,-4.24651458230912e-07,0
2465811.0758226,0,5.67548822490433e-05,6.32293110058921e-06,6.28608005412279e-05,1.53177272745633e-05,7.38560885391771e-05,2.05311950475058e-05,8.54374985410141e-05,3.67529368853063e-05,8.66374604566127e-05,6.25033042682893e-05,8.89406184796234e-05,8.57799510396364e-05,9.94566164355971e-05,0.000105632354830943,0.000116001308301123,0.000125450696958617,0.000136083045530074,0.000147161596640118,0.000158949064996846,0.000171439393212926,0.000184627246295548,0.000198620085047752,0.000213369060602823,0.000229024633091837,0.000245516317204583,0.000263027500701006,0.000281476367135486,0.000301093531442528,0.000321753150635057,0.000343751693791016,0.000366942284790481,0.000391630285390634,0.000417721912421445,0.000445484027323866,0.000474875917860284,0.000506132487376212,0.000539276604232138,0.000574525866241737,0.000611930917192465,0.000651701792509479,0.000693939102963819,0.000738838231052451,0.000786539369808733,0.00083723648207376,0.000891115795034967,0.00094836084628239,0.00100921694259191,0.00107385768133604,0.00114258824860756,0.00121557789274391,0.00129319855602719,0.00137561307957451,0.00146327291174879,0.00155633048306213,0.00165532761290347,0.00176040986627922,0.00187221683703908,0.00199088777979647,0.00211717793885615,0.00225121044861241,0.00239387599377776,0.00254528369134503,0.00270647344546694,0.0028775347875394,0.00305967384324278,0.00325295861199103,0.00345879209959814,0.00367721828294203,0.00390984573198806,0.00415669506200596,0.00441962560318565,0.00469861444239989,0.00499576636952099,0.00531112449429112,0.00564690259234822,0.00600338868537273,0.00638277809829778,0.0067857087921703,0.00721434646982481,0.00766968702458324,0.00815390477092331,0.00866834697110194,0.00921524682060918,0.00979630183474729,0.0104138406393546,0.0110699218230253,0.0117669898785825,0.0125075033805233,0.0132940266198959,0.0141294713833176,0.0150165069046086,0.0159585546349388,0.016958379207235,0.0180199845742457,0.0191461925523947,0.0203416609320107,0.0216092481648803,0.0229543460450467,0.0243797954378633,0.0258918022608282,0.0274931172809045,0.0291908396545151,0.0309875485044929,0.0328913454275379,0.0349045175880157,0.0370362373413523,0.0392883937216317,0.0416712956790764,0.0441862569713757,0.0468446977194769,0.0496472842224627,0.0526064347839034,0.0557220830383423,0.0590074083534075,0.0624615261584244,0.0660981209004867,0.0699155433249507,0.0739269580710611,0.0781304397296299,0.0825375654848642,0.0871461773406555,0.0919654486666922,0.0969925999439722,0.102233843062353,0.107685055482085,0.113348686184967,0.119218584183131,0.125292177739554,0.131560457890236,0.138014561320522,0.144641723398609,0.151425071339856,0.158346905424732,0.165380584378715,0.172502569276401,0.179674525290385,0.186866244579015,0.194025026528761,0.201112895741724,0.208060968486022,0.214824026153609,0.221315296207777,0.227482605886507,0.233220356282494,0.238471355859582,0.243110754146695,0.247081369440003,0.250242637474013,0.252542117959871,0.253828750402127,0.254067712569418,0.25310545023676,0.25093300512436,0.24740632467685,0.242563324825118,0.236287886319076,0.228678679330798,0.219654454792167,0.209394937899374,0.197876683152324,0.185349486839714,0.171874003745424,0.157749003623404,0.143113747985543,0.128298447557799,0.113495330484472,0.0990294015431759,0.0851001502263522,0.0719829065800184,0.059839251169163,0.0488478532860216,0.0390987909191029,0.0306485868060625,0.0235008548449916,0.0175879710222833,0.0128473406383395,0.00911957717173782,0.0063079311318752,0.00421229768991705,0.00274316502393122,0.00170650803572431,0.00104263837831827,0.000594520997227723,0.000340673141543682,0.00017438742797827,9.49308542596026e-05,4.18047555391711e-05,2.23258979407521e-05,8.35859237418504e-06,3.95732333603377e-06,2.0174035716603e-06,-1.3307811481183e-07,1.1869649767693e-06,-7.98430990908817e-07,9.82681912979424e-07,-6.08959084431993e-07,6.1651484167125e-07,-4.50145072869483e-07,0
2523539.17043477,0,5.49472103980213e-05,6.23059647734696e-06,6.09024477801132e-05,1.50609391766647e-05,7.1615855126621e-05,2.03242923919235e-05,8.293293037995e-05,3.62480560447598e-05,8.43638226819358e-05,6.13811548587874e-05,8.69818748484441e-05,8.42100389809468e-05,9.76116426129304e-05,0.000103858201386976,0.000114152390182149,0.000123602784401114,0.000134221016504615,0.000145305143468643,0.000157106310921053,0.000169620975053675,0.000182843700958001,0.000196879645840065,0.000211681096387881,0.000227395176430809,0.000243952429690645,0.000261532481266664,0.000280054443889774,0.000299744955530314,0.000320479028008631,0.000342549583288979,0.000365810207046611,0.000390564372414371,0.00041671808326473,0.000444537728299664,0.000473981247270453,0.000505285106086665,0.000538471361797712,0.000573760537825365,0.000611201950944076,0.000651008687833727,0.000693280227668103,0.000738214246805236,0.000785949433568226,0.000836681722556336,0.000890596081492007,0.000947876646388176,0.00100876730207371,0.00107344097421024,0.00114220230183241,0.00121522051019717,0.00129286864224649,0.00137530909734072,0.00146299446856854,0.00155607607628125,0.00165509804190323,0.00176020420515566,0.00187203482855266,0.0019907265867018,0.00211703630522985,0.00225108537087569,0.00239376567482979,0.00254518119116522,0.00270637210054883,0.00287742658474819,0.00305955333669746,0.00325281542804009,0.00345861518356785,0.00367699205596511,0.00390955649918683,0.00415632725510911,0.00441916885475268,0.00469805371717349,0.00499509253328526,0.00531031160600322,0.00564592988308253,0.00600223019214583,0.00638141852703642,0.00678412873673854,0.00721252659813299,0.007667606910372,0.00815154750221045,0.00866569789698862,0.009212287913234,0.00979300644332142,0.0104101759688122,0.0110658563011214,0.0117624937856197,0.0125025467887925,0.0132885724630634,0.0141234766377557,0.0150099226322603,0.0159513316782057,0.0169504704742416,0.0180113382849527,0.0191367625861119,0.0203313839769029,0.0215980699204681,0.0229421942854682,0.0243666041987952,0.0258774851921195,0.0274776005316505,0.0291740201807919,0.0309693409606985,0.0328716342287301,0.034883205683801,0.0370131963991469,0.0392635279005627,0.0416444595002838,0.0441573456895166,0.0468135634801101,0.0496138039907923,0.0525704506181497,0.0556834301990909,0.0589658984362057,0.062416931018998,0.0660502256491778,0.0698640684606194,0.0738716362752459,0.078070937812494,0.0824735790170172,0.0870773455539684,0.0918914253690622,0.0969130019523477,0.102148289968636,0.107593147788636,0.113250054895991,0.119112837704117,0.125178919305371,0.131439228877671,0.137884950813441,0.144503213482636,0.151277216804855,0.158189072333215,0.165212309106656,0.172323122676791,0.179483449315835,0.186662705837985,0.193808641772235,0.200882827980466,0.207816964098364,0.214565237632532,0.221041574262622,0.227193167849685,0.232915092603624,0.238149621891189,0.242772520129927,0.246726263016817,0.249870733044247,0.252153576206612,0.25342398464761,0.2536476015118,0.252670852824174,0.250485646789499,0.246947573162399,0.242095752961429,0.235813301078107,0.228200236507333,0.219174400008889,0.208917155612633,0.1974037734567,0.184885866451024,0.171422443015784,0.157313952118063,0.142697886459613,0.127905831717302,0.113128212871549,0.098690911425285,0.0847914804343583,0.0717058420135718,0.0595939693956324,0.0486345087075841,0.0389161562059476,0.0304952305591439,0.0233745922508345,0.0174862794358951,0.0127672016041867,0.00905787410835842,0.00626168504915368,0.00417850546769603,0.00271924717806285,0.00169009815827286,0.00103181939919674,0.000587588114304092,0.000336443899918253,0.00017187100290876,9.35170135684834e-05,4.10266884434347e-05,2.19293615578834e-05,8.15078403967878e-06,3.86561001132676e-06,1.96968070545157e-06,-1.52151218081653e-07,1.18052502611996e-06,-8.1045104351162e-07,9.86216750295148e-07,-6.31521841883604e-07,6.18093985684806e-07,-4.82613457762346e-07,0
2582618.76068267,0,5.31610738065239e-05,6.12859143957221e-06,5.8963936237069e-05,1.47898239458764e-05,6.93920580350168e-05,2.00815620044204e-05,8.04504971287e-05,3.56886141999482e-05,8.20940124618382e-05,6.02045843183811e-05,8.49945541447602e-05,8.25828967672431e-05,9.57107296854439e-05,0.000102013804519684,0.000112225777846314,0.000121666930714308,0.000132262185234607,0.000143343111422882,0.00015514999129873,0.000167681831693819,0.000180933373229516,0.00019500761370505,0.000209858178591914,0.000225628888778143,0.000242251497073409,0.000259901828104635,0.000278500244262141,0.000298269334180441,0.000319085175720796,0.000341236842070862,0.000364578640775682,0.000389411583077903,0.000415641291124839,0.000443533102218548,0.000473043210011104,0.000504408457662275,0.000537648956343669,0.000572986787422625,0.00061046868848862,0.00065030954866604,0.000692607321804759,0.00073756258695429,0.000785313236802182,0.000836057886359952,0.000889980912502032,0.000947268859208627,0.00100816685540541,0.0010728501263111,0.00114162366574671,0.00121465541549729,0.00129231694023094,0.00137476861853144,0.00146246359582846,0.00155555170708015,0.00165457854359252,0.00175968600122122,0.00187151618096269,0.00199020455641854,0.00211650964457489,0.00225054939915185,0.00239321770526625,0.00254461723017202,0.00270579075234408,0.00287682226127955,0.00305892097993103,0.00325214923900356,0.00345791549646232,0.00367625690137929,0.00390878464582133,0.00415551165840593,0.00441830112099118,0.00469711583578275,0.00499407787484043,0.00530920876198133,0.00564473733791709,0.00600092863932258,0.00637998645741878,0.00678254054880908,0.00721076221347403,0.00766564164060369,0.0081493470159793,0.00866321887418892,0.00920949188310215,0.00978986531452598,0.0104066693527592,0.0110619509582182,0.0117581469270559,0.0124977089589318,0.0132832078862794,0.0141175462473018,0.0150033898339973,0.015944150835639,0.0169425978174327,0.0180027225086208,0.0191273542840247,0.0203211313776838,0.0215869206020122,0.0229300826889611,0.024353469543027,0.025863246885768,0.0274621765637036,0.0291573052049721,0.0309512347044992,0.0328520083868551,0.0348619453653249,0.0369901579253056,0.0392385776279125,0.0416174486825523,0.0441281233588885,0.0467819687232449,0.0495796696930647,0.0525336026134663,0.055643680230384,0.0589230428720709,0.0623707529475411,0.0660004735922379,0.0698104891614314,0.0738139530241214,0.0780088621385389,0.0824067933367098,0.0870055264460466,0.091814260472725,0.0968301671340739,0.102059468739126,0.107497990583437,0.113148190040137,0.119003822076478,0.125062304236481,0.131314488428608,0.137751560302264,0.144360561996808,0.151124750072764,0.158026159642138,0.16503835705911,0.17213747921713,0.179285518143634,0.186451851817605,0.193584254270312,0.200644262964151,0.207563648965936,0.214296582234856,0.220757074563709,0.226892223593867,0.232597388756676,0.237814630922925,0.242420303225836,0.246356459727806,0.249483857671997,0.251749472242857,0.253003737768181,0.25321138889646,0.252220393447023,0.250021525750532,0.24647219883067,0.241610291614384,0.235320945147484,0.227702720969019,0.218675676819726,0.208419615497312,0.196911823205643,0.184402414764136,0.170952088505251,0.156859833409702,0.142264444764059,0.127495878112526,0.112745436521785,0.0983373805188107,0.0844696456307124,0.0714164437171363,0.0593377896899883,0.0484109952420817,0.0387244906808574,0.0303336083283157,0.0232409164845405,0.0173778774638082,0.0126811271152137,0.00899105097987639,0.00621103107943884,0.0041412042042554,0.00269248255631365,0.00167153851193359,0.00101931079645704,0.000579509255589839,0.00033137449932062,0.00016887360133685,9.17834663301561e-05,4.00908660840306e-05,2.14401618296305e-05,7.91022756765263e-06,3.75051094452511e-06,1.91892236383067e-06,-1.7628763245682e-07,1.1735334835065e-06,-8.21640575652835e-07,9.87834278973184e-07,-6.50749670128218e-07,6.18203439115173e-07,-5.109041044343e-07,0
2643081.4869741,0,5.13900781639279e-05,6.02411793013184e-06,5.7033392140091e-05,1.45005660443295e-05,6.71929264488182e-05,1.98046478203747e-05,7.79684765654278e-05,3.5112720630353e-05,7.97937187571915e-05,5.90047129294738e-05,8.29665868155551e-05,8.0911376020702e-05,9.37566648598938e-05,0.000100105911667227,0.000110227586827808,0.000119648792830093,0.000130211674610422,0.000141279265377491,0.000153082297407982,0.000165622044623072,0.000178893857627858,0.000192998737295083,0.000207891863715322,0.000223713902804738,0.000240398122225244,0.000258116595193801,0.00027679105215757,0.000296639821439925,0.000317540073517225,0.00033977654130322,0.000363204289025666,0.000388121060393063,0.000414432432686258,0.000442402218213975,0.000471985122479837,0.000503417953869061,0.000536719288105668,0.00057211292752776,0.000609643851151313,0.000649529344041982,0.000691866171127023,0.000736857122234643,0.000784638721022011,0.000835412281322509,0.000889361563767557,0.000946674724322071,0.0010075961164241,0.00107230114030239,0.00114109433743971,0.00121414452089206,0.00129182505400672,0.00137429636083029,0.00146201247032592,0.00155512154054547,0.00165417063279524,0.00175929981826656,0.00187115238971679,0.00198986083933798,0.00211618451682961,0.00225023862953458,0.00239291921538967,0.00254432479589913,0.00270549945430213,0.00287652491911798,0.00305861240429411,0.00325182045426414,0.00345755948601433,0.00367586266456353,0.00390834332443939,0.00415501229179514,0.00441773766347081,0.00469647701955513,0.00499336021107464,0.0053083955116092,0.00564382107025865,0.00599989803034415,0.00637883718574904,0.00678126058134643,0.00720933507230449,0.00766404833490591,0.00814757208363814,0.00866124808958564,0.00920730931237133,0.00978744852489882,0.0104039917426637,0.0110589839452361,0.01175486500781,0.012494080555435,0.0132791965202198,0.0141131085769168,0.0149984818118965,0.0159387172407469,0.0169365778920973,0.0179960476871673,0.0191199553561437,0.0203129274068832,0.0215778319173572,0.0229200179079595,0.0243423453710782,0.0258509693318727,0.0274486696135019,0.0291424786565061,0.0309350160469441,0.0328342996991046,0.0348426591475801,0.036969174066759,0.0392157770349272,0.0415926848157357,0.0441012488748938,0.0467528129592876,0.0495480537097554,0.0524993367909305,0.0556065594316619,0.0588828786364913,0.0623273334332498,0.0659536071601139,0.0697599542907131,0.0737595635744578,0.0779503764630647,0.0823440128763697,0.0869381733698544,0.0917420763525374,0.0967527967369565,0.1019765757466,0.107409133791689,0.113052953577529,0.11890168565344,0.124952825329815,0.131197115166746,0.137625835467803,0.144225878523345,0.150980648388608,0.157871981598163,0.164873679262695,0.171961580675384,0.179098004267391,0.186251945742442,0.193371575528913,0.200418033486351,0.207323470526981,0.214041723993869,0.22048717351603,0.226606713165195,0.232295980970721,0.237496944746259,0.242086212601824,0.246005919525172,0.249117064503972,0.251366708769927,0.25260555335059,0.252798502827061,0.251793931076717,0.249582665922145,0.246022686686056,0.241151904735514,0.234856148196087,0.227233854530268,0.218205960710452,0.207951904255165,0.196449727133292,0.183949149347149,0.170511504906311,0.156435028574455,0.141859084666092,0.127112618249741,0.112387407960938,0.0980062842766452,0.0841677910531402,0.0711444010425155,0.0590968247396159,0.048200315017629,0.0385441800386846,0.0301814957140685,0.0231158664076016,0.0172766633270699,0.0126018769236925,0.00893002984155188,0.00616593627896926,0.00410833306351347,0.00266970890351165,0.00165583071353115,0.00100920904794131,0.000572949442474077,0.000327519117111167,0.000166468355741947,9.0521321392137e-05,3.93241794602879e-05,2.11037175556624e-05,7.68702670286507e-06,3.68918011080966e-06,1.85655761888048e-06,-1.79812411811496e-07,1.15770041008661e-06,-8.24990387122209e-07,9.85543599855051e-07,-6.67363413084059e-07,6.16887256635331e-07,-5.37966538683033e-07,0
2704959.73046314,0,4.96857606220365e-05,5.90954303892516e-06,5.51756844816423e-05,1.42147008542405e-05,6.50534619966992e-05,1.95086195769411e-05,7.55846672280835e-05,3.44773192330714e-05,7.75853148717528e-05,5.77624252476064e-05,8.09786259996894e-05,7.92187724665068e-05,9.18006060231769e-05,9.81731166128658e-05,0.00010819923433899,0.000117586849364634,0.000128105922826949,0.000139147356313846,0.000150933774712963,0.000163468563979165,0.000176748045396939,0.000190871395062683,0.000205795588829697,0.000221658318945496,0.000238394514056625,0.000256172569922668,0.000274915773271726,0.000294838182993028,0.000315818458518217,0.000338136857646482,0.00036164929714286,0.00038665037701757,0.00041304543579144,0.000441096609275003,0.000470756912086121,0.000502263152079623,0.000535632151643248,0.000571089054940809,0.000608676482061818,0.00064861380852308,0.00069099592320283,0.000736027890078177,0.000783844609139566,0.000834649882474478,0.000888626376299955,0.000945964363509376,0.00100690796201143,0.00107163397547798,0.00114044725062802,0.0012135171956141,0.00129121815989217,0.0013737103790279,0.00146144877140909,0.00155457949829227,0.00165365081305644,0.00175880002170393,0.0018706714829561,0.00198939496874798,0.00211573173371498,0.0022497940774425,0.00239248044136604,0.00254388586403696,0.0027050568096614,0.00287607230075728,0.00305814596092683,0.00325133218330729,0.00345704367419415,0.00367530891644027,0.0039077438676182,0.00415435622349433,0.00441701722849643,0.00469567647264808,0.0049924716372841,0.00530739828113339,0.00564270405757437,0.00599864098367591,0.0063774250002664,0.0067796723163062,0.00720755000534459,0.00766204407031797,0.00814532721700031,0.00865873966443367,0.00920451131395346,0.00978432976765897,0.0104005202197568,0.0110551300272129,0.0117506030934004,0.0124893814001647,0.0132740298024523,0.0141074369538594,0.0149922703425306,0.0159319244383591,0.0169291624716486,0.017987952851629,0.019111120138195,0.0203032717290246,0.0215672769399478,0.0229084676724757,0.0243297140153054,0.0258371503662232,0.0274335738213725,0.0291259904433853,0.0309170438818623,0.0328147266881911,0.0348214005897169,0.0369461073772077,0.0391908173534028,0.0415657024396695,0.0440721437000038,0.0467214525203663,0.0495143032650609,0.0524630321287995,0.0555675138584944,0.0588408998178266,0.062282186633233,0.0659050566180865,0.0697076999388755,0.0737033515805035,0.0778898521191347,0.0822789183777767,0.0868680989560036,0.0916667911052908,0.0966718525285667,0.101889760835586,0.107315957294266,0.112953203979957,0.118794821201371,0.124838573257674,0.131074864893932,0.137495254573474,0.144086328298778,0.150831722748057,0.157713005237257,0.164704154529919,0.1717808268132,0.178905454938387,0.186046920483723,0.193153501185142,0.200186152460897,0.207077330427996,0.213780549314465,0.220210802967501,0.22631427020707,0.231987690425339,0.237171884384466,0.241745059608119,0.245647702390545,0.248742959125355,0.250975793422779,0.252199457346434,0.252376620252334,0.251358489709055,0.249133548722379,0.245562700238032,0.240681727296094,0.234379233277775,0.226751676653947,0.217722527272073,0.207469649279759,0.195972870692062,0.183480770829892,0.170055655913999,0.15599507002929,0.14143862985221,0.126715061317395,0.11201544062673,0.097662785635043,0.0838540899174122,0.0708625274521544,0.0588465749388223,0.0479824836218156,0.0383568652305453,0.0300242462526635,0.0229855098894862,0.0171717649413215,0.0125183367502478,0.00886588444288349,0.00611710207634301,0.00407290914366172,0.00264411036285331,0.00163853975669249,0.000997422238408838,0.000565625856115872,0.000322782605292028,0.000163847524713469,8.88955042334604e-05,3.85489361355218e-05,2.0621370070916e-05,7.51394453809642e-06,3.5601996054032e-06,1.83214347712261e-06,-2.14587885509035e-07,1.16177246792571e-06,-8.42800240034247e-07,9.92436166481107e-07,-6.89833677231091e-07,6.19157143221462e-07,-5.66986128539811e-07,0
2768286.63039207,0,4.79928038167088e-05,5.79210792959068e-06,5.33330113810825e-05,1.39081766415469e-05,6.29299910276718e-05,1.91951362473818e-05,7.31917133784774e-05,3.38317205540305e-05,7.53491498385015e-05,5.65013194161066e-05,7.89519693822778e-05,7.7490641510585e-05,8.97943877342306e-05,9.61861889677599e-05,0.000106105873016541,0.000115452156522904,0.000125917826012239,0.000136924203097395,0.000148684952713956,0.000161206175828829,0.00017448517695431,0.000188619618631892,0.000203568493596486,0.000219466677366053,0.000236251022185189,0.000254086414776716,0.000272897809902994,0.00029289499247549,0.00031395828572589,0.000336363199647768,0.000359966764037376,0.00038505983964139,0.000411547825925375,0.000439690554342279,0.000469439406468592,0.000501030479788686,0.000534478766788307,0.000570010101916761,0.000607664746992991,0.000647663610490595,0.000690099870609109,0.000735180633902946,0.000783039255153315,0.000833881907969325,0.000887890248322483,0.000945256745563697,0.00100622548979329,0.00107097498098016,0.00113981022425757,0.00121290122901019,0.00129062309333062,0.00137313603446121,0.00146089596390497,0.00155404733979471,0.00165313989418469,0.00175830863854702,0.00187019960476986,0.00198894022523741,0.00211529371393468,0.00224936886312348,0.00239206670005492,0.00254347844058408,0.00270465294378751,0.00287566544248431,0.00305773144051218,0.00325090108037886,0.00345659067903263,0.00367482370761414,0.00390721885362379,0.00415377938557012,0.00441637893986327,0.00469495859477042,0.00499166563053345,0.00530648430877946,0.00564167196030736,0.00599746983688743,0.00637609841914981,0.00677816939513769,0.00720585257091094,0.00766013137851723,0.00814317665754082,0.00865632592200034,0.00920180764232782,0.00978130832470096,0.010397151705305,0.0110513794749812,0.0117464320941709,0.0124847457937447,0.0132688841097766,0.0141017313421404,0.0149859535394173,0.0159249438926886,0.0169214685493923,0.0179794985088966,0.0191018619081156,0.0202931663475717,0.0215562820718503,0.0228965328477482,0.0243167825467688,0.0258231533783869,0.0274184297622909,0.029109604338221,0.0308993129308399,0.0327955298592869,0.034800610670832,0.0369235798854841,0.0391664105511623,0.041539258123732,0.0440435117606073,0.0466904601377629,0.0494807872644238,0.0524268188589159,0.0555284127683605,0.0587987209560643,0.0622367084960031,0.0658560579661048,0.0696549348913192,0.0736465380320337,0.0778287112213886,0.0822131037213338,0.0867973341323579,0.091590653038389,0.0965900691444726,0.101801867462081,0.10722168588682,0.112852039819872,0.118686474594941,0.124722505637288,0.130950732413672,0.137362471660161,0.143944454718235,0.150680147227644,0.157551221487836,0.164531559824068,0.171596811337608,0.17870946992119,0.185838248600575,0.192931696785702,0.199950452615807,0.206827439913986,0.213515634604199,0.219930634346512,0.22601803128427,0.23167520875553,0.236842468231017,0.24139873018492,0.245284151598835,0.248362383154996,0.250578445319956,0.251785964123133,0.251947936672329,0.250915624845084,0.248678204391847,0.245096301363547,0.240206755222529,0.233897529894771,0.226266338360807,0.217235773074025,0.206985192748217,0.195493169033683,0.183010139450568,0.169596722665325,0.155552492402414,0.141015104797588,0.126314965369993,0.111641007131926,0.0973176141290813,0.0835395234342303,0.0705805788073887,0.0585971500709283,0.0477659125743825,0.038171667725353,0.0298690226400257,0.0228577206901568,0.0170688450137729,0.0124371521779841,0.00880325846701775,0.00607001836383448,0.00403836109365957,0.00261951351732713,0.00162140796396482,0.000985993875536487,0.00055815559142394,0.000318182290646963,0.000161025965567256,8.73272719344517e-05,3.76419031007584e-05,2.01920365775662e-05,7.26274170787677e-06,3.47137055536722e-06,1.7706990924163e-06,-2.266486693335e-07,1.14805486940391e-06,-8.47844461454714e-07,9.90158392122721e-07,-7.05291018502411e-07,6.17673506995976e-07,-5.915224349136e-07,0
2833096.10183932,0,4.63424156643549e-05,5.66824912610947e-06,5.15282167041188e-05,1.35999387399324e-05,6.08497736405992e-05,1.88512330840101e-05,7.08562112504194e-05,3.3145906223013e-05,7.31461433699934e-05,5.52105194714311e-05,7.69250566313175e-05,7.57326002823801e-05,8.77610434799293e-05,9.4155984796498e-05,0.000103961284691547,0.000113253142207905,0.000123653551291738,0.000134611611591042,0.000146333307323453,0.000158827230666002,0.000172092031818357,0.000186223999028438,0.000201184388541323,0.0002171054837136,0.000233926354172694,0.000251808546726836,0.000270679123823617,0.000290743690412624,0.000311884510846849,0.000334372311910204,0.000358065537520043,0.000383251212014018,0.000409834833344367,0.000438073783282754,0.0004679180216442,0.000499602671947848,0.000533140889517084,0.00056875905384383,0.000606494996139334,0.000646570986726612,0.000689078236218824,0.000734225775795457,0.00078214508736583,0.000833044537352526,0.000887104405658284,0.000944519175885864,0.00100553220311539,0.00107032307261352,0.00113919618833413,0.00121232188462278,0.00129007596803489,0.00137261873036552,0.001460407376289,0.00155358523389205,0.00165270418774799,0.00175789753120961,0.00186981381719317,0.00198857823338397,0.00211495618214972,0.00224905270748579,0.00239177175095815,0.00254320082237498,0.00270439190106978,0.00287541606676834,0.00305748997165804,0.00325065860673141,0.00345634079819517,0.00367455477395337,0.00390692245698639,0.0041534441884838,0.00441599713331082,0.00469451326141311,0.00499114754571633,0.00530587199161263,0.00564095411718267,0.00599662740635418,0.00637511649090911,0.00677702565820974,0.00720452508454057,0.00765859541198081,0.00814140864635714,0.00865430093581993,0.00919949722849009,0.00977867923971074,0.0103941693567731,0.0110480118972317,0.0117426511950916,0.0124805215414842,0.0132641826938876,0.0140965085625545,0.0149801630181115,0.0159185345099931,0.0169143925037294,0.0179717003887869,0.019093288972028,0.020283748274614,0.0215459511231187,0.0228852057956825,0.024304390282043,0.0258096096314761,0.027403663913874,0.0290935225311307,0.0308818309276764,0.03277654346305,0.0347800281893778,0.0369012752559605,0.0391422670706483,0.041513136072616,0.0440152638351409,0.0466599161218854,0.0494477842855013,0.05239116551968,0.0554899272856786,0.0587572242755305,0.062191974710447,0.0658079415987215,0.0696031762673272,0.073590959313005,0.0777690677782026,0.0821491305707018,0.0867287821796647,0.0915171256044471,0.096511251474402,0.101717227806117,0.107130846396459,0.112754388537815,0.11858161670091,0.124609842710957,0.130829869221353,0.137232866418137,0.143805674909494,0.15053170626653,0.157392594348572,0.164362290764571,0.171416295250733,0.178517236936206,0.1856336222757,0.192714183010155,0.199719370140007,0.206582255484575,0.213255700860402,0.21965546345818,0.225727099569389,0.231368093762267,0.236518837829739,0.241058269370938,0.244926836386697,0.24798811333538,0.250187624703501,0.251378769675474,0.251525415497293,0.250478488471017,0.248228256399896,0.244634818168356,0.239736367307097,0.233420115429252,0.225785111085446,0.216753212373971,0.20650509377729,0.195018394308535,0.182544777486181,0.169143812392531,0.155115912277738,0.140597916542669,0.12592064401745,0.111272218817497,0.0969768816518172,0.0832288110254126,0.0703012164069019,0.0583500271891747,0.0475507768097735,0.0379880730762619,0.0297151541854546,0.0227318695519689,0.0169679938408171,0.0123586849239601,0.00874355100111817,0.0060261906392623,0.00400694588350275,0.00259800482787186,0.00160701103165901,0.000976901858183935,0.000552495974058379,0.000314911059512954,0.00015912373155512,8.63409339905652e-05,3.70866213242889e-05,1.99379792744325e-05,7.11639154231068e-06,3.41766041197589e-06,1.73137433374788e-06,-2.3640298094007e-07,1.13976422795927e-06,-8.56385117875449e-07,9.90983349640305e-07,-7.23506484400528e-07,6.17710090105958e-07,-6.17270097585319e-07,0
2899422.85388288,0,4.4728106425838e-05,5.54373820484991e-06,4.97625729289277e-05,1.32800408697682e-05,5.8814901061985e-05,1.84945669030426e-05,6.85533442532679e-05,3.24502394165805e-05,7.09636995039126e-05,5.39062945957389e-05,7.49029786699343e-05,7.39564867420599e-05,8.57128972245484e-05,9.20973858190774e-05,0.000101782156271839,0.000111008829318025,0.000121334018473072,0.000132232632562119,0.000143903849864015,0.000156358711285617,0.000169597351258274,0.000183714900828707,0.000198675134026396,0.000214608009503295,0.00023145503539898,0.000249374582764296,0.000268295970285574,0.000288420721036757,0.00030963324011456,0.0003321994972852,0.00035597969136634,0.000381256776080405,0.000407936597908741,0.000436273658469275,0.000466216462355376,0.00049799875737165,0.000531631738361306,0.000567341972230539,0.000605164837547221,0.000645323278196982,0.000687906288437932,0.000733124400146081,0.000781107057200296,0.000832064710734386,0.00088617614150116,0.000943637765389486,0.00100469257233331,0.00106952202090122,0.00113843034094321,0.00121158875998968,0.00128937381269586,0.00137194583862093,0.0014597630370123,0.00155296741755027,0.00165211269164263,0.00175732988163742,0.00186926921907068,0.00198805312862389,0.00211444960675234,0.00224856008321157,0.00239129164009311,0.00254272710233062,0.00270392084428087,0.00287494004283742,0.0030570044279655,0.00325015437472594,0.00345581275486806,0.00367399241704107,0.0039063179165386,0.00415278564645487,0.00441527576697791,0.00469371271040143,0.00499026207860221,0.00530488396578733,0.00563985682630963,0.00599540375893007,0.00637375507594422,0.00677551052027026,0.00720284146910996,0.00765672599714063,0.00813933608775696,0.0086520045793769,0.00919695570324218,0.00977586826164824,0.0103910637863929,0.0110445810766022,0.0117388617608665,0.0124763341502509,0.0132595580551065,0.0140914033404753,0.0149745349063708,0.015912333806001,0.0169075667075995,0.0179641897621201,0.0190850305479411,0.0202746758105534,0.0215359949098682,0.0228742884800853,0.024292431300695,0.0257965160876133,0.0273893428856998,0.0290778695634326,0.0308647488626803,0.0327579109931026,0.0347597363432887,0.0368791948228589,0.0391182879846222,0.0414871014078679,0.0439870487079307,0.0466293676688625,0.049414728572055,0.0523554383784179,0.0554513245347287,0.0587155480889173,0.062147012240621,0.0657594363331674,0.0695508996309691,0.0735346395139711,0.0777084271951512,0.0820839120211692,0.0866586400772007,0.0914418346133816,0.0964304336982361,0.101630680904353,0.107038162156723,0.112655339165563,0.118475706152662,0.124496771748657,0.130709033723255,0.137103842590471,0.143667724197378,0.150384303213488,0.157234930032962,0.16419383257021,0.171236197920377,0.178325076708776,0.185428551189636,0.192495945127165,0.199487147180721,0.206335946433697,0.21299454994607,0.21937945925114,0.225435599037451,0.231061044862835,0.236195755254727,0.240719097954172,0.244571529174536,0.247616734473259,0.249800552673777,0.250976171564003,0.251108214836064,0.250047251796824,0.247784510380887,0.244179745727562,0.239272124221962,0.232948508346588,0.225308963274472,0.216275162330701,0.206028622207231,0.194546621582258,0.182081757295987,0.168692831164724,0.154681022768035,0.14018216463251,0.12552783145603,0.110904797836693,0.0966377095251896,0.0829191231691374,0.0700227514383123,0.0581029948719636,0.0473354716200238,0.0378031633118531,0.0295593066014737,0.0226026975610255,0.0168632450302772,0.0122753089655244,0.00867877376941732,0.00597695892495986,0.00397052349047592,0.00257171289500279,0.00158865669142194,0.000964481938099929,0.000544392924238392,0.000309821935296298,0.00015606730565899,8.45824218919592e-05,3.61233114658571e-05,1.94373111627545e-05,6.87099289009529e-06,3.30458372350915e-06,1.67985444072191e-06,-2.56245031650144e-07,1.13320663700411e-06,-8.66324412057182e-07,9.93490383221439e-07,-7.41473246670675e-07,6.18288422181271e-07,-6.42031880103274e-07,0
2967302.40818887,0,4.31455756119189e-05,5.41593647227793e-06,4.80296891928565e-05,1.29539409878508e-05,5.68152903754892e-05,1.81217447475541e-05,6.62831765151825e-05,3.17396632051242e-05,6.87935746624531e-05,5.25919677863536e-05,7.28732004819621e-05,7.21632192596227e-05,8.36411770134065e-05,9.00064188722399e-05,9.95617654141736e-05,0.000108712815488908,0.000118952001341371,0.000129779355764371,0.000141387837751758,0.000153790839361647,0.000166990305075623,0.000181080397295499,0.000196027620270367,0.000211959826901421,0.000228821246841422,0.000246767335647589,0.000265729935357602,0.000285906674845981,0.000307184446016528,0.000329824402447083,0.000353688803530299,0.000379056293799505,0.000405833288358562,0.000434271080255255,0.000464316867708058,0.000496202547867683,0.000529937293740206,0.000565747250564571,0.000603665241994572,0.000643914493048038,0.000686581596521934,0.0007318782197022,0.000779931685986292,0.000830954264932707,0.000885123125279139,0.000942636575290542,0.00100373711774803,0.00106860826336125,0.00113755437204575,0.00121074783165791,0.00128856593076959,0.00137116942809017,0.00145901762839558,0.00155225143123067,0.00165142669797021,0.00175667233547344,0.0018686403651319,0.00198745020365269,0.00211387234433963,0.00224800454920051,0.00239075722397317,0.00254220868084977,0.00270341652196265,0.00287444341120775,0.00305651269215204,0.00324966021604094,0.00345531349313732,0.00367347842752847,0.00390578329727761,0.00415221989483978,0.00441467271566611,0.00469305759200822,0.00498954970332896,0.00530409465015394,0.0056389777747338,0.00599441134464039,0.00637263130900506,0.00677423461776645,0.007201393954064,0.00765508545567139,0.00813747813449458,0.00864990265047091,0.00919458335992157,0.00977320029433291,0.0103880742381792,0.0110412399261835,0.0117351366655702,0.0124721903352081,0.0132549631534209,0.0140863276942633,0.014968947105032,0.0159061978578415,0.0169008385200741,0.0179568190590737,0.0190769630770443,0.0202658525997616,0.0215263528658261,0.0228637568996956,0.0242809397588782,0.0257839891441558,0.0273757034485857,0.0290630261007537,0.0308486162898058,0.0327403922219173,0.0347407348127735,0.0368585860735654,0.0390959563152172,0.0414629129518705,0.0439608731494617,0.0466010465620071,0.0493841235396454,0.0523223832004372,0.0554156549754536,0.0586770804415783,0.0621055577499151,0.065714786959641,0.0695028268983116,0.0734829044959209,0.0776527280323258,0.0820239505229654,0.0865940496083531,0.0913722552162431,0.0963554534725143,0.101549873756111,0.106951093295027,0.112561575308734,0.1183748397763,0.12438838376894,0.130592756431466,0.136979274274174,0.143534540995303,0.150242075207698,0.157083313288192,0.164032302341406,0.17106435637945,0.17814224413808,0.185234227441856,0.192289352333605,0.199267772073665,0.206103017296077,0.212747487216852,0.219117679958804,0.225158542539746,0.23076848410351,0.235887093407175,0.240394615897365,0.244230554647938,0.247260065638155,0.249427561906787,0.250588397361239,0.250705275777256,0.249631377534789,0.247355716712465,0.24374092806864,0.238823928858975,0.232494504640729,0.22485033300748,0.215815853097168,0.205570333975813,0.194093418807555,0.181635809279458,0.168258219110003,0.154260296639478,0.139779049894146,0.125144740282652,0.110544948994122,0.0963032943633904,0.0826123776265431,0.0697449112192865,0.0578548697057349,0.0471171568176957,0.0376141703441892,0.0293987442363092,0.0224689420866191,0.0167542555892865,0.0121883988668123,0.00861117618814311,0.00592568392556742,0.00393278683208514,0.00254471193076726,0.00156996758141676,0.000951982091233362,0.000536353762384902,0.000304837905325508,0.00015308988606553,8.2890704468781e-05,3.51990686422911e-05,1.8963170099889e-05,6.62930870619113e-06,3.1987734073562e-06,1.62689180889947e-06,-2.75753548733258e-07,1.1243660371976e-06,-8.74759926040908e-07,9.93246734010157e-07,-7.571469794762e-07,6.1726578295559e-07,-6.64173663048958e-07,0
3036771.11803546,0,4.1604580863431e-05,5.28391749133514e-06,4.63404187880209e-05,1.26276493665968e-05,5.48575683784495e-05,1.77351797678642e-05,6.40683557312034e-05,3.10014805010415e-05,6.6667144702876e-05,5.12588295624315e-05,7.08576457466613e-05,7.03563706455531e-05,8.15591628581773e-05,8.78926443889552e-05,9.73108608572247e-05,0.000106375799160002,0.000116517953341074,0.000127262201996764,0.000138795246440072,0.000151133123005295,0.000164279713623999,0.000178328423938979,0.000193248612609654,0.000209166193279362,0.000226028337634894,0.000243987772734042,0.000262979241295502,0.000283196644274979,0.000304529731551625,0.000327234823010466,0.000351176525299721,0.000376629164185639,0.000403499937229342,0.000432037042778535,0.000462186692702811,0.000494178774465303,0.000528020710897407,0.000563937976543224,0.000601960660623013,0.000642312069946888,0.000685076265973034,0.000730465801543693,0.000778605555536396,0.000829709129450876,0.00088395182020619,0.000941533915381786,0.00100269683649479,0.00106762553387972,0.00113662362254351,0.00120986436773377,0.00128772544193116,0.00137036788687716,0.00145825209200431,0.00155151806902125,0.00165072374369553,0.00175599616095355,0.0018679899630141,0.00198682213248743,0.00211326585716112,0.00224741450940068,0.00239018229648491,0.00254164271924677,0.00270285701019366,0.0028738825332192,0.00305594533446242,0.00324907630509842,0.00345470816530633,0.00367284039703643,0.00390510522528195,0.00415148991569471,0.00441388255007883,0.00469218973672624,0.00498859787049027,0.00530304174597728,0.00563781917193262,0.00599313312204359,0.00637122333542621,0.00677268119885641,0.00719968026346807,0.00765319448958649,0.00813539204283131,0.00864760105234143,0.00919204410048906,0.00977039862600635,0.0103849830351921,0.0110378282576383,0.0117313704640619,0.0124680304392267,0.0132503677685219,0.0140812506354875,0.0149633408760736,0.015900009873867,0.0168940126138211,0.0179492948057008,0.0190686817326052,0.0202567490432807,0.0215163617726904,0.0228528060658017,0.0242689521637479,0.025770873418765,0.0273613731163004,0.0290473837127783,0.0308315667085833,0.0327218224120329,0.0347205404301561,0.0368366453147239,0.0390721559226422,0.0414371118624871,0.0439329334987,0.0465707985197002,0.0493513914280973,0.0522869813719157,0.0553773736297176,0.0586357000891884,0.0620608277175899,0.0656664737611247,0.069450658517184,0.0734266350714837,0.0775920849454167,0.0819586806565338,0.0865238763897149,0.0912969125882773,0.0962746396609863,0.101463288401358,0.106858371690463,0.112462349168562,0.11826863282272,0.124274723498721,0.130471032220836,0.136848938318666,0.143394924622134,0.150092609595327,0.156923340110051,0.163861262798336,0.170881660095804,0.17794738131896,0.185026731471267,0.19206872427227,0.199033525862708,0.205854611479763,0.212484543329588,0.218839653908844,0.224865119736149,0.230459130475529,0.235561726292553,0.240052829556973,0.243872633331452,0.246885887615662,0.249037770177865,0.250183125935724,0.250285672297441,0.249198026706694,0.246910218925621,0.243284348691175,0.238358537675302,0.23202204221884,0.224373813578891,0.215337859152897,0.205094668409842,0.19362315394536,0.181175221838989,0.167810572119952,0.153829845599647,0.13936890419259,0.124758753857845,0.110185502746239,0.095973192863499,0.0823129737740488,0.0694776106878853,0.0576196393464762,0.046913864604034,0.0374416209526968,0.0292552424690819,0.0223519812679286,0.016660951260316,0.0121158463608756,0.00855606109898404,0.00588506523546436,0.00390355246643478,0.00252453263523837,0.00155628140404494,0.000943208996363137,0.000530793944321684,0.000301570008041337,0.000151129138876769,8.18696602594952e-05,3.46100649771623e-05,1.86967690168217e-05,6.47587076263294e-06,3.14554230798495e-06,1.5892617477358e-06,-2.84248325693173e-07,1.11776823455898e-06,-8.82383850416246e-07,9.94101922100704e-07,-7.73182331355841e-07,6.17134988649077e-07,-6.8608919098097e-07,0
3107866.18778201,0,4.01044332034734e-05,5.15059451668424e-06,4.4694989208337e-05,1.22975341792426e-05,5.29473931771773e-05,1.73392515016083e-05,6.1900034648737e-05,3.02543782057361e-05,6.45731720140368e-05,4.99220661431512e-05,6.88551926935299e-05,6.85447853390152e-05,7.94725008401877e-05,8.57635840938655e-05,9.50374710931701e-05,0.000104006113400471,0.000114040763831817,0.000124690168131449,0.000136135243857819,0.000148394662380089,0.000161474302037706,0.000175466994881061,0.000190345216679144,0.000206233267456524,0.000223081525195891,0.000241040248363974,0.000260047276174711,0.000280292947732177,0.000301670173004039,0.000324430673672477,0.000348441822590952,0.000373973703934973,0.000400934717865385,0.000429569639822559,0.000459823657449411,0.000491924350724957,0.000525877198476471,0.000561906643483481,0.000600040147347874,0.000640500483636485,0.000683368915345654,0.000728858484736509,0.00077709158955149,0.000828283186192252,0.000882606329658045,0.000940262738930953,0.00100149292646798,0.00106648377841178,0.00113553833694598,0.00120883096987047,0.00128673979451892,0.00136942649129426,0.00145735240434911,0.00155065693433284,0.00164990018048079,0.00175520728675524,0.00186723511900387,0.00198609774875441,0.00211257117200946,0.00224674477093262,0.0023895367703741,0.00254101608581167,0.00270224788960379,0.00287328431594891,0.00305535553774869,0.00324848751425642,0.00345411882879891,0.00367224166754234,0.00390449205731235,0.00415085104004393,0.00441321038376886,0.00469146753593102,0.00498782020200312,0.00530218998038076,0.00563688452842442,0.00599209625848451,0.00637007019868755,0.00677139104885058,0.00719823179484909,0.0076515635761895,0.00813355411180113,0.0086455296550993,0.00918971235176255,0.00976777763021042,0.0103820427132734,0.0110345344632851,0.0117276865186179,0.0124639167273007,0.0132457845949535,0.0140761525687798,0.0149576799433946,0.0158937353974855,0.0168870758698634,0.0179416434728,0.019060260448764,0.0202475007075382,0.0215062296179519,0.0228417279492647,0.0242568622959312,0.0257576959804583,0.0273470296163389,0.0290317813896311,0.0308146096822271,0.0327033868462031,0.0347005137153678,0.036814882854482,0.0390485266845641,0.0414114485192432,0.0439050905667209,0.0465406037029427,0.0493186852548492,0.05225158421133,0.0553391039816597,0.0585943795852972,0.0620162523648209,0.0656184397687143,0.0693989220510263,0.0733709485111156,0.0775321502696217,0.0818941948673163,0.0864544924831798,0.0912222671082716,0.0961943561859437,0.101376973336578,0.106765636399992,0.112362789082519,0.118161871505466,0.124160370598235,0.130348719590265,0.136718267572564,0.143255468693866,0.149943913212859,0.156764878160786,0.163692509126935,0.170701951538638,0.177756133763517,0.184823120076623,0.191852191473304,0.198803224434046,0.205610134251022,0.212225002846583,0.218564860873256,0.224574223494936,0.230152266560541,0.235238096289979,0.239712986658154,0.243515931404024,0.24651330526185,0.248648934899605,0.249779541423421,0.249867349871636,0.24876700512329,0.246467015390046,0.242831438191272,0.2378970028088,0.231554841938283,0.223902523933115,0.214865875216719,0.204624218475666,0.193157840585121,0.180717838356236,0.167364823613992,0.153398930430873,0.138956520596128,0.12436800585168,0.109819428063248,0.0956342495844991,0.0820031805187931,0.069198298866367,0.0573715314957392,0.0466970323828277,0.0372551983984896,0.0290979458748511,0.0222218344263106,0.0165557335554955,0.012032538139603,0.00849181060176051,0.00583666542433758,0.00386824171485667,0.00249934186105559,0.00153904340666045,0.0009316924473683,0.000523463507778839,0.000296987545526839,0.00014848580221921,8.03263574047294e-05,3.38019398720261e-05,1.82687784294253e-05,6.28140572952614e-06,3.03966721791701e-06,1.55835819783554e-06,-3.09093041904306e-07,1.11660941950704e-06,-8.93372233261785e-07,9.96426553888272e-07,-7.8909699882523e-07,6.17240182701044e-07,-7.06771951407904e-07,0
3180625.69279412,0,3.86435331929619e-05,5.01613647089706e-06,4.30894171203995e-05,1.19672315022329e-05,5.1082855935441e-05,1.69331012585129e-05,5.97801117847871e-05,2.9499905910043e-05,6.25110971833817e-05,4.85873704053608e-05,6.68665044746133e-05,6.67350148172266e-05,7.7385799124041e-05,8.36271031708745e-05,9.27501411151427e-05,0.00010161445344661,0.000111532794063893,0.000122077618661201,0.00013342412088447,0.000145593733885045,0.000158594416312329,0.000172518577925166,0.000187341898266874,0.000203187233344017,0.000220008361138331,0.000237953279035154,0.000256963148113343,0.000277225018448201,0.000298635289303388,0.000321441153640516,0.000345513003938015,0.000371116705252833,0.000398162103321307,0.000426890593700081,0.000457246821473638,0.000489456109618276,0.000523522556197205,0.000559669580248037,0.000597922141191386,0.000638502360481189,0.000681488863248632,0.000727094899782529,0.000775440003257695,0.000826739760478295,0.000881164766750458,0.000938918061866386,0.00100023859391654,0.00106531449201934,0.00113444764902086,0.00120781328959352,0.00128578969635291,0.00136853927318901,0.00145652447444698,0.00154988420221605,0.00164918071517145,0.00175453729582711,0.00186661324147303,0.00198552028485335,0.00211203807505507,0.00224625202681209,0.00238908465138033,0.00254059938885525,0.00270186554691555,0.0028729299284849,0.00305502693336313,0.00324817559790446,0.00345381862224146,0.00367193957534354,0.00390418005270395,0.00415051697783472,0.00441284748618015,0.0046910585895533,0.00498735743510387,0.00530164954283025,0.00563625194905254,0.00599134677567397,0.00636918445761946,0.00677034732657705,0.00719700925478401,0.00765013935510706,0.00813190436554569,0.00864362785639063,0.00918753107260961,0.00976528739103839,0.010379212581349,0.0110313329013358,0.0117240812544801,0.0124598718827024,0.0132412611194234,0.0140711100290956,0.0149520776657566,0.0158875316465329,0.0168802247601295,0.0179340948753762,0.0190519627319964,0.020238389235027,0.0214962441875986,0.0228307871892426,0.0242448930758135,0.0257446045436452,0.0273327310869849,0.0290161724203292,0.0307975926148342,0.0326848503726119,0.0346803388124625,0.0367929544297976,0.0390247138319546,0.0413856251517535,0.0438771145075572,0.0465103272476612,0.0492859438114194,0.0522162168494491,0.0553009142453278,0.0585531907472289,0.0619718328306178,0.0655706080246089,0.0693474179436753,0.07331557827884,0.0774726426940847,0.0818303400001535,0.0863859903927223,0.0911488630035632,0.0961156743827191,0.101292693194995,0.106675281172562,0.112265932399211,0.118057936984496,0.124048865168855,0.130229049154111,0.136589902177288,0.143117843149149,0.149796515327072,0.156607185391148,0.163524025555815,0.170522168962653,0.177564585822783,0.184619280087261,0.191635588558131,0.198573264149049,0.205366337219994,0.211966753254649,0.218291732372822,0.224285670146212,0.229847980787878,0.234917696574051,0.239376367302279,0.24316294111151,0.246144075950741,0.248263612141425,0.249378571007292,0.249451296741063,0.248336791690466,0.246023693182396,0.242376547001935,0.237432300600338,0.231082620442471,0.223425182571205,0.214386510043363,0.204145953372407,0.192684281435865,0.180252677402485,0.166911898427651,0.15296203595987,0.138539138463836,0.123973710742403,0.109451033506005,0.0952946189971879,0.0816938557117602,0.0689210459580257,0.0571264043382688,0.0464843818761183,0.0370735122516085,0.0289461053985391,0.022096999041761,0.0164557242262033,0.0119538203613432,0.00843165132566795,0.00579153903588489,0.00383556175110103,0.00247619511507953,0.00152332819311934,0.000921281390378752,0.000516901793324968,0.000292955979442854,0.00014614820720606,7.9013304326679e-05,3.311595898978e-05,1.79087211996012e-05,6.11928205926562e-06,2.96205272843712e-06,1.52500135140662e-06,-3.23244666202587e-07,1.11303047277075e-06,-9.02105759391496e-07,9.98144179674371e-07,-8.03875765337001e-07,6.16953112352363e-07,-7.25740012940806e-07,0
3255088.59983506,0,3.72247697861611e-05,4.8813143463675e-06,4.15270931214841e-05,1.16363790686625e-05,4.92680144193719e-05,1.65185083515759e-05,5.77117913551523e-05,2.87375671216239e-05,6.04890949538051e-05,4.72498832219632e-05,6.49005027606234e-05,6.49234471163341e-05,7.53036961716554e-05,8.14815279933555e-05,9.04492517174278e-05,9.91984136781894e-05,0.000108990805211793,0.000119419202483939,0.000130654475890913,0.000142720342303477,0.000155627098646051,0.000169466819651187,0.000184218548841731,0.000200003892491695,0.000216780231837311,0.000234693561210082,0.000253688672043464,0.000273949560383942,0.000295376490362866,0.000318212399488069,0.000342331186743501,0.000367994609417331,0.000395114414697092,0.000423928706362537,0.000454381864258392,0.000486696804138983,0.000520876233978888,0.00055714219568999,0.000595517170555577,0.00063622217535298,0.000679332925080777,0.000725062533122781,0.000773527531084682,0.000824943853089596,0.000879479173748045,0.000937337439027805,0.000998755745358051,0.00106392351946476,0.00113314121884713,0.00120658477665312,0.00128463227549873,0.00136744679955613,0.00145549167099748,0.00154890528473228,0.00164825202305445,0.00175365359256609,0.00186577207542465,0.00198471667259697,0.00211127056419085,0.00224551477537008,0.00238837644921813,0.00253991407265406,0.00270120172949333,0.00287228019770149,0.00305438859593071,0.00324753991945945,0.00345318357972554,0.00367129489425072,0.00390352103571885,0.00414983305337197,0.00441213350456065,0.00469029880092702,0.00498654812165418,0.00530077318227726,0.00563530228401279,0.00599030689303716,0.00636804299579727,0.00676908742491219,0.0071956149144942,0.00764859152730265,0.00813018404646584,0.00864171461247976,0.00918540251378877,0.00976291808680639,0.0103765741178546,0.0110283938644748,0.0117208106008608,0.0124562350854288,0.0132372229465082,0.0140666283310036,0.0149471067827138,0.0158820210847925,0.0168741253231474,0.0179273536660786,0.0190445209655528,0.0202301869220426,0.0214872107597343,0.0228208536260047,0.0242339821934123,0.0257326357630556,0.0273196184709801,0.0290018153061426,0.030781889664599,0.0326676762117932,0.0346615855901309,0.0367724690945552,0.0390023795406104,0.0413612676528518,0.0438506034377167,0.0464814874407724,0.0492546363923852,0.0521822545792096,0.055264145289417,0.0585134113499923,0.0619288678088392,0.0655242204623299,0.0692973940178178,0.0732616584552204,0.0774145600293266,0.081767801450963,0.0863186955615843,0.0910765051664136,0.0960379598373765,0.101209305084156,0.106585917618635,0.11217024996308,0.117955579909013,0.12393942671236,0.130112074647994,0.136464899033502,0.142984208693865,0.149653660280188,0.156454425144551,0.163360744719937,0.170347670845766,0.177378300588193,0.184420565725354,0.191423993190563,0.198348245344552,0.205127631687344,0.211713873488511,0.218024584107498,0.224003710470712,0.229551255103862,0.234605539076179,0.239049128136047,0.242820038271749,0.245786255606166,0.247890414940318,0.248991200840377,0.249049656677584,0.247922597305138,0.245597390768082,0.241940363646944,0.236987338159156,0.23063151498802,0.222969740196324,0.213929781050519,0.203690307753208,0.192232958019414,0.179808632854192,0.166478489643235,0.152542423582313,0.13813677362583,0.123591519054132,0.109092239813841,0.0949614992526715,0.0813890834954335,0.0686456300884937,0.0568819446072504,0.0462703817120849,0.036890273939323,0.0287915841063862,0.0219702437302417,0.0163534019409959,0.0118738444221939,0.00837008098393738,0.00574603703690003,0.00380240447474909,0.00245311915482861,0.00150738191686802,0.000910949233380716,0.000510226032601325,0.000288982168980545,0.000143728834037069,7.77070216671716e-05,3.23737691430219e-05,1.75582241210841e-05,5.92785541652647e-06,2.88347869326747e-06,1.48465955732035e-06,-3.39858896532745e-07,1.10777387590882e-06,-9.11486221071225e-07,9.99146053319554e-07,-8.18575014386641e-07,6.16514608722215e-07,-7.44100790686693e-07,0
3331294.78793467,0,3.58328957843267e-05,4.74535053255569e-06,3.99953454472791e-05,1.13020481008729e-05,4.74839486412462e-05,1.6099055788002e-05,5.5671627357078e-05,2.797166793014e-05,5.84832795311877e-05,4.59132211220768e-05,6.29365176742753e-05,6.31092015692742e-05,7.32123628787877e-05,7.93220059411948e-05,8.81262854312679e-05,9.67526810332082e-05,0.000106409661584103,0.000116711539438985,0.000127824357107672,0.000139774388550244,0.000152574280638874,0.000166315976568238,0.000180981973658362,0.000196692806286466,0.000213409700886225,0.000231276923184339,0.00025024313627093,0.00027048949308242,0.000291920447000759,0.000314774804304049,0.00033893039789889,0.000364644863103766,0.000391832287760477,0.000420727309732199,0.000451274449386613,0.000483693836295886,0.000517986820959432,0.000554373592194679,0.000592874520492793,0.000633709345336567,0.000676950881258047,0.000722811361148348,0.000771404233394325,0.000822945694846792,0.000877600539919619,0.000935573229084118,0.000997098786088127,0.00106236775366728,0.00113167886107541,0.0012052090316871,0.00128333626090873,0.00136622443463233,0.00145433722167943,0.00154781278542839,0.00164721757130179,0.00175267213816534,0.00186484125787625,0.00198383178698548,0.00211043016093643,0.00224471363374436,0.00238761434970647,0.00253918531053213,0.00270050538833318,0.00287160925528036,0.00305374081400391,0.00324690655872731,0.00345256291993728,0.00367067627068359,0.00390289947995932,0.00414919676754315,0.00441147530440152,0.00468960042032318,0.00498580478673584,0.00529996528180431,0.00563442086519628,0.00598933283289513,0.00636696283543508,0.00676788119382603,0.00719426306587927,0.00764707248586181,0.00812847529032204,0.00863979098845694,0.00918323876572095,0.00976048728568993,0.0103738482515163,0.011025343669916,0.0117174035392691,0.0124524365872742,0.0132329962096566,0.0140619335082365,0.0149419025439289,0.0158762594771056,0.0168677509493229,0.0179203052068178,0.0190367343003656,0.0202215909342357,0.0214777362255902,0.0228104195571813,0.0242225095486636,0.0257200380467067,0.0273058111049151,0.0289867131408555,0.0307654134306261,0.0326497469937157,0.0346421186541263,0.0367513797191951,0.03897956809557,0.0413366283094523,0.0438240151097106,0.0464528065516823,0.0492236970534047,0.0521488832672995,0.0552281233065243,0.0584745291562205,0.0618868557135563,0.065478857728606,0.0692483784691294,0.0732087453686259,0.0773574240295433,0.0817061578100582,0.0862522090872426,0.0910048456089476,0.0959607744595402,0.101126207827027,0.106496540154491,0.112074174572236,0.117852435221918,0.123828727891474,0.129993427626808,0.136337774701031,0.142848228480036,0.149508265982974,0.156299190402163,0.163195105339035,0.170171150902399,0.177190341679263,0.184220607482099,0.191211514637147,0.198122551142328,0.204888253112454,0.211460049939517,0.217755998238962,0.223719582776337,0.22925147905063,0.234289468320623,0.238716936656805,0.242471325962452,0.245421599452936,0.247509692106383,0.24859540616098,0.248639107772944,0.247498845062551,0.245161185486737,0.241493770367638,0.236531735694269,0.230169451279608,0.222503293376257,0.213461916353337,0.203224027783749,0.191771307229741,0.179355505659963,0.166036757409177,0.15211660882532,0.137729318021451,0.123207108572042,0.10873240555932,0.0946303072353117,0.081086877465676,0.0683752301862694,0.0566422432878174,0.0460626021601208,0.0367120407285355,0.0286424733681184,0.0218469277919424,0.016254264208572,0.0117953251562782,0.00830985080263542,0.00570061869029346,0.00376937337434359,0.0024296854331497,0.00149139264651306,0.000900387224366583,0.000503533691336954,0.000284903330203989,0.000141335997603556,7.63956946056432e-05,3.16586281407058e-05,1.72050785132408e-05,5.75216925159972e-06,2.80653345655144e-06,1.44813483340163e-06,-3.54762817200223e-07,1.10323151618861e-06,-9.20018329159724e-07,1.00005377154457e-06,-8.31885329131373e-07,6.15759846843838e-07,-7.60328223597209e-07,0
3409285.06974681,0,3.4491699578082e-05,4.60919515752677e-06,3.85173154060327e-05,1.09728676346004e-05,4.57576451375742e-05,1.56767067584996e-05,5.37003583184187e-05,2.72007914190172e-05,5.65358841145693e-05,4.45854992277767e-05,6.10099249241954e-05,6.1311978852806e-05,7.11423135475244e-05,7.71750686141227e-05,8.58110085783556e-05,9.43069364675903e-05,0.000103820102256476,0.000113985761131445,0.000124965153983968,0.000136787189439431,0.000149466833495395,0.000163095987978842,0.000177660652746925,0.000193280472166513,0.000209920625050768,0.000227723814179467,0.000246642732196704,0.000266855944731045,0.000288272364706253,0.000311126942739231,0.000335301754911347,0.000361050642510948,0.000388290296398326,0.000417252206088365,0.0004478813521918,0.000480395425921125,0.000514794946642333,0.000551298622983621,0.0005899248311512,0.000630891863779697,0.000674269773347785,0.000720270119452328,0.000769003153973546,0.000820684775602985,0.000875476497070017,0.000933583133283836,0.000995237348537178,0.00106063041895479,0.0011300588405522,0.00120369974096474,0.00128193010502523,0.00136491430038699,0.00145311621207988,0.00154667355015284,0.00164615463976796,0.00175167849826651,0.00186391253309994,0.00198296126486179,0.00210961516433434,0.00224394741640659,0.00238689559429084,0.00253850718097322,0.00269986653885024,0.0028710021284777,0.00305316390144921,0.00324635135905777,0.00345202806160977,0.00367015028637098,0.00390237831493373,0.00414866970594101,0.00441093827554697,0.00468903723731962,0.00498521218135864,0.00529932380108376,0.00563372183331153,0.00598855616096024,0.00636609430469564,0.00676690187301362,0.00719315526053205,0.00764581614000518,0.00812704895598174,0.0086381706304546,0.00918139870965861,0.00975839877488248,0.0103714806980156,0.0110226634809819,0.0117143759363377,0.0124490229262252,0.0132291553740713,0.0140576223845852,0.0149370737454342,0.0158708664499349,0.0168617456411161,0.0179136401118337,0.0190293577040372,0.0202134498269212,0.0214687685237391,0.0228005651979915,0.0242117023004279,0.0257082130652106,0.0272928982080389,0.0289726338211821,0.0307500808580398,0.0326330581438361,0.034623977102978,0.0367316633611505,0.0389581613004597,0.0413133763507323,0.0437987751495243,0.0464253949984835,0.0491939303185753,0.052116532320509,0.0551929623913706,0.0584363258624784,0.061845369791244,0.0654338199526324,0.0691995361601795,0.073155828334719,0.0773002123551195,0.0816443843826557,0.0861856545325998,0.0909332144248488,0.0958838316840409,0.101043634989436,0.106408083372887,0.111979425565987,0.117751039179176,0.123720280022979,0.129877511736846,0.136213932678143,0.142715921182271,0.149367029595253,0.156148453025687,0.163034358585563,0.169999741328632,0.177007704344578,0.184026059016472,0.19100443563008,0.197902273056872,0.204654193244154,0.211211580051797,0.217492645524161,0.223440831018394,0.22895712206975,0.233979117629587,0.238390747807286,0.242129072834018,0.245063781494952,0.247136459055362,0.2482077128808,0.248237443272339,0.247084546657308,0.244735209789155,0.241057903680291,0.236087413208755,0.229719117614899,0.222048818252537,0.213006434836542,0.202769760771968,0.191321923509328,0.178913405226254,0.165606092990955,0.151699752791846,0.137330477586467,0.122828230802261,0.10837743886494,0.0943005797094462,0.0807853368247396,0.068102255566795,0.0563996299475587,0.0458496209447082,0.0365290375977238,0.0284875743088317,0.0217189559633299,0.0161504648643164,0.0117133814808529,0.00824657207331136,0.00565321048434266,0.0037347768764216,0.00240523542700723,0.00147466438788752,0.00088932631572901,0.000496540587313761,0.000280617628747441,0.000138862819758107,7.49857644679434e-05,3.09483498263796e-05,1.68135747875372e-05,5.59662514281074e-06,2.71231444519185e-06,1.42560992112645e-06,-3.77172734948062e-07,1.1050436949832e-06,-9.32146518103561e-07,1.00391004349035e-06,-8.46376899770242e-07,6.16223603161708e-07,-7.76030456596659e-07,0
3489101.21340677,0,3.3186120784766e-05,4.47349465403029e-06,3.70755296374727e-05,1.06451163272675e-05,4.40745137699653e-05,1.52496314245753e-05,5.17733127955484e-05,2.64300221133837e-05,5.46218314067729e-05,4.32642368256402e-05,5.91049464340559e-05,5.95216875672874e-05,6.9082342793427e-05,7.50292704649948e-05,8.34930413208783e-05,9.18504695017081e-05,0.00010121202560175,0.000111231839913354,0.000122067115954842,0.000133749100680758,0.000146295179719462,0.000159797248609672,0.000174244846410192,0.000189756817963471,0.000206302399997554,0.000224022911013885,0.000242875303309318,0.000263035802677551,0.000284418113398486,0.000307253500719267,0.000331428670096156,0.000357193749176373,0.000384468450076036,0.000413481267114828,0.0004441782745779,0.000476774859851876,0.000511271092862036,0.000547883806275059,0.000586629456768071,0.000627724700398482,0.000671236968080168,0.0007173769909334,0.000766251884572851,0.000818076790392976,0.000873009804822893,0.000931256021737264,0.000993045443059959,0.00105856979053932,0.00112812296602638,0.0012018823180978,0.00128022361119587,0.00136331181571275,0.00145161068241158,0.00154525731576165,0.00164482101936426,0.00175041929253575,0.00186272193061641,0.00198183107847136,0.00210854052219785,0.00224291886738391,0.0023859090014052,0.00253755421869194,0.00269894563182812,0.00287010510709816,0.00305228806427794,0.00324548660982894,0.00345117183858259,0.00366928925569364,0.00390150701619973,0.00414777673660452,0.00441001912951903,0.0046880733782736,0.00498419746858637,0.00529823652120164,0.00563255408928519,0.00598729005528599,0.00636471727429686,0.00676539520909391,0.00719150023245729,0.0076439921290932,0.00812503506682968,0.00863594362467228,0.0091789343159554,0.00975567201264584,0.0103684663990194,0.011019335608496,0.0117107063621533,0.0124449802759364,0.0132247076843494,0.0140527356827803,0.0149317118643346,0.0158649858705382,0.0168552947974924,0.0179065613336451,0.019021591828649,0.0202049379535294,0.021459453044713,0.02279038150108,0.0242005765966391,0.025696055905104,0.0272796090273783,0.0289580943941049,0.0307341669157941,0.0326156274906473,0.0346048817595538,0.0367107411064228,0.0389352605087518,0.041288341446533,0.0437714641904018,0.0463956580209761,0.0491616366811271,0.0520815665104239,0.0551551940496663,0.0583956266808648,0.0618015742864072,0.0653867882123849,0.0691490449293717,0.0731016399095281,0.0772420228955726,0.0815818999591057,0.0861185443152749,0.0908610927447405,0.0958063049595067,0.100960229824364,0.106318337698365,0.111882850331886,0.117647185631848,0.123608618971966,0.129757544393047,0.136085150999187,0.142577846682854,0.14921915429362,0.155990259059598,0.162865334908694,0.169819389355903,0.176815542519804,0.183821595023668,0.190787246038222,0.197671890250319,0.204410223418754,0.210953531343584,0.217220211503847,0.223153579662607,0.228654754553778,0.233661244633918,0.238057179254157,0.241779698623454,0.244698645998665,0.246755674217633,0.247811568308524,0.247826609188185,0.24665987312562,0.244297933428221,0.240609488224909,0.235629786353289,0.229254269732003,0.221579293325062,0.212534901836685,0.202299312009103,0.190855549744371,0.178454859457479,0.165158673663314,0.151267369468373,0.136916153862636,0.122435840035166,0.10800971739093,0.0939608265394937,0.0804752343917407,0.0678238919721503,0.0561533316204238,0.0456359234942833,0.0363466466857925,0.0283353689301464,0.021594355359629,0.0160510354374222,0.0116356752434406,0.00818743957155795,0.00560920969112534,0.00370304861773161,0.00238302795165136,0.00145964554395219,0.000879496679187581,0.000490322248786225,0.000276847791530586,0.000136642180023756,7.37589383175579e-05,3.02775207313589e-05,1.64707410043531e-05,5.42882523174143e-06,2.63516190532576e-06,1.38792946518252e-06,-3.92226169578512e-07,1.0995014515485e-06,-9.39777665671215e-07,1.00327118026821e-06,-8.57046494430361e-07,6.14236146212629e-07,-7.88270474981892e-07,0
3570785.96490046,0,3.19211885768011e-05,4.33956202562926e-06,3.56773279858895e-05,1.03203181768081e-05,4.24418391402749e-05,1.48227735569257e-05,4.98982810823399e-05,2.5667869093519e-05,5.27473560884053e-05,4.19640841168603e-05,5.72279498096755e-05,5.77552633742179e-05,6.70437866966742e-05,7.29021576816091e-05,8.11891974516396e-05,8.94033007220769e-05,9.86070977584305e-05,0.000108474020162694,0.000119157053185951,0.000130689862559933,0.000143092209404664,0.000156456060070321,0.00017077453916235,0.000186165887341063,0.000202603485842115,0.000220227482820921,0.000238999247175692,0.000259092921063704,0.000280427174818207,0.00030322986635477,0.000327392661323872,0.000353162183030733,0.000380461492080332,0.000409516151450056,0.00044027355078105,0.000472946636339531,0.000507535354179377,0.000544254910147597,0.000583120383123824,0.000624346806267959,0.000667999203335362,0.000714287120170235,0.000763314425534023,0.000815295323086418,0.000870384540641795,0.000928787037461448,0.000990729724464551,0.00105640428830159,0.00112610170547879,0.00119999935471555,0.00127847147620418,0.00136168347243199,0.00145009871419706,0.00154385409586938,0.00164352030189731,0.00174921379228292,0.00186160665616797,0.00198079889171965,0.0021075885231941,0.00224204094584278,0.00238510469225091,0.00253681670036776,0.00269827318401542,0.0028694890780545,0.00305172710528135,0.00324497205982994,0.00345070335920993,0.00366885531424328,0.00390110409343947,0.00414739281503303,0.00440964948948874,0.00468769992515352,0.00498381780195589,0.00529783054952789,0.00563211265457909,0.0059867908431003,0.00636414400442193,0.00676472698016881,0.00719071669551188,0.00764307008031771,0.00812395011904134,0.0086346692505498,0.00917744313176686,0.00975393343824977,0.0103664465132694,0.0110169977454431,0.011708012897037,0.0124418920961477,0.0132211817884028,0.0140487270428657,0.0149271714321953,0.0158598687797071,0.0168495535893543,0.0179001501237677,0.0190144573022,0.0201970230578864,0.0214506929733807,0.0227807111361085,0.0241899279007218,0.0256843612090982,0.0272667981990406,0.0289440975406942,0.0307189096948143,0.0325990292960012,0.0345868557299501,0.0366911823570942,0.0389140549897858,0.041265345347731,0.0437465289352873,0.0463686065241616,0.0491322870589519,0.052049706854571,0.0551206049140361,0.0583580812805571,0.0617608210018357,0.0653425802553135,0.0691011173791499,0.0730497553171569,0.0771858974544838,0.0815212558354731,0.0860530543892286,0.0907904705614542,0.0957302246974985,0.100878401669581,0.106230436437305,0.111788572264135,0.117546166788543,0.12350053682083,0.129642014731628,0.135961793229923,0.142446164206362,0.14907869880544,0.155840432773444,0.162705679335186,0.169649182976402,0.176634317484126,0.183628478519619,0.190581830665197,0.197453280959503,0.204178166205783,0.210707141235257,0.216959407455411,0.22287752415258,0.228363612868666,0.233354289815441,0.237734843923602,0.241441298110119,0.244344867943991,0.246386067259167,0.247427219872329,0.247427319481851,0.246247099860996,0.243872062276612,0.240172466495292,0.235182726026522,0.22879966822765,0.221119082089519,0.212072102758904,0.201836870110704,0.190396883519679,0.178003529588008,0.16471790839352,0.150841066176006,0.136507545012711,0.12204867102804,0.10764648678881,0.09362460725329,0.0801677153366209,0.0675470129412151,0.0559074791815742,0.0454215632523924,0.0361628861425684,0.0281811364047234,0.0214674452946896,0.0159491028623247,0.0115556125004861,0.00812622167829512,0.0055636110426836,0.00367011958312721,0.00235993573984937,0.00144401751251724,0.000869301910748702,0.000483966538359661,0.000272992844579049,0.000134442993962397,7.25349392340313e-05,2.96586970427358e-05,1.61436449823134e-05,5.29835625945774e-06,2.55662032906933e-06,1.37203887068487e-06,-4.12802207575958e-07,1.10307021691731e-06,-9.51728091567801e-07,1.00707118728034e-06,-8.70385823044543e-07,6.14430865938901e-07,-8.01647565643759e-07,0
3654383.07095725,0,3.06921968245877e-05,4.20647875939218e-06,3.43197490658536e-05,9.99538428700657e-06,4.08517077542851e-05,1.43977541583156e-05,4.80661739735292e-05,2.49059711705966e-05,5.09138996190154e-05,4.06661547578586e-05,5.53803579664606e-05,5.59948596724243e-05,6.50198516153737e-05,7.07779345901921e-05,7.88855791877045e-05,8.69476536721544e-05,9.59857586080143e-05,0.00010568965357216,0.000116209104371487,0.0001275797345143,0.000139823731874368,0.000153033125140212,0.000167204584744632,0.000182455750039659,0.000198764200813318,0.000216269020742899,0.000234936057822005,0.000254937502442972,0.000276197265126059,0.000298940017139949,0.000323062809425599,0.000348808997138934,0.000376105541712098,0.000405175440035686,0.000435968102714981,0.000468694363820227,0.000503354354232473,0.000540161701652727,0.000579130764840594,0.000620475080662848,0.000664257472023524,0.000710685995659852,0.000759861272699674,0.000811996540224719,0.000867243115122051,0.000925805528802646,0.000987907562045715,0.00105374089296396,0.0011235931826176,0.0011976418319938,0.00127625934745737,0.00135961133822241,0.0014481598116636,0.0015420408029694,0.00164182546127044,0.00174762908647355,0.00186012579714125,0.00197941329572717,0.00210629313647002,0.00224082719197785,0.00238396979024274,0.00253575190743451,0.00269727467046915,0.00286854506034878,0.00305083275608139,0.00324411643616265,0.00344988600033502,0.00366806455240956,0.00390033648997803,0.00414663576040801,0.00440889717325171,0.00468693125689602,0.00498302890361157,0.00529700270434108,0.00563124106279101,0.00598585795905205,0.00636313782083675,0.00676362924823093,0.00718951026961236,0.00764173393218788,0.00812246046914796,0.00863300004443178,0.00917557038510463,0.00975183355961261,0.0103640940548593,0.0110143630817088,0.0117050604859416,0.0124385823609642,0.0132174744765173,0.0140445826478819,0.0149225477702055,0.0158547179374259,0.0168438202753233,0.0178937757041439,0.0190073801657038,0.0201891793705678,0.0214420168112226,0.022771134239508,0.0241793682428081,0.0256727222886993,0.0272539818205848,0.0289300020420331,0.0307034466098782,0.0325821023835026,0.0345683669386709,0.0366710161462953,0.0388921099000158,0.0412415004338581,0.0437206728862123,0.0463406035604899,0.0491019999335543,0.0520169726790332,0.0550852386752231,0.0583198918470909,0.0617195672573296,0.0652980453070394,0.0690530158489443,0.0729978465235952,0.0771298612377072,0.0814608275233143,0.0859879014555149,0.0907203035771479,0.0956547123298707,0.100797233360768,0.106143275078196,0.111695074229083,0.117445935832473,0.123393177201918,0.129527051042452,0.135838786008976,0.142314608857211,0.148938139516296,0.155690375807407,0.16254560204495,0.169478594180458,0.176452620273109,0.183435206300184,0.190376319258201,0.197235056835271,0.203946496635654,0.210461642960954,0.216699300508875,0.222602591819317,0.228073121036511,0.233048289176837,0.237412818346824,0.241103623812235,0.243991423100552,0.246017526328425,0.247044011474215,0.2470304654424,0.245837680361897,0.243451439013626,0.239742410592362,0.234745036889598,0.228356791148315,0.220673144739422,0.21162615726034,0.201393322166597,0.189959138667393,0.177574286005125,0.164300803039693,0.150438928454422,0.136123941064913,0.12168613396625,0.107307971499887,0.0933119736984234,0.079883008423621,0.0672910465093457,0.0556810199075805,0.0452241934302144,0.0359940354097656,0.0280391014652352,0.0213505888348604,0.0158548767179644,0.0114816708893824,0.00806954517640028,0.00552161008749756,0.00363980554123033,0.00233884128784285,0.00142971850188725,0.000860065255763028,0.000478197020800161,0.000269588325358732,0.000132499710634451,7.14976559192377e-05,2.91322748121733e-05,1.58900361419972e-05,5.19326326876998e-06,2.5053187365423e-06,1.36115396400172e-06,-4.23394964663808e-07,1.10542711114195e-06,-9.58574230278232e-07,1.00812256036412e-06,-8.80334575682361e-07,6.12952768987056e-07,-8.11977362228103e-07,0
3739937.3024788,0,2.94974028032325e-05,4.07417917063814e-06,3.29980311219838e-05,9.6742097730111e-06,3.93027071560399e-05,1.39718370629623e-05,4.62791389391927e-05,2.41489226559596e-05,4.91142645256983e-05,3.93848538340403e-05,5.35552075391281e-05,5.42539292910873e-05,6.30121474148259e-05,6.86682518563064e-05,7.65916429193015e-05,8.44975575894145e-05,9.33639102985985e-05,0.000102898109591578,0.000113246006880498,0.00012444545464332,0.000136520844750479,0.000149564299920791,0.000163576050829909,0.000178673261956212,0.000194837716342472,0.000212207588491911,0.000230753407622605,0.000250645661243993,0.000271813700941778,0.000294479203714431,0.000318544880273129,0.000344251078769327,0.00037152910179392,0.000400599500892913,0.000431414081755522,0.0004641816928307,0.000498903383118368,0.000535791350340414,0.000574859391880117,0.000616319202660851,0.000660231686262992,0.00070680365087499,0.00075613308718303,0.00080843198659519,0.00086384790995191,0.000922584300176625,0.000984861445179247,0.00105087076487725,0.00112089618055894,0.00119511438690215,0.00127389498132388,0.00135740330528331,0.00144609988086746,0.00154012050979907,0.00164003647252542,0.00174596154546876,0.00185857110441821,0.00197796088671217,0.00210493542957736,0.00223955257423778,0.00238277187395638,0.00253461966057097,0.00269620457309036,0.00286752748593962,0.00304986533781831,0.00324318743148483,0.0034489914752991,0.00366718846576021,0.0038994731228954,0.00414577141046333,0.00440802827741603,0.00468603945877998,0.00498211156140898,0.00529603672353388,0.00563021519548317,0.00598474979562921,0.00636193247563942,0.00676230616539642,0.00718804992544236,0.00764011587629585,0.00812066561885579,0.00863100709350476,0.00917335486836636,0.00974936623305497,0.0103613440489495,0.0110112996797121,0.0117016535692455,0.0124348010239257,0.0132132834473111,0.0140399417899767,0.0149174108248079,0.015849040123293,0.0168375538227033,0.0178868717280186,0.0189997799324513,0.0201808205506743,0.0214328272460559,0.0227610385265913,0.0241682910129969,0.0256605918629012,0.0272407139710676,0.0289155018524387,0.0306875914520525,0.0325647628805882,0.034549404672487,0.0366502901469067,0.0388694602421814,0.0412167568428429,0.0436936594879966,0.0463111435895462,0.0490699166534264,0.0519821048233902,0.0550474166837816,0.0582789704258801,0.0616753786748864,0.0652504472929846,0.0690018264310203,0.0729428888403212,0.077070916049403,0.0813976569554337,0.0859202283728429,0.0906478180578297,0.0955770537847863,0.100714002314451,0.10605401634649,0.111599346709434,0.11734324800164,0.12328306770001,0.129408995507101,0.135712302190791,0.1421791307495,0.148793111931072,0.155535166565515,0.162379640223099,0.169301238179211,0.176263282064967,0.183233254759559,0.190161172047425,0.197006224106913,0.203703490700046,0.210204114869493,0.216426908400077,0.222315115513895,0.227770384609412,0.232730204710677,0.237079411101264,0.240754933297504,0.243627559684712,0.245638803329829,0.246650746948884,0.246623351290765,0.245417269543567,0.243018961657091,0.239298792813051,0.234292157624627,0.227896038356617,0.220207055418937,0.211156778999709,0.2009240407948,0.189492654849511,0.177114684111205,0.163851179643127,0.150003469695458,0.135705839752014,0.121289165290014,0.106935277827499,0.0929664630013882,0.0795669425074653,0.0670058599274828,0.055428034703496,0.045003121610398,0.0358047534584196,0.0278796526016958,0.0212196152679431,0.0157491699403183,0.0113988137667214,0.00800571908004185,0.00547420582458778,0.00360513509734932,0.00231456718179083,0.00141292497666028,0.000849083132038519,0.000471052180010867,0.000265293803840488,0.000129882989501905,7.0050648889601e-05,2.8313690607333e-05,1.54765466940991e-05,4.9842924511556e-06,2.39991687846487e-06,1.31776577572504e-06,-4.47817522120826e-07,1.09931381517735e-06,-9.68785200676818e-07,1.00794458552968e-06,-8.90548276917427e-07,6.11321496320924e-07,-8.21213338476901e-07,0
3827494.47851632,0,2.83514881451311e-05,3.94327309871469e-06,3.1729264681912e-05,9.36295865437501e-06,3.7810637226392e-05,1.35516969765158e-05,4.45629025885988e-05,2.33985079663392e-05,4.73803482855336e-05,3.81265858943235e-05,5.17821255965277e-05,5.25479528377879e-05,6.10475123687659e-05,6.6595413057219e-05,7.43339414671013e-05,8.20790992765694e-05,9.07692444430861e-05,0.000100127569464969,0.000110296536701968,0.000121315921175376,0.000133212387286718,0.000146078138869791,0.000159916838895156,0.000174845187104388,0.000190849162432299,0.000208066130597698,0.000226471259310878,0.000246233429852236,0.000267287581603624,0.000289852627081685,0.000313837061375808,0.000339478426015328,0.000366712508521307,0.00039575775674316,0.000426568729377204,0.000459352650691886,0.000494111692557914,0.000531056758373904,0.000570201609785486,0.000611756802121561,0.00065578175323309,0.000702482100031446,0.000751953250852955,0.000804406093738462,0.000859984788812831,0.000918892201240362,0.000981345147615293,0.00104753442162487,0.00111773998828003,0.00119213781823738,0.00127109467773307,0.001354775651233,0.00144363919456646,0.00153782005905349,0.0016378889036937,0.00174395779906574,0.00185670317604017,0.0019762183152088,0.00210331059754955,0.00223803411389541,0.00238135391027625,0.0025332907320984,0.00269495935255212,0.00286635323402506,0.00304875733912354,0.00324213336208737,0.00344798913881415,0.00366622277283312,0.00389853980767501,0.00414485676299587,0.00440712809888189,0.00468513308036063,0.00498119617949739,0.00529509046843414,0.00562923126530215,0.00598370785989862,0.00636082012645252,0.00676110395298743,0.00718673965007023,0.00763867642060182,0.00811907557198922,0.00862924281316305,0.0091713922287338,0.00974717880275199,0.0103589023581995,0.0110085735187739,0.0116986106958958,0.0124314078735545,0.0132095026652327,0.0140357340242418,0.0149127326843227,0.0158438449491704,0.0168317898606529,0.0178804851521799,0.018992713265756,0.020173014284585,0.0214242178850441,0.0227515583868382,0.0241578686222174,0.0256491514353732,0.0272281758460463,0.0289017820821507,0.030672597027398,0.0325483963804127,0.0345315614159756,0.0366308604947173,0.0388483206862121,0.0411937726691092,0.0436686866434715,0.0462840122547849,0.049040454102969,0.0519501015887554,0.0550126693114465,0.0582412455053885,0.0616344364773726,0.0652060429414658,0.0689536958114231,0.0728907841362697,0.0770145756358832,0.0813368123458387,0.0858546145586983,0.0905771225750305,0.0955010039719632,0.100632228810292,0.10596622666329,0.111505090283855,0.117242192079725,0.123174730936627,0.12929302850719,0.135588182314557,0.142046434024256,0.14865130327229,0.155383789419905,0.162218207122534,0.169129247670253,0.176080306662291,0.18303868133257,0.189954592060639,0.196786907324603,0.203471053603512,0.20995772917242,0.216166234301052,0.222039279812366,0.227479140136471,0.232422806951641,0.236755865565677,0.240414804370236,0.243271220715999,0.245266284250152,0.246262910621973,0.246220799356674,0.245001418523915,0.242590931782441,0.238860615063189,0.233845467155307,0.227443531954397,0.219750663047155,0.21069980710322,0.200468725901415,0.189042731366746,0.17667259065353,0.16342083309846,0.149587534496422,0.135308345396321,0.120912658081877,0.106583061896657,0.0926405980820398,0.0792697391962488,0.0667384695075074,0.0551911202772564,0.0447967282036371,0.0356279357109931,0.0277312228130999,0.0210971920500305,0.0156507069119457,0.0113210354891859,0.00794610020448398,0.00542935241288486,0.00357266791085268,0.00229144494876011,0.00139721882854112,0.000838568742477384,0.000464435140284323,0.00026110834600898,0.000127463976562151,6.86067569648115e-05,2.75571155673322e-05,1.50338303580725e-05,4.79141065064296e-06,2.27400761016896e-06,1.27963481324144e-06,-4.82131750936767e-07,1.09495177973824e-06,-9.81601326599476e-07,1.00757070804355e-06,-9.00375261550832e-07,6.09420956486009e-07,-8.29081159326676e-07,0
3917101.49080926,0,2.72332077289318e-05,3.81444056545475e-06,3.04900606085382e-05,9.05122367790748e-06,3.63549939850402e-05,1.31318255434106e-05,4.28778192199466e-05,2.26575046932842e-05,4.56693801581715e-05,3.68821558701331e-05,5.00267073284437e-05,5.08549968975954e-05,5.90951378818188e-05,6.45309438888243e-05,7.2081107246582e-05,7.96605677293272e-05,8.81687502038191e-05,9.73442487056063e-05,0.000107326160372347,0.0001181560996821,0.000129862841207309,0.000142538627072637,0.000156190523575359,0.000170934827077306,0.000186761689192283,0.000203807746461479,0.000222052906227663,0.000241664674036057,0.000262583710986255,0.000285026356749674,0.000308907331438107,0.00033446163254683,0.000361629986981297,0.000390628895378788,0.000421416260194604,0.000454197890292997,0.000488977747320525,0.000525965659626473,0.000565175858490371,0.000606817470424228,0.00065094887156493,0.000697774695178028,0.000747388225379245,0.000799998955796064,0.000855747791394585,0.00091483670284057,0.000977478962858348,0.00104386466433894,0.00111426957882577,0.00118886858922842,0.00126802492019459,0.00135190330380952,0.00144095965503369,0.00153532782272284,0.0016355772535404,0.00174181855680786,0.00185472848749361,0.00197439799495494,0.00210163682402551,0.0022364950303559,0.00237994252448664,0.00253199502292398,0.00269377366737992,0.0028652644466306,0.00304776023746857,0.00324121436084274,0.00344714505068062,0.00366543760289406,0.00389780858195603,0.00414416475796027,0.00440647116138329,0.00468448963863655,0.00498056291713973,0.00529444287271656,0.00562855962875474,0.00598298762599305,0.00636003412277473,0.00676022794343721,0.00718575016171029,0.00763754792470167,0.00811778231941726,0.00862775654510099,0.00916968413408071,0.00974521912087668,0.0103566599309191,0.0110060184853613,0.0116957096789822,0.0124281272760001,0.0132058068599345,0.0140315849061316,0.0149080857387425,0.0158386570384919,0.0168260096479283,0.0178740648425188,0.0189855941363254,0.0201651383572875,0.0214155157042857,0.0227419536349824,0.0241472781754294,0.0256374884572078,0.027215348657605,0.0288876920255807,0.0306571520504923,0.0325314960030726,0.0345131036728162,0.0366107223296164,0.0388263911934515,0.0411699141407471,0.0436427664844426,0.0462558806568872,0.0490099479187288,0.0519170565458204,0.0549768858013575,0.058202541795997,0.0615925803347072,0.065160826689127,0.0689048635001352,0.0728380977926806,0.0769577482269531,0.0812755606329092,0.085788638131691,0.0905060973935844,0.0954245903203777,0.100550060831122,0.105877930930122,0.1114102804255,0.117140460771088,0.123065683821096,0.12917617686372,0.135463135681312,0.141912620356255,0.148508281957196,0.15523089272923,0.162054913528681,0.168954862541681,0.175894209749011,0.182840175423453,0.189743067902352,0.196561798183965,0.203231874113461,0.209704013102385,0.215897749895689,0.221755721640666,0.227180580535837,0.232108988790131,0.23642717261811,0.240071022117903,0.242913077971346,0.244893458414582,0.245876497393096,0.245820459565818,0.244588817730141,0.242165946564272,0.238425541729177,0.233400626646507,0.226991819111429,0.219293097107634,0.210240026272462,0.200008692773586,0.188586358889068,0.17622277771031,0.162981416953486,0.149161898218687,0.134899880894331,0.120525016803459,0.106218954665502,0.0923032270541867,0.0789606911064856,0.0664599855610255,0.0549434597662535,0.0445807657454314,0.0354423989881741,0.0275754771767455,0.0209687074990771,0.0155474951734298,0.0112397246691177,0.00788397396996483,0.00538287710427521,0.00353914773471331,0.00226784357107009,0.0013813853128038,0.000828247004881636,0.000458106389141752,0.000257295505428793,0.000125390773465636,6.74680619053115e-05,2.70374372006735e-05,1.4765614440637e-05,4.71845333277364e-06,2.21911858619344e-06,1.28893815729473e-06,-4.95144409355579e-07,1.10484597771174e-06,-9.89116039348995e-07,1.00998664350666e-06,-9.08372825825917e-07,6.07702465660683e-07,-8.35420292069546e-07,0
4008806.32889846,0,2.61573833535042e-05,3.68790749249481e-06,2.92962010302154e-05,8.74789995523093e-06,3.49507150528137e-05,1.27176034725369e-05,4.12535320544737e-05,2.19262735537259e-05,4.40145338616278e-05,3.5661557206252e-05,4.83176856035333e-05,4.91958780777955e-05,5.71830005714533e-05,6.25024272000015e-05,6.98638227602859e-05,7.72742903947846e-05,8.55970246231335e-05,9.4584839075834e-05,0.000104373708134793,0.000115006877410126,0.000126515173805255,0.000138990826360508,0.000152444166221905,0.000166991085138673,0.000182625854007854,0.000199484405023935,0.000217551305637805,0.000236992673647956,0.000257754888363745,0.000280051900797015,0.000303804703766575,0.000329245846245979,0.000356321197771627,0.000385245527156592,0.000415980367081133,0.000448730275815883,0.000483501269648114,0.000520502358082809,0.000559748813487258,0.000601448701065823,0.000645659779710294,0.000692585783742734,0.0007423181727558,0.0007950653955644,0.000850965373181901,0.000910219298170265,0.000973037059159079,0.00103960814632607,0.00111020408183418,0.00118499867906337,0.00126435140931658,0.00134842628169856,0.00143767603641345,0.00153223337496117,0.00163266609260655,0.00173908301156642,0.00185216050073318,0.00197198689780016,0.00209937386079216,0.00223436788352472,0.00237794351008064,0.00253011109361106,0.00269199767927489,0.0028635819034922,0.00304616475314097,0.00323969128712363,0.0034456899204762,0.0036640322985477,0.00389644708368433,0.00414283137511206,0.00440516198378098,0.00468318303717968,0.00497925731247858,0.00529311695981361,0.00562720812723665,0.00598159074004088,0.00635858113507211,0.00675870185763315,0.00718413654411131,0.00763582851992993,0.00811593873823953,0.00862576650869611,0.00916752470252807,0.00974286298887368,0.0103540774212611,0.0110031759735891,0.01169257224298,0.0124246567327406,0.0132019603045421,0.0140273193556763,0.0149033543745847,0.0158334129244152,0.0168202005633403,0.0178676362725021,0.018978483530917,0.0201572800333872,0.0214068340643773,0.0227323785010206,0.0241367259472715,0.0256258762503026,0.0272025848720403,0.0288736863058122,0.0306417967372916,0.0325146864241118,0.034494725568443,0.0365906715367527,0.0388045443952716,0.0411461543168327,0.043616972907293,0.0462279244953238,0.0489796989071793,0.051884367814527,0.0549415949044332,0.0581644766048198,0.0615515324193646,0.0651165813789048,0.0688571536944928,0.0727866652405824,0.0769022810730017,0.0812157404759796,0.085724097973317,0.0904364743645451,0.0953494983932904,0.100469116463197,0.105790723126113,0.11131639918546,0.117039426640515,0.122957013769142,0.129059343569339,0.135337604596736,0.141777891309245,0.148363851585693,0.155076313686735,0.16188971382693,0.168778619766083,0.175706558014661,0.182640792677643,0.189531652184748,0.196337912171376,0.202995175336714,0.209453998774375,0.215634054261767,0.221477649755737,0.226887814835116,0.231800747773131,0.236103390612304,0.239730987128209,0.242557179852838,0.244521239884777,0.24548882768772,0.245417427114184,0.244171833876002,0.241735729960475,0.237983938784011,0.232949233506702,0.22653297010374,0.218829192454328,0.209773711592322,0.199543075417,0.18812422618781,0.175767949247913,0.162536904726207,0.148731926382717,0.13448725077289,0.120133853633685,0.105851710208774,0.0919634919060993,0.0786499503328414,0.0661806199606034,0.0546957162503952,0.0443654117733164,0.0352582995948032,0.027421588302868,0.0208424771379501,0.0154465555180259,0.0111608522083113,0.00782404897088547,0.0053385407253967,0.00350728865032684,0.00224573474821989,0.0013664286934411,0.000818546084224267,0.00045200950002154,0.000253688185504597,0.000123263539649521,6.63303776267787e-05,2.64363487494655e-05,1.44568514905649e-05,4.58253681242318e-06,2.15220844189905e-06,1.26264460242659e-06,-5.09171017142483e-07,1.10294311870197e-06,-9.9676798246989e-07,1.00959013643361e-06,-9.15569235431028e-07,6.05192410055899e-07,-8.40060705561384e-07,0
4102658.10582719,0,2.51129395013475e-05,3.56328555297353e-06,2.81364919864673e-05,8.44811056191344e-06,3.35862256792162e-05,1.23068452568946e-05,3.96694165564807e-05,2.12077399502505e-05,4.23915759827603e-05,3.44635886378263e-05,4.66352325085978e-05,4.75619981086053e-05,5.5295246501603e-05,6.049712242009e-05,6.76675622166209e-05,7.49063088642017e-05,8.30399057187184e-05,9.18354252716965e-05,0.000101425570664469,0.000111855170432048,0.000123156988193563,0.000135423229260202,0.00014866737826201,0.000163004901731238,0.00017843410019241,0.000195090282519357,0.0002129626974928,0.000232216306864033,0.000252803361641134,0.000274935571605115,0.00029854035832811,0.000323847988711804,0.000350809783706583,0.000379639039509758,0.000410301369648181,0.000443000296747048,0.000477744505455326,0.000514742257899423,0.000554010155128943,0.000595755400609386,0.000640035749144037,0.000687054212151051,0.000736900919121517,0.00078978317252051,0.000845836335768164,0.000905261005159001,0.000968263841621439,0.00103503339869282,0.00110583676029341,0.00118084656895087,0.00126041820421246,0.00134471474823032,0.00143418543954782,0.00152896190563076,0.00162960936255551,0.00173623494153098,0.00184951412769854,0.00196953246964525,0.00209710260802612,0.00223226757870863,0.00237600605242677,0.00252832309554641,0.00269035152106046,0.00286206240829652,0.00304476467798993,0.00323839548931475,0.00344449379009964,0.00366291756961339,0.00389540773565724,0.00414185180828971,0.00440423889216148,0.00468229426218602,0.00497840166634865,0.00529227150880082,0.00562636637255347,0.00598073179809846,0.00635769330695167,0.00675776589870971,0.00718313513705948,0.00763474028233657,0.00811474350673352,0.00862444031284987,0.00916604356885529,0.0097412009008327,0.0103522058282412,0.011001064336093,0.0116901857717439,0.0124219584664028,0.013198908976774,0.0140238746211322,0.0148994718879174,0.0158290490642816,0.0168153048466409,0.0178621593393985,0.0189723689977601,0.020150474413519,0.0213992753527384,0.022724005907758,0.0241274675187072,0.0256156580820033,0.0271913226886445,0.0288612914817584,0.0306281712077721,0.0324997236664569,0.0344783080048005,0.0365726697521938,0.038784829033416,0.0411245760987387,0.0435933845540647,0.0462021580953986,0.0489515898645282,0.0518537406922786,0.0549082646535967,0.0581282611769393,0.0615122157810311,0.0650739797872221,0.0688110212515182,0.0727367943193701,0.0768483969210596,0.0811576258707058,0.0856614624759569,0.0903690701774616,0.0952770108093173,0.100391241531936,0.105707112222466,0.111226699390712,0.116943267249443,0.122854006908705,0.128949081676973,0.135219667744939,0.141651827308771,0.14822918412714,0.154932519585333,0.161736278168387,0.168614956135164,0.175532088958316,0.18245482360344,0.189333585011439,0.196127073751029,0.202771006856599,0.20921582398193,0.215381369979483,0.22120994973181,0.22660473331349,0.231501952852996,0.235788760055672,0.239400467690596,0.242210956188467,0.244159588614996,0.245112408776592,0.245026834911085,0.243768270596608,0.241320259938039,0.237558435252709,0.232515194597356,0.226092873826575,0.218384998595287,0.209328552595754,0.199099379895539,0.187685480449044,0.175337016229052,0.162117394455772,0.148326933399353,0.134100303453751,0.119767813262589,0.105509428798377,0.0916471506560589,0.0783614186379443,0.0659210011948244,0.0544656441395385,0.044164778272448,0.0350863190333651,0.0272769023125991,0.0207232909864824,0.015350529891595,0.0110852798941998,0.00776601398318187,0.00529527168372442,0.00347594806032349,0.00222377363187766,0.00135152938702282,0.000808859297847709,0.000445907020634746,0.000250032766473354,0.000121173265011781,6.51851868685626e-05,2.58359829415367e-05,1.41627443347014e-05,4.45510739731214e-06,2.08044122713931e-06,1.24687517722108e-06,-5.25259340576906e-07,1.10172794694392e-06,-1.00222419806925e-06,1.00753293874921e-06,-9.20618934302873e-07,6.0204776665157e-07,-8.42941122807537e-07,0
4198707.08444391,0,2.41087893309195e-05,3.44145287577584e-06,2.70203628316554e-05,8.15590616611728e-06,3.22713703152909e-05,1.19034428880479e-05,3.81417432726301e-05,2.05019668006639e-05,4.08218434401121e-05,3.32907513219094e-05,4.49986346888399e-05,4.59626358672898e-05,5.34483376292553e-05,5.85288722801444e-05,6.55081854309702e-05,7.25722413803698e-05,8.05133275098147e-05,8.9111716998528e-05,9.8496968453602e-05,0.000108715288743439,0.000119801129579051,0.000131846517080316,0.000144867878042841,0.000158980148026973,0.000174185403793086,0.000190618207360871,0.00020827227529561,0.000227311323725782,0.000247693267201854,0.000269627521159488,0.000293047895804655,0.000318182573080877,0.000344988439409194,0.00037367740035423,0.000404219417643744,0.000436817278982899,0.000471482711616709,0.00050842364979676,0.000547658724156344,0.000589394658725126,0.000633689665066179,0.000680746253648033,0.000730653650282859,0.000783618421428937,0.000839773795286752,0.000899319697572716,0.000962459589676959,0.00102938131099732,0.00110034777911373,0.00117553061222696,0.00125528121189862,0.00133976222458933,0.0014294191148188,0.00152438192829539,0.00162521281166433,0.00173201666665563,0.00184546731379417,0.00196564802164193,0.00209337183367271,0.00222867795925841,0.00237254783754012,0.00252498186816211,0.0026871174552807,0.00285891894272249,0.00304170260913304,0.00323539789189056,0.00344155496083227,0.00366001834762104,0.00389254298884656,0.00413900303650614,0.0044014012917244,0.00467944233506275,0.00497553076878773,0.00528935530565456,0.00562339468348995,0.00597767744889777,0.00635453780686546,0.00675448196122507,0.00717969719943277,0.00763112183151104,0.00811091625997238,0.00862037867117684,0.00916172266262143,0.00973660164050166,0.0103473081032371,0.0109958563372732,0.011684660274485,0.0124161155596454,0.0131927428938722,0.0140173881617458,0.0148926626282548,0.0158219061776007,0.0168078040444605,0.0178542929537001,0.0189640940087448,0.0201417566502873,0.0213900555471401,0.022714224906755,0.0241170402223896,0.0256044843127169,0.0271792996885697,0.0288483122714088,0.0306141260966979,0.0324844639550804,0.0344617253533921,0.03655461166963,0.0387651586721479,0.0411031380601853,0.0435700325380731,0.0461767461793029,0.0489239364654134,0.0518236808359943,0.054875592894672,0.0580927997123424,0.0614737524330741,0.065032303086745,0.0687658822702578,0.0726879469005241,0.07679553159528,0.0811004541656803,0.0855996802765694,0.0903022458686367,0.0952048357945872,0.100313261645137,0.105622957983677,0.111135879684145,0.116845434989841,0.122748664664799,0.128835934087954,0.135098240985996,0.141521767561383,0.148090117177652,0.154784020293646,0.161577955774439,0.168446462467647,0.175352784735492,0.182264470364134,0.189131364831153,0.195912828421431,0.202543970024356,0.208975718687578,0.215127741297512,0.220942330434264,0.226323067324346,0.231205743408397,0.235478187296222,0.239075280070537,0.241871426984075,0.243805842426508,0.244744946139347,0.244646129573902,0.243375198486349,0.240915705938762,0.237143792716255,0.232091780454793,0.225662579494504,0.217949745194989,0.208890805107526,0.198661757218682,0.187250844857831,0.174908665405712,0.161698207525826,0.147920629714627,0.133709687011924,0.119396656284314,0.105160038914468,0.0913230414814064,0.078063947887782,0.0656527947864122,0.0542268280293195,0.0439564822883167,0.0349074595195582,0.0271267603835104,0.0205998137489214,0.0152513060955908,0.0110077011036766,0.00770654055874068,0.00525146197660293,0.00344407784166145,0.00220188825188495,0.00133641828681335,0.000799311792750221,0.000439695867479883,0.00024650952964597,0.000118975787930513,6.41020425939833e-05,2.51888390562242e-05,1.38827332891813e-05,4.30083098441098e-06,2.02439976289395e-06,1.21278556820374e-06,-5.34056747528758e-07,1.09584947890973e-06,-1.0069042385612e-06,1.00459845474622e-06,-9.25021070542747e-07,5.98248313967129e-07,-8.4445216630608e-07,0
4297004.70432084,0,2.31381926238485e-05,3.32165700957568e-06,2.59415758108315e-05,7.87029625632684e-06,3.09972826428908e-05,1.15075275771417e-05,3.66622023924162e-05,1.98066977200225e-05,3.92992068571098e-05,3.21399787210832e-05,4.34032281281719e-05,4.4395429219547e-05,5.16398915529435e-05,5.65972778383276e-05,6.33867669752903e-05,7.02755650428832e-05,7.80236268480441e-05,8.64236259814812e-05,9.56021903405737e-05,0.000105606775198792,0.000116473534112719,0.000128294330345655,0.000141088527791004,0.000154970644679787,0.000169946614295576,0.00018615041574272,0.000203580347762405,0.000222399043476204,0.000242570232783911,0.000264301406184695,0.000287533041351746,0.000312491499178149,0.000339139581586915,0.00036768815057309,0.000398111931140575,0.000430613290079516,0.000465207385535395,0.000502102217779029,0.000541319168741561,0.000583064861227879,0.000627398406914357,0.000674522053342222,0.000724524656647527,0.000777612628273592,0.00083391733472877,0.000893638077568021,0.000956975704856992,0.0010241179228912,0.00109532347630091,0.00117076299727119,0.0012507837020002,0.00133554700238888,0.00142549392631989,0.00152075318648711,0.0016218833061573,0.00172898723777661,0.00184273651198789,0.00196321092928936,0.00209122322078967,0.0022268089592696,0.00237095283196473,0.00252364902437248,0.00268603930149397,0.00285807883858563,0.00304109209513905,0.00323499928389761,0.00344136087235676,0.00366000680037114,0.00389270406624509,0.0041393168571598,0.00440186069545967,0.00468002017473485,0.00497622508047768,0.00529014067402263,0.00562426601232563,0.00597861358077454,0.00635552949062655,0.00675551133441164,0.00718075254023999,0.00763218347922518,0.00811196731184691,0.00862139247092002,0.00916267303040076,0.00973745010918122,0.0103480143514045,0.0109963702469497,0.0116849219064722,0.0124160552815882,0.013192289764776,0.0140164616519283,0.014891174628383,0.0158197768315754,0.0168049512920244,0.0178506208741678,0.0189595260983555,0.0201362097624705,0.0213834537684836,0.022706494855051,0.0241081144947642,0.0255943121653408,0.0271678137803501,0.0288354469132106,0.0305997981030095,0.0324686239766333,0.0344442625392025,0.0365354500087315,0.0387441856322469,0.0410802425740396,0.0435450783584443,0.0461495726214236,0.0488944021454791,0.0517916027141725,0.0548407892090535,0.0580550716004964,0.0614328542207786,0.0649880393299807,0.0687179810193291,0.0726361965182313,0.0767396653071979,0.0810402359535372,0.0855348129358997,0.0902325550463803,0.0951299825304942,0.100233023250365,0.105536985973811,0.11104393472566,0.116747090306256,0.122643605224919,0.128723600568729,0.134978218103101,0.141393491991363,0.147952983272886,0.154637473988872,0.161421337612737,0.168279085685197,0.175174223454126,0.182073891714621,0.18892855765663,0.195696848642143,0.202314681054801,0.208732355656832,0.21487008572783,0.220669897788446,0.226035516635234,0.230902816903227,0.235159715514334,0.238741152724375,0.241521934478848,0.243441010733447,0.244365442811381,0.244252408598366,0.242968324513274,0.240496663225658,0.236713996188464,0.231652916423485,0.225216448423194,0.217498577575774,0.208436989813791,0.198208139239839,0.186800275032399,0.174464448138193,0.161263805349713,0.147499649362681,0.133305931076932,0.119013543011538,0.104801155249696,0.0909908003519647,0.0777611305179642,0.065380315478175,0.0539860825439602,0.043746954875708,0.0347288398968009,0.0269771929401121,0.0204771492288232,0.015152995915226,0.0109305471175022,0.00764791081023289,0.00520756315343831,0.00341267306401733,0.00217955143387988,0.00132160474542622,0.000789377878295441,0.000433738544290017,0.000242711883847805,0.000116972770258939,6.28617121663392e-05,2.46580786470179e-05,1.35321039003537e-05,4.20816844496954e-06,1.92582891644658e-06,1.21460137422856e-06,-5.63118449474256e-07,1.10219328864119e-06,-1.01689040874189e-06,1.00448339303718e-06,-9.30382916757666e-07,5.95345523668183e-07,-8.45789884408261e-07,0
4397603.60930272,0,2.22011658052375e-05,3.20463835102766e-06,2.4898991415514e-05,7.5902062327933e-06,2.97661912429188e-05,1.11174869455035e-05,3.52279208348919e-05,1.91267558279869e-05,3.78160054721701e-05,3.10156272016397e-05,4.18432181846982e-05,4.28601103082584e-05,4.9865553395671e-05,5.46985867070128e-05,6.12978292058903e-05,6.80096377608831e-05,7.55623862236273e-05,8.37606521191769e-05,9.27280851970567e-05,0.00010251321538236,0.00011315370448952,0.000124741136658408,0.000137297565632326,0.00015093689252339,0.000165668626405542,0.000181626054670875,0.000198811793409351,0.000217387374004767,0.00023732223732636,0.000258821899861862,0.000281833433229225,0.000306581376791445,0.000333034399467179,0.000361402485076024,0.00039166537309717,0.000424025105714352,0.000458500622001297,0.000495300013342385,0.000534447478380619,0.000576149581099738,0.000620467033247107,0.000667602442459294,0.000717644894933716,0.000770800385447432,0.00082719925524468,0.000887041048988257,0.00095052421781416,0.0010178359990365,0.00108923147082401,0.00116488049284035,0.00124512571643807,0.0013301276721395,0.00142032283388135,0.00151583862665613,0.00161722975777057,0.00172459742260394,0.00183860985087303,0.00195934371391611,0.00208761029123876,0.00222344099509438,0.00236782225066609,0.00252074327687124,0.00268334982178755,0.00285558937176652,0.00303879290920736,0.00323287176356604,0.00343939711578339,0.00365818464038235,0.00389101395808318,0.00413773734206483,0.00440038452218574,0.00467861952597442,0.00497489611927802,0.00528885467027002,0.00562301391457853,0.00597736951540443,0.00635427924463151,0.00675423138609236,0.00717942271711954,0.00763077788436047,0.00811046321512728,0.00861976311619017,0.00916089277075416,0.00973548999930083,0.0103458433974545,0.010993956264605,0.0116822307631867,0.0124130531890819,0.0131889379623115,0.014012721817744,0.0148870004789432,0.0158151242033431,0.0167997675305274,0.0178448557285667,0.0189531177987687,0.0201290996361974,0.0213755736377599,0.022697781122965,0.0240984882372517,0.0255836979923683,0.027156125515658,0.0288226014995237,0.0305856973629446,0.0324531794363959,0.0344273662575605,0.0365170017316551,0.0387240662340053,0.0410583276172157,0.0435212309025646,0.0461236416778209,0.0488662194823882,0.0517609850936741,0.0548075310706205,0.0580189654961031,0.0613936549298552,0.0649454961181704,0.0686718052977422,0.0725861013873445,0.0766853552997258,0.0809813960867152,0.0854711295138829,0.0901636964526692,0.0950556348494256,0.100152854901168,0.105450694916459,0.110951125725943,0.116647397917098,0.12253662344834,0.128608927864451,0.134855398037626,0.141262014177291,0.147812387661609,0.1544872154459,0.161260933304007,0.168107923013635,0.174991792289333,0.181879548451635,0.188721787442097,0.195477052218336,0.202081362650681,0.20848498760375,0.21460821425113,0.220393141470946,0.225743542877648,0.23059542991685,0.234836802196883,0.238402719272283,0.241168141268964,0.24307209477237,0.243981975287092,0.243854801151186,0.242557657166548,0.24007365301473,0.236280322095117,0.231209690800313,0.224766089791015,0.217042706715005,0.207978850737408,0.197750004857916,0.186345983697557,0.174016842929319,0.160826898298434,0.147076575177681,0.132900716358628,0.118629233096505,0.10444102581543,0.0906572360676131,0.0774564918826188,0.0651059467545579,0.053742839942663,0.0435348223669286,0.0345471681947853,0.0268246169895158,0.0203517218075999,0.0150522163682219,0.0108514283520644,0.0075874241541015,0.00516268178163635,0.00338039652517522,0.00215703736925304,0.00130640879685686,0.000779511161063234,0.000427577126569185,0.000239017840367081,0.000114880163652043,6.17005574563724e-05,2.40661635735935e-05,1.32246966922447e-05,4.09093140261514e-06,1.84689732487275e-06,1.2027309080262e-06,-5.81688676169705e-07,1.10247743088559e-06,-1.02300859860227e-06,1.00223525750737e-06,-9.33779162300801e-07,5.91717538746982e-07,-8.45345893234623e-07,0
4500557.6757005,0,2.12976082141502e-05,3.09000865028499e-06,2.3893654211365e-05,7.31723388144588e-06,2.85761226349224e-05,1.07355691270907e-05,3.38421898113817e-05,1.84585561810595e-05,3.63801002186371e-05,2.99150100447591e-05,4.03247612613636e-05,4.13583154521316e-05,4.81303011918494e-05,5.28372889312048e-05,5.92470639262133e-05,6.5780780282333e-05,7.31368427549659e-05,8.11309823918751e-05,8.98839424620045e-05,9.94451393779562e-05,0.000109853665648662,0.000121200732742796,0.000133510871810148,0.000146897307847718,0.000161373052645313,0.000177070666428794,0.000193996927283232,0.000212312221312091,0.000231991604474522,0.000253238623982117,0.000276006863287176,0.000300519110377052,0.000326750050029525,0.000354908862966062,0.000384980505124041,0.000417166887197857,0.000451490930324695,0.000488161048230665,0.00052720501798782,0.000568829931669804,0.000613098494151562,0.000660213662435579,0.000710265280355775,0.00076345965589964,0.000819926333201422,0.000879864917353395,0.000943471982539662,0.0010109350324615,0.00108250566923008,0.00115835315458535,0.00123881603861408,0.00132405438290241,0.00141449985812218,0.00151027854085456,0.00161194046809931,0.00171958455503099,0.00183387541846263,0.00195488706633788,0.0020834288010318,0.00221952853268007,0.00236417353164648,0.00251734754677751,0.00268019893031249,0.00285266684384308,0.00303608812863433,0.00323036629031293,0.0034370819714967,0.0036560362074722,0.00388902218711752,0.00413587990915722,0.00439865245983352,0.00467698143977073,0.00497334566551387,0.00528736165296843,0.00562156868697606,0.00597594466608797,0.0063528590170667,0.00675278948441126,0.00717793885169882,0.00762922649559212,0.00810882100936313,0.00861800066144717,0.00915898317684851,0.0097334025477841,0.0103435472744654,0.0109914207552086,0.0116794196197321,0.0124099301504881,0.0131854616655795,0.0140088542070736,0.0148826971610849,0.0158103411215215,0.0167944509332764,0.0178389550604981,0.0189465721064561,0.0201218516167878,0.0213675529857397,0.0226889188098619,0.0240887012172882,0.0255729037597173,0.0271442268175028,0.0288095014130069,0.0305712826794315,0.0324373349645076,0.0344099591016918,0.0364978961451171,0.0387031082460208,0.0410353673348424,0.0434961033069941,0.0460961825694715,0.0488362575014714,0.0517283503031989,0.0547720473229469,0.0579804720697085,0.0613519724586556,0.0649004765062196,0.0686232623311175,0.0725338711049004,0.0766292251486177,0.0809211500312924,0.0854065401231231,0.0900944516439934,0.0949814316692313,0.100073289571531,0.105365345720988,0.110859552612429,0.116549095450429,0.122431129900323,0.128495670732596,0.134733898210148,0.141131703906113,0.147672752325569,0.15433766985975,0.161100971568079,0.167936999730619,0.174809379680965,0.181685138790487,0.188514818648896,0.195257096547343,0.2018478816105,0.208237495155992,0.214346295246555,0.220116242443492,0.225451550515136,0.230287682275208,0.234513589131761,0.238063368465404,0.240813333194053,0.242701298461954,0.243596353489653,0.243454181579038,0.242143600596161,0.239646474059189,0.235842039943666,0.230761434747566,0.224310302022455,0.216581430198025,0.207515014584672,0.197286562570927,0.185886235309252,0.173564552996262,0.160385514371413,0.146650120928066,0.132492300067829,0.1182425190366,0.104078698377548,0.0903223619094015,0.0771507355265764,0.0648311049267081,0.0534990893019303,0.0433226387024501,0.0343654108662252,0.0266724066944049,0.02022642027489,0.0149517164964929,0.0107724857311027,0.00752736196096253,0.00511796267480956,0.00334832025843611,0.00213461151586448,0.00129130546563499,0.000769637231845706,0.000421494716452507,0.00023537345086415,0.00011277951742917,6.05548154718578e-05,2.34987031032772e-05,1.29153484364827e-05,3.96790049669273e-06,1.78103792193721e-06,1.18222405956041e-06,-5.96953779930623e-07,1.10160879445652e-06,-1.02876652519946e-06,9.9894365245044e-07,-9.35824719270041e-07,5.87078188339772e-07,-8.43428991154218e-07,0
4605922.0411451,0,2.04267432469831e-05,2.97898572367467e-06,2.29228306143941e-05,7.05016228291596e-06,2.74295646032797e-05,1.03604011084517e-05,3.25007145240384e-05,1.78091428064196e-05,3.49837766694321e-05,2.88435351584056e-05,3.88450438456497e-05,3.98915650839351e-05,4.64343747815327e-05,5.10142231239213e-05,5.72357439527158e-05,6.35905887679784e-05,7.07490911745501e-05,7.85371361126876e-05,8.70727772786977e-05,9.64060839265264e-05,0.000106577363819422,0.000117677329414488,0.00012973284602438,0.000142856378033758,0.000157064108204845,0.000172487722502558,0.000189137949699188,0.000207173971641572,0.000226576197204132,0.000247546173010363,0.000270043808627824,0.000294290003566588,0.000320265344417655,0.000348178195663628,0.000378018788390477,0.000409989002124752,0.000444116082921965,0.000480608925232178,0.000519499076335696,0.000560994215834208,0.000605159614696332,0.000652199135791083,0.000702203979329212,0.000755380893504524,0.000811859380609004,0.000871839891374146,0.000935517733237968,0.00100308077680317,0.0010747774382304,0.00115077659142025,0.00123141280968013,0.00131684591053909,0.00140750315574726,0.00150350963270135,0.00160541081456048,0.00171330386228085,0.00182784917327633,0.00194911799745291,0.00207791698752893,0.00221426994576294,0.00235916438954253,0.00251257912911307,0.0026756639361029,0.00284834989766761,0.00303197934665819,0.00322644745682918,0.00343334333760003,0.00365245345955474,0.00388558388005548,0.00413256221696435,0.0043954464364954,0.00467385629971106,0.00497029523839167,0.00528435617079847,0.00561859577558966,0.00597297523110881,0.00634987708172838,0.00674976751869529,0.00717485788321002,0.00762606070136489,0.00810554658694499,0.008614592485969,0.00915541608935684,0.00972965130348882,0.0103395898748515,0.0109872292947758,0.0116749794188392,0.0124052181594997,0.0131804508047646,0.0140035346726012,0.0148770499863047,0.0158043526077877,0.0167880935865923,0.0178322186893586,0.0189394256691292,0.0201142675030327,0.0213594814085525,0.0226802991498607,0.0240794676087628,0.0255629939739051,0.0271335615209915,0.0287979682472408,0.0305587815652488,0.0324237520542862,0.0343951358850395,0.0364817208708187,0.0386854287185276,0.0410160425669942,0.0434749653609374,0.0460730513020929,0.0488109733452647,0.0517007255720775,0.0547418886968432,0.0579475678402486,0.0613160855282389,0.0648613740747994,0.0685806589600904,0.072487506492446,0.0765787765076223,0.0808663041172596,0.0853469560916596,0.0900297785949733,0.0949113356294551,0.0999973748670219,0.105283322926924,0.110771055540134,0.116453709927584,0.122328639239928,0.12838561219575,0.134615989052097,0.141005484954919,0.147537942652755,0.154193668839342,0.160947515116522,0.167773335079505,0.174635250031564,0.181499709948916,0.188317710817279,0.195047628970267,0.201625593648934,0.208001777456893,0.214096873015267,0.219852543545486,0.225173350941873,0.229994847849329,0.23420569401219,0.23774090618792,0.240475703415567,0.242349572800513,0.243230111396604,0.243074922930084,0.241751399739924,0.23924330469228,0.235428691290779,0.230340164018305,0.223882628943502,0.216149805443263,0.207081686415647,0.196854264232529,0.185457771407871,0.173142723172513,0.159973354589309,0.146250416050201,0.132108433597192,0.117877093586328,0.103734843083249,0.0900022073108583,0.0768567969093255,0.0645648122000638,0.053261880229849,0.0431149174977649,0.0341868989065812,0.0265221484260308,0.020102629899043,0.0148523341787887,0.0106944886289034,0.00746780517467808,0.00507371558691239,0.00331642066395413,0.0021123693382067,0.0012763168752816,0.00075992443601886,0.000415399027923738,0.000231718168879449,0.00011071242184191,5.94089409428132e-05,2.29149228814511e-05,1.2611519099809e-05,3.85633940591476e-06,1.7010857038694e-06,1.17310274460653e-06,-6.15633512799409e-07,1.10142855353366e-06,-1.03371183061713e-06,9.95658577683095e-07,-9.37690771918541e-07,5.83073257066049e-07,-8.41051724017619e-07,0
4713753.13411673,0,1.95883092239065e-05,2.86987184591162e-06,2.19884401386157e-05,6.79137945683217e-06,2.63216514090362e-05,9.99456566660843e-06,3.12078516264939e-05,1.71711501027981e-05,3.3636326209617e-05,2.77968455692689e-05,3.74089229022933e-05,3.84615885810699e-05,4.47813039714286e-05,4.92342027917856e-05,5.52695237698422e-05,6.14466164883188e-05,6.84084571789527e-05,7.59908294394467e-05,8.43090201562341e-05,9.34137141543484e-05,0.000103346330526103,0.000114196994565427,0.000125994744259447,0.000138851257867019,0.000152785841951169,0.000167929316925624,0.000184296303113417,0.000202044821087872,0.000221160585306779,0.000241843240005534,0.000264059135876878,0.000288027624983342,0.000313735297878738,0.000341389894196536,0.000370987158491695,0.000402729176478535,0.000436647909866611,0.000472953142787195,0.000511680626920573,0.000553038928602463,0.000597096440526967,0.000644058327759923,0.000694017600779676,0.000747181893468981,0.000803681319491106,0.000863717513008663,0.000927484942285332,0.000995172356537957,0.00106702557072652,0.00114321378727109,0.00122406812000272,0.0013097488183678,0.00140067886422941,0.0014969826237744,0.00159920023942054,0.00170742704846908,0.00182231845818939,0.00194394262367082,0.00207310290303419,0.00220982012810804,0.00235508035073531,0.00250885659228724,0.00267229898295918,0.00284533027467417,0.00302929704996926,0.00322408559112424,0.00343129395885012,0.00365069352442429,0.00388410167568869,0.00413133464783807,0.00439446384402994,0.00467308523336976,0.00496972685062856,0.00528395529057142,0.00561835553416282,0.00597286745289787,0.00634988739123592,0.00674986957569374,0.0071750308108528,0.0076262739469372,0.00810577534506438,0.00861480311112003,0.00915558029057687,0.00972973069496971,0.0103395404324514,0.010987009156702,0.0116745303849758,0.0124044868814836,0.0131793784399397,0.0140020451725789,0.0148750621827369,0.0158017837446459,0.016784858645609,0.0178282282902087,0.0189345998216502,0.0201085291356456,0.0213527459582795,0.0226724980191809,0.0240705065548086,0.0255527973853218,0.0271220389118357,0.0287850879905891,0.0305444581318623,0.0324079288179366,0.034377749823724,0.0364626734641789,0.0386646267709371,0.0409933846937791,0.0434503466456421,0.0460463716462779,0.0487820833267124,0.0516694925425476,0.0547081341161178,0.0579111301410439,0.0612767318966345,0.0648189282467753,0.0685348548592296,0.0724381354820198,0.076525544919022,0.080808969979352,0.0852851840161588,0.0899633051093081,0.0948397929520446,0.0999204781944464,0.105200637950214,0.110682201812414,0.116358342470543,0.122226161760186,0.128275678293397,0.134498050685058,0.140879090338144,0.147402465561943,0.154048679331787,0.160792277280905,0.167607400510382,0.1744577858545,0.1813101443103,0.18811532953168,0.194831604015394,0.20139538786214,0.20775663421138,0.213836294744808,0.219576116298414,0.22488086817637,0.229686066593412,0.233881100441292,0.23740011534785,0.240119814120251,0.241978164091066,0.242844810989223,0.242675526740521,0.24133989023861,0.238819603443202,0.234995098036184,0.229897149798555,0.223433010715557,0.215694785143684,0.206624599364941,0.196397245348074,0.185004504114267,0.1726961734687,0.15953724781268,0.145828354884732,0.131703956187403,0.11749393869313,0.10337586667333,0.0896706310038921,0.0765543717230419,0.0642934927794743,0.0530221360822768,0.0429068384773355,0.0340095995616849,0.0263739691873917,0.0199817732212904,0.0147557553556506,0.0106193939343111,0.00741065829293686,0.00503175476730207,0.00328638807699136,0.00209162670974381,0.00126243480435803,0.000751009917138749,0.000409903482349155,0.00022846286338402,0.000108918695361507,5.84157438632665e-05,2.24348457215525e-05,1.23501683701428e-05,3.77432639178203e-06,1.63238875108964e-06,1.16707139827194e-06,-6.30966799800097e-07,1.10110065845043e-06,-1.03833234925051e-06,9.92009796082302e-07,-9.3896447002584e-07,5.78632718842014e-07,-8.37734923176516e-07,0
4824108.70416537,0,1.87806988537306e-05,2.76407904247009e-06,2.10876485368246e-05,6.53913764341445e-06,2.52540375373012e-05,9.63716947577065e-06,2.99584146255101e-05,1.65512000518472e-05,3.2329482103976e-05,2.67797358079158e-05,3.60121840918488e-05,3.70689589322052e-05,4.31692887568123e-05,4.74959477103679e-05,5.3346548991218e-05,5.93465019116902e-05,6.6111841329918e-05,7.34880276765668e-05,8.15874392839589e-05,9.04612634938013e-05,0.000100151836538492,0.000110748625810268,0.000122282640896535,0.000134864648333306,0.000148516816563781,0.000163369012028655,0.000179439477321461,0.000196884954312543,0.000215696239460658,0.000236071048484869,0.000257981898420088,0.0002816464171488,0.000307057106545958,0.000334421092485981,0.000363739655940916,0.000395215083493946,0.000428884020192074,0.000464957067142202,0.00050347455546597,0.000544646214358756,0.00058854375499615,0.000635373710433555,0.000685231681680865,0.000738326842696595,0.000794790369869865,0.000854825217936414,0.000918625677534674,0.000986381979118089,0.00105833798766024,0.00113466367154823,0.00121568670055301,0.00130156728391377,0.00139272380953433,0.00148928058545944,0.00159177298064119,0.00170029526703483,0.00181549784240443,0.00193744632139939,0.00206693959125626,0.00220399493774898,0.00234959626845533,0.00250371139353796,0.00266749057057768,0.00284084961787237,0.00302513834709718,0.00322023382132734,0.00342774031470509,0.00364741452632803,0.00388108573063332,0.00412855732298293,0.00439191449289585,0.00467073158517081,0.00496756265142196,0.00528194678113777,0.00561648766804191,0.00597110387482431,0.00634820854502946,0.00674824380219935,0.00717343548957533,0.00762467868287615,0.0081041559785829,0.00861312723071876,0.00915381810074874,0.00972784697983125,0.0103375017223767,0.0109847799372184,0.011672071162201,0.012401756804697,0.0131763331204536,0.013998646086209,0.0148712653630959,0.0157975534112239,0.0167801465947395,0.0178229882468864,0.0189287591969437,0.0201020208078441,0.0213454950551724,0.0226644492282295,0.0240615929418967,0.0255429507859826,0.027111174207538,0.0287731050772403,0.0305312459816742,0.0323933787153504,0.0343617515687847,0.0364451212592966,0.0386453958150314,0.0409723418982435,0.0434273413172712,0.0460212534216813,0.0487546883534432,0.051639647185944,0.0546756539803351,0.057875850898082,0.0612384409189594,0.0647774446905355,0.0684899402704397,0.0723895789636329,0.0764730957757081,0.0807523951547449,0.0852242024102531,0.0898976191143024,0.0947690893219293,0.0998443684657769,0.105118726874177,0.110594020392054,0.116263403172382,0.122123899824337,0.128165544962004,0.134379392674212,0.140751321091156,0.14726497846953,0.153900929206899,0.160633769913163,0.1674377527694,0.174276686984197,0.181117397801389,0.187910792059947,0.1946152000319,0.201167019426542,0.207516132114797,0.213583433339308,0.219310554201285,0.224602191061445,0.229393735213351,0.233574635654607,0.237079060262886,0.23978392307606,0.241627151478243,0.242478808429162,0.242294603827347,0.240944841009558,0.238411157098123,0.234574837246893,0.229466509333909,0.222994214718871,0.215249771888679,0.20617628572183,0.195947974562067,0.184557638357288,0.17225467365112,0.159104835142806,0.145408266469264,0.131299873595862,0.117109195163258,0.103013819993998,0.0893342101260577,0.0762460464933966,0.0640152431126887,0.0527749829946812,0.0426914559279128,0.0338253753498534,0.0262198804379385,0.0198554063965524,0.0146547538245905,0.0105405297672066,0.00735087599951031,0.00498745819674378,0.00325464968992472,0.00206954078143255,0.00124758013622432,0.000741336423817979,0.000403928353337049,0.000224864512283826,0.00010686329967844,5.72787474155946e-05,2.18724182322575e-05,1.2040976193755e-05,3.65942189713658e-06,1.55861209649867e-06,1.15383865725862e-06,-6.49356211803989e-07,1.10089581752504e-06,-1.04265129963696e-06,9.87027243810478e-07,-9.38285452838272e-07,5.73265997440459e-07,-8.32920063109597e-07,0
4937047.852839,0,1.8002409562378e-05,2.66098738174393e-06,2.02191764989685e-05,6.29344955643398e-06,2.42236381742271e-05,9.28804147113568e-06,2.87511714476269e-05,1.59457640748034e-05,3.10639902444576e-05,2.57877586948664e-05,3.46547859758065e-05,3.57102201155219e-05,4.15969985472976e-05,4.57968590268758e-05,5.14649724073685e-05,5.72882130614086e-05,6.385763779767e-05,7.10274098341202e-05,7.89072175514489e-05,8.75485248544877e-05,9.69944763174949e-05,0.000107333764428326,0.000118599193582373,0.000130900518240673,0.000144262569296884,0.00015881414435962,0.000174576909683697,0.000191706266133041,0.000210197884675144,0.00023024748460147,0.000251833598508063,0.000275172064942237,0.00030026113737486,0.000327307306681493,0.000356317421213164,0.000387494001135943,0.000420878497884698,0.000456682422140479,0.000494950866919794,0.000535894828945784,0.000579589791938093,0.000626244036946647,0.000675956073381163,0.000728936722534673,0.000785318914164292,0.000845307650152037,0.000909097643671104,0.00097688099440374,0.00104890010642055,0.00112532622600616,0.00120648430928714,0.00129253566542075,0.0013838947386496,0.00148068619537209,0.00158344035072136,0.00169225060110628,0.00180776195250373,0.00193003784540798,0.00205987235271962,0.00219727985145911,0.00234324162097007,0.00249772058730231,0.0026618652432005,0.00283558333302242,0.00302022633124049,0.0032156628945686,0.00342350353098651,0.00364349010781903,0.00387746150130037,0.00412520876112839,0.00438883009389214,0.004667875080995,0.00496492257712103,0.00527948584617523,0.00561419193690258,0.00596893957564794,0.00634615724304699,0.00674627307660546,0.00717152194026753,0.00762278856872384,0.0081022625194747,0.00861119779491194,0.00915182499092437,0.0097257572924763,0.0103352826280512,0.0109823960533396,0.0116694856707817,0.0123989314752972,0.0131732241142885,0.0139952104277912,0.0148674520612707,0.0157933125651831,0.0167754190176594,0.0178177215557291,0.0189228906962548,0.0200954931976128,0.0213382364106765,0.022656392970666,0.0240526550763177,0.0255330551696094,0.0271002293111316,0.0287610315517381,0.0305179421040551,0.0323787531188488,0.0343456837990029,0.0364275016437362,0.0386260936266911,0.0409512361608277,0.0434042888273281,0.0459961152570909,0.0487272931447221,0.0516098395050062,0.0546432349354446,0.0578406382856018,0.0612001972546258,0.0647359594940883,0.0684449194672055,0.072340778125405,0.076420182140375,0.0806950652378523,0.085162112024731,0.08983043351608,0.0946964781245336,0.0997660055417266,0.105034321867747,0.11050324343492,0.116165942520979,0.122019449673002,0.128053755395136,0.134259883443861,0.140623645592728,0.147128643970266,0.153755395990563,0.160478441603559,0.167271962306503,0.174099814846036,0.180928691137898,0.187709650558911,0.194400939651649,0.200939150756213,0.207274171835959,0.213327082582493,0.219039487307198,0.224316173635387,0.22909249570225,0.233258063661416,0.236747175071638,0.239436997038532,0.241265327179865,0.242102663295421,0.241904439389181,0.240541798372185,0.237995982517615,0.234149309726983,0.229031802580319,0.222552424443599,0.214802839163027,0.205726992234353,0.195498774063389,0.184111670399459,0.171815092402945,0.158675277932439,0.144992163175382,0.130900740129853,0.11673026587886,0.10265826021269,0.0890046774382069,0.075944533626393,0.0637433087036159,0.0525334644143827,0.0424805416172265,0.0336444602667267,0.0260675893006316,0.019729952161568,0.0145536524880453,0.0104612655594341,0.00729021412912891,0.00494253628619013,0.00322218132446805,0.00204702627444928,0.00123238696891753,0.000731559198271597,0.000397826745519908,0.00022128195523514,0.000104820626720438,5.61716739586115e-05,2.13357858523394e-05,1.17448089948307e-05,3.55800430204559e-06,1.48948370577809e-06,1.14289988448707e-06,-6.65626669531895e-07,1.10050080307587e-06,-1.04658899038099e-06,9.82256375374664e-07,-9.37613749116512e-07,5.68303568957116e-07,-8.27859414336168e-07,0
5052631.06533568,0,1.72543653764745e-05,2.56026335528625e-06,1.93843330083729e-05,6.05634754898721e-06,2.32303983907029e-05,8.94824029493272e-06,2.75901472906175e-05,1.53543344063218e-05,2.98437126330406e-05,2.48238770626601e-05,3.3338970936e-05,3.43905357864985e-05,4.0067790582932e-05,4.41427362537717e-05,4.96301911108958e-05,5.52785267983042e-05,6.16531943520628e-05,6.86173850867988e-05,7.62777437098858e-05,8.46860357184681e-05,9.38860134414494e-05,0.000103965498815482,0.000114958888626332,0.000126974822337567,0.00014004058001044,0.000154283798525366,0.000169729356173087,0.000186531189826233,0.000204689606769754,0.000224398249512251,0.000245641442581395,0.000268633271693684,0.000293377622211971,0.000320080274342196,0.00034875352303411,0.000379600138099233,0.000412666494663293,0.000448165066236362,0.0004861458079641,0.000526821108218849,0.000570270500698368,0.00061670420809946,0.000666224050251012,0.00071904284308339,0.000775295666560421,0.000835189814413903,0.000898920936879489,0.000966683592976592,0.00103871939773196,0.00111520146448208,0.001196452513734,0.0012826353637787,0.0013741608116514,0.00147115448007531,0.00157414191618651,0.00168321629840726,0.00179901720397274,0.00192160653679972,0.00205177344705235,0.00218953000963067,0.00233585412096442,0.00249070426382479,0.00265522603414831,0.0028293199031196,0.00301433892274255,0.00321014385987122,0.00341834934712241,0.00363868242623575,0.00387299126024559,0.00412105332940526,0.00438497798390152,0.00466429120276434,0.00496159548167385,0.00527637765670576,0.00561128847643419,0.00596620524699859,0.00634357236303435,0.00674380289238393,0.00716914263775689,0.00762046449745354,0.00809996680778356,0.00860889584914032,0.00914948940716991,0.00972335271341511,0.0103327756548698,0.0109797498202524,0.0116666620272732,0.0123958903243575,0.0131699224560853,0.0139916071177982,0.0148634972101047,0.0157889599245792,0.0167706125919551,0.0178124148180009,0.0189170208729288,0.0200890032089899,0.021331051220065,0.0226484468623418,0.0240438613240854,0.0255233417579551,0.027089497001161,0.028749189108736,0.0305048784867805,0.0323643671421709,0.0343298456140676,0.0364100965429611,0.0386069805254087,0.0409302800723973,0.0433813301844003,0.0459709961207856,0.0486998391485589,0.0515798657211324,0.0546105493812373,0.0578050423805373,0.0611614693080182,0.0646938973283249,0.0683992669077518,0.0722913067060472,0.0763666210461089,0.0806371423465516,0.0850995450921402,0.0897628960664829,0.0946236351398679,0.0996874852885205,0.104949735383822,0.110412193397286,0.11606805333784,0.121914309442941,0.127941010319137,0.134139179733562,0.140494632702613,0.146991010996277,0.153608800275899,0.16032254546383,0.167106390608085,0.173924133583396,0.18074239698875,0.187512227383653,0.194191726872014,0.20071755292827,0.207039361197602,0.213078468467872,0.218776218871867,0.224037877224133,0.228798501447291,0.232948262711449,0.236421018657816,0.239094599008242,0.24090654359524,0.241728098352334,0.241514387657845,0.240137252276075,0.237577695521445,0.233718844818474,0.228590415019127,0.222102408133534,0.214345941238931,0.205266113563126,0.195036614221113,0.183651729288844,0.171360666509708,0.158230029136721,0.144559958329732,0.130485555962528,0.11633581577386,0.102288041396315,0.0886616613688548,0.0756313983830144,0.0634615932533188,0.0522842520866552,0.042263704523148,0.033459463447052,0.0259127430771228,0.0196031066765619,0.0144520361481812,0.0103817893346327,0.00722970259403203,0.00489772928936085,0.00319004260340953,0.0020246461679952,0.00121737017886358,0.00072184351941707,0.00039184267777655,0.000217710119868847,0.000102826044875515,5.50781574657813e-05,2.07942830849204e-05,1.14642701529805e-05,3.4579148510151e-06,1.4189224925748e-06,1.13376125676527e-06,-6.79603419506876e-07,1.09751868072466e-06,-1.04812679258554e-06,9.76309365070412e-07,-9.35818173667195e-07,5.6315266800974e-07,-8.21965967095428e-07,0
5170920.24289676,0,1.65332722034448e-05,2.46336893851633e-06,1.85784236441965e-05,5.82395918207449e-06,2.22744188280943e-05,8.6165086607531e-06,2.64651256349338e-05,1.47828407304469e-05,2.86581568077598e-05,2.38876562033161e-05,3.20607594489967e-05,3.31047557036863e-05,3.85790883201597e-05,4.25285496328828e-05,4.78389377029183e-05,5.33133856831874e-05,5.94951442047689e-05,6.62547225330143e-05,7.36963285403437e-05,8.18716597069364e-05,9.08250084605326e-05,0.000100643209224426,0.000111362096093164,0.000123089103695145,0.000135853739291791,0.000149782353741917,0.000164902773904221,0.000181367443168532,0.000199181092482719,0.000218535205831177,0.00023941966205654,0.000262046662136654,0.000286425569616547,0.000312761413451582,0.000341071967257275,0.000371560272535362,0.00040427764263548,0.000439437485403812,0.000477094820997932,0.000517463600893242,0.000560627794741576,0.000606799825448304,0.000656085221249403,0.000708698925396253,0.00076477888156812,0.000824535364849378,0.000888165558207569,0.000955866711630329,0.00102788022694738,0.00110438154907992,0.0011856919246159,0.00127197696482225,0.0013636446063007,0.0014608218958136,0.00156402969158421,0.00167336165650547,0.0017894518819391,0.0019123614561206,0.00204287424668974,0.00218100043711541,0.0023277137823544,0.0024829692258378,0.00264790876318095,0.00282242493655071,0.00300786951402646,0.00320409520760645,0.00341272021701605,0.00363345730951512,0.00386816188904248,0.00411659886024,0.00438088950027847,0.00466053559726564,0.00495816226651951,0.00527322991809908,0.00560841133947174,0.00596356156226124,0.00634114061856718,0.00674154602505621,0.00716703477806833,0.00761846697125788,0.00809804903900696,0.00860701647890825,0.00914761489745683,0.00972144213804808,0.0103307918657612,0.0109776525397397,0.0116644106415223,0.0123934417598725,0.013167227897579,0.0139886212203803,0.0148601670663319,0.0157852365635278,0.0167664300672966,0.0178077157273012,0.0189117386463202,0.0200830859478069,0.0213244270800535,0.0226410519367938,0.0240356062046403,0.025514143928599,0.0270792592862069,0.0287378294559333,0.0304922917681941,0.0323504616872686,0.0343145010445787,0.0363931950057706,0.0385883782522165,0.0409098454482285,0.0433589127573227,0.0459464468019206,0.0486729928326022,0.0515505575144064,0.0545785876373129,0.0577702489196591,0.0611236205473401,0.0646528162356865,0.0683547247835036,0.0722431044761808,0.0763145227644687,0.0805809349370055,0.0850389940878643,0.089697755688746,0.094553662029894,0.0996123648167043,0.104869177030389,0.110325801104999,0.115975420512995,0.121814916577437,0.127834295855835,0.134024495698936,0.140371320562005,0.146858326900621,0.153465994087173,0.160168867261866,0.166941114090793,0.173746599873919,0.180552010648234,0.187308488060149,0.193974191531092,0.200485918721521,0.206793322291171,0.212817902287694,0.218500895312806,0.223747785575197,0.228493369091609,0.23262829821883,0.236086110463836,0.238745256915385,0.240542716250857,0.24135056344823,0.241123299738529,0.239733996423313,0.237162717836515,0.233294137101376,0.228156957548383,0.221662674044088,0.213901525101966,0.204820183527248,0.194591219510874,0.183210329825563,0.170925996417043,0.157805909700203,0.144149365061523,0.13009194127376,0.115962223917788,0.101937492870942,0.0883367271842177,0.0753340886128848,0.0631935836621309,0.0520463678976733,0.0420563782631537,0.0332820236986268,0.0257640891806114,0.0194812308658339,0.014354555387099,0.0103057653848812,0.0071720447214083,0.00485517383731753,0.00315963196784207,0.00200358847754016,0.00120331771293457,0.000712746329989779,0.00038625822419003,0.000214376888375138,0.000100968312669803,5.40437382372701e-05,2.03069168041416e-05,1.11845102084477e-05,3.36748919897411e-06,1.3518401370083e-06,1.12590936086445e-06,-6.96351090421406e-07,1.09715747559319e-06,-1.05074955434973e-06,9.69868930247792e-07,-9.33036378729843e-07,5.57425678952987e-07,-8.15319358922548e-07,0
5291978.73595844,0,1.58405998698446e-05,2.36902702770306e-06,1.78038490907583e-05,5.59996181496669e-06,2.13540332768677e-05,8.29390577714326e-06,2.53835926582693e-05,1.42267452833447e-05,2.75145826637816e-05,2.29807183803461e-05,3.08224260657416e-05,3.1858511799784e-05,3.71333364579769e-05,4.09600771266333e-05,4.60956205141592e-05,5.13987054624919e-05,5.73895098738315e-05,6.39462489655734e-05,7.11703389931611e-05,7.9113424897629e-05,8.78201668991406e-05,9.73763373105847e-05,0.000107819000516644,0.000119254277731613,0.000131713698238141,0.000145322240943062,0.000160110457835516,0.000176229153910695,0.000193687196048366,0.000212673847534288,0.000233184261750439,0.000255428691859655,0.000279421793426509,0.000305367748616794,0.000333289558922901,0.000363390331759237,0.000395726245094074,0.000430511625785531,0.000467806530233437,0.000507826383823836,0.000550659635459703,0.000596520859976877,0.00064551957711536,0.000697873295410066,0.000753723123599628,0.000813282322822909,0.000876750156682628,0.00094432719033438,0.00101625529054425,0.00109271296674288,0.00117402035273258,0.00126034570045562,0.00135209437205519,0.00144939586738211,0.00155276694998804,0.00166230261118845,0.00177863177869152,0.00190181511822812,0.00203263066195635,0.00217108725658661,0.00231815401075555,0.00247378304729974,0.0026391122845385,0.00281402821889246,0.00299988105323227,0.00319651561526223,0.00340555118889375,0.00362668670445915,0.00386178379329183,0.00411059501579821,0.00437525176314785,0.00465523379973276,0.00495318769451787,0.00526854497895547,0.00560399851598003,0.0059593788562031,0.00633716162681744,0.00673772953577224,0.00716335311855314,0.00761487731345873,0.00809451820567184,0.00860350163354735,0.00914407691277005,0.00971783303295565,0.0103270662653984,0.0109737642209192,0.0116603189515852,0.0123891019344941,0.0131625912505838,0.0139836504609124,0.0148548205064493,0.0157794732572234,0.0167602056273703,0.0178009935007719,0.0189044707335172,0.020075232517189,0.0213159454245482,0.0226318973101522,0.0240257220333045,0.0255034954042298,0.0270677877684988,0.028725475177848,0.0304789685287483,0.0323360853769233,0.0342989714495167,0.0363764108555654,0.0385702183003813,0.0408901995500913,0.0433375969331183,0.0459233342100784,0.0486478989042925,0.0515232943343723,0.0545489622946025,0.0577380754609137,0.0610886740476399,0.0646148792469294,0.0683135115423365,0.0721983960680375,0.0762659899458104,0.0805282787273845,0.084981871204005,0.0896358107765064,0.0944865350115912,0.0995396542229841,0.104790500481073,0.110240776587772,0.115883672272184,0.121716120245604,0.127728033732504,0.133910584795736,0.140249253242389,0.146727926129446,0.15332667250896,0.160020491818213,0.166782879084829,0.173578370769137,0.1803727063391,0.18711786411342,0.193771288493813,0.200270182637817,0.20656412887559,0.212574534085867,0.218242909326866,0.223474812681765,0.228205144569434,0.232324609111119,0.235767115449531,0.238410584580107,0.240193168361134,0.240986092567752,0.240745013301078,0.239342127752568,0.236758981698208,0.232879074023218,0.22773288296186,0.221230647545717,0.213464071072951,0.204379384677635,0.194149926516963,0.182771827282167,0.170493347759105,0.157382716833462,0.143738795886717,0.12969789646627,0.115587514657127,0.101585731173544,0.0880102957214105,0.0750355244224691,0.0629244734528315,0.0518075942041372,0.041848419006526,0.0331038467823336,0.0256149588837239,0.0193585952265276,0.0142566504839126,0.0102289426219011,0.00711394266193555,0.00481197260719601,0.00312901793519885,0.00198211057474683,0.00118921158492747,0.000703460373723394,0.000380715388382919,0.000210972563146419,9.91721317279107e-05,5.29921730137615e-05,1.98412232539508e-05,1.09038845479576e-05,3.29305810349521e-06,1.27795676085841e-06,1.12297911202875e-06,-7.12063203392805e-07,1.09542412819664e-06,-1.05220553131098e-06,9.63228677630071e-07,-9.29813807174206e-07,5.5189685862614e-07,-8.08010989322273e-07,0
5415871.37807948,0,1.51742885478774e-05,2.27697028414197e-06,1.70600913390177e-05,5.38269071385446e-06,2.04659181720229e-05,7.98225474996489e-06,2.43414241890838e-05,1.36838416993382e-05,2.6413574476637e-05,2.2097409735035e-05,2.96246389359358e-05,3.06472462318793e-05,3.5729062085803e-05,3.94340391312594e-05,4.43976777197462e-05,4.953159011287e-05,5.53334905857694e-05,6.1689191815013e-05,6.86971315004408e-05,7.64089100012739e-05,8.48693756634675e-05,9.41631657777783e-05,0.000104328411015234,0.000115469827094908,0.000127620772469097,0.000140904751968317,0.000155354811122474,0.000171120007748303,0.000188213140366321,0.000206821135022314,0.000226944235231001,0.000248790670610555,0.00027238009668683,0.000297915774706111,0.000325425958856803,0.000355113943065058,0.000387040712689234,0.000421421423459508,0.00045832135816946,0.000497957655575003,0.000540423506280888,0.000585935934509457,0.000634608853647891,0.000686662486046061,0.000742241623745708,0.00080156309700371,0.000864828675555526,0.000932242635743459,0.00100404795278863,0.00108042682499978,0.00116169909459664,0.00124803683384503,0.0013398433046017,0.00143725098776605,0.00154077305338067,0.0016505068418528,0.00176707614426035,0.0018905420541027,0.00202167690133736,0.00216048945166365,0.00230794342776762,0.00246398864973396,0.00262975832480685,0.0028051331396189,0.0029914602648779,0.00318857734295247,0.00339810360302458,0.00361972438755929,0.00385530597123466,0.00410458845130838,0.00436971117550076,0.00465013000685306,0.00494851155053609,0.00526426087930937,0.0056000902832781,0.00595580739502345,0.00633390517764068,0.00673474849855301,0.00716061902004125,0.0076123485521874,0.00809216347045658,0.00860127497807509,0.00914194191945319,0.00971574119939355,0.0103249737910218,0.0109716198421634,0.0116580657404008,0.0123866812753304,0.0131599412002826,0.0139807028966795,0.014851499954884,0.0157757149173815,0.016755929919823,0.0177961334321055,0.0188989409945818,0.0200689624366716,0.0213088442909046,0.0226239114825707,0.0240167638764374,0.0254934837659036,0.0270566211102845,0.0287130808532345,0.0304652308174806,0.032320916862484,0.0342822439372781,0.0363580274363733,0.038550023064625,0.0408680506579947,0.0433133537967046,0.0458968219973668,0.0486189441589851,0.0514917382432297,0.0545145869605972,0.0577007096440801,0.0610480496242136,0.0645708053103031,0.0682657035281261,0.0721465944024053,0.0762099279298522,0.0804676799289575,0.0849164158397672,0.0895651769121362,0.0944103566675752,0.0994575926757643,0.10470220190787,0.110145832049845,0.1157816652281,0.121606618430023,0.127610711483559,0.133784796050999,0.140114824550911,0.146584068085615,0.153173248685653,0.159856684519287,0.166608407745007,0.173392383125665,0.18017492849807,0.186907305618984,0.193547578327904,0.200032445850861,0.206311647253078,0.212306713839646,0.217959040280851,0.223174363624786,0.227887678528979,0.231989926146252,0.235414987180368,0.238041495870321,0.239806972295005,0.240583862749085,0.240326811184027,0.238909881781954,0.23631260346065,0.232421698232942,0.227264264839263,0.220755161528208,0.212981985933103,0.203895734601099,0.193665936614949,0.18229214328905,0.170020318667298,0.156920659346699,0.14329121718622,0.129268686964444,0.115180813791174,0.101204148195914,0.0876575366913206,0.0747130786826995,0.0626348386405138,0.0515507743675966,0.0416252851493508,0.0329130698294035,0.0254556567893857,0.0192280769887489,0.0141524225333139,0.0101475007099874,0.0070520482686804,0.00476634985276498,0.00309633965864671,0.0019596281348227,0.00117409813743019,0.00069385682466934,0.000374740024112662,0.000207489457262707,9.72244233583862e-05,5.19547020460403e-05,1.93090433358453e-05,1.06513122718702e-05,3.19622759025072e-06,1.21310587576777e-06,1.11663618371458e-06,-7.2502322571503e-07,1.09119493430473e-06,-1.05082302799254e-06,9.5466164699947e-07,-9.25225631135387e-07,5.46074161183268e-07,-8.00564125126911e-07,0
5542664.52066311,0,1.4533666853418e-05,2.18822826568251e-06,1.63432268601945e-05,5.17236873495e-06,1.96125295617336e-05,7.67792646135143e-06,2.33371116035681e-05,1.31592042627448e-05,2.53477754835537e-05,2.12435964342508e-05,2.84638772718797e-05,2.94730604073241e-05,3.43665571020322e-05,3.79516078050121e-05,4.27469171181585e-05,4.77141590459772e-05,5.3330077450154e-05,5.9487229236475e-05,6.62813503175454e-05,7.37637693803091e-05,8.19794821057256e-05,9.10119007977511e-05,0.000100900055616939,0.000111747190558507,0.000123588306682801,0.000136545332330635,0.000150653605027703,0.000166060348987065,0.000182781972664178,0.00020100301312375,0.000220728499557462,0.000242164499516511,0.000265335501009685,0.000290443775905313,0.000317522541708681,0.000346775008858185,0.000378266868674816,0.000412214180184833,0.000448687395489758,0.000487905184937365,0.000529965476517093,0.000575087702162673,0.000623390389281553,0.000675096855932192,0.000730355806685413,0.000789387543505634,0.000852396844466015,0.000919592301250964,0.000991218688297736,0.00106746260498646,0.0011486440866707,0.0012349390146127,0.0013267491868419,0.00142421134438844,0.00152783579721659,0.0016377229527275,0.00175449229370044,0.00187820664862297,0.00200963268234188,0.00214877958856622,0.00229660546446636,0.00245305837784216,0.00261926600858033,0.00279510456861569,0.00298191778931505,0.00317953678952086,0.00338957957350779,0.00361171934993203,0.00384782633207098,0.00409762767313563,0.00436326733150858,0.00464417851415698,0.00494304815011389,0.00525925345189548,0.00559552461124226,0.00595164548980712,0.00633012480729444,0.00673130871727786,0.00715749127047072,0.00760948972594068,0.00808954374693558,0.00859885274290736,0.0091396850815863,0.0097136056629944,0.0103229243352499,0.0109696170390547,0.011656071135958,0.012384654010886,0.0131578390371351,0.01397848580766,0.0148491140604951,0.0157731121116231,0.0167530485613362,0.0177929202545419,0.018895314885835,0.0200648441176806,0.0213041274764447,0.0226185075081476,0.024010562538993,0.025486392707625,0.0270485201094356,0.028703861001231,0.0304547661335595,0.0323091056276024,0.0342689588964173,0.036343166662379,0.0385334697163658,0.0408496980271836,0.0432930704996198,0.0458744917381717,0.0485944080437981,0.0514648607716207,0.0544851979656642,0.0576686461855925,0.0610131136138638,0.0645328254933092,0.0682244358229136,0.072101836116502,0.0761614162149895,0.080415167732353,0.0848596141495855,0.0895038048523534,0.0943441095787986,0.0993861158716113,0.104625129504794,0.110062774439708,0.115692204423657,0.121510318489334,0.127507061765678,0.1336733384947,0.139994931886173,0.146455350583671,0.153035030553891,0.159708454907339,0.16644971858988,0.173222587145445,0.17999362900431,0.18671399019562,0.193341781339791,0.199813896714338,0.206079852805686,0.212061456045596,0.217699917132861,0.222901178653369,0.227600164056585,0.231688089997558,0.235098362535635,0.237710459772578,0.239461036691494,0.240223817589726,0.239952658636914,0.238522376966496,0.23591269545385,0.232010239718897,0.226843361250114,0.220325792480378,0.212547077465619,0.203456626545816,0.193226393493021,0.181854415769049,0.169588620057557,0.156497822452541,0.142881256894932,0.128874902266026,0.114806444687352,0.100852767927212,0.0873313854738769,0.0744152924655725,0.0623661881596192,0.0513133751183454,0.0414181262139604,0.0327367003175803,0.0253074560188982,0.0191072572290285,0.0140553744760908,0.0100723337594402,0.00699470169668543,0.00472446239225281,0.0030661811203925,0.00193898320823501,0.00116014675247563,0.00068502841638102,0.000369219409383797,0.000204316885606908,9.53990729559488e-05,5.09924176472084e-05,1.88334275047803e-05,1.03993850778794e-05,3.11252609931522e-06,1.15034096316254e-06,1.11084705459113e-06,-7.39378935176657e-07,1.0891936815392e-06,-1.05136080766922e-06,9.47059059359413e-07,-9.20506558950986e-07,5.40298560606454e-07,-7.92467355575858e-07,0
5672426.06849198,0,1.39191495814741e-05,2.10249657037192e-06,1.56555314095173e-05,4.9689099899972e-06,1.87930249819541e-05,7.38353777006404e-06,2.23715365867645e-05,1.26514552769453e-05,2.4321660559551e-05,2.04175972457703e-05,2.73433849044608e-05,2.83366885676328e-05,3.30478171831382e-05,3.65147923628425e-05,4.11454942379065e-05,4.59489822111601e-05,5.13819893452578e-05,5.73434040686001e-05,6.39262844813306e-05,7.11815829838287e-05,7.91542943913957e-05,8.79265298084552e-05,9.75380723818626e-05,0.000108090593308979,0.00011962051055345,0.000132248084863416,0.000146010694551283,0.000161053624337407,0.000177396666979088,0.000195221873369357,0.000214538750955017,0.000235551084146643,0.000258287870423181,0.000282950170093446,0.00030957595932897,0.000338368314448278,0.000369397429364993,0.000402879955219379,0.000438891332701945,0.00047765169315205,0.000519263761505749,0.000563949403927586,0.000611831708619973,0.00066313679371088,0.000718017608821584,0.000776698590170313,0.000839388063266722,0.000906299145001169,0.000977678753501723,0.00105371804249276,0.00113473782884339,0.00122091913260446,0.00131266334222768,0.0014101119307589,0.00151377253762682,0.00162374943572892,0.00174065787558008,0.00186456328216957,0.00199622718458455,0.00213566074187932,0.00228381762172171,0.00244064665004933,0.0026072690500416,0.00278355636539591,0.00297084761479381,0.00316896897882576,0.0033795359289239,0.00360220889693502,0.00383885684303149,0.0040891962189326,0.00435537956157927,0.00463681750136594,0.00493620923183277,0.00525290585916949,0.0055896572132555,0.00594622241699488,0.00632512276663301,0.00672668594799679,0.00715322129344998,0.00760552838101885,0.00808585645391967,0.00859538985641181,0.00913640960065824,0.00971047075970795,0.0103198903070198,0.0109666396640429,0.0116531098595962,0.012381662023573,0.0131547654728649,0.0139752808697905,0.0148457236437312,0.0157694795469867,0.0167490965091405,0.0177885794246852,0.0188905107045047,0.020059516295574,0.0212981873560948,0.0226118708404286,0.0240031178876972,0.0254780537230485,0.0270391769071573,0.0286934297632394,0.0304431340454452,0.0322961821028623,0.0342546152525739,0.0363273038353989,0.0385159524331449,0.0408304242082225,0.0432718905171837,0.0458512830142973,0.0485690064727699,0.051437119880148,0.054454936957438,0.0576356825306429,0.060977211480677,0.0644938179375904,0.0681820806701131,0.0720559338439102,0.0761116588911311,0.0803612809572491,0.0848012824025062,0.0894407293010361,0.0942759962091739,0.0993126143045453,0.104545891845153,0.109977425727641,0.115600383263231,0.121411594887438,0.127401050226289,0.133559668316397,0.139873217470689,0.146325120396725,0.152895857657357,0.159559872668299,0.166291286458277,0.173053821432943,0.179814030997728,0.186523074373565,0.193138999107125,0.199598711510643,0.20585174103381,0.211819829653093,0.217444195580512,0.222630831274956,0.227314544997088,0.231386816645594,0.234781085559427,0.237377109914032,0.239111609848569,0.239858728105965,0.239572262577691,0.238127719750938,0.23550486611935,0.23159078518173,0.226414033084579,0.219888577245266,0.212104336207967,0.203010898638662,0.192780549805136,0.181411189498912,0.169151312593112,0.156069468582697,0.142465511746495,0.128475040081242,0.114425977642429,0.10049458357749,0.0869985607239632,0.0741100602035238,0.0620905182074018,0.0510682201917411,0.0412040227117035,0.0325532077477304,0.025153490339728,0.018980791442285,0.0139540114641511,0.0099930541708162,0.00693443026112267,0.00467994023742087,0.00303436620234639,0.00191694617794942,0.00114541966882942,0.000675515454641123,0.00036340527759705,0.00020085417402995,9.3488071021007e-05,4.99320582091611e-05,1.83278084369755e-05,1.01232721729107e-05,3.02242748546624e-06,1.08066399550406e-06,1.1033940023663e-06,-7.53227231872183e-07,1.08486575376255e-06,-1.05025456734767e-06,9.38256870193569e-07,-9.14963273693865e-07,5.34405341231355e-07,-7.84123096607268e-07,0
5805225.5160949,0,1.33282660708854e-05,2.01964095272362e-06,1.49937114915664e-05,4.77161578169498e-06,1.8004702499132e-05,7.097459678908e-06,2.14408049775338e-05,1.21594965791552e-05,2.33304804859795e-05,1.96169701482118e-05,2.62589669541225e-05,2.72340012426952e-05,3.17684915664127e-05,3.51185239113687e-05,3.9588200147842e-05,4.42302442136227e-05,4.94831076479042e-05,5.52511495718e-05,6.16249871419139e-05,6.8655016026161e-05,7.63861673523711e-05,8.4899151486348e-05,9.42343345771641e-05,0.000104491730299516,0.000115708980846229,0.00012800455020199,0.000141417629611847,0.000156091446426241,0.000172048857719356,0.000189469274513034,0.00020836639429651,0.000228941542227535,0.000251227928481616,0.00027542528190881,0.00030157610520374,0.0003298831097178,0.000360420785058224,0.000393406269017866,0.00042891991669565,0.000467183212971477,0.000508303574165645,0.000552505229119944,0.000599916095908227,0.000650765362782975,0.000705210347258171,0.000763479411450302,0.000825784538627344,0.00089234372186771,0.000963406667408372,0.00103916983542119,0.00111995546242024,0.00120594986355711,0.00129755396030694,0.001394914494543,0.00149853716040361,0.00160853153646546,0.00172550976715867,0.00184954119029777,0.00198138237185751,0.002121047088352,0.00226948269557974,0.00242663835590427,0.00259362952035057,0.00277032687749889,0.00295806540464332,0.00315666769394936,0.0033677459814091,0.00359095149671049,0.00382815408988466,0.00407905795216488,0.00434581553056285,0.00462781394066583,0.00492776577793524,0.00524499638690481,0.00558227007820893,0.00593932323480412,0.00631869198702501,0.00672068196916403,0.00714761181966848,0.00760026075527746,0.00808089431357069,0.00859068342665974,0.00913191864310087,0.00970614070782045,0.0103156754454514,0.0109624850780683,0.0116489623476679,0.0123774639381037,0.0131504585117452,0.0139708052855268,0.0148410077049129,0.0157644592805534,0.016743713829291,0.0177828038251273,0.0188842890618242,0.0200527935575378,0.0212908787226145,0.0226039089413599,0.0239944146880406,0.02546855217731,0.0270287932134217,0.028682088470532,0.0304307144688501,0.0322825841069308,0.0342396916262284,0.0363109315926575,0.0384979835884276,0.0408107490171968,0.0432503591871807,0.0458277718224919,0.0485433453030618,0.0514091471498857,0.0544244286079706,0.0576024801284414,0.0609410731170724,0.0644545609794397,0.0681394173653813,0.0720096404728057,0.0760614837674636,0.080306982416705,0.0847425559025648,0.0893772140543126,0.0942073806780584,0.0992385509127302,0.104466016709726,0.109891323285385,0.115507599846159,0.121311765644666,0.12729377759854,0.133444414093134,0.139749434997163,0.146192310766755,0.15275352980075,0.159407418215932,0.16612803980559,0.17287924971121,0.179627425300691,0.186323902598212,0.192926603574171,0.199372572252715,0.205611345030343,0.211564771724605,0.217174222069839,0.222345660925155,0.227014191090218,0.23107128372809,0.234450322766262,0.237031547405785,0.238751039518105,0.239484118804845,0.239183493056196,0.23772588235473,0.235090258015753,0.23116480165631,0.225977464331471,0.219443343565828,0.211652033449455,0.20255397418763,0.192321655244895,0.180953577579648,0.168698356394945,0.155624696203037,0.142032856537244,0.128058178245633,0.114028900620573,0.100120637162208,0.086651054805553,0.0737915585455414,0.0618030558997667,0.050812939033392,0.040981375912264,0.0323625991878303,0.0249937749394425,0.0188498604706174,0.0138493055433216,0.0099113121396459,0.00687231174082708,0.00463418508380994,0.00300167158915018,0.00189441008649471,0.00113038572136625,0.000665901848639528,0.000357494195248919,0.000197375162070977,9.15783171210882e-05,4.88941973433627e-05,1.78230990012313e-05,9.85707249299141e-06,2.94171897262064e-06,1.01271091941877e-06,1.09766376334682e-06,-7.64636792373171e-07,1.07960088756001e-06,-1.04784774371726e-06,9.28917695793448e-07,-9.08816304784027e-07,5.2855441288392e-07,-7.75602353060545e-07,0
5941133.98496504,0,1.2760378701145e-05,1.93905395451531e-06,1.43578651792421e-05,4.58155734935437e-06,1.72451820406221e-05,6.82064351597364e-06,2.05458603042886e-05,1.16814570007155e-05,2.23757952766964e-05,1.88419107658647e-05,2.52103322207325e-05,2.61668901828485e-05,3.05286197483373e-05,3.3764897681361e-05,3.8076477928578e-05,4.25605101336843e-05,4.76363007388122e-05,5.3214176039121e-05,5.9381966967652e-05,6.61895816155529e-05,7.36817265445528e-05,8.19376818512094e-05,9.09982604818313e-05,0.000100961732280308,0.000111866780714012,0.000123830003746232,0.000136892199344702,0.000151194439153367,0.000166762441118999,0.000183772890707004,0.00020224336760849,0.000222372646448683,0.000244197874775695,0.000267917293514709,0.000293577694622674,0.000321381288042036,0.000351406646013406,0.000383871176346013,0.000418859944587726,0.000456595692078395,0.000497190507993523,0.000540870872149855,0.000587769401806056,0.000638118265988485,0.00069207946325351,0.000749885714438295,0.000811752980503637,0.000877904112652085,0.000948591710475547,0.00102401772896024,0.00110450649266016,0.00119025100445769,0.00128165339719998,0.00137886714150184,0.00148239652251672,0.00159235645648954,0.00170935565172808,0.00183346824582774,0.00196544640867523,0.00210530863013072,0.00225399785127504,0.00241146596983464,0.00257882162000965,0.002755933531479,0.00294412952700639,0.00314322852194367,0.00335483772970066,0.00357859949079994,0.00381638237401239,0.00406788193024508,0.00433525371473903,0.00461786612607687,0.00491844418886909,0.00523628816974749,0.00557417510125117,0.0059318154255106,0.00631175629487287,0.00671428312661999,0.0071417282428692,0.00759484951890607,0.00807592091885735,0.00858609392548038,0.00912766888151574,0.0097021701357868,0.0103119289271919,0.0109588996213374,0.0116454818355037,0.0123740264270958,0.0131469993331898,0.0139672669828669,0.0148373349497515,0.0157606001661608,0.0167395901254541,0.0177783337951219,0.0188793760803023,0.0200473705508342,0.0212848694095697,0.0225972624023623,0.0239870410325273,0.0254603701125683,0.0270196817762411,0.0286719612017373,0.0304194514947356,0.0322701040234171,0.0342258731746973,0.0362956846101025,0.0384811470207297,0.0407921753458715,0.0432298620271981,0.0458051987009272,0.0485184897124827,0.0513818476093735,0.0543944953838396,0.0575697431955655,0.0609052897891682,0.0644155440800708,0.0680968908482984,0.0719633858143443,0.0760111976381904,0.0802523951790789,0.0846833823952611,0.0893131802182973,0.0941381375862836,0.0991637373800373,0.10438529826704,0.109804320276262,0.115413981912469,0.121211067536303,0.127185531357891,0.1333281949991,0.139624811285109,0.146058790059708,0.152610597186358,0.159254623166811,0.165964944718586,0.172705286845107,0.179442186579754,0.186126785379931,0.192717156156649,0.199150269751288,0.205375569445309,0.211315024286981,0.21690976104118,0.222066136356342,0.226718819728506,0.230759859254304,0.23412241883424,0.236686973862774,0.238390103594513,0.239106802319207,0.238790627538738,0.237318280306911,0.234668911744669,0.230731597805661,0.225533856182844,0.218991883328747,0.211194624688737,0.202093955890454,0.191861363869328,0.180496826488942,0.16824818173905,0.155185250019006,0.141607439480301,0.127650777835074,0.11364265792703,0.0997590619856666,0.0863167502434035,0.073486767888473,0.0615292984072083,0.0505710694209611,0.0407714598952119,0.0321838645639137,0.0248446156278209,0.0187280732681123,0.0137521603044682,0.00983590366131964,0.00681538814093769,0.0045923884190718,0.00297190474136224,0.00187390827518766,0.00111679736556663,0.000657167291810846,0.000352194305023207,0.00019425795252512,8.98572185522324e-05,4.79471213702273e-05,1.73932799445599e-05,9.61090130764228e-06,2.86426541448366e-06,9.56279478630713e-07,1.09143749175369e-06,-7.77338034720746e-07,1.07632660476065e-06,-1.04612343129919e-06,9.19543157288878e-07,-9.01908195826989e-07,5.22629811484232e-07,-7.66725495829098e-07,0
6080224.26164943,0,1.2215645931081e-05,1.86144334125613e-06,1.37472754080221e-05,4.39789662801448e-06,1.65165481921665e-05,6.55247993957476e-06,1.96855059033396e-05,1.12201931805388e-05,2.14561257902466e-05,1.80936396974849e-05,2.41988069334137e-05,2.5135493904245e-05,2.93303968288744e-05,3.24549424365221e-05,3.66126389051489e-05,4.09419576047531e-05,4.58444346374292e-05,5.12357203069436e-05,5.72010155979279e-05,6.37896189823124e-05,7.10459299954907e-05,7.90477305506614e-05,8.78361355323817e-05,9.75076257709546e-05,0.000108101769559269,0.000119733205865382,0.000132444114432371,0.000146373323442156,0.000161549128322815,0.000178145401724077,0.00019618332920025,0.000215859054110562,0.000237213440649149,0.000260443079307872,0.000285598725813618,0.000312881898765234,0.000342375070087544,0.000374295792766858,0.00040873369297099,0.000445912567114449,0.000485949050212674,0.000529071741810118,0.000575418020267702,0.00062522310602848,0.000678653618719839,0.000735946358157852,0.0007973215112986,0.000863007268927701,0.000933259714007094,0.00100828674325551,0.00108841502135364,0.00117384412574778,0.00126497733600664,0.00136197529746178,0.00146534161380022,0.00157519799466029,0.00169215072253403,0.00181627976872331,0.00194833343726195,0.00208833617979155,0.00223722650134967,0.00239496076730123,0.00256264140787726,0.00274013732304127,0.00292877012585094,0.00312835753273674,0.00334050081442644,0.0035648336809051,0.0038032203289306,0.00405534729055571,0.00432337054209069,0.00460664162656572,0.00490789513485739,0.00522640742617281,0.0055649669755665,0.00592325843838002,0.00630383864648566,0.00670697062973434,0.00713499913975407,0.00758866194332383,0.00807024222409366,0.00858086962470404,0.00912285320191238,0.00969769791303019,0.0103077460558667,0.0109549448039779,0.0116417018352119,0.0123703613592458,0.0131433900536301,0.013963653578279,0.0148336475737065,0.0157567673246101,0.016735515420911,0.0177739316453659,0.0188745605516545,0.0200420866386177,0.0212790379252815,0.0225908121859224,0.0239798631977885,0.0254523732197335,0.0270107424784323,0.0286619900642563,0.0304083204514398,0.0322577285634168,0.0342121025997326,0.0362803949522763,0.0384641662736066,0.0407733739477642,0.0432090895288983,0.0457823147577677,0.0484933141542849,0.0513542385806286,0.0543642593014462,0.0575367058100804,0.0608692095121075,0.0643762464627051,0.0680541281881348,0.0719169552107143,0.0759608350677581,0.0801978385954716,0.0846242987313157,0.0892492694539449,0.0940690552429892,0.0990891618452972,0.104304864179255,0.109717634986495,0.11532060409962,0.121110531152873,0.127077390680934,0.133212020776833,0.139500168388909,0.145925203263062,0.152467551365699,0.159101618658239,0.165801434375667,0.172530801013485,0.179256220951904,0.185928984718462,0.192506979890579,0.19892735267806,0.205139428969487,0.211065393778052,0.216646295542217,0.221788597091046,0.22642685883971,0.230453285531054,0.233800968808503,0.236350659649965,0.238038769815291,0.238740588014031,0.238409652991179,0.236923122309036,0.234260213603616,0.230310446206437,0.225101502021368,0.218550127737075,0.21074537138478,0.20164001705696,0.191405219835173,0.180042021837797,0.167797800448791,0.154743406177058,0.141177799951126,0.12723757231982,0.113249607035762,0.0993899383898132,0.0859745162400816,0.0731742032663473,0.0612481022452113,0.050322425651511,0.0405555577854383,0.0320001138440118,0.0246914790079814,0.0186032970427506,0.0136529484142511,0.00975897287976569,0.00675744962476439,0.00454993682822355,0.00294187966220323,0.00185330604863549,0.00110324742699971,0.000648508143206004,0.000346986329052072,0.000191180045773487,8.82217341543187e-05,4.70446274400919e-05,1.69774506898745e-05,9.38435791982097e-06,2.80425685835816e-06,8.9587644536063e-07,1.09122522570147e-06,-7.88265934225568e-07,1.07142926133721e-06,-1.04260099178489e-06,9.09511628798553e-07,-8.94524818448715e-07,5.16874371804672e-07,-7.57754077205271e-07,0
6222570.83673023,0,1.16927555519708e-05,1.78675000898063e-06,1.31609471691767e-05,4.22019843150201e-06,1.58170571129474e-05,6.29317289022065e-06,1.88575886462619e-05,1.07753508156094e-05,2.05695376457937e-05,1.73711842801378e-05,2.32224100388633e-05,2.41382197628474e-05,2.8171758752204e-05,3.1186516622986e-05,3.51943839220353e-05,3.93720634195083e-05,4.41048576832619e-05,4.93129508248875e-05,5.50792025539516e-05,6.14521128894939e-05,6.84757363186252e-05,7.62262864043413e-05,8.47450617176294e-05,9.41266764176259e-05,0.000104411400739751,0.000115711838553978,0.000128071335879817,0.000141626381250435,0.000156407591579028,0.000172585906564553,0.000190185768803913,0.000209400477570738,0.000230274251023826,0.000253001834442361,0.00027763765692901,0.000304382298831312,0.000333321796400811,0.000364673546519561,0.000398531392202077,0.000435119933192089,0.000474560103588429,0.000517082399921769,0.000562828791910153,0.000612037329868942,0.000664879248724231,0.000721595421856503,0.000782410215480059,0.000847557055808862,0.00091729578662045,0.000991840597030683,0.00107152096577625,0.00115654340295877,0.00124731270395979,0.00134399716880568,0.00144710048470409,0.00155675229508668,0.00167355728494452,0.00179760254732439,0.00192963308376474,0.00206967996601394,0.0022186767560524,0.00237658473591352,0.00254449995690355,0.00272229400606452,0.00291128276769589,0.00311128492708483,0.00332389665664598,0.00354874785070344,0.00378769999304258,0.00404043304875496,0.00430909914332925,0.00459302917748128,0.00489496320982714,0.00521415548319427,0.00555340368191063,0.00591237175420497,0.00629362713390431,0.00669740967692709,0.00712607011629786,0.00758032089065113,0.00806245913257957,0.00857359722590887,0.00911605765996058,0.00969132976616315,0.0103017619478609,0.0109492848267945,0.011636302601504,0.0123651472238345,0.0131382842221471,0.0139585801933203,0.0148285295295372,0.0157515377413413,0.0167301121269081,0.0177683106480142,0.0188686423420932,0.0200357860871108,0.0212722424770381,0.022583445160547,0.0239718273381376,0.0254436143768476,0.027001172407308,0.0286515375177855,0.0303968698640919,0.0322451906285339,0.0341983586348736,0.0362653707464098,0.0384477397597803,0.0407554555691698,0.0431895165567935,0.0457609919672965,0.0484700540688426,0.0513288892130012,0.0543366231590319,0.0575066287398917,0.0608364453776565,0.0643406213472433,0.0680153485419986,0.0718747995611542,0.075914980862744,0.0801480045073184,0.0845701906147389,0.0891905981272928,0.0940055222206382,0.0990203411647594,0.10423042532978,0.109637200283653,0.115233815262454,0.121017023590927,0.126976761525621,0.13310387227774,0.139383980403002,0.145800615002538,0.152334035949685,0.158958791209685,0.16564876049975,0.172367860506142,0.17908239654286,0.185743696005614,0.192309685571141,0.198717536180513,0.204916533257324,0.21082883263583,0.216395563208299,0.221523233880566,0.226146365035953,0.230157522699375,0.233489594517676,0.236023760790881,0.237696304593744,0.238382931789445,0.238037125829843,0.236536529160814,0.233860344070926,0.229898781982973,0.224679297726191,0.218119503268284,0.210308308769487,0.201199408528812,0.190963890654409,0.179603181681678,0.167364945534695,0.15431985068161,0.140767322708769,0.126843604124961,0.112875696769539,0.0990389182538581,0.0856493217098354,0.0728768233327107,0.0609802997564281,0.0500850063619883,0.040348834001696,0.0318235469635475,0.0245438031111952,0.0184824022425988,0.013556296109576,0.00968364491164305,0.00670034045296736,0.00450790477341636,0.00291188264235676,0.00183261197349069,0.00108946786806974,0.000639674745676658,0.000341596565103964,0.000188000755680401,8.6478210995692e-05,4.60864347423216e-05,1.65279996819532e-05,9.142745543152e-06,2.72702427139438e-06,8.35929484962442e-07,1.08735934849398e-06,-7.99626994673628e-07,1.0654640196084e-06,-1.03778504558989e-06,8.98205383046509e-07,-8.86052778719331e-07,5.10878644827365e-07,-7.4863453385478e-07,0
6368249.94471859,0,1.1190804610296e-05,1.71445405011852e-06,1.25980429529182e-05,4.04892249758336e-06,1.51445472978264e-05,6.04253270550048e-06,1.80619593210532e-05,1.03447193993313e-05,1.97162739662108e-05,1.66731474149802e-05,2.22801413919359e-05,2.31746537817899e-05,2.70514584320309e-05,2.99593281973224e-05,3.38209373867102e-05,3.78506387726832e-05,4.24174272056693e-05,4.74461340340155e-05,5.30171028895283e-05,5.9178065086007e-05,6.59726136160569e-05,7.34753593035228e-05,8.17276590366982e-05,9.08222073150278e-05,0.000100799816189592,0.000111770979931728,0.000123780025378721,0.000136960999740022,0.000151346570161362,0.000167104669970297,0.000184262776703367,0.000203011272487747,0.000223397391212372,0.000245613835921322,0.00026971845595248,0.000295910728723536,0.000324279949536894,0.000355043151866598,0.000388298208568242,0.000424270277580827,0.000463084376234121,0.000504972718455526,0.000550081707124416,0.000598652068139961,0.000650859685409871,0.000706949511940486,0.000767150182170909,0.000831700281816789,0.000900863392584228,0.000974860037915946,0.00105402292697879,0.00113856627743356,0.00122889725799442,0.00132519252877895,0.00142795622593045,0.00153732646494611,0.0016539066431532,0.00177779196662446,0.00190972495179015,0.00204974496600587,0.00219878134515096,0.00235680233866955,0.00252489852890498,0.00270294606563536,0.00289225431483758,0.00309264273916691,0.00330569996906431,0.0035310536587143,0.00377056121571045,0.00402389807055939,0.00429321355036527,0.00457782370977984,0.00488047305009792,0.00520039526549511,0.00554039341765554,0.00590010706012407,0.0062821106783541,0.00668662334215637,0.00711600520651694,0.00757094325706299,0.00805374451084788,0.00856550020260068,0.00910854184497153,0.00968433597264688,0.0102952377063619,0.0109431644622258,0.0116305286182373,0.0123596546864002,0.0131330074632599,0.0139534522426749,0.014823479942397,0.0157465004240518,0.0167250082885144,0.0177630676965818,0.0188631616719243,0.0200299845080655,0.0212660227137171,0.0225767423601081,0.0239645355629831,0.025435645840139,0.0269924032174996,0.0286418797791695,0.0303861869014808,0.0322333847526301,0.0341852920470052,0.0362509538891605,0.0384318158092469,0.0407378949747471,0.0431701301094417,0.0457396436567595,0.0484465550469859,0.0513030900617495,0.0543083220709104,0.0574756661230227,0.0608025928918663,0.0643037147227563,0.0679751025587141,0.0718310063568999,0.0758673932398374,0.0800963790156467,0.0845142708262163,0.0891300567945476,0.0939400556243884,0.0989496238085214,0.104154098770796,0.109554883794371,0.115145163361273,0.120921624570668,0.126874168028495,0.13299354559522,0.139265485821384,0.145673355648533,0.152197577959998,0.158812506193765,0.165492192531643,0.172200318234121,0.178903382986997,0.18555259940205,0.192105967469641,0.198500592769341,0.204685908734254,0.210584074812843,0.216136156672271,0.22124889874092,0.225856814653539,0.229852612011343,0.233169221484677,0.235687992608872,0.237345190813899,0.238017034799535,0.237656659174746,0.236142465153613,0.233453259039898,0.229480055511338,0.224250154205289,0.21768191829932,0.209864086931715,0.200751171172454,0.19051431967583,0.179155582634168,0.166922480054942,0.153886210269718,0.140345954120051,0.126438630064273,0.112490334958895,0.0986769015389129,0.085313259573522,0.072569676450021,0.0607035998195412,0.0498400021901517,0.0401355790510569,0.0316415419747908,0.0243916825402308,0.0183581699649213,0.0134572338888973,0.00960656476833257,0.00664198977755066,0.00446507304078286,0.00288150947806676,0.00181174135965114,0.0010756320165641,0.000630836058088443,0.000336233807990281,0.000184850037588284,8.47748249813192e-05,4.51520761983684e-05,1.60930906169489e-05,8.90635525601945e-06,2.6594398256703e-06,7.74987111935531e-07,1.08538611281364e-06,-8.11118258964381e-07,1.05981880641607e-06,-1.03301326405365e-06,8.86875277256605e-07,-8.77194882149098e-07,5.04956442656924e-07,-7.39399886290901e-07,0
6517339.60488242,0,1.07096725633249e-05,1.64480087721147e-06,1.20584014538859e-05,3.8836280840013e-06,1.4499407198217e-05,5.80059734384573e-06,1.72980012638133e-05,9.92882377143982e-06,1.88961390084011e-05,1.59992510123695e-05,2.13724252557552e-05,2.22443242639335e-05,2.59698130625604e-05,2.87731632892792e-05,3.24924235355093e-05,3.63776640304904e-05,4.07822419823291e-05,4.56354075073485e-05,5.10149763149295e-05,5.69678747392654e-05,6.35371575040715e-05,7.07957981883654e-05,7.87850835794915e-05,8.7595738617565e-05,9.72689826061457e-05,0.000107913120209565,0.000119573247563251,0.000132380884354383,0.000146370515715991,0.000161706954655422,0.00017842036972901,0.000196698058122424,0.000216590029609259,0.000238286827224762,0.000261849360792158,0.000287475728004832,0.000315258158984053,0.000345413069702934,0.000378042048721694,0.000413370581138199,0.000451527511309937,0.00049274643183259,0.000537177938638287,0.00058506525583615,0.000636588673636614,0.000691996898798488,0.000751522788810112,0.000815410153108713,0.000883926523531513,0.000957298871630215,0.00103586318569774,0.00111984128929005,0.00120964285027971,0.00130545356092354,0.0014077786261502,0.00151676528369057,0.00163301624140341,0.0017566356773847,0.00188836336955708,0.00202824803791559,0.00217721577284248,0.0023352435927356,0.00250341641231075,0.00268161547322988,0.00287114278475703,0.00307182191448086,0.00328523443858723,0.00351100619187721,0.0037509883956868,0.00400485455807731,0.00427475077202318,0.00455998169404587,0.00486329452817243,0.00518390584333071,0.00552462440374264,0.005885069582095,0.00626782293585835,0.00667308149908831,0.00710321223861364,0.00755887475696988,0.00804238120617884,0.00855479752090426,0.00909846298426344,0.00967482136601857,0.0102862335674985,0.010934597118445,0.0116223275416549,0.0123517397674808,0.013125311329513,0.0139459086477616,0.0148160211646384,0.0157390583713262,0.0167174949366783,0.0177554042748456,0.0188552495725279,0.0200217463961831,0.0212573736021102,0.0225676289818336,0.0239548662343763,0.0254253508610367,0.0269813516775407,0.0286299646871984,0.0303732861795011,0.0322194337771966,0.0341701416065282,0.0362345135052113,0.0384138975595009,0.0407183577734875,0.0431487958329581,0.0457163372663278,0.0484210742694246,0.0512753131337337,0.054278065863899,0.0574427657874792,0.0607667971665174,0.0642649129862696,0.0679329630782497,0.0717853304767686,0.0758178757785083,0.0800427477683533,0.0844561529527146,0.0890671689611411,0.0938720287473335,0.0988760981844734,0.104074777915602,0.109469385127282,0.115053096013023,0.120822588556651,0.126767724056193,0.132879139754581,0.13914262803806,0.14554150699465,0.152056188835,0.158661108814711,0.165330287964939,0.172027317637592,0.178718709550215,0.185355869675048,0.191896468521317,0.198278074618082,0.204449928730952,0.21033405752332,0.215871911399846,0.220969870926554,0.225562794020785,0.22954328358149,0.232844525648887,0.235347754582344,0.236989470147394,0.237646392284942,0.237271120963694,0.235743092362144,0.233040831538247,0.229055847931284,0.223815660461913,0.217239055415714,0.209414655651164,0.200297763363048,0.190059365004531,0.178701980564186,0.166473731885447,0.153445656659827,0.139917696976929,0.126026142814997,0.112097497272501,0.0983073489707526,0.0849701864939324,0.0722556995809937,0.0604205473405136,0.0495892746421391,0.0399173942326907,0.0314552774860617,0.0242360137230449,0.0182307788220059,0.0133557650705682,0.00952771553081039,0.00658255085721545,0.0044215226759857,0.00285060235110493,0.00179050560119477,0.00106165756932713,0.000621878819706584,0.000330846582349774,0.000181666564812182,8.3088000431492e-05,4.42096183064653e-05,1.56696518740118e-05,8.67000899204405e-06,2.59663719368548e-06,7.15932677689575e-07,1.08204948779496e-06,-8.19361519143563e-07,1.05267754765508e-06,-1.0277014931189e-06,8.76136613020405e-07,-8.68709840164607e-07,4.99658466774194e-07,-7.30438175436841e-07,0
6669919.66303011,0,1.02482199069111e-05,1.57740584900339e-06,1.15401147216521e-05,3.72515169337922e-06,1.3879824458322e-05,5.56620397809619e-06,1.65651989871392e-05,9.52697921810886e-06,1.81068298894635e-05,1.53500629148082e-05,2.04968287605792e-05,2.1347092341674e-05,2.49253818073757e-05,2.76272739754788e-05,3.12079834765638e-05,3.49524555180054e-05,3.91988108275358e-05,4.38804709301759e-05,4.90728033364922e-05,5.48218618155702e-05,6.11701142814555e-05,6.81888569609191e-05,7.59192253494813e-05,8.44499389571267e-05,9.38224681364546e-05,0.000104142881402704,0.000115456911139356,0.000127893499091137,0.000141488725096275,0.00015640420927271,0.000172672556762871,0.000190477922749166,0.000209872773131208,0.000231045281426399,0.000254059132590085,0.000279110905286821,0.000306295570388529,0.000335828689513162,0.000367815213984655,0.000402480695407632,0.000439957568757764,0.000480480672277467,0.00052420462068426,0.000571374825162258,0.000622175851564391,0.000676860112492185,0.000735664630402852,0.000798838402059133,0.000866653140959203,0.000939342413541482,0.00101724571836476,0.00110059276527866,0.00118979597267853,0.00128505007910689,0.00138686166447453,0.00149538824756627,0.0016112329828283,0.00173451060772558,0.00186595982611384,0.00200564019685155,0.00215447452659589,0.00231245000530575,0.00248064657243131,0.00265895364606519,0.0028486680955127,0.00304962039596102,0.00326338546738795,0.00348959113525513,0.00373008195606333,0.00398452972491472,0.0042550739099592,0.00454100853280912,0.00484508043616062,0.00516648986404499,0.00550804799751824,0.00586935191301507,0.00625298427576051,0.00665911893801293,0.00709013062845154,0.00754665555687465,0.00803101815334457,0.00854425936186247,0.0090887263030512,0.00966583829655586,0.0102779679399042,0.0109270013357514,0.0116153591497301,0.0123453363940443,0.0131193997829954,0.0139404065756233,0.014810835585633,0.0157340984312908,0.0167126639038398,0.0177506206911575,0.0188504172743811,0.020016786054381,0.02125215614735,0.0225620347223254,0.0239487471699219,0.0254186024565177,0.0269738502651086,0.0286216437304576,0.0303639917920901,0.0322090407192795,0.0341584989278745,0.0362215078707648,0.0383993986139799,0.0407022855643736,0.0431309824938617,0.0456967132662547,0.0483994386544213,0.0512515042924905,0.0542518347413663,0.0574139475508752,0.0607351329250591,0.0642301906859497,0.0678949366517439,0.0717437986238448,0.0757725376447723,0.0799933339891313,0.0844024017496421,0.0890087202684267,0.0938086008935706,0.098807326935309,0.10400025565063,0.109388687268541,0.11496577260132,0.120728163511436,0.126665777622597,0.132769330070327,0.139024508683566,0.145414612249298,0.151920036911503,0.158515107032213,0.165173842684311,0.171859958139821,0.178539878711026,0.185164871053743,0.19169291158848,0.198061167558471,0.204219034538917,0.21008879560662,0.215611497699508,0.220694019277534,0.225270929267644,0.229235138677196,0.23251961355811,0.235006175882575,0.236631108113042,0.237271349525594,0.236880011376756,0.235336520802132,0.23261963107952,0.228621833339238,0.223370031315413,0.216784240696135,0.208952803172353,0.199831834980597,0.189592290123612,0.178237555351027,0.166015142018717,0.152996964049822,0.139482303433011,0.125608128004005,0.111700328807973,0.0979342471840507,0.0846242203882684,0.0719392139918308,0.0601356136030617,0.0493367115976711,0.0396976740596595,0.0312677401821812,0.0240793119772017,0.0181029282611784,0.0132538723089772,0.00944864862545262,0.00652273930191827,0.00437778395544223,0.00281960157285552,0.00176934316856105,0.00104766826118534,0.000613019006583858,0.000325489317828476,0.000178555282732092,8.14176046087185e-05,4.33104718612918e-05,1.52490029306434e-05,8.44971513318431e-06,2.53618188290384e-06,6.59088501964731e-07,1.08036728024795e-06,-8.27672364441622e-07,1.04507200938001e-06,-1.02115079609941e-06,8.64311562860804e-07,-8.59181091517372e-07,4.94149725500125e-07,-7.21318171645004e-07,0
6826071.83427239,0,9.80598411550926e-06,1.5126637215166e-06,1.10442189561759e-05,3.57162190794095e-06,1.32856365418957e-05,5.34145132014209e-06,1.5860738968237e-05,9.13996935337194e-06,1.73487869480008e-05,1.47235725236413e-05,1.96544344719946e-05,2.04814563855445e-05,2.39180531453041e-05,2.65208570718297e-05,2.9966900913727e-05,3.3574237609948e-05,3.76662284450572e-05,4.21803947930005e-05,4.71895694154428e-05,5.27389595507511e-05,5.88703654895077e-05,6.56533961685087e-05,7.31289187114195e-05,8.13836000545359e-05,9.04590369807689e-05,0.000100459013764704,0.000111429723085321,0.00012349746659128,0.00013669970769523,0.000151194789043886,0.000167017499296437,0.000184348691717163,0.000203242961199467,0.000223885990565533,0.000246344021713429,0.000270811900854401,0.000297386969129917,0.000326283623201845,0.000357609877017764,0.000391591105290543,0.000428363027309481,0.000468161403159977,0.000511144568459967,0.000557559805478649,0.000607595777343949,0.000661508412516693,0.000719538708359047,0.000781940554707962,0.000848989778776004,0.000920926567840519,0.000998093974261251,0.00108072948201014,0.00116924846225183,0.00126385528180036,0.0013650583462996,0.00147302578958915,0.00158836147539194,0.00171119117214363,0.0018422524044029,0.0019816166905154,0.00213020469935335,0.00228801587450827,0.00245612694793022,0.00263443795856617,0.00282423949533257,0.00302536899007971,0.00323939358593172,0.0034659453671043,0.00370686093454526,0.00396181206534678,0.00423293514806491,0.00451952332745985,0.00482432301856443,0.00514651901265284,0.00548891968100781,0.00585110033966383,0.00623564131773602,0.00664269495360661,0.00707464788715131,0.00753211669839444,0.00801743321705665,0.00853160527992629,0.00907697390664508,0.00965492673165306,0.0102678448707028,0.0109176034332397,0.0116066372605307,0.0123372319928404,0.0131118494683039,0.0139333366561048,0.0148041632886822,0.0157277271915269,0.0167064717130397,0.0177444930675677,0.0188442378342652,0.0200104763072296,0.0212456252293044,0.0225552076828869,0.0239414911283985,0.0254108175138711,0.0269654032862934,0.0286124411626528,0.0303539022056629,0.0321979868954381,0.034146331559069,0.0362081112057348,0.0383845763715002,0.0406858903346683,0.0431127973881381,0.045676585687141,0.048377146822071,0.0512269043984359,0.054224724857293,0.0573841850789543,0.0607024309138395,0.0641943953791177,0.0678557345690869,0.071700994152773,0.0757258861885503,0.0799425835177951,0.08434723094639,0.0889488523274986,0.0937437479078057,0.0987371623897341,0.10392443613257,0.109306823084922,0.114877414090399,0.120632926715605,0.126563154063401,0.132658872674743,0.13890568325456,0.145286860500223,0.151782864276414,0.158367962563896,0.165016280650734,0.17169134472462,0.178359715289323,0.184972488461721,0.191487867322166,0.197842821074957,0.20398702952051,0.209842542301517,0.215350759301215,0.220418299969288,0.224980133056978,0.228929092943468,0.232198297048675,0.234669771696404,0.236279796749785,0.236905524892578,0.236500160263813,0.234943396414036,0.23221378263182,0.228204490328273,0.222942121461389,0.216347524453512,0.208508907392469,0.199383355408987,0.189141647322417,0.177787985039292,0.165569945204283,0.15256000919947,0.139057384693514,0.125199094700957,0.111310839254028,0.0975680641865035,0.0842844884301869,0.0716286743969737,0.0598561037809172,0.0490893533096852,0.0394826085642487,0.0310844907611824,0.0239264298322428,0.0179783042297996,0.0131546771924176,0.00937185543896434,0.00646503604053249,0.00433556752873422,0.00278973322576846,0.00174889647341109,0.00103421370033313,0.000604408629620766,0.000320350537681489,0.00017555451552186,7.97793708367309e-05,4.24115003971949e-05,1.48634109185209e-05,8.21549594398275e-06,2.46916860201987e-06,6.09528780932083e-07,1.07342689162316e-06,-8.36548202649621e-07,1.03863842788278e-06,-1.01545232408418e-06,8.52674703836268e-07,-8.49336430203174e-07,4.88695665815223e-07,-7.12187106932999e-07,0
6985879.74678525,0,9.38180083529124e-06,1.45027326195204e-06,1.0568196239835e-05,3.42405395518749e-06,1.27152783973869e-05,5.12445743528717e-06,1.518454087593e-05,8.7667431931163e-06,1.66199609834714e-05,1.4119955980534e-05,1.884326570447e-05,1.96469217173796e-05,2.29467830058226e-05,2.54530897040551e-05,2.87685979379582e-05,3.22424938696824e-05,3.61843217593039e-05,4.05352488894962e-05,4.53657322343275e-05,5.07200232830536e-05,5.66392046323336e-05,6.31911610440174e-05,7.04164176425049e-05,7.83995685075206e-05,8.71822206125779e-05,9.6865821340135e-05,0.000107496829660764,0.000119198817690108,0.000132010411855328,0.000146086620779469,0.000161464132709351,0.000178320424734759,0.000196712018530321,0.000216821930630456,0.000238718546902155,0.000262594719455589,0.000288549817428704,0.000316796879320792,0.000347446696073043,0.000380724120721335,0.000416767768744065,0.000455813903920371,0.00049802427986743,0.000543647909269789,0.000592877170528624,0.000645970878453181,0.00070317372632887,0.000764744258642273,0.000830962121042466,0.000902073805025147,0.000978425925370009,0.00106026383907809,0.00114800597546122,0.00124186657171679,0.00134235620579232,0.00144965388481014,0.00156436424323721,0.00168662474324398,0.00181717230767092,0.00195609155093598,0.00210430137043669,0.00226181418968337,0.00242970191781899,0.00260787494724241,0.00279761840375097,0.00299878150128242,0.00321292515083764,0.00343968817046409,0.00368090107194815,0.0039362410760942,0.00420783453787036,0.00449496596260745,0.00480037539788051,0.00512323925884645,0.0054663683198574,0.00582932698951616,0.00621470221834559,0.0066226260115665,0.00705548152614206,0.00751385185490349,0.00800007168494203,0.0085151297442842,0.00906138677119977,0.00964021116812277,0.0102539890430695,0.0109045620310917,0.0115943527051245,0.0123256193168844,0.0131008249837435,0.0139228146603191,0.0147940647260845,0.0157179768162009,0.0166969962330888,0.0177352312433008,0.018835092802842,0.0200013388570254,0.0212363438781143,0.0225456757367893,0.0239315809266886,0.0254004463031309,0.0269544352028782,0.0286007666763936,0.0303413534845845,0.0321844364004926,0.0341315949529858,0.0361921072793672,0.0383671410290335,0.0406669061542305,0.043092061191241,0.0456539612599033,0.0483523949273544,0.0511998457731263,0.0541951100134673,0.057351842068428,0.0606671060355025,0.0641559188224634,0.0678138423300538,0.0716555030138164,0.0756764514466109,0.0798889470038159,0.0842891279945635,0.0888860005281755,0.093675817104943,0.0986637899971342,0.103845297177144,0.109221560685219,0.114785700533347,0.120534280407624,0.126457241318072,0.132545179851609,0.138783728570045,0.145156038616067,0.151642693175934,0.158217847909504,0.164855564364425,0.171519731219344,0.178176326082071,0.184776940472531,0.191279499789283,0.197621141539686,0.203751505433484,0.209592741488645,0.215086062367602,0.220138352456473,0.22468424019378,0.228617128394611,0.231869821682002,0.234324789633659,0.235918092003791,0.236527597963021,0.236106149855675,0.234534260043917,0.231790375943639,0.227768412057675,0.222494999723945,0.215891420548924,0.2080459870311,0.198916197003226,0.188673011888028,0.177321303056989,0.165108492044621,0.152107581413009,0.138617802933688,0.124776477289792,0.110909018837619,0.0971906477800886,0.0839346256629067,0.0713089808392804,0.059568528258143,0.0488352185038984,0.0392621088273796,0.0308969264212798,0.0237700102056677,0.0178508757864922,0.0130533794556129,0.00929340520452053,0.00640591255438161,0.00429244850494225,0.00275925798657226,0.00172807658633237,0.00102054937633657,0.000595745520820377,0.000315126103059475,0.000172490039292936,7.8166838601053e-05,4.15163203259273e-05,1.44648550322697e-05,7.99625871383206e-06,2.40979766645681e-06,5.54504264583342e-07,1.07308549767649e-06,-8.45709154911814e-07,1.03095554936223e-06,-1.00770375387106e-06,8.40088625489382e-07,-8.38950188856321e-07,4.83409015543479e-07,-7.03387124512611e-07,0
7149428.98659758,0,8.97343533617177e-06,1.38980772018931e-06,1.0109364334588e-05,3.28192399724871e-06,1.21657183618528e-05,4.91382620526386e-06,1.45334558988142e-05,8.40531287188589e-06,1.59165983722797e-05,1.35365615465368e-05,1.80591370267355e-05,1.88398321446077e-05,2.2006928424063e-05,2.44193033824193e-05,2.76077668785987e-05,3.09515893844729e-05,3.47469285296337e-05,3.89384134334128e-05,4.35941711143598e-05,4.87574711329809e-05,5.44686350704685e-05,6.07938081948558e-05,6.77731144462241e-05,7.54890490399661e-05,8.39831027876781e-05,9.33543533911465e-05,0.000103649408037261,0.000114989068220047,0.0001274129445274,0.00014107265322473,0.00015600652710641,0.000172388561388666,0.000190276880163007,0.000209851649241352,0.000231183143771162,0.000254462087551112,0.000279789607338745,0.000307377074913552,0.000337337654125156,0.000369895407954574,0.000405191546711352,0.000443462605915512,0.000484873406896254,0.000529674199946382,0.000578060860276525,0.000630295092393327,0.000686625100223071,0.000747313723125341,0.00081264423342594,0.000882869166053573,0.000958338684365432,0.00103930623436849,0.00112619345969069,0.0012192241864535,0.00131891111723275,0.00142544469002786,0.00153943076085438,0.00166101932767048,0.00179094760898865,0.00192931404982265,0.0020770355470147,0.00223413871482685,0.00240169233125205,0.00257962103160842,0.00276920587980654,0.00297030866178521,0.00318448334517597,0.00341137836605234,0.00365281806605299,0.00390848801396574,0.00418050700201661,0.00446815753725479,0.00477417415392927,0.00509772721638324,0.00544162358927032,0.0058054131260194,0.00619168304543064,0.00660054655377222,0.00703438867805622,0.00749376759732801,0.00798102595614301,0.00849712691269782,0.00904443499280685,0.00962428840126596,0.0102390759277958,0.0108906167646271,0.0115813359809987,0.0123134718500007,0.013089485717924,0.0139122066858962,0.0147840972931032,0.0157085554175447,0.0166880178534723,0.0177266020520802,0.0188266948547097,0.019993063836283,0.021228060552658,0.0225372825284568,0.023922937921504,0.0253914507167117,0.0269449424433583,0.0285906762419611,0.0303304838772937,0.0321726732939468,0.034118770267539,0.0361780952183441,0.0383517376647302,0.0406499926459083,0.0430734497912838,0.0456335495680473,0.0483299793399139,0.051175287874351,0.0541681838827448,0.0573223753932571,0.0606348182450652,0.0641206518964472,0.0677752533171894,0.0716133568566967,0.0756304783529981,0.0798388975788315,0.0842346736352852,0.0888268050421579,0.0936115159277901,0.0985939918331444,0.10376959728589,0.109139549238819,0.114696993090176,0.120438481460734,0.126353850693668,0.132433695682961,0.138663712222343,0.145027085528329,0.151504229608949,0.158069400813998,0.164696630238229,0.171349531180069,0.177994534784648,0.184582915032405,0.19107272623269,0.197401099611356,0.20351759710421,0.209344564198585,0.214823006517773,0.219860188647195,0.22439068430317,0.22830789915856,0.231544863470897,0.233984017906892,0.235561580235603,0.236155706567997,0.235719209900628,0.234132887418392,0.23137549698012,0.227341113948891,0.222056483501279,0.215443953459824,0.207591037117646,0.198457007083909,0.188211901719624,0.176861710089912,0.164653622807207,0.151660995702949,0.13818325381352,0.124357896769901,0.110510113591108,0.0968150378662209,0.0835854637983287,0.0709889456749663,0.0592799049200697,0.0485788952329983,0.0390389502246435,0.030706188962783,0.023610853977505,0.017720910451592,0.0129501249208908,0.00921315090192973,0.00634547511710167,0.004248176733448,0.0027280794820688,0.00170676706740121,0.00100658346600519,0.000586887942581117,0.000309831477494838,0.000169400509930823,7.65480304011025e-05,4.06455526632398e-05,1.40540688326755e-05,7.79230670386247e-06,2.35356459213633e-06,5.02260428862301e-07,1.07101721452632e-06,-8.51103819691625e-07,1.02163156964837e-06,-9.99498061816851e-07,8.27926609524454e-07,-8.28698523869455e-07,4.78478934303608e-07,-6.94539210305428e-07,0
7316807.14342719,0,8.58529083854895e-06,1.33225730877177e-06,9.67341828976896e-06,3.1450650255556e-06,1.1643432768799e-05,4.71233051586208e-06,1.3912347355913e-05,8.05998718208327e-06,1.52450452136474e-05,1.29779901337712e-05,1.73094753123934e-05,1.80664555828427e-05,2.11065268918525e-05,2.34276555541603e-05,2.64936033284409e-05,2.97114611581848e-05,3.33649608794926e-05,3.74018154405609e-05,4.18879162793026e-05,4.68655143826708e-05,5.23741589039518e-05,5.84782485292379e-05,6.52173983438188e-05,7.26719906303092e-05,8.08833208553904e-05,8.99480673844513e-05,9.99128516175784e-05,0.000110895678067787,0.000122936909652837,0.000136184722748626,0.000150678917075726,0.000166589930156622,0.000183977221256305,0.000203018007432057,0.00022378419047408,0.000246464115720224,0.000271160327457625,0.000298082342833315,0.000327345413956971,0.000359172486271522,0.000393706995605029,0.000431185385198774,0.000471775189654175,0.000515727630217274,0.000563241708962659,0.000614581402697115,0.000669998038291815,0.000729758508600166,0.000794149643775084,0.000863429911227978,0.000937952752939922,0.00101797910346875,0.00110393373227329,0.00119605042593096,0.00129484434292253,0.00140051750674932,0.00151367715400953,0.00163448591771612,0.00176368137026344,0.00190137714226343,0.00204848941088319,0.0022050607322442,0.00237215721018938,0.00254971836874996,0.00273902042407035,0.0029399395525441,0.00315402375389358,0.00338093457844566,0.00362248881572571,0.00387838064727714,0.0041507214136473,0.00443879834736328,0.00474533893972187,0.00506951092553559,0.00541411843834799,0.00577870107794228,0.00616584219559604,0.00657563777051204,0.00701047640855069,0.00747089166044581,0.00795922834140639,0.00847642301972129,0.00902484424985807,0.00960580071466186,0.0102216857718076,0.0108742934728471,0.0115660490010303,0.0122991672257305,0.0130761069790473,0.0138996866111391,0.0147723667403664,0.0156975339122734,0.0166776052134631,0.0177166975630969,0.0188171824617736,0.0199838504272412,0.0212190265875617,0.0225283242126055,0.023913906780145,0.0253822402631567,0.0269353974657345,0.0285806925778373,0.0303198998311574,0.0321613898911845,0.0341066084486076,0.036164938550575,0.0383373864083413,0.0406343118567719,0.0430562158142852,0.0456146124643259,0.0483090678800258,0.0511522258535607,0.0541427080944273,0.0572942722851032,0.0606037617989227,0.0640864886552841,0.06773766360659,0.0715721328590547,0.0755853516157875,0.079789709203652,0.0841812030340907,0.0887688453791781,0.093548853690627,0.0985262964156766,0.103696626765675,0.109060949567639,0.114612452729698,0.120347605718084,0.126256242622544,0.132328980878382,0.138551489369904,0.144906727174222,0.15137512925617,0.157931082523671,0.164548419263439,0.17119077010913,0.177824776100258,0.184401363279598,0.190878740082506,0.197194038719107,0.203296661092093,0.209109417246873,0.214573119555995,0.219595016458937,0.224109662448532,0.228010670661928,0.231231315621085,0.233654099997835,0.235215338610782,0.235793286613432,0.235341117134891,0.233739906613149,0.230968360118416,0.226921513671623,0.221625670471964,0.21500348528644,0.207143810435323,0.198004697244528,0.187758282738645,0.176409273285277,0.164206474398439,0.15122275320505,0.137757682551546,0.12394903444894,0.110121449228077,0.0964503932483363,0.0832473595773284,0.0706805813471174,0.0590023763541233,0.0483338099114978,0.0388261870888685,0.0305253051125894,0.0234602211716992,0.0175982377746235,0.0128525641925725,0.00913777331313926,0.00628887092741984,0.00420688136934869,0.00269886727996103,0.00168677330424558,0.00099346218972729,0.000578544242157927,0.000304822144979256,0.000166486603958618,7.49772831000293e-05,3.97824889199822e-05,1.36721444568024e-05,7.58036749268138e-06,2.28959224396488e-06,4.51454086616947e-07,1.06852117333851e-06,-8.59399753722707e-07,1.01277948908443e-06,-9.90496298831801e-07,8.14745146099985e-07,-8.17596433886741e-07,4.73389625393227e-07,-6.8587673018167e-07,0
7488103.85759003,0,8.20962057906275e-06,1.27656179672584e-06,9.25126507413959e-06,3.01299466511131e-06,1.11378552012492e-05,4.51731526652783e-06,1.33113299351531e-05,7.72589347661103e-06,1.45949312940399e-05,1.24373879014041e-05,1.65836497241068e-05,1.73174453794431e-05,2.0234371060759e-05,2.24666824848521e-05,2.54135996276674e-05,2.85088016212442e-05,3.20241440125126e-05,3.59102000297147e-05,4.02307047962133e-05,4.50268514254075e-05,5.03373636660451e-05,5.62248822035178e-05,6.27284744574384e-05,6.99264060722284e-05,7.78596672461906e-05,8.66225115083217e-05,9.62614281256166e-05,0.000106891593583975,0.000118553992784102,0.000131393311273924,0.0001454505028142,0.000160892366162714,0.00017777951968373,0.000196286102725737,0.000216485302255603,0.000238562910694707,0.000262622612422458,0.000288871784501868,0.000317427385821581,0.000348511006561416,0.000382267973464035,0.000418934258323579,0.000458679725508364,0.000501756180332099,0.00054836537720981,0.000598773258159239,0.000653233980492316,0.000712018078455405,0.00077541558211659,0.000843690426899951,0.000917199137323411,0.000996210036874885,0.00108115084221848,0.00117226488093063,0.00127006949031463,0.00137477827792574,0.00148700038619633,0.00160691195472424,0.00173525097655616,0.00187214605768422,0.00201851258325467,0.00217440995970412,0.00234090191564029,0.00251794445036614,0.0027068101396157,0.00290739211496546,0.00312123244930109,0.00334800725440271,0.00358952626501428,0.00384549642140027,0.00411802181414338,0.00440639650862069,0.00471334061902824,0.0050380240518081,0.00538324535672847,0.00574853694429514,0.00613648080801097,0.00654715870373971,0.00698296044252004,0.00744439734315454,0.00793381781025876,0.00845213137122156,0.00900170864895206,0.00958382891011761,0.0102008904088374,0.0108546627762654,0.0115475702406323,0.0122818009365324,0.0130598096710614,0.013884398387645,0.0147580155526475,0.0156840361321958,0.0166648604901948,0.0177046089140697,0.0188056293540237,0.01997271754717,0.0212081620063983,0.0225176018696805,0.0239031613153977,0.0253713447131513,0.0269241723325532,0.0285690038737355,0.030307557404771,0.0321482789864018,0.0340925449336538,0.0361498221490978,0.0383210354047343,0.040616638539043,0.0430370565735171,0.0455939069037627,0.0482866440662846,0.0511280076256797,0.0541165085343148,0.0572659989861178,0.060573180054893,0.064053466289547,0.0677018866700339,0.0715334122940015,0.0755433228477344,0.0797439794788251,0.0841313495898871,0.0887144297319434,0.0934894240493532,0.0984614232434924,0.103625839166438,0.108983796130645,0.114528409977967,0.120256158229099,0.126156958220815,0.132221315005075,0.138434908575999,0.144780887702836,0.151239651082581,0.157785381670737,0.164392117206296,0.171023446136596,0.177645825123839,0.184210434023947,0.190675289293404,0.196977708129255,0.203067006956312,0.208865872344966,0.214315159579193,0.219322401758953,0.223822094557978,0.227708089049856,0.230913114431842,0.233320567450162,0.234866204373433,0.235429250642214,0.234962048226721,0.233346883349411,0.230561734161786,0.226502754477544,0.221195635204269,0.214565067010418,0.206697489902521,0.197554788261154,0.187305686428656,0.17595908902842,0.163760370035198,0.150785847553089,0.137332687026426,0.123540754931462,0.109732867438342,0.0960854946470783,0.0829092198618239,0.0703714100660753,0.0587243213277058,0.0480878216822784,0.0386125006100798,0.0303432295761969,0.0233083722188848,0.0174743430956984,0.0127540873251822,0.00906129687101974,0.00623131846833678,0.00416474015157149,0.00266909705921502,0.00166641745500554,0.000980117387050783,0.000569983328891183,0.00029973088950209,0.000163472199037606,7.3408645972647e-05,3.89023251213378e-05,1.32944689129845e-05,7.35855882815633e-06,2.23720418215045e-06,3.99673606298542e-07,1.06467626163759e-06,-8.64894327715031e-07,1.00315112866771e-06,-9.81681508994398e-07,8.02308033132916e-07,-8.06899741040765e-07,4.6875609835358e-07,-6.77333363716181e-07,0
7663410.86800746,0,7.85168787927749e-06,1.22290739128625e-06,8.84915296582323e-06,2.88662979894158e-06,1.06550814926508e-05,4.33009377552435e-06,1.27383395558047e-05,7.40402143422129e-06,1.39742270956425e-05,1.19183912578819e-05,1.58881317862319e-05,1.65988756042312e-05,1.93969237829839e-05,2.15436028865717e-05,2.43751907131001e-05,2.73517573998791e-05,3.07331302418298e-05,3.44728968745274e-05,3.86325231348458e-05,4.32521963407246e-05,4.83697713616509e-05,5.40461409623729e-05,6.03197614383298e-05,6.726676418499e-05,7.49277442633306e-05,8.33945201420735e-05,9.27133574411175e-05,0.000102996560633029,0.000114285541551372,0.000126721466805845,0.00014034629943767,0.000155323141292442,0.000171713420338553,0.000189688043154219,0.000209321288164688,0.000230796248916625,0.000254217426483443,0.000279789821206337,0.000307631795845123,0.000337963270948443,0.000370931080746728,0.00040677044343714,0.000445653174360047,0.000487831225761031,0.000533508737594738,0.000582953240992984,0.000636421300288574,0.000694186629295343,0.00075654208051441,0.000823756687453149,0.000896189744320777,0.000974116647036192,0.00105796790866883,0.00114799634503115,0.00124472155241791,0.00134836874972862,0.00145954847350815,0.00157845023756922,0.00170581296511652,0.00184178159363217,0.00198727105096297,0.0021423581197486,0.00230810437375782,0.00248448427583981,0.00267276673307528,0.00287286288950441,0.00308630915034728,0.00331280042538043,0.00355414032159063,0.00381005040525187,0.0040826260403719,0.00437117238478249,0.00467840039735434,0.00500348499263687,0.00534921964393357,0.00571513426532693,0.00610380725392985,0.00651530694368317,0.00695202380676583,0.00741444669029572,0.00790492611278068,0.00842434797456524,0.00897508629696525,0.00955839437997365,0.0101766748725515,0.0108316683354303,0.0115257956492483,0.0122612171246745,0.0130403835427975,0.01386607928856,0.0147407490230391,0.0156677555869456,0.0166494842463039,0.0176900530251104,0.0187917873429867,0.0199594912625895,0.0211954286131205,0.0225052612133514,0.0238910665637088,0.0253593921840926,0.0269121971413826,0.0285568848300041,0.0302950972676584,0.0321353374948843,0.0340788976844533,0.036135320709733,0.038305411042453,0.0405996999892836,0.0430185084852329,0.0455735439096431,0.0482641372146641,0.0511031437581412,0.0540889685360218,0.0572355958868965,0.0605395612872716,0.0640164895513483,0.0676612238282434,0.0714888488054608,0.0754945710522036,0.0796908026224043,0.0840734919886174,0.0886516194622446,0.0934214414916024,0.0983879155611972,0.103546491615634,0.108898243171803,0.114436240284293,0.120156992122931,0.126050331418294,0.132106771835448,0.138311997149363,0.144649039397384,0.151098288605909,0.157633896104484,0.164229983487046,0.170849970563739,0.17746043669253,0.18401248794766,0.190464204798639,0.196752841874566,0.202827865657978,0.208611758519928,0.214045777792334,0.219037065034018,0.223520475394247,0.227389696443841,0.230577944222079,0.232968170243192,0.234496760920457,0.23504273695701,0.234559122085656,0.232927788117739,0.230127701008839,0.226054875227325,0.220735684081511,0.214094549288414,0.206219062413276,0.197070577844774,0.18681940530622,0.175473507859774,0.163280153548835,0.150314236388131,0.136874445435505,0.123099761502611,0.10931335807764,0.0956911281260659,0.0825433815713247,0.0700371291448433,0.0584234304252827,0.0478218624478279,0.0383813731008254,0.0301467389243052,0.023144437633166,0.0173410537551062,0.0126481376886972,0.00897957654412875,0.00616994653316455,0.00412018831425848,0.0026377578953229,0.0016451479921342,0.000966182982555724,0.000561250436170128,0.000294526803943171,0.000160491651748103,7.18095426622256e-05,3.80524778102368e-05,1.29175154581033e-05,7.15681256387332e-06,2.17881280225865e-06,3.53103474656935e-07,1.06197579717917e-06,-8.70569741301999e-07,9.93275614821369e-07,-9.71950498892713e-07,7.89497331359976e-07,-7.95815099119437e-07,4.64263628589806e-07,-6.69081635624788e-07,0
7842822.06133768,0,7.50864442677438e-06,1.17161503822307e-06,8.46288008619774e-06,2.7649276459939e-06,1.01930603097911e-05,4.14893063625792e-06,1.21881029648674e-05,7.09545720653999e-06,1.33764581784101e-05,1.1419846058363e-05,1.52187282505753e-05,1.59069679933514e-05,1.85905810176126e-05,2.0653884352405e-05,2.3374123130526e-05,2.62354695830209e-05,2.94869602389964e-05,3.30846079406342e-05,3.70878525340492e-05,4.15357799811806e-05,4.64653942841777e-05,5.19358305032459e-05,5.79848745368352e-05,6.46865362432296e-05,7.20809482788203e-05,8.02574754870839e-05,8.92620521956816e-05,9.92041107906431e-05,0.000110125332893315,0.000122163342962007,0.000135360876970642,0.000149877261523332,0.000165774585409199,0.000183220457604463,0.000202289940496175,0.000223163210615727,0.000245945357177695,0.000270838815366996,0.00029796295441347,0.000327535702994462,0.000359705058533495,0.000394705148160822,0.000432709405181203,0.000473969581481997,0.000518691716152262,0.000567144394236901,0.00061958618142982,0.000676293541463372,0.000737561807992178,0.000803664684762487,0.000874963869903608,0.000951741244644754,0.00103442968932547,0.00112329107927314,0.00121884697630433,0.00132133409358562,0.00143136469006909,0.00154914179930376,0.00167540509599726,0.00181031564579354,0.00195478776624537,0.00210891674502943,0.00227376281295725,0.00244931970350023,0.0026368532540041,0.00283629501842716,0.00304917601115191,0.00327521011813805,0.00351619416762936,0.00377186886683353,0.00404432247911111,0.00433287436350465,0.00464022670226332,0.00496556492576233,0.00531167548955698,0.00567808796569138,0.00606737752604001,0.00647960562094949,0.00691716406538276,0.00738052414339116,0.00787204050116279,0.0083925745408648,0.00894450052325626,0.00952904199216477,0.0101486024242737,0.010804896567593,0.0115003452934527,0.0122370817366088,0.0130175528438718,0.0138445215030516,0.0147204180772982,0.0156485859544356,0.0166313967971388,0.0176729665091065,0.0187755968223057,0.0199440963625896,0.0211806909275878,0.0224910625998321,0.0238772437758753,0.0253458128662417,0.0268986817302377,0.028543295175292,0.0302812269441792,0.0321210479852813,0.0340639798766313,0.0361196468052385,0.0382887738308949,0.0405819821386376,0.0429995041345026,0.0455531748153373,0.048242187038289,0.0510795103148949,0.0540634379629658,0.0572080393497237,0.060509734782111,0.063984289142563,0.0676263419437668,0.0714511588541789,0.0754537752423455,0.0796466500392378,0.0840256462420548,0.0885997925760989,0.0933652464678303,0.0983269991461122,0.103480466287861,0.10882670367719,0.1143587672693,0.120073062054878,0.125959513305357,0.132008526512961,0.138205782816512,0.144534349524174,0.150974719647823,0.157500803331455,0.16408674928179,0.170696037324473,0.177295217671153,0.183835426572563,0.1902747883134,0.196550429945987,0.202611969142872,0.208381799797364,0.213801306874982,0.218777643769144,0.22324589235416,0.227099673486269,0.230272225287085,0.232646961992752,0.234160126008016,0.234691148069067,0.234192718108214,0.232547637020758,0.229734521214613,0.225649729491221,0.220320184611996,0.213670285582131,0.205787993344769,0.196635343267372,0.186382222147152,0.175037747424064,0.162848187162132,0.149890178371514,0.136461166950139,0.122701366908102,0.108933264511949,0.0953329180817906,0.082209868003037,0.0697314830795784,0.058147211570143,0.0475768356089034,0.0381676207414951,0.0299643004601202,0.0229919227403069,0.0172166726419682,0.0125490806774929,0.00890271252587722,0.00611191294404398,0.00407774903433739,0.00260781436065723,0.00162466931297165,0.000952758371490917,0.000552722664946013,0.000289401010921666,0.000157514679730589,7.02485715254212e-05,3.72087752409679e-05,1.25190958964079e-05,6.96424292255696e-06,2.12326970281001e-06,3.01194628077725e-07,1.06304081740516e-06,-8.76357343691511e-07,9.82235682468655e-07,-9.60585537659928e-07,7.75844338288378e-07,-7.84198620895045e-07,4.59724743128556e-07,-6.60704279989767e-07,0
8026433.52225717,0,7.17976992230838e-06,1.12190648803379e-06,8.09384781320335e-06,2.64793736221107e-06,9.74864888252054e-06,3.97627626479171e-06,1.16602894216296e-05,6.79729668794532e-06,1.28044507391683e-05,1.09390340858805e-05,1.45759457236777e-05,1.52411659345376e-05,1.78144826164149e-05,1.97973060069132e-05,2.24095743455387e-05,2.51594939568183e-05,2.82849832857008e-05,3.17447779807612e-05,3.55961208313174e-05,3.987708217009e-05,4.46237465845328e-05,4.98935172842631e-05,5.57234762296871e-05,6.21855073145782e-05,6.93192123047759e-05,7.72115143914802e-05,8.59079031659044e-05,9.55149087704332e-05,0.000106074377553724,0.000117720368129997,0.000130496217968487,0.000144557460001402,0.000159966622257478,0.000176887897398991,0.000195396907244585,0.000215670809007227,0.000237814961382792,0.000262028986358086,0.00028843302600173,0.000317242827468786,0.000348607198209462,0.000382758785731406,0.000419872209346575,0.00046019869301955,0.000503945854875902,0.000551382934624994,0.000602770070581832,0.000658385998812851,0.000718528107249553,0.000783474347011711,0.000853588518447252,0.000929158661712702,0.00101061976832245,0.00109824250865405,0.00119255017983557,0.00129379062670292,0.00140257769867449,0.00151912821244351,0.00164418243988199,0.00177791777722542,0.00192124833629367,0.0020742884043512,0.00223809667769072,0.00241268752828925,0.00259932402435035,0.0027979590259811,0.0030101181804017,0.00323553862985986,0.00347601128881046,0.0037312962739962,0.0040034738763867,0.00429188309484804,0.0045992162192394,0.00492467279846821,0.00527103131647851,0.00563782608780411,0.00602762948731718,0.00644049635620042,0.0068788198848295,0.00734305565659612,0.00783556083945558,0.00835717653892435,0.00891027927189319,0.00949606335519421,0.0101169335282227,0.0107745785130574,0.0114714161400944,0.0122095519595066,0.0129914243501479,0.0138197762166284,0.0146970240944135,0.0156264913161656,0.0166105402174882,0.0176532732160072,0.0187569727549481,0.0199264486289504,0.0211638872335918,0.022474995866468,0.0238617559390081,0.025330781524857,0.0268839298038608,0.0285286962874303,0.0302665803831004,0.0321062189819541,0.0340487415167534,0.0361038719197077,0.0382721996007286,0.0405644383369715,0.0429807026374449,0.0455329294655245,0.0482201547524849,0.0510554980705728,0.054037086778918,0.0571791048201636,0.0604778251803192,0.0639491805627813,0.0675875884642688,0.0714085123259077,0.0754068249616119,0.0795951599736904,0.0839692489801903,0.0885381699635703,0.0932980463973548,0.0982539133074716,0.103401071486135,0.108740716917753,0.114265742411397,0.119972662771481,0.125851347025765,0.131892104139101,0.138080756707046,0.144400084499674,0.1508307262296,0.157346574750897,0.163921839802322,0.170519821600595,0.177107137889608,0.18363490241828,0.190061193870371,0.196323249577391,0.202370619639602,0.208125760272277,0.213529943457612,0.218490636450403,0.222942694392676,0.226779992753267,0.229935888341433,0.232293711130699,0.233790065672949,0.234304448174052,0.23378990669483,0.232129265733774,0.22930133472063,0.22520343179315,0.21986170777577,0.213202121314714,0.205311929544293,0.196154266904858,0.185899141120204,0.174555824011656,0.162371818629795,0.149422444360066,0.136007354308014,0.122264581989599,0.108518488470182,0.0949430531769165,0.0818492086558053,0.0694017025074911,0.0578512801738968,0.0473149774197786,0.037940851539314,0.0297711116056237,0.0228312716612893,0.0170858108932381,0.0124452705139037,0.00882255036074363,0.0060518011409807,0.00403412644795654,0.00257711086047817,0.00160388334240314,0.000939185782958064,0.00054413241808511,0.000284330358562837,0.000154563413969859,6.87113876128277e-05,3.63566858639416e-05,1.2155491523114e-05,6.76111752795025e-06,2.06503079354967e-06,2.55611503120208e-07,1.0588596954571e-06,-8.8201606787061e-07,9.72303874747367e-07,-9.50865465664555e-07,7.63381070501486e-07,-7.73042037891993e-07,4.55519511179032e-07,-6.52761933277024e-07,0
8214343.58491942,0,6.86507471919909e-06,1.0745471488053e-06,7.73961711912204e-06,2.53539040302865e-06,9.32427544599059e-06,3.80908238677895e-06,1.11542267999998e-05,6.51202552135684e-06,1.22541251474948e-05,1.0478018868918e-05,1.3958141200478e-05,1.46010643254383e-05,1.70683954263492e-05,1.89730048446056e-05,2.14812690442746e-05,2.41231928411472e-05,2.71268067324576e-05,3.04529862596187e-05,3.41570310589397e-05,3.82759090188391e-05,4.28448108584239e-05,4.79194083338157e-05,5.35360352009545e-05,5.97644650495244e-05,6.66436976378327e-05,7.42582053536303e-05,8.26529678673241e-05,9.19316318400847e-05,0.000102136039800472,0.000113396686107005,0.000125757337925495,0.000139369662994697,0.000154296392034416,0.00017069822245778,0.000188651123437843,0.00020832906338725,0.00022983742362732,0.000253372830516288,0.00027905582980212,0.000307099656259213,0.00033765355562869,0.000370948421381215,0.000407159722335398,0.000446537698976727,0.000489291045557897,0.000535689170761597,0.000585993344926619,0.000640484097767032,0.000699460456421624,0.000763204030293913,0.000832080129632195,0.000906382243060671,0.000986547017081927,0.00107285334826641,0.00116582586665029,0.00126572317866279,0.00137316028221123,0.00148836726764474,0.001612085068124,0.00174450762920723,0.00188654846158095,0.00203834090038406,0.00220094216211264,0.00237438780718957,0.00255993794655533,0.00275756856960374,0.00296880084778832,0.00319339589801033,0.00343313868387519,0.00368781277410383,0.00395949068903852,0.00424753261136628,0.00455462116980798,0.00487997469154199,0.00522636451020504,0.00559333475406726,0.00598345480075255,0.0063967780622976,0.00683569824970632,0.0073006579533222,0.00779401711111941,0.00831659636200268,0.00887077193207928,0.00945771537283971,0.0100798358457435,0.0107387941285354,0.0114370093724779,0.0121765589574093,0.0129598794858466,0.0137896887190903,0.0146683931431703,0.0155992919131331,0.0165847250956592,0.0176287919091306,0.0187337397326091,0.0199043725812661,0.0211428478699777,0.0224548760961274,0.023842398916883,0.0253120727235283,0.0268656883423111,0.0285107809483011,0.0302487713757262,0.0320883740085627,0.0340306578009154,0.0360854073215341,0.0382531290673245,0.0405446219538646,0.04295989340578,0.0455110100593563,0.0481968598237864,0.0510306598138136,0.0540104307317769,0.057150462701017,0.0604468243581821,0.0639156766352827,0.0675512181155205,0.0713691026191314,0.0753641206155699,0.0795488512908399,0.0839189777472265,0.0884835824912539,0.0932387460271307,0.098189485157225,0.103331205904981,0.108664950120264,0.114183704325072,0.119883892749662,0.125755372746093,0.131788539604518,0.137969052549028,0.144279883894068,0.150701438607979,0.157207591050871,0.163772600942001,0.17035985359713,0.17693601656743,0.183451924663982,0.189865764398695,0.196114761134439,0.202148705455098,0.207889807488382,0.213279602914159,0.218225372722551,0.222661988852252,0.226483594906093,0.2296237092611,0.231965524951764,0.233445668756821,0.233944117295549,0.233413836745844,0.231738203646228,0.228895815400604,0.224784568040342,0.219430943317053,0.212761302026474,0.204862781364013,0.195699447322392,0.185441589588579,0.174098832185561,0.161918686523337,0.148977288619625,0.135573693352274,0.121847342039317,0.108120809354182,0.0945696940456368,0.0815025503126108,0.0690855025444652,0.05756667024276,0.0470640335605908,0.0377231251652283,0.0295865695885049,0.022677825763115,0.0169614909162944,0.0123469892139007,0.00874678928647847,0.00599514442085665,0.00399291217565666,0.00254823135724732,0.0015842448397858,0.000926433538997547,0.000536086249023897,0.000279548308448037,0.000151765590301214,6.72954205216204e-05,3.55620740119782e-05,1.18093534730352e-05,6.57356820940206e-06,2.02309281611261e-06,2.05538593036418e-07,1.05908079762993e-06,-8.84774109162628e-07,9.59272741412891e-07,-9.38525180395143e-07,7.50168982034127e-07,-7.6186240342518e-07,4.51682557116457e-07,-6.44949303083889e-07,0
8406652.88561832,0,6.5666898375419e-06,1.02907800876337e-06,7.40411786745137e-06,2.42843816358229e-06,8.92081308498298e-06,3.64989004524321e-06,1.06743096311258e-05,6.23886040904252e-06,1.17317250828848e-05,1.00382252560139e-05,1.33695585614569e-05,1.39909395304104e-05,1.63563771401185e-05,1.8186328963212e-05,2.05944550620714e-05,2.31327660092671e-05,2.60190696066948e-05,2.92166452861694e-05,3.27787243819022e-05,3.6741252812711e-05,4.11384781140145e-05,4.60243686009463e-05,5.14344835470474e-05,5.74365082450284e-05,6.40687911785251e-05,7.14133809171626e-05,7.95146473053898e-05,8.84733467964316e-05,9.83312131611276e-05,0.000109215179135337,0.000121169265599221,0.000134341313536281,0.000148794102889183,0.000164684756681816,0.000182089353206444,0.00020117857239583,0.000222057583779528,0.000244919846629582,0.000269886052597865,0.000297166752632675,0.000326911370306199,0.000359348720472993,0.000394654662555692,0.000433078093872901,0.000474828486332308,0.000520175061107057,0.000569379722617682,0.000622724158135398,0.000680508499774895,0.000743017489803621,0.000810617631447091,0.000883607553662047,0.000962425139865326,0.00104735693171813,0.0011389286044314,0.0012374091654981,0.00134341436675315,0.00145718722261836,0.00157946901334096,0.0017104701427623,0.00185110345889508,0.00200152180392853,0.00216278124849336,0.00233493950029703,0.00251925406504462,0.00271572456958535,0.00292586721705145,0.0031494696880699,0.00338831112829951,0.00364220062247734,0.00391320368252219,0.00420070690074784,0.0045073819461507,0.00483246883718549,0.00517873099846906,0.00554572515469348,0.00593601634627541,0.00634966081163114,0.0067890545232224,0.00725463196767418,0.00774875761000996,0.00827223783935992,0.00882745263336862,0.00941555048784988,0.0100389415570111,0.0106992610847763,0.0113989248967839,0.012139979213061,0.0129248523067487,0.0137562326410164,0.0146365185279333,0.0155689864848599,0.0165559613016336,0.0176015274010739,0.0187079082854843,0.0198799023356486,0.0211196338022998,0.0224328226170867,0.0238213591947772,0.0252919254718785,0.0268462612139421,0.0284919459466399,0.0302303379090307,0.0320702117573718,0.0340125417122909,0.0360672181731684,0.0382346247914195,0.0405256735287629,0.0429402359449303,0.0454905022899697,0.0481751922075082,0.0510076760538085,0.0539858225961657,0.0571240460777366,0.0604182127578801,0.0638846920662621,0.0675174091425282,0.0713321493342197,0.0753235237931729,0.0795042153978297,0.0838698689666681,0.0884296480568272,0.09317969001993,0.0981248941512619,0.103260712556471,0.108588162290773,0.114100220413956,0.119793332054014,0.125657348167091,0.131682505511497,0.137854571985688,0.144156336132414,0.150568441513094,0.157064714562081,0.163619355172158,0.170195532176745,0.176759962469877,0.183263622310179,0.189664734870108,0.1959003126658,0.201920214766294,0.207646786405205,0.213021278510311,0.217951297802969,0.222371925464248,0.226177096181872,0.229300273885119,0.231625163441145,0.233088597364712,0.233570578671109,0.233024133330445,0.231333106750649,0.228476233351753,0.224352086286697,0.218986770234704,0.212307663787885,0.204401862028967,0.195234046712293,0.184974455289919,0.173633333882297,0.161458413797722,0.148526122920961,0.135135381677378,0.121425829723708,0.107719727848759,0.0941926886654071,0.0811526925280964,0.0687655136910893,0.0572784861877137,0.0468088076364926,0.0375012450160561,0.0293975529368425,0.0225202985608427,0.0168330659173704,0.0122448166247518,0.00866789839975414,0.00593598669248259,0.00394995129003338,0.00251800140619495,0.00156375993378745,0.000913053832257634,0.000527650987031415,0.0002746150723639,0.000148933041228763,6.57769002194305e-05,3.4760129942021e-05,1.14736705645373e-05,6.38311726084835e-06,1.9685129136637e-06,1.68573285840827e-07,1.05458313911844e-06,-8.89451751970362e-07,9.5019070843297e-07,-9.28795357048921e-07,7.3811868147891e-07,-7.50461511715006e-07,4.47522505452803e-07,-6.36946682226832e-07,0
8603464.41668451,0,6.27831006818731e-06,9.85212075199425e-07,7.07945576681519e-06,2.32497425926147e-06,8.53108179562714e-06,3.49542169621687e-06,1.02101952962473e-05,5.97464627015975e-06,1.1226063575812e-05,9.61243366968681e-06,1.2799899489878e-05,1.33997805988686e-05,1.56668311030642e-05,1.74238440022619e-05,1.97348862648786e-05,2.21722802185228e-05,2.49444825255734e-05,2.80167849809987e-05,3.14405165789772e-05,3.52505444422729e-05,3.94801932257979e-05,4.41817356533128e-05,4.9389932488598e-05,5.51703930100465e-05,6.15607656502213e-05,6.86406744071144e-05,7.64538284111055e-05,8.50980983637661e-05,9.46150005664976e-05,0.000105127915442805,0.000116680980621384,0.000129418153748962,0.000143402091024002,0.000158786283852256,0.000175646726501631,0.00019415069158447,0.000214402909335552,0.000236593504883998,0.000260843025608245,0.000287359070568184,0.000316290876518778,0.000347864897335634,0.000382257078783027,0.000419714633045464,0.000460447316967459,0.000504723679449159,0.000552805876917672,0.000604976353954103,0.000661535869530547,0.000722771729952357,0.000789051068137633,0.000860676953534427,0.000938088030437263,0.0010215779583467,0.00111167285159756,0.00120865148100558,0.00131313008982643,0.00142536436093804,0.00154609548660626,0.00167554993400624,0.0018146398111708,0.00196353756225062,0.00212329752400449,0.00229399952076234,0.00247689837631773,0.00267201881723909,0.00288087248793739,0.00310327449965115,0.00334099836002839,0.00359388124254014,0.00386398131839055,0.00415071312625555,0.00445673718316994,0.00478132013725745,0.00512721758350202,0.00549400326363258,0.00588424013525839,0.00629799059473889,0.00673765247246677,0.00720365505172249,0.00769836674606191,0.00822258026097923,0.0087786790641211,0.00936779184789694,0.0099923323373004,0.0106539123877877,0.0113549435733662,0.0120974426191972,0.0128838334259018,0.0137167842224018,0.0145986844175318,0.0155327830156161,0.016521386807975,0.0175685684817922,0.0186765215935536,0.0198500419129004,0.0210912134366514,0.0224057584917589,0.0237955251840882,0.0252672219884327,0.0268225282449285,0.0284690505332547,0.0302080541735434,0.0320483859550817,0.0339909291755092,0.0360456443795421,0.0382127909893556,0.0405033623566115,0.0429171162154388,0.0454663792435671,0.048149707680512,0.0509806169901109,0.0539568296988118,0.0570929179266246,0.0603845663478729,0.0638483605119775,0.0674779717453633,0.0712894627999526,0.0752772899053494,0.0794542207816716,0.0838158620725581,0.0883713352106573,0.0931167145060388,0.0980569121352339,0.103187376325281,0.108509039912811,0.114014874344895,0.119701247755843,0.125558108952424,0.131575603247153,0.137739523425107,0.144032598600087,0.150435379795301,0.156921558770058,0.163465534219607,0.170030548415217,0.176583293974855,0.183074546946763,0.189462456831701,0.195684174182963,0.201689754881838,0.207401302270071,0.212760392487862,0.217674440632663,0.222078457621873,0.225866908841433,0.228972814431343,0.231280524020009,0.23272638672068,0.233191074069457,0.2326277069496,0.230920179859464,0.228047550874323,0.223908973613405,0.218530531705152,0.211840353032558,0.203925517428044,0.194751886158293,0.184489279698179,0.173149070776384,0.160978832023831,0.148055333885595,0.134677742723413,0.120985857614703,0.10730155446961,0.0938002180825023,0.0807892715289725,0.0684340223960078,0.0569808696711154,0.0465462303153417,0.0372737573611878,0.0292044759491734,0.0223599183321673,0.0167031581559165,0.0121422095412474,0.00858893488176067,0.00587684563696259,0.00390708622176152,0.00248803356624719,0.00154349384314053,0.000899953669498256,0.000519435913153224,0.000269772120455729,0.00014613345092306,6.43600276375461e-05,3.39871223260537e-05,1.11367192957685e-05,6.20815765642141e-06,1.92293473889384e-06,1.25300328245305e-07,1.05547881918117e-06,-8.93609726140516e-07,9.38418097685452e-07,-9.16315514203869e-07,7.24959950745696e-07,-7.38954827988586e-07,4.43785338833278e-07,-6.2945015463735e-07,0
8804883.58164346,0,6.00182207059636e-06,9.43054364903864e-07,6.76852643106282e-06,2.22538951927338e-06,8.15714659319139e-06,3.34745191905045e-06,9.7646505130747e-06,5.72069281139743e-06,1.0740929729847e-05,9.20289889332198e-06,1.22527847737214e-05,1.28312913514658e-05,1.50037476641423e-05,1.6690237307351e-05,1.89075272709942e-05,2.12473802400379e-05,2.39092001560159e-05,2.68602403213233e-05,3.01499317755085e-05,3.38120925454454e-05,3.78791129472884e-05,4.24015930005886e-05,4.74134633126297e-05,5.29782773235019e-05,5.91329483152119e-05,6.59546988673239e-05,7.34865090675718e-05,8.18233777519264e-05,9.10065055172194e-05,0.000101155725185421,0.000112315157901419,0.000124624870494779,0.000138147229011758,0.000153032047912518,0.000169355061278159,0.000187280015504085,0.000206910954491622,0.000228434495902376,0.000251970787030397,0.000277724278515453,0.000305843711768709,0.000336552873041121,0.000370027422068196,0.000406512531156715,0.000446217858811817,0.000489410848689267,0.000536353408545556,0.000587328201411993,0.000642636183428429,0.000702566726013502,0.00076748712670763,0.000837704270811455,0.000913656959290666,0.000995645326377375,0.00108419556219503,0.00117959572690111,0.00128246206221656,0.00139306231779039,0.00151213713376338,0.0016399286989724,0.00177734777482353,0.00192458623958592,0.00208269685016439,0.00225178202977273,0.00243309345124011,0.00262668140539001,0.00283405286441681,0.00305505216570418,0.00329144692213099,0.00354310333854809,0.00381207240497046,0.00409780120040835,0.00440293881237722,0.00472678171835739,0.0050720770431792,0.00543842003901633,0.00582837134212738,0.00624200268223849,0.00668171487022692,0.00714793682729012,0.00764304307108677,0.00816781760017237,0.00872464848991282,0.00931464756941167,0.0099402339692814,0.0106029984372965,0.0113053533665906,0.0120492882628567,0.0128372228965623,0.0136717971319724,0.0145553899952632,0.0154912208107201,0.016481581424429,0.0175305265714628,0.0186402244089052,0.0198154492265446,0.0210582536699253,0.0223743651126717,0.0237655693343689,0.0252386006085696,0.0267950644815054,0.0284426158455614,0.0301824271421816,0.0320234000115793,0.0339663468558479,0.0360213235859151,0.0381884717013532,0.0404789037642835,0.0428922693081881,0.0454410571840014,0.048123623253312,0.0509536578983393,0.0539287588239334,0.0570635813775116,0.0603536407184184,0.0638157125715273,0.067443158029993,0.0712522589729385,0.0752372091358971,0.0794108146226871,0.0837685352603263,0.0883196245962458,0.0930600358167007,0.0979946938818992,0.103119043502492,0.108434004260254,0.113932669754523,0.119611244540767,0.125459804906087,0.131468510567172,0.137622999841593,0.143906416778425,0.150299099586055,0.156774870222391,0.163308013117047,0.169861520436671,0.176402105822436,0.182880652332701,0.189255661229794,0.195463847497074,0.201455234632433,0.207152015135297,0.212495903409283,0.217393995857213,0.221781968448277,0.225553698950986,0.22864281771123,0.23093363862286,0.232362869571695,0.232810897638993,0.232231262477698,0.230508328728946,0.227621520973967,0.223469650570601,0.218079912091275,0.211380085911906,0.203457745849042,0.19427941108053,0.184014790567836,0.172676143850113,0.160510896524099,0.147596046999277,0.134231107105753,0.120555941079808,0.106892135878831,0.0934151869079992,0.0804318299548551,0.0681072040970755,0.0566866243526619,0.0462859570125005,0.0370477793161155,0.0290123141060881,0.0221998605529393,0.0165730410825119,0.0120389370501218,0.00850930518666848,0.00581729285241294,0.0038638455745215,0.00245778174569026,0.0015229774160735,0.0008866265298418,0.00051101840911304,0.000264836210817575,0.000143283117474412,6.28800392625603e-05,3.31795815698981e-05,1.07963665785862e-05,6.02510249131079e-06,1.86971203475573e-06,8.65792181264691e-08,1.05094428193948e-06,-8.95054471973968e-07,9.25862798574578e-07,-9.04371203990043e-07,7.12879702333106e-07,-7.28057615382361e-07,4.40325924425767e-07,-6.22099712504787e-07,0
9011018.25166502,0,5.73706589504571e-06,9.02848349469331e-07,6.47033307869608e-06,2.12960640262857e-06,7.79954184282627e-06,3.20496564096981e-06,9.33716831390821e-06,5.4777284304063e-06,1.02746363750803e-05,8.81012210891704e-06,1.17272695920856e-05,1.22849905258399e-05,1.4366564876142e-05,1.59846779549772e-05,1.81116516643671e-05,2.03571130809032e-05,2.29122414183427e-05,2.57458816198363e-05,2.89057390263786e-05,3.24245347663949e-05,3.63337458431349e-05,4.06823229407146e-05,4.55033520316535e-05,5.08583595168182e-05,5.67834903235634e-05,6.33535836269402e-05,7.06108436289871e-05,7.86474383227436e-05,8.75041660713531e-05,9.72973430668831e-05,0.000108070952979495,0.000119961164448217,0.000133029950896066,0.000147423416597763,0.00016321684682105,0.000180570376296484,0.00019958721888429,0.000220450380654713,0.000243279347600312,0.000268275196246355,0.000295585903744455,0.000325432335146296,0.000357989548968748,0.000393500398000472,0.000432174039930296,0.00047427632697808,0.0005200684832524,0.000569832935857886,0.000623870362744675,0.000682471618261686,0.000746003579487265,0.000814776204236145,0.000889227950324851,0.000969664776280772,0.00105661236524625,0.00115036733002671,0.00125154541115771,0.00136042575401581,0.00147774801015069,0.00160376954190461,0.00173939945225681,0.00188484852754705,0.0020411674848926,0.00220848145279356,0.00238803873977037,0.00257991516494488,0.00278561328089686,0.0030050076681083,0.00323985972755852,0.00349006647277655,0.00375767188750702,0.0040421569297149,0.00434615955601146,0.00466901004106396,0.00501344618531394,0.00537908888789602,0.00576849661411387,0.00618175484993243,0.00662126792717922,0.00708746790169175,0.00758273655820529,0.00810785347442837,0.00866521237225341,0.0092559117634881,0.00988237492153049,0.010546173528756,0.0112497249039866,0.0119949953317751,0.0127844014298127,0.0136205586395077,0.0145058335928791,0.015443420631522,0.0164355985933541,0.0174864076787717,0.0185979874639953,0.0197750993356513,0.021019760166754,0.0223376926408435,0.023730636026466,0.0252053339771916,0.0267633343962909,0.0284122961229425,0.03015331412188,0.031995345559586,0.0339390849591227,0.0359946904828395,0.0381621638709604,0.0404526739494808,0.0428657610409554,0.0454140429393306,0.048095682395208,0.0509245373573781,0.0538980288575709,0.0570310561152944,0.0603188623616653,0.0637785626666635,0.0674032404937946,0.0712094490081837,0.0751911803366777,0.0793614703996679,0.0837156789742874,0.0882630766268323,0.0929996082192776,0.0979301574956098,0.103050117469574,0.108360426116757,0.113854031510452,0.119527147125184,0.125369788192388,0.131371967602437,0.137519562759721,0.14379522129002,0.150179618869532,0.15664631726043,0.16316964033109,0.169712617522347,0.176242105922379,0.182708883827439,0.189071441885317,0.195266599570368,0.201244306569402,0.206926787191906,0.212255856991703,0.217138851442871,0.221511113255206,0.225266808426268,0.228339803943883,0.230614079354889,0.232026703431721,0.232458458203398,0.231862762927528,0.230124352423914,0.227222505992835,0.223057129451771,0.217654825479054,0.210944508932516,0.203013850055388,0.193829479231516,0.183562142084218,0.17222361605818,0.160062239211491,0.147155376467465,0.133802134484478,0.120143064498855,0.106499086871336,0.0930458951755527,0.0800894709182635,0.0677945567210657,0.0564056451675852,0.0460378514948993,0.0368327180922148,0.0288296674650119,0.0220481729435505,0.0164498870813273,0.011941616684462,0.00843421101400923,0.0057610473373294,0.00382312025901007,0.00242921223250028,0.0015036711954451,0.00087406710582627,0.000503136527745594,0.000260150830767802,0.000140567252320145,6.15212872562714e-05,3.24229133024438e-05,1.04523654323189e-05,5.85471232784958e-06,1.83221020960223e-06,3.60853261089095e-08,1.05216610311972e-06,-8.96326774782801e-07,9.11648316093605e-07,-8.91123036307663e-07,7.00509137936666e-07,-7.17246648407025e-07,4.37026947237386e-07,-6.14775658993501e-07,0
9221978.82333432,0,5.48177117771275e-06,8.63641673535859e-07,6.18313738724991e-06,2.03769046602905e-06,7.45375297238265e-06,3.06761155191628e-06,8.92583367621025e-06,5.24175942021857e-06,9.82594701858001e-06,8.43060046072641e-06,1.12200722157081e-05,1.17580487677316e-05,1.37512142647247e-05,1.53038045179092e-05,1.73431206772826e-05,1.94975317324018e-05,2.19493764482456e-05,2.46694787024094e-05,2.77036565886284e-05,3.10836397333209e-05,3.48399545964825e-05,3.90199289894672e-05,4.36558016649408e-05,4.88071042649944e-05,5.45091791184129e-05,6.08345100442431e-05,6.78244771554671e-05,7.556841747293e-05,8.41066491052151e-05,9.35519924451661e-05,0.00010394817140053,0.000115427501283723,0.000128051393190435,0.000141962189707087,0.000157234566166856,0.000174025005801202,0.000192435677848901,0.000212645845627602,0.00023477412149405,0.000259018072168417,0.000285524614666146,0.000314511461899551,0.000346152724176256,0.000380688555538692,0.000418327233843215,0.000459332711573947,0.000503965130360404,0.000552506182998234,0.000605255747107589,0.00066250549290934,0.00072462135523047,0.000791915869529874,0.00086482664681719,0.00094366474500466,0.00102895468488812,0.00112100080640089,0.00122041773527533,0.0013274955513623,0.00144297248845934,0.00156712033230578,0.00170084577415325,0.00184437807009471,0.00199876526466221,0.00216415505166268,0.00234179265068258,0.00253177975863846,0.00273561300296081,0.00295319790571891,0.0031862903308001,0.0034348192278957,0.00370082154471865,0.00398381479016398,0.00428642389909792,0.00460801659407332,0.00495132276707063,0.0053159905080132,0.00570457683827859,0.00611718647251179,0.00655622886206955,0.00702214235575446,0.00751731479922479,0.00804252489691311,0.00860017334231881,0.00919135065652633,0.00981848943281411,0.010483146263448,0.0111877376584844,0.0119342077970666,0.0127249744713128,0.0135626285513754,0.0144495311345543,0.0153888521019801,0.0163828555914362,0.0174355535232631,0.0185490593534585,0.0197281211030093,0.0209747115499942,0.0222945471528496,0.023689323987534,0.0251658060634851,0.026725472123819,0.0283760153582578,0.0301184468972633,0.0319617896066563,0.0339066376826724,0.0359632439444027,0.038131460087066,0.040422581855392,0.0428359913252392,0.0453844391450131,0.0480658915340974,0.0508943941667506,0.0538671732394598,0.0569992886674443,0.0602857417990152,0.0637438679889229,0.0673664958032081,0.0711703791522569,0.0751493349639248,0.0793165130617391,0.0836671425630062,0.0882105600658377,0.0929426591706033,0.0978682563238899,0.102982762999285,0.108287105704999,0.113774125804746,0.119440212032634,0.125275066899552,0.131268978996682,0.137407766382844,0.143673861038949,0.150048178276722,0.156503991627394,0.163016153581875,0.169547188421683,0.176064197465528,0.182518074472821,0.18886707093099,0.195048010401924,0.20101112970265,0.206678504395683,0.211991811553274,0.216858609274038,0.221214254950912,0.224952981507758,0.228008657403307,0.230265428693356,0.231660692329887,0.232074963890539,0.23146228979313,0.229707552326157,0.226790033826437,0.222610291255328,0.217194700355738,0.210473588575811,0.202533926126234,0.193343242242897,0.183072927207223,0.171734568329703,0.15957731842358,0.146678531127073,0.133337673694122,0.119695444990771,0.106072257668405,0.0926442120024796,0.0797161780026942,0.0674530109264554,0.0560979077446844,0.0457655113165986,0.0365961688283659,0.0286283819658494,0.021880519444822,0.0163137372665593,0.011833791089289,0.00835120374024366,0.00569894856548045,0.00377813800620479,0.00239781118763609,0.00148248039302682,0.000860377698317731,0.000494581595354117,0.000255124355269547,0.000137694636388044,6.00419997909464e-05,3.16435981378547e-05,1.01133060737014e-05,5.67379440820262e-06,1.7845767598814e-06,-9.79515513748537e-10,1.04875805639053e-06,-8.9962353386784e-07,9.00914905963145e-07,-8.79422223024625e-07,6.88385148734622e-07,-7.05797131411053e-07,4.3335740805303e-07,-6.07518061723981e-07,0
9437878.27777539,0,5.24059575551453e-06,8.26520101883268e-07,5.91159592194685e-06,1.94984708193384e-06,7.12721789848101e-06,2.93660073768838e-06,8.53594590752161e-06,5.01761041070284e-06,9.40006756986955e-06,8.0693485870322e-06,1.07382939610635e-05,1.12559990182633e-05,1.31655537898936e-05,1.46546721670648e-05,1.66103020975122e-05,1.86771086569131e-05,2.10298018817055e-05,2.36406744919099e-05,2.65538862961975e-05,2.98001145884985e-05,3.3408959956072e-05,3.74261569079106e-05,4.18830908548951e-05,4.68373237532408e-05,5.23233652167084e-05,5.84113790972433e-05,6.51418776742093e-05,7.26014097815394e-05,8.08297479535466e-05,8.99362554483587e-05,9.99642956877159e-05,0.00011104233410967,0.000123231096897773,0.000136669150409818,0.000151430434470041,0.000167667720955749,0.00018548196180741,0.00020504855422935,0.000226485006391822,0.000249985203755594,0.00027569477369455,0.000303828059450704,0.000334557892036924,0.00036812138280144,0.000404725595452119,0.000444632246029113,0.000488099957413721,0.000535409134786723,0.000586858342917953,0.000642739488678732,0.000703417053780607,0.000769205573922906,0.000840541183272346,0.000917739163708009,0.00100132228236453,0.00109160191953223,0.00118919078499632,0.00129438903666414,0.00140793299827683,0.00153010829370843,0.00166181843824705,0.00180331045242764,0.00195562917393621,0.00211894456759269,0.002294497636201,0.00248241573077612,0.00268418982512288,0.00289975726360606,0.00313086737260721,0.00337748180627857,0.00364162949161899,0.00392286659119512,0.00422380494580507,0.00454385221158637,0.00488572952809426,0.00524911769948914,0.00563657126611323,0.006048215483787,0.00648646485003307,0.00695176930433285,0.00744652606744286,0.00797151721876701,0.00852915107846876,0.00912051452157653,0.00974804968562521,0.0104133012833334,0.0111186891217539,0.0118661369265282,0.0126580642128279,0.0134970433249481,0.0143854302446766,0.0153263671355834,0.0163221074392556,0.0173766421447775,0.018492063135498,0.0196730993000793,0.0209216869319647,0.0222435298419129,0.0236402816391797,0.0251187226609497,0.0266802625943728,0.0283326030596717,0.0300766585044096,0.0319215200469061,0.0338676742799665,0.0359254526406835,0.0380945554466872,0.0403863616194558,0.0428001129412038,0.0453487187344628,0.0480299237048465,0.0508579654853583,0.0538298171406545,0.0569607451097913,0.0602455250509677,0.0637017900633794,0.0673219915582699,0.0711232191112473,0.075099116553811,0.079262871191026,0.0836096607669146,0.0881489716040048,0.0928765352922025,0.0977971620017344,0.102906469434922,0.108205121067542,0.113686182859617,0.119345820017927,0.125173950095996,0.131160681399881,0.137291742850301,0.143549736329147,0.149915354758702,0.156362035161618,0.162864163880949,0.169384752071042,0.175890679806129,0.182332565499101,0.188668978509877,0.194836611998353,0.200785756436806,0.206438383047661,0.21173654447413,0.216587428451604,0.220926799844106,0.224648781112276,0.227687564102681,0.229927244976964,0.231305238625447,0.231702734770354,0.231073449809743,0.229302732172912,0.226370283912233,0.222176666971998,0.21674916726134,0.210017429858965,0.202069674445359,0.192873552384396,0.182600571729204,0.171263016938573,0.159110363753068,0.146219892681604,0.132891586860422,0.119266074733512,0.105663967845094,0.0922606622874401,0.0793608231681166,0.0671288105661,0.0558067319512067,0.0455088724758676,0.0363740281575722,0.0284401776147751,0.0217246281873764,0.0161875273145572,0.0117342497681171,0.00827479339581914,0.00564209648924588,0.00373705821220053,0.00236924816286374,0.00146322202003595,0.00084798883813555,0.00048680672789257,0.000250612525218485,0.000135105900602347,5.87208596409999e-05,3.09184141664263e-05,9.81633262869414e-06,5.51992596708012e-06,1.73964150666093e-06,-3.96434541210872e-08,1.05048982582576e-06,-9.0170621536074e-07,8.87479804095834e-07,-8.65935111901384e-07,6.76514710397364e-07,-6.95338954473114e-07,4.30442476503985e-07,-6.00597162763457e-07,0
9658832.24115871,0,5.00819194449921e-06,7.90738793533696e-07,5.64984745704623e-06,1.86576631901513e-06,6.81237030484317e-06,2.81053791144533e-06,8.16075101942686e-06,4.80177627674561e-06,8.98981474813237e-06,7.72206018145119e-06,1.02739180644205e-05,1.07730657264101e-05,1.26013015370464e-05,1.40296934818336e-05,1.59043263067551e-05,1.78867186220308e-05,2.01436250330454e-05,2.26490046880793e-05,2.54452749628655e-05,2.85621362529945e-05,3.20282787833887e-05,3.58878765050264e-05,4.01714236063156e-05,4.49345455720867e-05,5.02109188163123e-05,5.60684284566774e-05,6.25467082245439e-05,6.97295580761738e-05,7.76561016691088e-05,8.64322848959294e-05,9.61010485721444e-05,0.000106787061408382,0.000118550232319134,0.000131525345813543,0.000145785468468869,0.000161479587707851,0.000178707332891099,0.000197640207259877,0.000218394382333,0.00024115987566606,0.000266080796229162,0.000293367929132849,0.00032319256512357,0.000355788595704685,0.000391361577873749,0.000430170527794051,0.000472471996519648,0.000518544531398612,0.000568684977202271,0.000623185227224517,0.000682407907536814,0.000746668646371928,0.000816401442185494,0.000891925137518957,0.000973760136155585,0.00106222425457327,0.00115792759348321,0.00126117872406265,0.00137271124434405,0.00149282447048173,0.00162241812789684,0.00176175618228822,0.0019118799093329,0.00207298051549895,0.00224629358152048,0.00243197167721274,0.00263150006199587,0.00284484832402352,0.00307375867269121,0.00331822545450248,0.00358026818952751,0.0038594848448515,0.00415847535366972,0.0044766869400772,0.00481683186785251,0.00517862709400917,0.00556462411618578,0.00597497352268505,0.00641209646754461,0.00687645780077994,0.00737046482822485,0.00789490677959295,0.00845220246488144,0.00904343884481497,0.00967106818371428,0.0103366271209125,0.0110425443183329,0.0117907303591981,0.0125836077162469,0.0134237277106118,0.0143134417249437,0.0152558726507042,0.0162532680617234,0.0173095927797793,0.0184269161560085,0.0196099427062526,0.0208605796969904,0.0221845124814461,0.0235833418593414,0.0250638435973246,0.0266273682720216,0.0282816366785672,0.0300274828662593,0.0318740302907008,0.0338216806308355,0.0358808463757229,0.0380510991766849,0.0403439340044987,0.0427584408638476,0.0453076641059381,0.0479891670389549,0.0508173533986665,0.0537890581049627,0.0569196766335882,0.0602037433555038,0.0636591409481387,0.0672780037333168,0.0710776789419798,0.0750515162305141,0.0792128714414863,0.083556809388612,0.0880928179662509,0.0928165670371464,0.097732945807894,0.102837391401954,0.108130789927394,0.113605957276635,0.119259145364961,0.125080306835161,0.131059381259036,0.137182307744448,0.143431499572783,0.149787772451801,0.156224479556305,0.162716112694482,0.169225502208631,0.175719625684153,0.182148881556931,0.188472167681295,0.194625932177004,0.200560544830463,0.206197986191723,0.211480658110604,0.216315405579861,0.220638252147743,0.22434325550371,0.22736468835304,0.229587192870692,0.230947650706811,0.231328174051354,0.230682001195559,0.228895195267142,0.225947409451124,0.221740021475785,0.216299807828175,0.209557938448139,0.2016014917662,0.192400416846138,0.182124621576466,0.170788627545657,0.158640539131048,0.145759235567212,0.132443912526143,0.118835775309128,0.105254848904608,0.0918766458071767,0.0790053128520274,0.0668044371699765,0.0555153593495066,0.0452517185043254,0.0361511946657797,0.0282510991707038,0.0215675699448378,0.0160601474145305,0.0116334734996303,0.00819732464668084,0.00558434922477788,0.00369537427558609,0.00234014439366325,0.00144365424944662,0.000835348586982776,0.000478905714090442,0.000246030034214874,0.000132505519822052,5.73802272002482e-05,3.01974562380048e-05,9.52836296954704e-06,5.359617900365e-06,1.69594535966551e-06,-7.150025399727e-08,1.04831438141325e-06,-9.03753405379637e-07,8.76348651285451e-07,-8.54091180323133e-07,6.65400825850239e-07,-6.84660152370812e-07,4.27237435838549e-07,-5.93560487735087e-07,0
9884959.04662559,0,4.78731735124927e-06,7.56708869919741e-07,5.40107852099951e-06,1.78538334972726e-06,6.51320863843042e-06,2.69032834768999e-06,7.80360280628084e-06,4.5961999622477e-06,8.59917423467481e-06,7.39084650933411e-06,9.83150945497921e-06,1.03122621387044e-05,1.20631061798866e-05,1.34330576490515e-05,1.52302133080186e-05,1.71315731139966e-05,1.92965587399694e-05,2.17005857735336e-05,2.43844388445999e-05,2.73768220195896e-05,3.07055020790292e-05,3.4413128360698e-05,3.85293412446633e-05,4.31078860617788e-05,4.81815652505769e-05,5.38160164355933e-05,6.00499320436745e-05,6.69644104877544e-05,7.4597923948175e-05,8.30530683347272e-05,9.23722177730455e-05,0.000102676241786634,0.000114024201910481,0.000126547140406237,0.000140317143575784,0.000155479429892685,0.000172132100942093,0.000190442615989501,0.000210525730977275,0.000232567569966349,0.000256710474851311,0.000283161431664519,0.000312089967368586,0.000343726428531044,0.000378274369533661,0.000415989788903029,0.000457127115822109,0.000501962984223616,0.000550792086589109,0.000603905297335534,0.000661662646551952,0.000724380433902486,0.00079249008156,0.000866313373953916,0.000946367747224492,0.00103297621792351,0.00112674613533978,0.00122799531956178,0.00133745364124882,0.00145543166107387,0.00158282486188082,0.00171991361881281,0.00186773428746048,0.00202649920793218,0.00219743930338992,0.00238073288799587,0.00257785763306672,0.00278881393063349,0.00301533642091428,0.00325745432518391,0.00351717933306658,0.00379414944854761,0.00409094935594383,0.00440707291232198,0.00474522111212231,0.0051051479725125,0.00548940531827325,0.00589817049839393,0.00633387023456161,0.00679698902234562,0.00728994461411259,0.00781353689299421,0.00837019520026355,0.00896101094145837,0.00958845168593994,0.0102540500077456,0.0109602429668448,0.0117089290569155,0.0125025368297705,0.0133436038082839,0.0142344847304379,0.0151782766438964,0.01617722024312,0.0172352593626174,0.0183544479990563,0.019539468272327,0.0207921972001887,0.0221183110025053,0.0235193684487361,0.0250021480585306,0.0265679306568098,0.0282244489585061,0.0299724384663742,0.0318210698238119,0.0337706523010107,0.0358316685580546,0.0380035500367905,0.0402978809757109,0.0427135936006844,0.0452638925657348,0.047946127247499,0.0507748623514534,0.0537467268263232,0.0568772885104147,0.060160802698051,0.0636154235070237,0.0672329828758933,0.071031063668228,0.0750027410864761,0.0791615791963151,0.0835023681391243,0.0880347888677229,0.0927543807274218,0.0976661124473076,0.10276537941939,0.108053083627077,0.11352205161852,0.119168507248742,0.124982382288879,0.130953673253546,0.13706818782048,0.143308582798389,0.149655477484992,0.156082307786914,0.162563572344741,0.169061953406947,0.175544533818328,0.181961593260183,0.188272091670692,0.1944124236884,0.200333238477516,0.205956123108739,0.211223675442944,0.216042515413108,0.220349271366156,0.224037455602889,0.22704215908121,0.229247119226848,0.230590560763665,0.230953617994644,0.230290689499812,0.228487453516771,0.225524226704882,0.221302353954135,0.215849326650693,0.209096305125577,0.201131212577759,0.191923740844677,0.181645135473963,0.170309474868736,0.158165673043343,0.145292624937131,0.131989507405127,0.118398422201436,0.104838045489247,0.0914853184862368,0.0786416931019681,0.0664727244874972,0.0552168062092532,0.0449881364165626,0.0359228285684663,0.0280571359328868,0.0214065878799753,0.0159297226307767,0.0115303691721245,0.0081183673357639,0.00552527438300687,0.00365281615524818,0.00231050585330792,0.00142364728355343,0.00082261222423173,0.000470806245673968,0.000241398437791109,0.000129809610137845,5.60478507627336e-05,2.94753604936644e-05,9.20704150312322e-06,5.20617576886061e-06,1.65494848692142e-06,-1.07949149183963e-07,1.04465566224471e-06,-9.02308160083213e-07,8.62788549401357e-07,-8.41588847687795e-07,6.54864606488614e-07,-6.74624928088734e-07,4.24256056784469e-07,-5.86590236865902e-07,0
10116379.7976621,0,4.57497968124953e-06,7.23879394059753e-07,5.16185171256125e-06,1.70779679268625e-06,6.22547361228703e-06,2.57421131508368e-06,7.45984508352421e-06,4.39779013295971e-06,8.22281603805853e-06,7.07129337486286e-06,9.40490446221728e-06,9.8676057122555e-06,1.15437631160224e-05,1.28571002718148e-05,1.45793295189122e-05,1.64022462251702e-05,1.84782579890845e-05,2.078413826082e-05,2.33590973206879e-05,2.62308692414349e-05,2.942632167891e-05,3.29866077809316e-05,3.69405004523945e-05,4.13398884280294e-05,4.62167038130033e-05,5.16343781808593e-05,5.7630660884568e-05,6.42839794644288e-05,7.16320742153201e-05,7.97742228106554e-05,8.87522042843413e-05,9.8683147599919e-05,0.00010962513718218,0.000121705449993154,0.000134995070093054,0.000149635385348573,0.000165722882106048,0.000183420985994843,0.000202842815043164,0.000224170426411648,0.00024754423326163,0.000273167306215119,0.000301207082630897,0.000331890153940255,0.000365417946119185,0.000402043172153721,0.000442017586408034,0.000485615250165573,0.000533128268035545,0.000584846229866741,0.000641126245170885,0.000702284656585659,0.000768749761024409,0.000840845413946399,0.000919085461628047,0.00100379755079024,0.0010955851484039,0.00119477338653127,0.00130208810833059,0.00141785125168323,0.00154295308536385,0.00167768909570232,0.00182309022928958,0.00197938910125839,0.00214781043304017,0.002328556428301,0.00252309715685777,0.00273146484200673,0.00295538549117123,0.00319492186111627,0.00345207668409438,0.00372653090229216,0.00402085393332234,0.00433458510035558,0.0046704159375217,0.00502813999512476,0.00541030614051823,0.00581712417287457,0.00625102851919671,0.00671252476792548,0.00720404098882998,0.00772639386359256,0.0082820270439356,0.00887203956284588,0.0094989135653387,0.0101641838115228,0.0108702975086444,0.0116191459357765,0.0124131700081139,0.0132548944317031,0.0141466789102266,0.0150915997647896,0.016091896334906,0.0171514929436903,0.0182724318223496,0.0194593708251855,0.0207141616731702,0.022042458632894,0.0234457850212966,0.024930916511135,0.0264990737123641,0.0281579940054716,0.0299083356256612,0.0317593024943755,0.033711095664512,0.0357742771162799,0.0379481245461941,0.0402443024838872,0.042661584197166,0.0452133246134174,0.0478966290617396,0.0507262466980951,0.053698561741237,0.0568293539421692,0.060112629532698,0.0635668655060241,0.0671834655266003,0.0709804395071202,0.0749505768047809,0.079107575219575,0.0834461495850062,0.0879761184331733,0.0926928826345119,0.097601374086379,0.102696963415681,0.107980577946538,0.113444894722704,0.119086071560721,0.124893974249646,0.130858511155074,0.136965701509383,0.143197655933666,0.149535462355078,0.155952346880277,0.162422735941918,0.168909393969558,0.175379469264561,0.181783405030811,0.188080062823014,0.194206085289237,0.200111807640171,0.205718956540671,0.210970639811031,0.215772926160366,0.220062497737396,0.223733461823121,0.226720427411295,0.228907688799156,0.230233393768063,0.230578517407865,0.229898165377073,0.228077860588124,0.225098518049686,0.220861312611791,0.215394477254776,0.208629515321528,0.200654532636982,0.191440367663601,0.181157985302012,0.169821449196785,0.157681253413135,0.144816094746938,0.131524956981511,0.117950647585768,0.104411218327148,0.0910833092248867,0.078268982179683,0.0661314771034242,0.0549101644920373,0.0447169923416017,0.0356874255476905,0.0278576007260694,0.0212407018535378,0.0157952673405802,0.0114241646725521,0.00803663784781203,0.00546468936381158,0.0036089053949268,0.00227994499821162,0.00140315387821127,0.000809289882424294,0.000462600618274557,0.000236567257595358,0.000127140876410199,5.46009418446429e-05,2.87211700724546e-05,8.91721970846732e-06,5.03736575588628e-06,1.6005721207788e-06,-1.37716270309335e-07,1.04182906409904e-06,-9.04078295415105e-07,8.50162838091806e-07,-8.28630509673821e-07,6.44145583067305e-07,-6.64740534145246e-07,4.21588607649286e-07,-5.79862894450155e-07,0
10353218.4329566,0,4.37210716082415e-06,6.92416056273158e-07,4.93329852965738e-06,1.63341782370622e-06,5.95037143863821e-06,2.46293513282824e-06,7.13108961576518e-06,4.20736865884185e-06,7.86283248211679e-06,6.76463396854708e-06,8.99633150215709e-06,9.44100422933149e-06,1.10456898192982e-05,1.2304321546585e-05,1.39544638197667e-05,1.57017308416518e-05,1.76919409296193e-05,1.99030958569829e-05,2.23728892843524e-05,2.51280908690062e-05,2.81946864340719e-05,3.1612362795139e-05,3.54090229436342e-05,3.96347377672927e-05,4.43205639554053e-05,4.9527763970922e-05,5.52931300776583e-05,6.1692466048765e-05,6.87627603674114e-05,7.66000256952875e-05,8.5245368952359e-05,9.48122098984921e-05,0.000105357609293601,0.000117005121810105,0.000129824548834007,0.000143953448459175,0.000159486580602419,0.000176583236439982,0.00019535474264692,0.000215979016704228,0.00023859432499455,0.000263399657325711,0.000290560235035207,0.000320298705043169,0.000352813945360095,0.000388355015246189,0.000427170700863138,0.000469532158580327,0.000515728502613589,0.000566047553326408,0.000620842978772213,0.00068043043439884,0.000745234446608251,0.000815580299363724,0.000891977607054445,0.000974757847929988,0.00106452028524995,0.00116159672445605,0.00126670783596052,0.00138018530507539,0.00150291331930207,0.00163520218795309,0.00177807702887445,0.0019317892250114,0.00209755623682961,0.00227560445486963,0.00246739525246495,0.00267299107768426,0.00289410873946353,0.00313084540909576,0.00338519395573925,0.00365687754187179,0.00394844874532685,0.00425949559167599,0.00459269811836749,0.00494789103455216,0.00532762217963181,0.00573213412485081,0.00616386682707786,0.0066233529084758,0.00711303364117245,0.00763374195927004,0.00818793521142586,0.00877672780166452,0.0094026192524496,0.0100671488303222,0.0107727779911862,0.0115213961564808,0.0123154563842267,0.0131574749473093,0.014049817542718,0.0149955489530965,0.0159969078785341,0.0170578004251241,0.0181802662119095,0.0193689385064709,0.020625643074363,0.0219560185757083,0.0233615514041585,0.0248490176163569,0.0264195819971098,0.0280809643036925,0.0298337404299965,0.0316871455369372,0.0336413074195723,0.0357068381587801,0.0378828597684812,0.040181121189241,0.0426002660372201,0.0451537602848865,0.0478384620625034,0.0506693300357718,0.0536425456964812,0.0567740412685846,0.0600574802827864,0.0635116196770487,0.0671275667405763,0.0709234769396074,0.0748919175296981,0.0790466916767934,0.0833823929986746,0.0879089679946756,0.0926216706830088,0.0975255837673927,0.102616217136948,0.107894293189243,0.113352542651215,0.118987391353402,0.12478868214892,0.130746174803423,0.136845860897009,0.143069957339593,0.14939951361166,0.155807545021776,0.162268717077456,0.16874550893979,0.175205158181937,0.181597656002053,0.187882289780499,0.193995172519808,0.199887078660933,0.205479725285536,0.210715812437155,0.215502152037919,0.219775034741146,0.223428572819617,0.226397766529446,0.228566787030812,0.229874165575164,0.230201262048612,0.229502967776262,0.227665331357033,0.224669366997354,0.220417180578531,0.214936986134287,0.208160311860043,0.200176105488489,0.190954981680445,0.180669096158801,0.16933274593922,0.157196957353359,0.144339817053086,0.13106144136878,0.117504295204248,0.103986267381517,0.0906839219891415,0.0778984289421743,0.0657934199196516,0.05460608669174,0.0444489681332602,0.0354552358275366,0.0276609064552392,0.0210773890785544,0.0156633142425904,0.0113200787855531,0.00795701007636597,0.00540541157094486,0.00356633366792782,0.00225034507981095,0.00138326159355569,0.000796635851605665,0.00045466378630696,0.000232027727694265,0.000124527079578409,5.33143491299101e-05,2.8016446482492e-05,8.62789184302404e-06,4.88644347363549e-06,1.5664099250842e-06,-1.74452387002345e-07,1.04097511695404e-06,-9.03595629512935e-07,8.37646766486706e-07,-8.16608452939431e-07,6.34299297236734e-07,-6.54932129536885e-07,4.18449182450568e-07,-5.7295135889018e-07,0
10595601.7927761,0,4.17828151566157e-06,6.62253288201649e-07,4.7148711154233e-06,1.56245154726707e-06,5.68737265040098e-06,2.35635755734076e-06,6.81710671413597e-06,4.0250219132657e-06,7.51864998014927e-06,6.47135400316858e-06,8.60534318805075e-06,9.03286393880024e-06,1.05688958835752e-05,1.17751075722129e-05,1.33560364132923e-05,1.50306741870161e-05,1.69384508729966e-05,1.90585491649676e-05,2.1427202255836e-05,2.40702360059783e-05,2.70127596311342e-05,3.02930325808398e-05,3.39381071816772e-05,3.79962823897694e-05,4.24977350893727e-05,4.75016039525312e-05,5.30437001666788e-05,5.91972548358485e-05,6.5998467183023e-05,7.35401376821576e-05,8.18626364598039e-05,9.10757501345116e-05,0.00010123546299935,0.000112461602184314,0.000124822663226858,0.000138452375053071,0.00015344368665984,0.000169951769453782,0.000188086054043178,0.000208020241841979,0.00022989031123649,0.000253890994160442,0.000280184976920113,0.000308990807483374,0.000340504660502075,0.000374971640492695,0.000412637187786841,0.000453769170205332,0.000498653288381566,0.000547575075314098,0.000600884282808269,0.000658895308097145,0.000722028433633604,0.000790609645757756,0.000865143634252445,0.000945964697001926,0.00103366704482824,0.0011285882167327,0.00123144301926673,0.00134257223046992,0.0014628533709152,0.00159260972889083,0.00173285886945045,0.00188387029002667,0.00204685357614376,0.0022220575687718,0.00241093403902924,0.00261357533322743,0.00283168718025232,0.00306539983658443,0.00331669488077652,0.00358533920289678,0.00387386889694834,0.00418191853171203,0.00451215420989438,0.0048644542839604,0.0052413642318188,0.0056431620176865,0.00607229511266712,0.00652932275422202,0.00701669676113032,0.00753527467844551,0.00808753092847736,0.0086745926438546,0.00929897658773274,0.0099622325640325,0.0106668402139035,0.0114146901978322,0.0122082542912405,0.0130500443100814,0.013942433580091,0.0148884678800745,0.0158903973506237,0.0169521156340793,0.0180756538829674,0.0192656298602424,0.0205238520368318,0.0218559409557448,0.0232633564611887,0.0247528661268922,0.0263255824440826,0.0279892243080464,0.029744294451707,0.0316000450590085,0.0335565125961099,0.0356243552112192,0.0378025741489177,0.0401029617287898,0.0425240202366304,0.0450793268459811,0.0477655616515313,0.0505977928495438,0.0535719614892857,0.0567042387767471,0.0599880395696015,0.0634424409235086,0.0670580942452072,0.0708536440621352,0.0748212593859027,0.0789750122974657,0.0833093247575254,0.0878341739047188,0.0925447217268015,0.0974460249606825,0.1025332976755,0.10780753974505,0.113261280919882,0.118890755713878,0.124685931886881,0.13063657182726,0.136728520114084,0.142944079824625,0.149264284622478,0.155662031551403,0.162112199391015,0.168577018932814,0.175024150675597,0.181403579789271,0.187674405613973,0.193772777007707,0.199649900323576,0.205226846850525,0.210446739777354,0.215216103424075,0.21947222546296,0.223107922183214,0.226059693765295,0.228210609429543,0.229500023125632,0.229809310451516,0.22909357931582,0.227239216575485,0.22422740595543,0.219960306340119,0.214466866342032,0.207679055281707,0.199685866979727,0.190459044722878,0.180170300973983,0.168835108788139,0.156703589082804,0.143855748092097,0.130591331663803,0.117051927725168,0.103556137959255,0.0902804906809257,0.0775248083074864,0.0654527397040138,0.0543007692622458,0.044179704798138,0.0352227008649019,0.0274638872640754,0.0209145577097155,0.0155316979985924,0.0112165561656124,0.00787784154571854,0.0053465951990958,0.00352415019688605,0.00222112008015586,0.00136387025270639,0.00078408842489568,0.000447011527638325,0.000227527945454611,0.000122028986527187,5.20563195769135e-05,2.73555634281891e-05,8.35597928819423e-06,4.73383058918597e-06,1.53665547739169e-06,-2.03719029148874e-07,1.03608167516498e-06,-9.01628152151044e-07,8.25276112081131e-07,-8.04481631130841e-07,6.24618819994943e-07,-6.45416353252958e-07,4.15735117704357e-07,-5.6641000105066e-07,0
10843659.6868961,0,3.99322702748049e-06,6.33596073060658e-07,4.5062491141662e-06,1.49424238378988e-06,5.43658285683816e-06,2.25442269731827e-06,6.5165253283907e-06,3.85126809303012e-06,7.18903859044062e-06,6.19090608951094e-06,8.23126168918187e-06,8.64202319251306e-06,1.01124946808087e-05,1.12681211974279e-05,1.278270934458e-05,1.43874569529358e-05,1.62160084376452e-05,1.82484973713238e-05,2.05198049318932e-05,2.30548124066348e-05,2.58777950855447e-05,2.90256174904551e-05,3.25244703104568e-05,3.64209212686832e-05,4.07442736251352e-05,4.55515919318712e-05,5.08777046331456e-05,5.67933364397244e-05,6.33338587349399e-05,7.05889268942442e-05,7.85981474244831e-05,8.74677095528431e-05,9.72524290205238e-05,0.000108068480244575,0.000119983051127987,0.000133126042239558,0.000147588480878494,0.000163521364491873,0.000181032092297678,0.000200290108137487,0.000221428986319363,0.000244639187283751,0.000270080738053503,0.000297967821129473,0.000328493663259296,0.000361899295721986,0.000398426546771208,0.000438339646203321,0.000481920690286773,0.000529452561931538,0.000581280700942988,0.000637717741632753,0.000699179221470787,0.000765991167460779,0.000838653095421777,0.000917501584725635,0.00100312504494511,0.00109586561723047,0.00119643177139762,0.00130517231871146,0.00142295694599344,0.0015501211951803,0.00168767512573845,0.00183590513066537,0.00199601160130613,0.00216826498280587,0.0023541065747533,0.00255365771316452,0.00276861315672241,0.00299913598106417,0.00324719598513989,0.00351260279246722,0.00379787339714281,0.00410269169573627,0.00442971146824926,0.0047788552970569,0.00515266470023586,0.00555145435690877,0.00597767727525345,0.00643192427607205,0.00691666154391843,0.00743277072909954,0.00798274063376486,0.0085677195197694,0.0091902443086837,0.00985187794937162,0.0105551200067047,0.0113018668990088,0.012094608535048,0.0129358572150428,0.0138280066091665,0.0147740966847583,0.0157763891274322,0.016838763690502,0.017963252429684,0.0191544568122518,0.0204141746628171,0.0217480038449042,0.0231573764421646,0.0246490519430587,0.0262240970349877,0.0278902262611366,0.0296478695917091,0.031506291637956,0.0334654600580783,0.0355360745610369,0.0377170070566927,0.0400200998303192,0.0424437126417182,0.0450015416885715,0.0476900238983602,0.0505243986639178,0.0535004182119851,0.0566343951496106,0.0599194610506107,0.063374936084807,0.0669911476202484,0.0707869891759465,0.074754378247965,0.0789075421906324,0.0832406794267017,0.0877639887318974,0.0924723807197255,0.097370985544624,0.102455163869804,0.107725768649391,0.113175350980475,0.11880005335733,0.124590020670327,0.130534864329745,0.136620439516855,0.142828730821055,0.149140897840697,0.155530065816039,0.161970830367049,0.168425419948019,0.174861531062395,0.181229113283748,0.187487131664365,0.19357166126675,0.199434305733765,0.204995906803801,0.210200274970536,0.214953464395727,0.21919223922375,0.222811293639028,0.225745528930817,0.227878556901805,0.229150768170529,0.229442397831008,0.22870961860293,0.2268390241659,0.223811421343164,0.219530200585998,0.214023487113809,0.207224501618711,0.199222268288285,0.189988722133442,0.179696409973741,0.168360894104385,0.156233396061313,0.143392738154838,0.130139828391702,0.116617019770738,0.103141371522337,0.0898900617371696,0.0771623045386477,0.0651214908442892,0.0540023123841839,0.0439162037860319,0.0349942419891689,0.0272699844928044,0.0207533403758358,0.0154010398430677,0.0111135818590392,0.00779880010038664,0.00528781620776784,0.00348180076841251,0.00219164952283822,0.0013441070888612,0.000771466240184316,0.000439144389547315,0.000222928174345576,0.000119423303793098,5.07613027587082e-05,2.66502040370706e-05,8.05913297463647e-06,4.59268287404922e-06,1.48741485579615e-06,-2.36030863721632e-07,1.03770419834667e-06,-9.03475699432004e-07,8.11832141856662e-07,-7.90182620988163e-07,6.13908005637832e-07,-6.3588434160453e-07,4.13039142806522e-07,-5.59850944142211e-07,0
11097524.9641207,0,3.81536443975565e-06,6.05875060781357e-07,4.30590284511223e-06,1.42907516270467e-06,5.19513502572177e-06,2.15662168823173e-06,6.22838733897372e-06,3.68358849848016e-06,6.87318878882312e-06,5.9213233613624e-06,7.87204498198331e-06,8.26687184274093e-06,9.67402955746083e-06,1.07813239906563e-05,1.22319173534363e-05,1.37695384731508e-05,1.55217679326559e-05,1.74699011380144e-05,1.96473950931236e-05,2.20782585657379e-05,2.47859162698795e-05,2.78058772638307e-05,3.11634856754031e-05,3.49036208572366e-05,3.90547105659255e-05,4.36717998270913e-05,4.87887288994239e-05,5.44737594551604e-05,6.07614248780217e-05,6.7738289635892e-05,7.54431240616261e-05,8.39786213149188e-05,9.33984331805745e-05,0.000103815101154724,0.000115294368243842,0.000127962300494546,0.000141907982258729,0.000157278251116228,0.000174178362121479,0.000192773472530142,0.000213194624774207,0.000235627825098009,0.000260230228657707,0.000287211593718255,0.000316761998058695,0.000349118092237525,0.000384517770381115,0.000423221273422833,0.000465506684276906,0.000511653849229071,0.000562003503843538,0.000616865917107014,0.000676651315806113,0.000741685072821298,0.000812460808299321,0.000889316487867463,0.000972834069762912,0.00106335937660649,0.00116159377660091,0.00126789335303693,0.00138311924173704,0.00150761759075309,0.00164238941548096,0.00178773699512471,0.0019448505805748,0.00211402041798881,0.0022966762470476,0.00249296866695358,0.00270458020458932,0.00293170347488823,0.00317629319011881,0.00343820309983667,0.00371993155662281,0.00402120999789572,0.00434467702891527,0.00469030097094447,0.00506061842663356,0.00545598097939604,0.00587884776258895,0.00632984102723949,0.006811438410538,0.00732455030734241,0.0078716828980707,0.0084540075598812,0.00907408136067421,0.00973348267394521,0.0104347338201794,0.0111797427328697,0.0119710219610892,0.0128110876245621,0.0137023503217728,0.0146478454579342,0.0156498562407477,0.0167122537907114,0.0178370755017778,0.0190289043302147,0.0202895352447358,0.0216245474089663,0.0230353578097521,0.0245287166753878,0.0261056575081038,0.0277738754218428,0.0295337348237785,0.0313945237401359,0.0333561216079216,0.0354292799710448,0.0376127270571977,0.0399183588143846,0.0423443782367894,0.0449046053563611,0.0475952700071007,0.0504317419100882,0.0534095253322685,0.0565451183388121,0.059831322829922,0.0632878201069338,0.066904475427055,0.0707005518541487,0.0746676544857198,0.0788201695411324,0.0831521001651351,0.0876737888160189,0.0923800171269404,0.0972759705075052,0.102356759677561,0.107623430809975,0.113068423784709,0.118687864697165,0.124471813398031,0.130409939236631,0.136488084381286,0.142688496977283,0.148992221773407,0.15537200335487,0.161802937478985,0.168246981345908,0.174671866601333,0.181027414048965,0.187273050087588,0.19334485542098,0.199193827027412,0.204741211846506,0.209930158398625,0.214667280193207,0.218889688951433,0.222491100347519,0.225407436965047,0.22752268594124,0.228776118141072,0.229049495499583,0.22829854470727,0.226409526310365,0.22336496885788,0.21906727349338,0.213545926226794,0.206734092466475,0.198721495774563,0.189480223500472,0.179183830173117,0.167847549425587,0.15572341729236,0.142890947125127,0.129650344259353,0.116145254074282,0.102691770564329,0.0894671757529168,0.0767700751677807,0.0647631194956225,0.0536803749353967,0.0436323121885464,0.0347484114449309,0.0270619443497549,0.0205810932319359,0.0152619994019631,0.0110042008620806,0.00771519297273381,0.0052257690394659,0.00343740547249787,0.00216098100027933,0.00132362144638572,0.000758379418726753,0.00043111984324538,0.000218280936581408,0.000116801291095822,4.94788071067153e-05,2.59683098403953e-05,7.75980769566103e-06,4.44688811365985e-06,1.46304977876124e-06,-2.75820978698526e-07,1.03550418701812e-06,-8.99432176230232e-07,7.97630168733888e-07,-7.77733601028033e-07,6.05134051423382e-07,-6.26983505293777e-07,4.10377993327458e-07,-5.53464161300168e-07,0
11357333.5834311,0,3.64612874132616e-06,5.79365401881058e-07,4.11511478743746e-06,1.36672260289803e-06,4.96526418106835e-06,2.06279440556237e-06,5.95374549857266e-06,3.52314895399642e-06,6.57152344988683e-06,5.66352061331606e-06,7.5285125327585e-06,7.90786006913586e-06,9.2543068612387e-06,1.03150944228352e-05,1.17042095805304e-05,1.31772588014458e-05,1.48560704997694e-05,1.67230113693357e-05,1.88101787879125e-05,2.11407193214714e-05,2.37372205962135e-05,2.66338729077118e-05,2.98551956277463e-05,3.34444229065193e-05,3.74291103349088e-05,4.18623295633812e-05,4.67769243357626e-05,5.22387418884306e-05,5.82814708062285e-05,6.49886547449781e-05,7.23981889553023e-05,8.06093170833404e-05,8.96744808392133e-05,9.9702631624282e-05,0.000110758044048366,0.000122962996270746,0.000136404539876203,0.000151225344291669,0.000167528461696503,0.000185474742999088,0.000205192591386047,0.000226863508584611,0.000250641648494797,0.000276732205422588,0.000305321914107441,0.000336642903988778,0.000370929005513034,0.000408436249250858,0.000449438351213328,0.00049421167773998,0.000543091977848254,0.000596386788255564,0.000654500566774828,0.00071775732521594,0.000786644281570313,0.000861500028122865,0.000942899554454335,0.00103119164765689,0.00112706963952069,0.00123089543067052,0.00134352095345664,0.00146530221119566,0.00159723039221135,0.00173962199216462,0.00189365607642062,0.00205964227589375,0.00223899814565527,0.00243190062156037,0.00264001791102228,0.00286357341942041,0.00310450754372349,0.00336271607628227,0.00364067698765197,0.00393816916712011,0.00425781414571742,0.00459962654792509,0.0049661384780911,0.00535773914826015,0.00577689129395444,0.00622425207164186,0.0067023119459069,0.00721201088839544,0.00775587163801362,0.0083350903254491,0.00895224524664978,0.00960893610416765,0.0103077103325125,0.0110504915692586,0.0118398160100815,0.0126782067728968,0.0135680962281274,0.0145125167687163,0.0155137754845311,0.0165757464142472,0.0177004790112294,0.0188925399074182,0.0201537246522183,0.0214895973543017,0.0229015649258116,0.0243963696918634,0.025975011612935,0.0276451701261849,0.0294071543130244,0.0312702648395791,0.0332343104632201,0.0353100923201388,0.0374962168670562,0.0398046148639768,0.0422333697512698,0.044796372956676,0.0474896664246421,0.0503287641531434,0.0533089562050682,0.0564468880088399,0.0597350596429061,0.063193416699892,0.066811425134593,0.0706086956595097,0.0745764022735058,0.078729199434456,0.0830607941287455,0.0875816575331956,0.0922864339414048,0.0971803306657309,0.102258338892029,0.107521671988646,0.112962549894547,0.118577315723044,0.124355849425393,0.13028797860937,0.13635943450278,0.142552504729989,0.148848236690588,0.155219314166466,0.161640871501948,0.168074953304187,0.174489214270412,0.180833323970279,0.187066667856555,0.193125313409854,0.198960372704697,0.204492976964579,0.209666695520147,0.214387621287544,0.218593593601809,0.2221775054214,0.225076432576023,0.227173335903343,0.22840868889994,0.228663629851489,0.227894965138361,0.225988461212396,0.222927431907458,0.218614353909285,0.213079577129126,0.206256086990349,0.198234014215634,0.188986155640909,0.178686584234347,0.167350662564195,0.155230939099797,0.142407213338961,0.129179622489499,0.115692071236592,0.102260562606629,0.0890621172669619,0.0763949400070441,0.0644207377399038,0.0533732759050257,0.0433616028025156,0.034514518175052,0.026863981191191,0.0204173537799915,0.0151299368762509,0.0109006138194774,0.00763599835410618,0.00516733197663238,0.00339540567529225,0.0021321272296266,0.00130443534672504,0.000746227128182933,0.000423605015167787,0.000213969407141919,0.000114404503061064,4.83006023093078e-05,2.53358443898361e-05,7.50533513892228e-06,4.3177463546587e-06,1.43229062628809e-06,-3.05567319120366e-07,1.03524431309874e-06,-8.98766726840578e-07,7.86203104061238e-07,-7.66192562850539e-07,5.96684364240164e-07,-6.18088522563096e-07,4.0745900978642e-07,-5.4668156102624e-07,0
11623224.6867985,0,3.48357145721617e-06,5.54036349161461e-07,3.93181346077875e-06,1.30666814702072e-06,4.74468291404117e-06,1.97278012742639e-06,5.68955525130334e-06,3.36945538878752e-06,6.28154845979327e-06,5.41579490080195e-06,7.19871177613944e-06,7.5627011194483e-06,8.8512417607287e-06,9.86698720752919e-06,1.11971795343463e-05,1.26080266218235e-05,1.42162807115728e-05,1.60050955115669e-05,1.80053367250191e-05,2.02392807041725e-05,2.27287473295164e-05,2.55066506797336e-05,2.85966846523529e-05,3.204048654485e-05,3.58647523374512e-05,4.01206279843247e-05,4.48400118712449e-05,5.00864103613136e-05,5.58926023075227e-05,6.23392153851561e-05,6.94633394228107e-05,7.73608013035181e-05,8.60827174211896e-05,9.57345402786803e-05,0.000106379126951102,0.000118135055620124,0.000131087304492449,0.00014537444991196,0.000161097297443689,0.000178412286468901,0.000197445016887325,0.000218372554081878,0.000241346058711332,0.000266566063725052,0.000294215697497745,0.000324522325469817,0.000357715533184338,0.000394046998757575,0.000433785857016246,0.000477204672228377,0.000524633768335078,0.000576377299863804,0.000632833756784268,0.000694325421821078,0.000761332537410014,0.000834193503515824,0.000913475844528305,0.000999530277739359,0.00109304162468345,0.00119437664958917,0.00130437707023958,0.00142340715627836,0.00155244766885623,0.00169182847164138,0.00184271686337077,0.00200543963504553,0.00218140035242673,0.00237080157883805,0.00257529702341123,0.00279513872625199,0.00303225133467727,0.00328657098099805,0.00356055261116222,0.00385402388863254,0.00416958959693232,0.00450730729914111,0.00486970085841491,0.00525720047116871,0.00567227430425324,0.00611561240604122,0.00658971557484003,0.00709555562649973,0.00763567124524254,0.00821128857411114,0.0088250096882336,0.00947845669468556,0.0101741998154728,0.0109141799422522,0.0117009630792397,0.0125370847573549,0.0134250051954172,0.0143677641166337,0.0153676948261917,0.0164286613524044,0.0175527328210599,0.0187444724801551,0.0200056861903615,0.0213419193374416,0.0227545808306186,0.0242504051799046,0.025830373195782,0.0275021458905504,0.0292659797715397,0.0311311760617746,0.0330975077571184,0.0351757839505769,0.0373645017395465,0.0396756366417756,0.0421071269242995,0.0446729753656478,0.0473689998165234,0.0502108364951643,0.0531935457591247,0.0563339766321615,0.0596243171302041,0.0630847552549724,0.0667043894327861,0.0705031075098272,0.0744718365126348,0.0786253613637168,0.0829572311047044,0.0874781072162536,0.0921823095283904,0.0970752856422944,0.102151886488215,0.107413405306682,0.112851883460191,0.118463747455913,0.124238766571419,0.130166655315287,0.136233350522731,0.142420774464651,0.148710068194118,0.155073773048532,0.161487064280608,0.167911711201593,0.174315647181055,0.180647997859504,0.186868802763163,0.192913796458265,0.198734578976908,0.204251796334366,0.209409175534954,0.21411309730909,0.21830143764884,0.22186741244327,0.224747490125514,0.226826112785382,0.22804270094306,0.228279159370416,0.227492418620297,0.225568279470754,0.222490811474625,0.218161897279366,0.212613664556341,0.205778206834984,0.197746616029052,0.188491651562865,0.178188313602978,0.166852240222731,0.15473660654539,0.141920897674495,0.12870600238638,0.115235931363618,0.101825797969465,0.0886535674230494,0.0760158089023326,0.0640749942518416,0.0530625607292932,0.0430878559216162,0.0342775626071351,0.0266635885341336,0.0202513943189693,0.0149960415401114,0.0107953299981219,0.00755588763062312,0.00510782300504767,0.00335294805838284,0.00210277266291654,0.00128495377347641,0.000733779842894486,0.000415930957385101,0.000209587998825671,0.000111955543640414,4.70530293236914e-05,2.46986049599608e-05,7.24645099935908e-06,4.17012912664937e-06,1.40277085466137e-06,-3.27039622131402e-07,1.02276618208274e-06,-8.92850323103327e-07,7.75983689264162e-07,-7.57396594102422e-07,5.89532211511748e-07,-6.0912716672639e-07,4.0382659759685e-07,-5.39612233130886e-07,0
11895340.6737032,0,3.32783766215572e-06,5.29580100291337e-07,3.75627541426622e-06,1.24922689723644e-06,4.5329825058033e-06,1.88632468104487e-06,5.43659509304351e-06,3.22148412648456e-06,6.00346941110374e-06,5.1780492731174e-06,6.88168882775204e-06,7.23140266838327e-06,8.46361024256526e-06,9.43631017802622e-06,1.07094163190343e-05,1.20603368600898e-05,1.36003576520759e-05,1.53136706521986e-05,1.72298303000735e-05,1.93703029762882e-05,2.17560967922922e-05,2.44188712901331e-05,2.73815159603929e-05,3.06841049361848e-05,3.43524678382551e-05,3.84358582176287e-05,4.29651747796215e-05,4.80016071961592e-05,5.35770548077091e-05,5.97692448675608e-05,6.66143279014379e-05,7.42047951239102e-05,8.25904992912562e-05,9.18733891467727e-05,0.000102114748354083,0.000113429402650147,0.000125900185384953,0.000139661518251956,0.000154811873028411,0.000171503331528093,0.000189858635681556,0.000210050173930653,0.000232225825719927,0.000256581332297662,0.000283296128081136,0.000312592687809937,0.000344696109180398,0.000379853369686974,0.00041832869459222,0.000460390407488994,0.000506363124588648,0.000556547382895268,0.000611335119349167,0.000671046126202383,0.00073615323902415,0.000806993996285175,0.000884127857791221,0.000967907047493205,0.00105900691403564,0.0011577977517432,0.00126511045047914,0.0013813169582712,0.00150738616995324,0.00164365966500476,0.00179129171671121,0.00195062588089924,0.00212305059565448,0.00230879187097424,0.00250948670857149,0.00272541536933639,0.00295848548938971,0.00320867296727424,0.00347840838407664,0.0037675665662126,0.00407873220530092,0.00441200721621245,0.0047699077463672,0.00515290295911831,0.0055634636845302,0.00600231599999456,0.00647196937984065,0.00697342785586269,0.00750924737555152,0.00808068461623376,0.00869036496451914,0.00933993674510334,0.0100319952104505,0.010768502377485,0.0115520575454643,0.0123852104744192,0.0132704508062003,0.0142108258405236,0.01520870014121,0.0162679416032057,0.0173906463646046,0.0185813684766724,0.0198419306373038,0.021177869578955,0.0225906036420606,0.0240868564653951,0.0256675911356339,0.0273404560334546,0.0291056720038484,0.030972546709934,0.0329407998525868,0.0350212627129481,0.037212340604094,0.0395260312473018,0.0419601507447625,0.044528792788843,0.0472275444328468,0.0500722129304449,0.0530576211643191,0.0562007331966859,0.0594934438999366,0.0629562390695085,0.0665778025595861,0.070378367719441,0.0743484445648735,0.0785029875481539,0.0828354118978997,0.0873564884754123,0.0920603072168392,0.0969523934956587,0.102027463261002,0.107286873665355,0.112722694075574,0.118331210317296,0.124102166822199,0.130025434007056,0.13608663205294,0.142267703291214,0.148550284859731,0.154906426163509,0.161311316098508,0.167726914416072,0.17412103285286,0.180442757471386,0.186652035250262,0.192684745302704,0.1984921241323,0.203994738767764,0.209137523551127,0.213825060595195,0.217996558857029,0.22154491652163,0.224407596865379,0.22646723436731,0.227665052932675,0.227883014877299,0.227076746833725,0.225135127584535,0.222039757692865,0.217695052927069,0.212131418921908,0.20528323491862,0.197241093478576,0.187978775393784,0.177671504322982,0.166334832481541,0.154222460897476,0.141415284495158,0.128213015755745,0.114760752924499,0.101373201982284,0.0882282482906187,0.0756216868851499,0.0637153077579208,0.0527395426569073,0.0428032066112938,0.0340317601334256,0.0264559244225346,0.0200799053756745,0.0148578900625525,0.010686932255961,0.00747345356169409,0.00504721482896033,0.00330970035304946,0.00207295921531739,0.00126516011575028,0.000721308696306547,0.000408328670264535,0.000205312724905714,0.000109590492438496,4.58408865491038e-05,2.40573830462452e-05,7.01739572781293e-06,4.05734563156254e-06,1.36106745438547e-06,-3.56879439446451e-07,1.02896625668268e-06,-8.94830653344602e-07,7.63283363252257e-07,-7.42900385217799e-07,5.7963214192377e-07,-6.00320455363607e-07,4.01767677030828e-07,-5.33813093275263e-07,0
12173827.2773966,0,3.17946066242713e-06,5.06425343178113e-07,3.58891558550428e-06,1.19426872323841e-06,4.33164141664131e-06,1.80387718916517e-06,5.19529012261747e-06,3.0808973742937e-06,5.73833776470562e-06,4.95145842488233e-06,6.57988978394065e-06,6.91546242471589e-06,8.09447093181441e-06,9.02575948187823e-06,1.02446394684874e-05,1.15382677930266e-05,1.30132261472832e-05,1.46544350998226e-05,1.64903034910596e-05,1.85414729156493e-05,2.08281930786835e-05,2.33809196227253e-05,2.62217586079476e-05,2.93892718353343e-05,3.29084387896278e-05,3.68266917926233e-05,4.1173963592832e-05,4.6009216909492e-05,5.13634592426203e-05,5.73116204788762e-05,6.38889374015468e-05,7.11846526718872e-05,7.92473012230401e-05,8.81754218504902e-05,9.80287576151263e-05,0.000108918489500324,0.000120925319059747,0.000134179585654399,0.000148777363185647,0.000164866378286508,0.000182566496842999,0.000202045549181872,0.000223448091724277,0.000246964980348076,0.000272771861690076,0.000301086292896055,0.000332128739051924,0.000366141269588584,0.000403383043178582,0.000444117906923051,0.000488664469293382,0.000537319254724324,0.000590467500877812,0.000648426027871165,0.00071165982868776,0.000780504868966119,0.000855511948591511,0.000937033802242874,0.0010257361982023,0.00112199227813259,0.00122662119446651,0.00134000086876621,0.00146308784903464,0.0015962346742895,0.00174058164774381,0.00189648636796613,0.00206532132970338,0.00224733599707714,0.0024441500810522,0.00265606901643002,0.00288498154133395,0.00313090220416473,0.00339623593525253,0.00368090267621141,0.00398746678018319,0.0043160749316003,0.00466923213465432,0.0050474454956931,0.00545318684284696,0.00588721767438711,0.00635205737526298,0.00684874378863571,0.00737984809867752,0.00794665866926875,0.008551823761772,0.00919701985188869,0.00988486866355205,0.0106173556699056,0.0113971097913094,0.0122267016373453,0.0131086558973015,0.0140460296353236,0.0150412246251617,0.0160981147993887,0.0172188292638896,0.018407916427205,0.01966722366146,0.0210022835905818,0.0224145251222368,0.0239106699659395,0.0254916728488467,0.0271651729585621,0.0289313658476651,0.0307995485193594,0.0327694038344016,0.0348518018735905,0.0370450468204962,0.0393611441540517,0.0417978578439336,0.0443692946339271,0.0470708999340572,0.0499185335888616,0.0529068339698006,0.0560529616567219,0.0593484818950283,0.0628140474602458,0.0664380872061956,0.0702410505279154,0.0742131105692318,0.0783694009229875,0.0827031137470025,0.0872250398731909,0.0919293015971215,0.0968212807525525,0.101895728304488,0.107153874656013,0.112587731053666,0.118193515189597,0.123961180847738,0.129880469180786,0.135936782846952,0.142112327830732,0.148388087731694,0.154736697517298,0.161133591875113,0.167539683443609,0.173923569151133,0.180234306583011,0.186431941340558,0.192451833707442,0.198245633199289,0.203734084452289,0.208862280176198,0.213534330017843,0.217690255111877,0.221221618600592,0.224067728175906,0.226109406852352,0.227290309876937,0.227489864529522,0.226667132043478,0.22470804902698,0.221596329183457,0.217236159152263,0.211658760373576,0.204798506783905,0.196746013633708,0.187476023221252,0.177164200027306,0.165826687357086,0.153718216293661,0.140918547088559,0.12772887421633,0.114293855794853,0.100927914759519,0.087808885216537,0.075232256807363,0.0633594803162793,0.0524198076377301,0.0425211191235,0.0337877287550205,0.0262493732653539,0.0199093659453491,0.014720170928345,0.0105789266522165,0.00739110404847343,0.00498639145334752,0.00326651043678127,0.00204327311557749,0.00124547794103827,0.00070877588608488,0.000400526265356088,0.000200873233349399,0.000107121959098374,4.46633536770791e-05,2.34204485612008e-05,6.75226923061059e-06,3.91964880936656e-06,1.32482931365339e-06,-3.75409358507402e-07,1.02263294312401e-06,-8.9348768808049e-07,7.53438246469748e-07,-7.32982542638859e-07,5.72944973242316e-07,-5.92477231911643e-07,3.98216796291905e-07,-5.26290667616099e-07,0
12458833.6429501,0,3.03836666744061e-06,4.84180693208265e-07,3.42963265471006e-06,1.1419807877256e-06,4.13985290710868e-06,1.72477916356279e-06,4.96584446868291e-06,2.94611287635262e-06,5.48555065162532e-06,4.73498488235309e-06,6.29141783630852e-06,6.61357463598443e-06,7.74134528487121e-06,8.63302381883449e-06,9.79972610531927e-06,1.1038343053442e-05,1.24507289675266e-05,1.40225916718737e-05,1.57811783755808e-05,1.77463466505698e-05,1.99376066613842e-05,2.23842378543582e-05,2.51075647229303e-05,2.81446803611739e-05,3.15197295356922e-05,3.52783688850533e-05,3.94495830390338e-05,4.40901535127723e-05,4.92301782652559e-05,5.49418588097755e-05,6.12595076229046e-05,6.82691839931257e-05,7.60181025819412e-05,8.46014658648978e-05,9.40774550859824e-05,0.000104553633290999,0.00011610854587675,0.000128868498478116,0.000142927148506707,0.000158427869350507,0.000175487555028493,0.000194269418116456,0.000214914670624592,0.000237609303207197,0.000262524993441769,0.000289874131799017,0.000319872404278347,0.000352756872797788,0.000388781429503375,0.000428205236972053,0.000471340684466959,0.000518479770722224,0.000570000584929673,0.000626216541421808,0.000687584318844058,0.000754437703777686,0.000827318605476419,0.00090657940022586,0.000992875064962528,0.00108658037755211,0.00118850232105791,0.00129902403425788,0.00141908868293231,0.00154905765278321,0.00169005636461287,0.00184245592367193,0.00200761146128998,0.00218579311243757,0.00237860177172796,0.00258636687368325,0.00281095687528108,0.00305242311974037,0.00331314354119607,0.0035930822750312,0.00389478042811622,0.00421842653727881,0.00456651378324338,0.00493958705710816,0.00534011686782054,0.00576890001566507,0.00622846225731479,0.00671987448920564,0.00724572120029608,0.00780732420290158,0.00840735366641702,0.00904751440162288,0.00973045461761449,0.010458186599433,0.0112333733077558,0.0120586045791116,0.0129364401565435,0.0138699555651019,0.0148615930409904,0.0159152337904335,0.0170330419252202,0.0182195691409175,0.0194766926620311,0.0208099346046278,0.0222207563202243,0.0237158710485777,0.0252962389264709,0.026969479347098,0.0287357773386252,0.0306044358725128,0.0325751136920454,0.034658704904907,0.0368534284645845,0.0391713083508331,0.0416099939709588,0.0441837029342395,0.0468876899807167,0.0497379071572733,0.0527288268500316,0.0558776778165996,0.0591757803889886,0.0626440938779746,0.0662705195805854,0.0700758397076605,0.0740499318697192,0.0782081920972161,0.0825433154502511,0.0870664959960743,0.091771293052057,0.09666358042181,0.101737634402847,0.106994993697513,0.112427345526511,0.118031130760924,0.123795953670878,0.129711554171447,0.135763568013744,0.141933997566591,0.148203829665414,0.154545670342604,0.160934829805057,0.167332636691369,0.173707369347068,0.180007507080453,0.186194266166057,0.19220191524532,0.197983138082161,0.203458114629751,0.208571342461616,0.213228202877907,0.217368003261521,0.22088278170752,0.223711056750173,0.225735128646368,0.226897916451332,0.227079236853921,0.226238186891229,0.224261198119604,0.221132472877803,0.21675566099965,0.211163925609693,0.204290368004723,0.196227603943151,0.186949817033956,0.176634167652998,0.165295798932008,0.153190754530334,0.140399245832667,0.127222290523125,0.11380551645568,0.10046210684386,0.0873713077025601,0.0748264766733579,0.0629890695747002,0.0520873718837609,0.0422281804110079,0.0335346891822581,0.0260358606932503,0.0197327844575328,0.014578482936949,0.0104678955237013,0.00730676050432191,0.00492420898097265,0.0032222564684514,0.00201296670475253,0.001225556541309,0.000696122349667461,0.000392906571954378,0.000196522764865142,0.000104693283379146,4.35221064532134e-05,2.28015148433683e-05,6.51634898476947e-06,3.79076296185647e-06,1.30159916405934e-06,-3.98221851186646e-07,1.01925370677471e-06,-8.9255545474952e-07,7.44344982022223e-07,-7.21443135467327e-07,5.63748109986564e-07,-5.82990680609849e-07,3.95153531744308e-07,-5.20380135343195e-07,0
12750512.4071301,0,2.90282935469493e-06,4.6288796333635e-07,3.27701427185951e-06,1.09169458282793e-06,3.95552028344681e-06,1.64955962517858e-06,4.745249148168e-06,2.81691798635813e-06,5.24327637503886e-06,4.52702382937995e-06,6.01489851550023e-06,6.32380583844245e-06,7.40254962306868e-06,8.25612957239114e-06,9.37271336046116e-06,1.05584843504745e-05,1.19107193166942e-05,1.34159196165243e-05,1.51001969198844e-05,1.69826609150791e-05,1.90820831635611e-05,2.14266089135849e-05,2.40368106695862e-05,2.69483580969487e-05,3.01845775700231e-05,3.37894027893996e-05,3.77908652237299e-05,4.22436262131137e-05,4.71768978375489e-05,5.26602164847315e-05,5.8726958807642e-05,6.5460093527142e-05,7.29055024597059e-05,8.11550906682864e-05,9.02654560135958e-05,0.000100340616189164,0.000111456934208787,0.000123736702720027,0.000137271129573655,0.000152199287980423,0.000168635080702529,0.000186737100417936,0.000206643093426591,0.00022853411763864,0.000252577859303587,0.000278981560598885,0.000307955985391228,0.000339732944616058,0.000374560865477532,0.000412693963467577,0.00045443822232363,0.000500080925408486,0.000549992735213444,0.000604483147158448,0.000664000393565848,0.000728875589026516,0.000799640880842596,0.000876647327937821,0.000960539170175338,0.0010516923821476,0.00115090072662519,0.00125855089415984,0.00137557197093739,0.00150233350748205,0.001639945073707,0.00178878947732839,0.0019502033503988,0.00212447534685206,0.00231318623617823,0.00251668889097586,0.00273683041693479,0.00297369625855101,0.0032296346549505,0.0035046525683246,0.00380126663365089,0.00411970592982474,0.00446245030491274,0.00483008113423806,0.00522506490348647,0.00564823316871953,0.00610211772031767,0.0065878222139164,0.0071079437174722,0.00766383745185515,0.00825819386228621,0.00889274814854263,0.00957017575161046,0.0102925172756129,0.0110624683110109,0.0118826424523434,0.0127556367609835,0.0136845436175367,0.014671847803678,0.0157214443324891,0.0168355397509046,0.0180186896743857,0.0192728056540169,0.0206034060902809,0.0220119844208609,0.0235052505251257,0.0250841938218305,0.0267564120497239,0.0285220777569155,0.0303904931278113,0.0323613159084121,0.0344454546487828,0.0366410727524506,0.0389602015109847,0.0414004065087567,0.0439759619385188,0.0466819713312721,0.0495344741580186,0.0525277450554258,0.0556791384090638,0.0589797063110822,0.0624505980184756,0.0660794081756539,0.0698872342944858,0.0738634624173764,0.0780237226144698,0.0823605217616994,0.0868851628396075,0.0915909714855627,0.0964838140440974,0.101557883391187,0.106814874379639,0.112246103802405,0.117848201909248,0.1236105584342,0.129522911683182,0.135570891055913,0.141736459023693,0.148000914237165,0.154336210657717,0.160717800434947,0.167107159830585,0.173472912798877,0.179763220975451,0.185938804273139,0.191934440165084,0.197703271659875,0.20316426077821,0.208263140980009,0.212904842243537,0.21702838765434,0.220525987646867,0.223336962295691,0.225343323211532,0.226487117957354,0.226650049091027,0.225790875950638,0.22379512991557,0.220649451410519,0.216255753919101,0.210649466606503,0.203762578537642,0.195689166252432,0.186403686144066,0.176083987727195,0.164745158544328,0.152644628639814,0.139861593774538,0.126698865170172,0.113300931294088,0.0999818609753233,0.0869198715985889,0.0744083565843791,0.0626079682223616,0.0517457988572751,0.0419280220266972,0.0332756798352694,0.0258176063258589,0.0195529081563443,0.0144342951128644,0.0103552707228959,0.00722155543010603,0.00486143318427277,0.00317767327300407,0.00198246579671968,0.0012055359253737,0.000683533478626707,0.000385249720855814,0.000192092056771692,0.000102328828385597,4.23311567604596e-05,2.21815045184221e-05,6.24110066147765e-06,3.68385038080046e-06,1.27858022985347e-06,-4.47095754762891e-07,1.023046659126e-06,-8.81644962512537e-07,7.23597099752018e-07,-7.08381944595105e-07,5.59722490741897e-07,-5.78399573058551e-07,3.93507098390724e-07,-5.13115558096644e-07,0
13049019.780144,0,2.77314344108377e-06,4.42488222917688e-07,3.13068481657181e-06,1.04344816728574e-06,3.77927225390729e-06,1.57694324989667e-06,4.53406340081993e-06,2.69301764342389e-06,5.01083553584969e-06,4.3276449671828e-06,5.74964300827692e-06,6.045759094932e-06,7.07753291109249e-06,7.89439354899761e-06,8.96290111095371e-06,1.00978275317473e-05,1.13922551270685e-05,1.28333321112666e-05,1.44461220144565e-05,1.62489860647555e-05,1.82599907652708e-05,2.05061815965317e-05,2.3007398031405e-05,2.57979323617776e-05,2.8900313109709e-05,3.23567993728556e-05,3.61944826366711e-05,4.0465971034974e-05,4.51996074410973e-05,5.04623425451896e-05,5.62865975918881e-05,6.27523251121719e-05,6.9904109675841e-05,7.78306529130334e-05,8.65869535317345e-05,9.62735300978816e-05,0.000106964551178169,0.000118778354970949,0.000131803700065315,0.000146175423494689,0.000162004428151756,0.000179444667753581,0.000198630312438943,0.000219737442190316,0.000242929700401409,0.000268409161099488,0.000296381577230151,0.000327073398216709,0.000360727480638068,0.000397592849793484,0.000437968810806989,0.000482137629010077,0.000530462330324696,0.000583248061087515,0.00064093420469048,0.000703848506353802,0.000772513241696133,0.000847277905215361,0.000928775198834946,0.00101738079902586,0.00111387494308613,0.00121864717413169,0.00133261174874583,0.00145614501025197,0.00159033967892154,0.00173558844313013,0.00189320868663505,0.00206350699258667,0.00224804260284465,0.00244718822367988,0.00266276821681385,0.00289490210003969,0.00314590758765202,0.00341583142039197,0.00370716342051567,0.00402017243186936,0.00435732185484639,0.00471922818130742,0.00510835357838101,0.00552556257114308,0.00597338925430783,0.00645297132706267,0.00696691754739887,0.00751661358616883,0.00810476826339482,0.00873314986137453,0.00940446137582793,0.0101207734068433,0.0108848145267623,0.0116992226512575,0.0125666322884428,0.0134901551883325,0.0144723256461268,0.0155170559511005,0.0166265967496411,0.0178055071737545,0.0190557408405597,0.0203828122757707,0.021788259314277,0.0232787924750338,0.0248554200022329,0.0265257254801402,0.028289904982637,0.0301572562900344,0.0321274488349899,0.0342113984404247,0.036407214543693,0.0387269417779907,0.0411680876449189,0.0437449587462007,0.0464525200532389,0.0493068916988134,0.0523022196011277,0.0554559412244522,0.0587588600266489,0.0622323157394872,0.0658635312479834,0.0696738860406801,0.0736524337337174,0.0778150248207904,0.0821538731301639,0.0866803772902976,0.0913876329154655,0.0962816544484406,0.101356371904997,0.106613619042578,0.112044618392018,0.117645954156565,0.123406881247125,0.129317215195868,0.135362409934651,0.141524430435154,0.147784443340367,0.154114393139563,0.160489916105711,0.166872261540134,0.173230082205621,0.179511118741146,0.185676625912068,0.191660774784885,0.197417248853628,0.202864897110346,0.20794940677144,0.212575502059579,0.216683133363372,0.220163763410919,0.222957157635659,0.224945064459532,0.226070809736394,0.226214756637377,0.225337471045285,0.223323579988216,0.220160816962136,0.215750851122886,0.210129993439133,0.203230386306083,0.195146840369189,0.185853691021674,0.175530113322964,0.16419133164952,0.152095358242455,0.139321958120907,0.126173164528401,0.112794972313319,0.0995002498402759,0.08646767601827,0.0739895147238643,0.0622266947851558,0.0514040763805381,0.0416277933444765,0.0330171737695524,0.0256000364841145,0.0193738367443204,0.0142908366977207,0.0102434351981847,0.00713708104455027,0.00479950842288671,0.00313385032637643,0.00195255392993608,0.00118596176084887,0.000671221818704712,0.000377801425637699,0.000187876772258206,0.000100003527556948,4.11875493243204e-05,2.16067509472867e-05,6.03203555957851e-06,3.55839822843729e-06,1.23930613083331e-06,-4.59655246092307e-07,1.02187485516609e-06,-8.83819339076453e-07,7.15316112923719e-07,-6.97321629106896e-07,5.51950066704969e-07,-5.70105633321962e-07,3.8997879098601e-07,-5.06276954213236e-07,0
13354515.629299,0,2.64883102704685e-06,4.22845257297823e-07,2.99050387764999e-06,9.97373237936231e-07,3.6100882215731e-06,1.50742349814378e-06,4.33178931698997e-06,2.57399938459836e-06,4.78808157319406e-06,4.13650411929519e-06,5.49508748620196e-06,5.77921091987539e-06,6.76557974446674e-06,7.54735541115424e-06,8.5695266726174e-06,9.65563108148926e-06,1.08944388387357e-05,1.22738440591453e-05,1.38178390960275e-05,1.55440852317701e-05,1.7469960088986e-05,1.96214439152663e-05,2.2017648647716e-05,2.46915261237404e-05,2.7664813942062e-05,3.09781358488516e-05,3.46576671697985e-05,3.8754019602567e-05,4.32946492682191e-05,4.83439710533158e-05,5.39334568077417e-05,6.01401236893982e-05,6.7007235613441e-05,7.46203366440465e-05,8.3032812780654e-05,9.23417754460965e-05,0.000102619266634856,0.000113979730406484,0.000126509406388767,0.000140338889331108,0.000155576051381395,0.000172370291816847,0.000190852302841161,0.000211193245429639,0.000233552588705192,0.000258127047653153,0.000285117264349285,0.000314744300844048,0.000347245383762892,0.000382864265111241,0.000421893438281005,0.000464609777913621,0.000511368474746384,0.000562470064325222,0.000618344747958439,0.000679316500703422,0.000745897354027603,0.000818434267347882,0.00089754806834846,0.000983613730327532,0.00107739720725038,0.00117928966873787,0.00129018978696112,0.00141047925206609,0.00154123349414967,0.00168285413375293,0.00183663780719185,0.00200290698411799,0.00218319919333654,0.00237790589443539,0.00258882621148323,0.00281611023122428,0.00306204395566635,0.00332671375301791,0.00361258139427423,0.0039199525600624,0.00425127295010386,0.00460719209770035,0.00499016424486707,0.00540108649760165,0.00584249417589395,0.0063155563245823,0.00682289009953014,0.00736591620313155,0.00794736210552145,0.00856902472841868,0.00923362949135763,0.00994327531044866,0.0107007251496457,0.0115086452973056,0.0123697135780286,0.0132870651763713,0.0142632784369637,0.0153022777470268,0.0164063655584873,0.0175801134260515,0.0188255264997875,0.0201481285897164,0.0215495078562264,0.0230363692836814,0.0246097579912917,0.0262772465861933,0.0280390480402832,0.0299044626488156,0.0318731724321805,0.0339560976940245,0.036151329693041,0.0384709220933999,0.0409123161020704,0.0434898769005013,0.0461984714653945,0.0490542748067514,0.0520512584802405,0.0552069500199297,0.0585119516862816,0.0619877746341989,0.0656213107062583,0.0694341629619172,0.0734150628634,0.0775800091261875,0.0819209613539148,0.0864495146810328,0.0911584818810496,0.0960539277241605,0.101129493043202,0.106387256158753,0.111818173530675,0.117418923474737,0.123178593869679,0.129087086485206,0.135129752871679,0.1412885835746,0.14754469235243,0.153869981236392,0.160239985626395,0.166615847186137,0.17296619722186,0.179239066781604,0.185395161933388,0.191369009011955,0.197113983549396,0.202548733040682,0.207620098201701,0.212231333168225,0.216323211766143,0.219786728002728,0.222562321011103,0.224531933884512,0.225639014391691,0.225763633130143,0.224867826648807,0.222834877660097,0.21965436628714,0.215227428370284,0.209591585509799,0.202678632875463,0.194584303678119,0.185283791520319,0.174956194575076,0.163617290012134,0.151526261717609,0.138762118751825,0.125628220175212,0.112270624001132,0.0990009229742605,0.0859994007774558,0.0735561168180918,0.0618324704718964,0.0510510837164544,0.0413180165992847,0.0327506205491762,0.0253758646716721,0.0191898357281941,0.0141436449662599,0.0101286864319905,0.00705043047421283,0.00473637805320391,0.00308939354225079,0.0019225217896217,0.00116618735272939,0.000658853319846256,0.00037028088105359,0.000183667309627642,9.7768447737455e-05,4.01123750966891e-05,2.10183710356142e-05,5.8213098615433e-06,3.43693220733891e-06,1.21144030169405e-06,-4.71071590359507e-07,1.01630484211478e-06,-8.86775165841575e-07,7.10576519651047e-07,-6.87262794772321e-07,5.42872715585469e-07,-5.60289070802117e-07,3.86054996919329e-07,-4.9991079930949e-07,0
13667163.5646201,0,2.53003087501681e-06,4.04125168199185e-07,2.85649729884567e-06,9.53132424453888e-07,3.44856973149329e-06,1.4408792914006e-06,4.13827143183766e-06,2.46031629202706e-06,4.57509210626856e-06,3.9535942401928e-06,5.25188899467794e-06,5.52415440663081e-06,6.46743151890228e-06,7.21544334701928e-06,8.19342793381095e-06,9.23277715224897e-06,1.041841216619e-05,1.17388074517052e-05,1.32169777690356e-05,1.48698898127006e-05,1.67142646342947e-05,1.87750520612985e-05,2.10706536802816e-05,2.36327260473898e-05,2.64822423233685e-05,2.96582508511748e-05,3.31860275930581e-05,3.71142531931086e-05,4.14695030871862e-05,4.6313746261184e-05,5.16775156615446e-05,5.76349657839966e-05,6.42280225691096e-05,7.15391688167792e-05,7.96202163611776e-05,8.85649365045955e-05,9.84432097006134e-05,0.00010936566052892,0.00012141603361574,0.000134720761015081,0.000149384695075139,0.000165552715607028,0.000183351964712732,0.000202948664564501,0.00022449815268607,0.000248191865633329,0.000274225258819719,0.000302813837498563,0.000334189073165526,0.000368589337572846,0.000406300317238633,0.000447593372202137,0.000492815578474491,0.000542262320760053,0.000596354489424719,0.000655412009848879,0.00071993620374713,0.000790270565623168,0.000867023691070596,0.000950569282658814,0.00104165866108963,0.00114068381234658,0.00124852735659027,0.00136557470973427,0.0014928826678481,0.0016308606944552,0.0017807847161516,0.00194299077665999,0.00211899245527245,0.00230919869437693,0.00251538287226494,0.0027377237074894,0.00297847357972093,0.00323775456664529,0.00351799885514289,0.00381954883721661,0.00414482958000029,0.00449452071007562,0.00487106554603847,0.00527539303510399,0.00571003911845517,0.00617620173766917,0.00667650242532023,0.00721239471624844,0.0077866207915985,0.00840100636168351,0.00905830217962423,0.00976063833238884,0.0105108093415027,0.0113115077812206,0.0121654508821169,0.0130757965535339,0.0140451727361954,0.0150775228455807,0.0161752032516997,0.0173427990567802,0.0185823698601915,0.019899437680419,0.0212956466721433,0.0227777070984794,0.024346717195223,0.0260102344178866,0.0277685045861453,0.0296308146774347,0.0315968918464285,0.0336776586449135,0.0358712058896554,0.0381895736331995,0.0406301828270158,0.0432074316446344,0.0459160942653716,0.0487723893623243,0.0517701735834742,0.0549270616797832,0.0582334212597918,0.0617109458689004,0.0653462423931449,0.069161117020058,0.073144024891782,0.0773110529744131,0.0816539503703393,0.0861843769662249,0.0908949360367949,0.0957918001380699,0.100868444700544,0.106126982350316,0.11155805935577,0.117158475298072,0.122917291862614,0.128824262387772,0.134864709525343,0.141020498920611,0.147272774132555,0.153593382853821,0.159957736098642,0.166326997148081,0.172669994421296,0.17893427980735,0.185081158580671,0.191044399939124,0.196778094765661,0.202200548145431,0.207257735511783,0.211854126488533,0.2159308426155,0.219377789334891,0.222136747155547,0.224088129218083,0.225177541625213,0.225283537900406,0.224368913663265,0.222317951665284,0.21912028706901,0.214676563961507,0.209025703710529,0.202099586913657,0.193995050267287,0.184686887657493,0.174355771256649,0.163017522848853,0.150931864791208,0.138178026916444,0.125059872135487,0.111724179843548,0.0984811547677142,0.0855122311774038,0.0731057434946516,0.0614230512022919,0.0506851134403821,0.0409972141218461,0.0324752831345613,0.0251445248307383,0.0190002662101887,0.013992222605539,0.0100111722751383,0.00696218350225647,0.0046719136401436,0.00304386343491647,0.00189141605703682,0.00114598507443165,0.000646183309756259,0.00036272012740758,0.0001794642285014,9.54609994379063e-05,3.89355464524847e-05,2.04457074134773e-05,5.61767202781208e-06,3.31073156795817e-06,1.18106762267897e-06,-4.81911146033588e-07,1.00587724745521e-06,-8.83325148170488e-07,7.04008768190096e-07,-6.79672497489621e-07,5.37141124830379e-07,-5.52617000858632e-07,3.8260120932375e-07,-4.92731111484799e-07,0
13987131.0264724,0,2.41736010306025e-06,3.86261958155238e-07,2.72934328992341e-06,9.11127722746686e-07,3.2952548859966e-06,1.37739929554146e-06,3.95474778031467e-06,2.35199227899073e-06,4.37271826219112e-06,3.77969678431309e-06,5.02044915086439e-06,5.28157887921563e-06,6.18357624825359e-06,6.89948146806584e-06,7.83520278714429e-06,8.82991376701493e-06,9.96469333977541e-06,1.12286457732242e-05,1.26438201624366e-05,1.42265177823466e-05,1.59928046383342e-05,1.79666392738597e-05,2.0165749633261e-05,2.26205451988493e-05,2.53512454230235e-05,2.8395381587171e-05,3.17773383357766e-05,3.55439208019922e-05,3.9720860078955e-05,4.43677607551094e-05,4.95141943393529e-05,5.52315575005381e-05,6.15604976841668e-05,6.85805014199789e-05,7.63417728967621e-05,8.49348111135634e-05,9.44273739884779e-05,0.000104926341672966,0.000116512976584447,0.000129309607392731,0.000143418058629129,0.000158978701074382,0.000176115112554195,0.000194988613452861,0.000215750328273789,0.000238586383956606,0.000263687113160577,0.00029126246842858,0.000321538033503096,0.000354746569250621,0.000391166773068014,0.000431064334669296,0.000474778207830895,0.000522598407104823,0.000574936124252468,0.000632106472732587,0.000694600026763569,0.000762756939679666,0.000837173166765881,0.000918219780242822,0.00100663302853094,0.00110280479908014,0.00120760090158949,0.00132140980302436,0.00144526924122089,0.0015795942419422,0.00172563864611503,0.0018837516927769,0.00205542214922151,0.00224107310934125,0.00244245082273722,0.0026597620823361,0.00289522483942456,0.00314899419597177,0.00342347004536907,0.00371902868933223,0.00403807255474272,0.00438131070534462,0.00475117469436317,0.00514862175237277,0.0055761825103214,0.00603508428035448,0.00652795322196789,0.00705627214836691,0.00762279653560631,0.00822938226949775,0.00887880032484086,0.00957321004983765,0.0103154372391897,0.011108201237215,0.0119542584275455,0.0128567909173596,0.0138184772825587,0.0148432811894811,0.0159336139556069,0.0170940709797396,0.0183267715896957,0.0196372459263308,0.021027203654213,0.0225033556062399,0.0240668532160062,0.025725245354351,0.027478822463855,0.0293368640664388,0.0312991488202483,0.0333766079125255,0.0355673353966334,0.0378833625515767,0.0403220948896785,0.0428979597543298,0.0456056682047583,0.0484614744507861,0.0514591447893048,0.0546163386169651,0.0579232519717202,0.0614017558252123,0.0650381469712926,0.0688544631974573,0.0728388304774957,0.0770075308318526,0.0813520016800418,0.0858841423782108,0.0905961384864535,0.0954944232308437,0.100572132804148,0.105831485217552,0.11126288561239,0.116863318870673,0.12262148493574,0.128527347138289,0.134565901589107,0.14071921727328,0.146968251916904,0.153284706606165,0.15964408584151,0.166007558611873,0.172343964666796,0.178600334145489,0.184738427776225,0.190691879880402,0.196414790302681,0.20182518648299,0.206870231182487,0.21145272683015,0.215514266490964,0.218945051940253,0.221687882256578,0.223622061587848,0.224693021843659,0.224781414267331,0.223848693776687,0.221779510478242,0.218564713537022,0.2141050265965,0.208439553442891,0.201500588298375,0.193386373497529,0.184070652765838,0.173736772149609,0.16239948313533,0.150319773745477,0.137577183037013,0.124476812890302,0.11116287278515,0.0979488105971839,0.0850128104895323,0.0726448670550007,0.0610041291171681,0.0503112470297049,0.040669990378978,0.0321946521260393,0.0249090791102242,0.018807776138726,0.0138387122202573,0.00989206312603811,0.00687274530073901,0.00460666544189667,0.00299840280377722,0.00186060876749303,0.00112599199635157,0.000633790338465193,0.000355285118907484,0.000175155283843501,9.31921837768463e-05,3.79083417846096e-05,1.9863555820686e-05,5.38230668585664e-06,3.23765127462573e-06,1.15061870531847e-06,-5.28009746093389e-07,1.02050034695493e-06,-8.75371029880705e-07,6.83997651273888e-07,-6.66496000049081e-07,5.33079767385982e-07,-5.4745133492868e-07,3.79619611329976e-07,-4.85007032539655e-07,0
14314589.3752348,0,2.30859436939048e-06,3.69143236938824e-07,2.60668381419788e-06,8.70599598104796e-07,3.14732970193597e-06,1.31653287631802e-06,3.77737742252128e-06,2.24787501666703e-06,4.17744681159106e-06,3.61196488234551e-06,4.79733879565436e-06,5.04748589591197e-06,5.90980818522781e-06,6.59456040807937e-06,7.48950527992987e-06,8.44103511112574e-06,9.52667763171507e-06,1.07360628411966e-05,1.20903224838855e-05,1.36051077026657e-05,1.52958706548023e-05,1.71856089640738e-05,1.9291376349908e-05,2.16423699836676e-05,2.42580737714965e-05,2.71745432609749e-05,3.04153176095465e-05,3.40253733537455e-05,3.80295589896866e-05,4.24851867628656e-05,4.74209375922828e-05,5.29054870242102e-05,5.89781550567295e-05,6.5715522346911e-05,7.31662484976006e-05,8.14175971604835e-05,9.0535173600683e-05,0.000100622199795247,0.000111757492087527,0.00012405928440757,0.000137626336936975,0.000152594595709464,0.000169084126276504,0.000187251394894207,0.000207243280610216,0.00022924052676373,0.000253428261706842,0.000280010882529696,0.00030920810494532,0.000341247032259525,0.000376399229879039,0.000414924351375252,0.000457153035449249,0.000503369854527211,0.000553976404081269,0.000609282780093767,0.000669768302883008,0.000735768662756082,0.000807866860724148,0.000886431129247342,0.00097218204545675,0.00106551016068905,0.00116726427258101,0.00127783508497094,0.0013982404337546,0.00152889974160571,0.00167104387791015,0.00182503284535002,0.00199233005681409,0.00217337182331758,0.00236987574592568,0.00258207309793597,0.00281214555577509,0.00306028178729354,0.0033288479445821,0.00361824910973569,0.00393086300493469,0.0042674276646088,0.00463036060149443,0.00502064399173466,0.00544079969774289,0.00589208291279396,0.00637712243793867,0.00689742943294243,0.00745576844723281,0.00805402117275853,0.00869497606502942,0.00938082208634768,0.0101144173375159,0.0108985062713371,0.0117358808595415,0.0126297495953909,0.0135828439720061,0.0145991434801792,0.0156811128374373,0.0168333640118157,0.0180580834323163,0.0193608122933744,0.0207433308936472,0.0222123480219632,0.0237690762648771,0.0254210513562658,0.0271686212151628,0.0290210733950172,0.0309782396144133,0.0330510409609056,0.035237595875485,0.0375499309750261,0.0399854778913793,0.042558688057228,0.0452642391407395,0.04811839907999,0.0511148796066879,0.0542713819172063,0.0575779706463415,0.0610565828602146,0.0646933262879358,0.0685104067682251,0.0724956600738514,0.0766655324668279,0.0810112042185472,0.0855446685637006,0.0902578275071353,0.0951571223028783,0.100235612447392,0.105495664969819,0.110927483990061,0.116527952060762,0.122285603656791,0.128190264593528,0.134226896487243,0.140377558356029,0.146623318780155,0.152935550811236,0.159290080189932,0.165647555890553,0.17197710537543,0.17822550454322,0.184354657678493,0.190297974212842,0.196010363759397,0.201409038318764,0.20644157778051,0.211010496672038,0.215057831271748,0.218473404748286,0.221200563323957,0.223118170523844,0.22417266168504,0.224243092611815,0.223294106535606,0.221207946641512,0.217976713931524,0.213500960456693,0.207821916764113,0.200870869538154,0.192747263845353,0.183425158293861,0.173090254208318,0.161754334680518,0.149682277458878,0.136952272683818,0.123869409097188,0.110580668433003,0.0973960803340961,0.0844961382653814,0.07216880867655,0.0605733050859331,0.049927482925875,0.0403349666507074,0.0319069606600117,0.0246696201171602,0.018611706707747,0.0136833723038083,0.00977213244269614,0.0067827575751864,0.00454135773646824,0.00295245259440566,0.00182975454715489,0.00110608307227558,0.000621371174312519,0.000347733848850251,0.00017098540018725,9.09562003313777e-05,3.68582855338211e-05,1.93399658902815e-05,5.15791798317266e-06,3.10020627609631e-06,1.13679266195946e-06,-5.36840060786681e-07,1.01319327830147e-06,-8.75781244339607e-07,6.74790807160476e-07,-6.53514961824149e-07,5.2543736270388e-07,-5.40805178392048e-07,3.77393955338788e-07,-4.78499999924522e-07,0
14649713.9830728,0,2.20546827005923e-06,3.52817687425316e-07,2.49020163506112e-06,8.32171936257344e-07,3.00701285849432e-06,1.2583192299421e-06,3.60933215059291e-06,2.1486431704641e-06,3.99202595818995e-06,3.45257433276468e-06,4.58521608669479e-06,4.82502766803598e-06,5.64947658460003e-06,6.30465328858874e-06,7.16072533850178e-06,8.07114764307143e-06,9.10994577015768e-06,1.02673064249915e-05,1.15634570019073e-05,1.30134279351007e-05,1.46320594706299e-05,1.64414208734814e-05,1.84579164906888e-05,2.07095728825571e-05,2.32151536492556e-05,2.60092864103858e-05,2.91146614724654e-05,3.25744900848252e-05,3.6412780486532e-05,4.06846289146781e-05,4.54177944725352e-05,5.06783270128741e-05,5.65042571104029e-05,6.29693404740997e-05,7.01207149680597e-05,7.80425215895613e-05,8.67982358244367e-05,9.64874697359871e-05,0.000107186635880771,0.000119010024535709,0.000132053403186167,0.000146448317963212,0.000162311259767508,0.000179793822625565,0.000199038709518995,0.000220221431695358,0.000243521922829972,0.000269138923354537,0.000297286176065644,0.000328184979667251,0.000362099759742083,0.000399284197571759,0.000440060511299348,0.000484707386915215,0.000533616582402069,0.000587092846267746,0.000645604195905622,0.00070948171755202,0.000779295164780529,0.000855409072513895,0.000938528208529092,0.00102904121157763,0.00112777921217968,0.00123513379613692,0.00135210243727007,0.00147910818998341,0.00161735847633311,0.00176722207858061,0.00193013538970859,0.00210654664095593,0.00229814436360265,0.00250518241435035,0.00272980440782585,0.00297222802681911,0.00323478390648915,0.00351790659974501,0.00382394767900862,0.00415366853160996,0.00450946811546653,0.00489235431904721,0.00530484107324013,0.00574820700653541,0.00622507718869029,0.00673698921717069,0.00728671492603262,0.00787616203350703,0.00850813686942236,0.00918485596713402,0.00990920329010559,0.0106839472605846,0.0115119158122787,0.0123963391110529,0.01333999913351,0.0143468977251166,0.0154195607273556,0.0165626127889055,0.0177783014162531,0.0190721694169832,0.0204460693603748,0.0219067212289112,0.0234554110170119,0.0250996683543914,0.0268399098757876,0.0286854052656506,0.0306360606441418,0.0327028172603258,0.0348838416870434,0.0371911385386596,0.0396221783666381,0.0421914043712853,0.044893471489165,0.0477446818159716,0.0507386835177432,0.0538932272012657,0.057198235595526,0.0606757807500116,0.0643117406491746,0.0681284890874934,0.0721136458717441,0.0762837432045964,0.0806297570797862,0.0851637656631319,0.0898774942010413,0.0947774970713438,0.0998565349947906,0.105116976367383,0.110548818338727,0.116148994283951,0.121905942199994,0.127809575205094,0.133844670867879,0.139993048446984,0.146235771649827,0.152544393202311,0.158894121646432,0.165246049128673,0.171569226512105,0.177810105588934,0.183931108662919,0.189864907925285,0.195566849226784,0.200953949282062,0.205974355670085,0.210529588542934,0.214563125043118,0.217963179514131,0.22067406471526,0.222574571651717,0.223611381410256,0.223663598486586,0.222696658863116,0.220592210037012,0.21734369672005,0.212851134007326,0.207157709423635,0.200193331641085,0.19205997765204,0.182731061113192,0.172392681429601,0.161059672107338,0.14899487957308,0.136279106705062,0.123217029758239,0.109954510117547,0.0968034062841303,0.0839422548573306,0.0716581101147743,0.06011048574833,0.0495157893918423,0.0399756609749026,0.0316004548768749,0.0244136513955244,0.0184029629554179,0.0135179882839428,0.00964462212077943,0.00668707557160463,0.00447221445896506,0.00290433329759787,0.00179758030446463,0.00108527508752099,0.000608481709856315,0.000340153246326863,0.000166722142252763,8.86205670649613e-05,3.57639105974288e-05,1.8777606346922e-05,4.94493737482543e-06,3.03591440207354e-06,1.12857996621341e-06,-5.88725293234236e-07,1.0055938531738e-06,-8.52007136465825e-07,6.62673761655561e-07,-6.50161448834334e-07,5.22584617373074e-07,-5.34186003355838e-07,3.73575427939015e-07,-4.70002846507735e-07,0
14992684.3278605,0,2.10673064462304e-06,3.37189014555209e-07,2.37887706343966e-06,7.9517731863363e-07,2.87264271256203e-06,1.20279187523414e-06,3.4481360222891e-06,2.0536797077307e-06,3.81440598774423e-06,3.29973114740989e-06,4.38201754144475e-06,4.61172585639055e-06,5.39994610473076e-06,6.02667856494677e-06,6.8454654025327e-06,7.71641756776271e-06,8.71025269573043e-06,9.81766814617221e-06,1.10580365216279e-05,1.24457887339537e-05,1.39951815407794e-05,1.57273891705842e-05,1.76581888547146e-05,1.98144797732539e-05,2.22143309529353e-05,2.48909950400836e-05,2.78663431278323e-05,3.11818871739206e-05,3.48608097922373e-05,3.89560498465066e-05,4.34944589558157e-05,4.85395566313109e-05,5.41281165003892e-05,6.03311356181123e-05,6.71942089053148e-05,7.47984273041932e-05,8.32052167022004e-05,9.25106796755209e-05,0.000102788790203438,0.000114149922692303,0.000126686852700454,0.000140526820785339,0.000155782853440037,0.000172601819624229,0.000191122195487216,0.00021151415171058,0.000233952427419933,0.000258630173807947,0.000285755222645487,0.000315543145864207,0.000348251268665535,0.000384127068644235,0.000423484341769316,0.000466595825883768,0.000513843341134511,0.000565525995033989,0.000622100424877939,0.000683892493873007,0.000751458572723837,0.00082515909631156,0.000905682656237565,0.000993415111161848,0.0010891696028492,0.00119333755136322,0.00130689563549807,0.00143026892562688,0.00156464050212312,0.00171038710352805,0.0018689179564035,0.00204069081195591,0.00222736366682637,0.00242921074577028,0.00264833703718243,0.00288498823689637,0.00314145793029016,0.00341820613593583,0.00371755620610445,0.00404029257409484,0.00438879434949464,0.00476409121993439,0.00516868421550297,0.00560387407678828,0.00607228176689383,0.00657546972400891,0.0071162132872827,0.00769644367143317,0.00831898063537986,0.00898606646822095,0.00970060894811477,0.0104653994248932,0.0112833039036153,0.0121575767965683,0.0130910449217975,0.0140877267332594,0.0151502106962443,0.0162831372990032,0.0174888207633424,0.0187728128823938,0.020137041303285,0.0215882265678552,0.0231277385597566,0.0247631039927482,0.0264948105914669,0.0283321198099838,0.0302750311103562,0.032334473750005,0.0345086851492264,0.0368096413665399,0.0392348437129571,0.0417987657159119,0.0444960721834951,0.0473430694478916,0.0503334152091878,0.0534848439368204,0.05678723221496,0.0602626707685611,0.0638969218887309,0.0677124996881309,0.0716967161222957,0.0758663221010421,0.0802121548128094,0.0847462876603732,0.0894601933759082,0.0943605203480392,0.0994398465342132,0.104700712741972,0.110132863307243,0.115733158579234,0.121490030496966,0.127393166950782,0.133427348588175,0.139574613011084,0.14581548633473,0.152121441338275,0.158468134105161,0.16481590755465,0.171133802694034,0.177368358335432,0.183482399353379,0.189407952495724,0.195099935423394,0.200476289909549,0.205484633849433,0.210026023081895,0.214045256427478,0.217430137612048,0.220124641234502,0.222008126602373,0.223027748453098,0.223061867486788,0.222078085627681,0.219956161887532,0.216691169281769,0.2121819529501,0.206477545612626,0.199502473377767,0.191360204052717,0.182027340780563,0.171689900385517,0.16036140175255,0.148306998539026,0.135608025223993,0.122566326613374,0.109334554225656,0.0962167826648827,0.0833956651728218,0.0711577812063603,0.059659044059459,0.0491145052928202,0.0396281332523437,0.0313038597509173,0.0241673954749435,0.0182032188803347,0.0133598104232004,0.00952344188217475,0.00659740274693539,0.00440735545533426,0.00285920145487653,0.00176716681184686,0.00106571309631732,0.000596397524583728,0.000333055938474742,0.000162843131956768,8.65328679586831e-05,3.4782795161712e-05,1.82750370258836e-05,4.73501137758566e-06,2.90420553027654e-06,1.11922965317003e-06,-5.9116303837875e-07,9.94945637503196e-07,-8.51267639837011e-07,6.53017207031206e-07,-6.38339714923076e-07,5.16546385885905e-07,-5.26688632445947e-07,3.6937471078493e-07,-4.6350255915964e-07,0
15343684.0893001,0,2.01236550359929e-06,3.22189284737298e-07,2.27234889101105e-06,7.5969239144537e-07,2.74421495553315e-06,1.14927705678868e-06,3.29399520659976e-06,1.96248323067541e-06,3.64427150323995e-06,3.15308525961159e-06,4.18723597133999e-06,4.40701511207648e-06,5.160583948117e-06,5.75983304926812e-06,6.54284670414896e-06,7.37578376842691e-06,8.32637864049678e-06,9.38571101265009e-06,1.05723721270023e-05,1.19001888666775e-05,1.33828547033816e-05,1.50406821812773e-05,1.6888845111432e-05,1.89531533147531e-05,2.12509913224838e-05,2.38142723327949e-05,2.6664063605879e-05,2.98402288444377e-05,3.33651477477209e-05,3.72896755556719e-05,4.16397614348712e-05,4.64764413609358e-05,5.18352683868468e-05,5.7784564274774e-05,6.43684012950128e-05,7.16649090940877e-05,7.97334868459605e-05,8.86668058787515e-05,9.85364517120301e-05,0.000109448950060662,0.00012149411558208,0.000134794933164328,0.000149460946542394,0.000165634318973467,0.000183449320831114,0.000203070855505389,0.000224668547109753,0.000248430025634328,0.000274557166969772,0.000303259646729849,0.000334787573493299,0.000369382183635194,0.000407348883448913,0.000448954250498404,0.000494569848008758,0.000544488652440966,0.000599156085113291,0.000658892993368594,0.000724241842433698,0.000795557735010333,0.000873513117242794,0.000958490640209053,0.00105128465780457,0.00115228546533907,0.00126244899925477,0.00138220145659927,0.00151270054193533,0.00165432869306142,0.00180846673500034,0.00197558106171057,0.00215729902232422,0.00235391274730947,0.00256748688946971,0.00279829251301203,0.00304858402734387,0.00331884500676518,0.00361136877196411,0.00392695940787284,0.00426797356307702,0.00463546076915358,0.00503190643106044,0.00545863087735855,0.00591824725678595,0.00641233828769253,0.00694367928225391,0.00751422329211752,0.00812680075492967,0.00878367743079362,0.0094877823211233,0.0102419274748158,0.0110490092072401,0.011912301320501,0.0128346781212579,0.0138201785229044,0.0148714450556169,0.0159931300566538,0.017187617487452,0.0184604662890651,0.0198136864426038,0.0212540025040735,0.0227828627414102,0.0244077848690953,0.0261293506313832,0.027956810521041,0.029890256771618,0.0319406222628294,0.0341062112042098,0.0363989949647524,0.0388165561526929,0.0413733332223364,0.0440640350351271,0.0469049867907534,0.0498898224089163,0.0530363195245706,0.0563342604586435,0.059805838143141,0.0634366819515407,0.0672493747663952,0.0712311317493475,0.0753987054082645,0.0797426943181072,0.0842753901875785,0.0889880561284782,0.0938873585861587,0.0989656570013871,0.104225679688763,0.109656609949041,0.115255819739808,0.121011185990046,0.126912643387474,0.132944600226042,0.139089095628103,0.145326795533923,0.151628838108901,0.157971052412528,0.164313486971964,0.17062588948712,0.176853471678602,0.182959578729892,0.188875807961608,0.194558097430607,0.199923704752554,0.204920079215121,0.20944931238577,0.213454213638425,0.216822719450005,0.219502578699522,0.221368500131323,0.222371426525112,0.222388773065567,0.221387083834577,0.219248485218475,0.215967878487968,0.211445457932538,0.205726146340988,0.198742929411614,0.19059376083569,0.18125693497781,0.17092276249648,0.159600688182936,0.14755897807991,0.134879579633825,0.121863320008668,0.108663026950952,0.095584251401542,0.0828071530273849,0.0706192137907078,0.0591726964772723,0.0486855118755711,0.039254302844972,0.0309874695867135,0.0239043031758285,0.0179898162177666,0.0131917119690364,0.00939447852533809,0.00650180268305728,0.004338597559174,0.00281143770124078,0.0017348993166305,0.00104523915215075,0.000583674214080991,0.000325614049674582,0.000158757962486759,8.43290661099877e-05,3.3663112368922e-05,1.77327628787613e-05,4.5925204137719e-06,2.78412867073211e-06,1.07373753457475e-06,-5.87262885605571e-07,9.8978443619212e-07,-8.56447974168042e-07,6.50928781669057e-07,-6.28961044597874e-07,5.07755529594211e-07,-5.17469378144672e-07,3.65275068067648e-07,-4.56511617916711e-07,0
15702901.2472938,0,1.92208290767648e-06,3.07917848858739e-07,2.17047041887925e-06,7.26062360985642e-07,2.62131204070122e-06,1.09852619413836e-06,3.14676548095505e-06,1.87568912581464e-06,3.48193904427643e-06,3.0134968537077e-06,4.00146674355909e-06,4.21213196205476e-06,4.93246206287155e-06,5.5057319240614e-06,6.254574387762e-06,7.05136635292397e-06,7.9607456549772e-06,8.97428453398704e-06,1.01097663842708e-05,1.13804696010261e-05,1.279953652014e-05,1.43864456766528e-05,1.61557760614249e-05,1.81322930774206e-05,2.03327310304966e-05,2.2787722882156e-05,2.55175505123509e-05,2.85604850131655e-05,3.1938113760178e-05,3.56992831333312e-05,3.98690698567918e-05,4.45061483878892e-05,4.96448530684444e-05,5.53509178451721e-05,6.1666948038539e-05,6.86681706157742e-05,7.64119549073018e-05,8.49876367112212e-05,9.44644857827782e-05,0.000104945316808938,0.000116517035385841,0.000129298454473838,0.000143395672849435,0.000158946211838654,0.000176080186186118,0.000194957316524176,0.00021574209492007,0.000238616578360764,0.000263776732338394,0.000291426385328733,0.000321808527377123,0.000355158109860111,0.00039177195723076,0.000431910335529086,0.000475934987970333,0.000524132842465565,0.000576937523150115,0.000634663817463726,0.000697840570302955,0.000766817833934639,0.000842251389579092,0.000924519653390009,0.00101439851673518,0.00111227638891118,0.00121908747974706,0.00133525794985358,0.00146192007827991,0.00159946074255088,0.00174923188621767,0.00191170635519354,0.00208847906089985,0.00227985863107289,0.00248786870028475,0.0027128032974383,0.00295687667466571,0.00322059222387963,0.00350621099162788,0.00381455571280377,0.00414795882859327,0.00450748532467466,0.00489560008676955,0.00531364062171037,0.00576420997787188,0.00624890919893394,0.00677051070058423,0.00733098603979865,0.00793317061452057,0.00857934999834344,0.0092724707944517,0.0100153628355892,0.0108109510289573,0.01166252846843,0.0125730133840322,0.0135464566997983,0.0145855575393578,0.0156949793521721,0.01687717337169,0.0181377044850758,0.0194786669490318,0.0209067890136392,0.0224236061610588,0.0240366213960452,0.0257465042162196,0.027562492716925,0.0294847839615769,0.0315243028649994,0.0336794562943922,0.0359621950623395,0.0383701745331628,0.0409178273334398,0.043599921807193,0.0464327551360456,0.049409981511289,0.0525494152509128,0.0558408456801463,0.0593064560718574,0.0629317428697029,0.0667394617120309,0.0707166601587165,0.0748802271529368,0.0792205555253409,0.0837500520582735,0.0884597323702728,0.093356487490676,0.0984322964059374,0.103689823828781,0.109118327248596,0.114715079856538,0.12046786494059,0.126366789730893,0.13239582433268,0.138536847504064,0.144770547157161,0.151068158954575,0.157405149357091,0.163741697531698,0.170047273326043,0.176267602826429,0.182365254235063,0.188272228986681,0.193944927394005,0.199299163710881,0.204284079907274,0.208800140998981,0.212791682339367,0.216146351267973,0.218810949026632,0.220661809566537,0.221648872580927,0.221649398245696,0.220632729289079,0.218478439800879,0.215183346827869,0.210647727016747,0.204918504357061,0.197924887218126,0.189771324579966,0.180432763925314,0.170101512644831,0.158788089711898,0.146762592919277,0.134103519459294,0.121117333517802,0.10795186353515,0.0949148163348628,0.082187899627753,0.070051423080162,0.0586636695874168,0.0482360064821839,0.03886539860046,0.030657835183518,0.0236317850277915,0.017769516981838,0.0130190125834184,0.00926210362936549,0.00640374795279139,0.0042682582604932,0.00276323048575173,0.00170297955154853,0.00102451932867393,0.000571243381502609,0.000318181194032454,0.00015458903566225,8.21555860709495e-05,3.27103546425321e-05,1.71711662376742e-05,4.38732878298359e-06,2.75292268095104e-06,1.03353939070212e-06,-6.4969060599577e-07,1.0207034338741e-06,-8.3623101548927e-07,6.13360025723344e-07,-6.16027106766528e-07,5.16830916519805e-07,-5.18478870379741e-07,3.56378268622098e-07,-4.44849980263948e-07,0
16070528.1826164,0,1.83600749487093e-06,2.94174518358311e-07,2.07334431566721e-06,6.93827384530778e-07,2.50399901076191e-06,1.0497540188012e-06,3.00633020688178e-06,1.79226856092858e-06,3.32688977331646e-06,2.87965179929335e-06,3.82367596543421e-06,4.02536009902203e-06,4.7138799322499e-06,5.26211033099295e-06,5.97814005233945e-06,6.74014855554908e-06,7.6098866302986e-06,8.5793467981019e-06,9.66555929209673e-06,1.08812567562915e-05,1.22390537106447e-05,1.37576253320556e-05,1.54509793386692e-05,1.73428607277199e-05,1.94493552254257e-05,2.17998587714857e-05,2.4413900143853e-05,2.73282055342113e-05,3.05635807145649e-05,3.41669252143467e-05,3.81624575553088e-05,4.26065324328605e-05,4.7532260724205e-05,5.30028536760208e-05,5.90594774502352e-05,6.57745289703406e-05,7.32033896314895e-05,8.14321222126511e-05,9.05276867301812e-05,0.000100589251591367,0.000111700870093811,0.000123977273335583,0.000137521108821619,0.000152465287233195,0.000168935914751288,0.000187087723839299,0.00020708011001251,0.00022908952686443,0.000253306069202264,0.000279927771706845,0.00030919052563139,0.000341323010136471,0.000376613603475866,0.000415316143879338,0.000457782330339798,0.000504292757226896,0.000555269270269562,0.000611020509084447,0.00067206161230143,0.000738737116545318,0.000811686070108657,0.000891282050751309,0.000978281997243563,0.00107307160984374,0.00117656263984527,0.00128917973730886,0.00141202994366984,0.00154550452892853,0.00169092597208072,0.00184877093837286,0.00202060105987399,0.00220674028936584,0.00240917029004486,0.00262820410860249,0.0028660159577481,0.0031231294258197,0.00340177009870801,0.00370277450265395,0.00402844788517782,0.00437986974793246,0.00475948600277086,0.0051686483038895,0.00560994424579659,0.0060849911821739,0.00659655433880991,0.00714662043050608,0.00773802942048652,0.00837308432578636,0.00905474390684218,0.0097858545275252,0.0105693684283502,0.0114085934336095,0.0123064887812338,0.0132671201390467,0.0142932422722298,0.0153895278071223,0.016558491364692,0.017805699084631,0.0191333327676618,0.0205481207924189,0.022051683540092,0.0236515137786461,0.025348387833591,0.0271515290922708,0.0290612466110092,0.0310884487607146,0.0332316390969025,0.0355027440146801,0.0378995305100556,0.0404364205447836,0.0431082381372496,0.0459313038749288,0.0488993348052793,0.0520300870115773,0.0553133764713526,0.0587714242961924,0.0623897331638173,0.0661910745463026,0.070162348113767,0.0743205886729781,0.0786559911685489,0.0831810779426495,0.0878864883391131,0.0927794211208066,0.0978518046288376,0.103106178431968,0.108531722806093,0.114125498047594,0.119875173661674,0.125770960096182,0.131796609931054,0.137934109641459,0.144163890660357,0.150457073947391,0.156788802050142,0.163119446211346,0.169418785985087,0.175631306485604,0.181720689065715,0.187618863538368,0.193281429400396,0.19862386348049,0.203596034876967,0.208098032830401,0.212074486321947,0.215413173497084,0.218061950522832,0.219894609092655,0.220863237463226,0.220846865109584,0.219812703081867,0.217640623812834,0.21433153747226,0.209782280721178,0.204040216687408,0.197038451955215,0.188884208575907,0.179543845652757,0.16921894317385,0.15791793248874,0.145910320622536,0.133277639406819,0.120323809039572,0.107198263590564,0.094208467189478,0.0815345520919741,0.0694572525901705,0.0581307025160562,0.0477675682725697,0.0384620020491315,0.0303166564165737,0.0233509759590772,0.0175437417763204,0.0128417497526598,0.009127559236478,0.00630517621355466,0.00419789357174762,0.00271455496117481,0.00167039813641293,0.00100415710931272,0.000558644624737552,0.00031092232061181,0.00015076330018583,8.0074273428738e-05,3.16515560928308e-05,1.671484496746e-05,4.24384555450897e-06,2.59002608256384e-06,1.03521480463348e-06,-6.22372217579398e-07,9.78307384581898e-07,-8.37548070891271e-07,6.27032568659946e-07,-6.1033059067496e-07,4.9940272404058e-07,-5.05664319790815e-07,3.57659130018631e-07,-4.40462246936934e-07,0
16446761.7799466,0,1.75356623696617e-06,2.81059634873112e-07,1.98029163940305e-06,6.62792017204645e-07,2.39175080660991e-06,1.00296676040274e-06,2.87159818215912e-06,1.71245017161438e-06,3.17811535993356e-06,2.75134777064203e-06,3.65318209367827e-06,3.84622295039627e-06,4.50425155763805e-06,5.02843745155998e-06,5.71298765204262e-06,6.44161962960564e-06,7.27331764716273e-06,8.20048425391166e-06,9.23941764944921e-06,1.0402332152416e-05,1.17013313040758e-05,1.31543202396653e-05,1.47747515484442e-05,1.65853954027744e-05,1.86017182192997e-05,2.08519223960722e-05,2.33548044476208e-05,2.6145604423861e-05,2.92443708479919e-05,3.26961215468504e-05,3.65242301356552e-05,4.07828230800633e-05,4.55038474716688e-05,5.07480689669288e-05,5.65552118040067e-05,6.29949303684164e-05,7.01206937040443e-05,7.80153940583442e-05,8.67436927680298e-05,9.64011546619106e-05,0.00010706898099741,0.000118857904680048,0.000131867263518435,0.000146225512232597,0.000162054628742981,0.000179504202966657,0.00019872860162136,0.000219898820995326,0.000243199102353402,0.000268821657156166,0.000296995252670503,0.000327942071851742,0.00036194203126348,0.000399242530843601,0.000440185156272366,0.00048504392228935,0.000534229123864254,0.000588043066469495,0.00064698695692984,0.000711399175581817,0.000781901991791773,0.000858863831809578,0.000943022703490398,0.00103476096071099,0.00113496808259714,0.00124406633453265,0.00136313642055086,0.00149257255328099,0.00163366762971916,0.00178690088280055,0.0019537994504721,0.00213470028830966,0.00233154268440738,0.00254465851848194,0.0027761790265131,0.00302664353372178,0.0032982417354316,0.00359182329416035,0.0039096640963108,0.0042528542456272,0.00462381482587271,0.00502390910723982,0.0054557081927588,0.00592084239141118,0.00642206673147261,0.00696137847741364,0.00754161566075486,0.00816509714706281,0.00883479383559863,0.00955356311369126,0.0103243767273944,0.011150556747535,0.0120351015200967,0.0129820837317683,0.0139943059318595,0.0150764464998328,0.0162310919358718,0.017463813636798,0.0187768727954326,0.0201769876191813,0.0216658714946676,0.0232510017652416,0.024933258673759,0.0267218603207543,0.0286172312107564,0.0306302467502676,0.0327595412416926,0.0350170128424522,0.0374005500237518,0.0399245380211804,0.0425839292885834,0.0453949963379098,0.048351539488258,0.051471309548885,0.0547441449128929,0.0581922728314992,0.061801206605179,0.0655937707225515,0.0695567635091,0.0737072791805145,0.078035460467361,0.0825538724208621,0.0872530160200831,0.0921400194992275,0.0972066835162492,0.102455847636511,0.107876212777416,0.113465153865835,0.119209987390192,0.125100722994993,0.131121282179987,0.137253535490443,0.143477915551457,0.149765356194298,0.156091211255002,0.162415465201727,0.16870742051406,0.174912183069107,0.180992889634212,0.186881335040765,0.192534045594677,0.197865676268389,0.20282656640039,0.20731595766627,0.211279600527853,0.21460456939529,0.217237920664337,0.219056433546664,0.220010543222577,0.219976279098606,0.218929002962225,0.216743463289611,0.213420513315909,0.208858371522183,0.203110467729172,0.196103117640468,0.187944250236575,0.178609518880048,0.168293770595768,0.157006253377554,0.145022094360624,0.132415969395909,0.11949948145209,0.106417364358597,0.0934778296706816,0.080860122441629,0.0688447027092849,0.0575842301912167,0.0472874853091499,0.038049165218188,0.0299692543763887,0.0230654204942375,0.017314286125115,0.0126630066548794,0.00899180558134118,0.00620520136138714,0.00412669079210874,0.00266573288219273,0.00163840631914466,0.000983529864198965,0.000546330421976623,0.000303561790207328,0.00014673058249159,7.80086585620394e-05,3.07507396168288e-05,1.61981993400478e-05,4.03392136802331e-06,2.52260932779478e-06,1.01230153400139e-06,-6.48732174788977e-07,9.88716965275489e-07,-8.37050310493028e-07,6.13861955001546e-07,-5.96127970307178e-07,4.92292809369343e-07,-4.9883659550695e-07,3.53195796976781e-07,-4.32676042672452e-07,0
16831803.5333095,0,1.67478957340251e-06,2.68550108265808e-07,1.89137530262448e-06,6.33300930469204e-07,2.28446219077453e-06,9.584276153292e-07,2.74297301421083e-06,1.6363504163791e-06,3.03614351784053e-06,2.62898268292598e-06,3.4905176652823e-06,3.6753324318952e-06,4.3042559226585e-06,4.80548079007556e-06,5.45998250363316e-06,6.1567316736259e-06,6.95209171249718e-06,7.83883647462583e-06,8.83256987188177e-06,9.94500161490104e-06,1.11877457255645e-05,1.25779637737669e-05,1.41285739172347e-05,1.58614087358279e-05,1.77913352481904e-05,1.99454011746307e-05,2.23416812344235e-05,2.50139925115643e-05,2.79816634824109e-05,3.12878953851894e-05,3.49552193901235e-05,3.9035608139899e-05,4.35598939982163e-05,4.8586496218817e-05,5.41537395793238e-05,6.03286319879973e-05,6.71627593023051e-05,7.47359076030104e-05,8.31105126087536e-05,9.23787062278708e-05,0.000102618963871244,0.000113938108763116,0.000126432133922627,0.000140225054698915,0.000155434904764531,0.000172206401261259,0.00019068894152575,0.000211048092764741,0.000233462380133281,0.000258118215806081,0.000285237286444392,0.000315035457992197,0.000347784318221921,0.000383724692140806,0.000423188072726532,0.000466441752033522,0.000513884610603562,0.000565812668148972,0.00062271303124723,0.000684917164372032,0.000753030660606522,0.000827416548118031,0.000908793589539864,0.00099753973697419,0.00109452231261632,0.00120016063847793,0.0013155087213258,0.00144096187212676,0.00157778274960777,0.00172645211433042,0.00188846342604659,0.002064164733372,0.00225545120829694,0.00246267038853347,0.00268791039979798,0.00293172475543632,0.00319626551609936,0.00348239164382265,0.00379234723137639,0.00412723205950766,0.00448944151074396,0.00488034654636982,0.00530249703741729,0.0057575332893749,0.00624819622884893,0.00677649250562226,0.00734525595913985,0.00795681513272424,0.00861414453055066,0.00932011197749382,0.0100777105252959,0.0108902704313472,0.0117608180595146,0.0126934317228853,0.0136909678770927,0.0147581108048841,0.0158975041497963,0.0171147147333179,0.0184120859268175,0.0197963297533343,0.0212692536782998,0.0228383216369938,0.0245045254518914,0.0262770561798181,0.0281564649515802,0.030153623380498,0.032267275168007,0.0345092816892568,0.0368776619135429,0.0393867817260628,0.0420317213530539,0.0448287095392759,0.0477716400490911,0.0508782558157042,0.0541384649536057,0.0575745011396237,0.0611718355777805,0.0649533718356906,0.0689059049735456,0.073046519940818,0.0773652667430828,0.0818747943805376,0.0865655257080023,0.0914447091064754,0.0965037631563279,0.101745742329435,0.107159199174056,0.112741466575477,0.118479653409939,0.12436412103204,0.130378319592056,0.136504176580987,0.142721838805805,0.149002382279097,0.155320950020819,0.161637524262159,0.167921383854614,0.174117400018243,0.180188806768381,0.186066919977385,0.191708461112042,0.197028496493133,0.201976850585713,0.206453053855204,0.210402640205994,0.213711874647081,0.216330559025843,0.218133285576806,0.219071868813375,0.219022795841147,0.217959424800992,0.215760147026187,0.212425404249268,0.207853514899948,0.202097726880745,0.195087528513062,0.186928910947985,0.177599129150671,0.167296720040344,0.15602690238897,0.144068865000371,0.131495905621904,0.118620442270505,0.10558728589673,0.0927035500871052,0.0801477281143728,0.068199515867049,0.0570097764206645,0.046784870905635,0.0376187313841425,0.0296073887219212,0.0227693692575175,0.0170774643677885,0.0124787375905569,0.00885250077844662,0.00610322271709022,0.00405441782900737,0.00261640820692823,0.00160572844608199,0.000963086059579992,0.000533808813159244,0.000296343342952809,0.000142855615165663,7.59726392596869e-05,2.97834972086386e-05,1.57041236258601e-05,3.91373815548164e-06,2.41478202979148e-06,9.76658153811747e-07,-6.38684491474453e-07,9.81437052681955e-07,-8.41827931410547e-07,6.12870340168148e-07,-5.86340353819745e-07,4.82472495313295e-07,-4.88930440278544e-07,3.48537864756778e-07,-4.25704220190975e-07,0
17225859.6539879,0,1.59952294243533e-06,2.56549143842372e-07,1.80642376351657e-06,6.04994299043609e-07,2.18190295984073e-06,9.15700044599452e-07,2.61994026898454e-06,1.56336592803673e-06,2.90025335570566e-06,2.51168419651959e-06,3.33468440826208e-06,3.51151877662849e-06,4.11253391498254e-06,4.59169262692107e-06,5.21733546897824e-06,5.88345160279747e-06,6.64389225962025e-06,7.49178717082063e-06,8.44207522315106e-06,9.50597841949728e-06,1.0694629350438e-05,1.20244708311695e-05,1.35079071774139e-05,1.51658637567698e-05,1.7012623801757e-05,1.9074120404318e-05,2.13677248481737e-05,2.39258656615368e-05,2.67671530808491e-05,2.99330306184284e-05,3.3445217941437e-05,3.73535985130602e-05,4.16878711040715e-05,4.65041422688352e-05,5.18393746400274e-05,5.77579988523729e-05,6.4309735287789e-05,7.15713581173454e-05,7.9603126490613e-05,8.84937765950461e-05,9.83190555343174e-05,0.000109181945735317,0.000121175171784644,0.000134418415543459,0.000149025777243455,0.000165137101361767,0.000182896894054483,0.000202465352972164,0.000224015241835059,0.000247727205084725,0.000273816070154291,0.000302491463135899,0.00033401655582903,0.000368625473429475,0.00040663988431325,0.000448320444649582,0.000494054208584959,0.000544130287838289,0.000599022151517665,0.000659054878435628,0.000724817174831202,0.000796665695111869,0.000875299794086444,0.000961092597751324,0.00105488885100189,0.00115710454726114,0.0012687673193744,0.00139027180441935,0.00152284946435635,0.00166698254275019,0.00182412980257889,0.00199464776828863,0.0021803875800928,0.00238171031495931,0.00260065940582675,0.0028378010491268,0.00309524850005623,0.00337386712426726,0.00367586711621985,0.00400235537354489,0.00435569896391166,0.00473727354319828,0.00514960470169841,0.00559433945916417,0.00607420220110547,0.00659120566911629,0.00714817555527773,0.00774744761276758,0.0083919974417136,0.00908469760771599,0.00982855431831943,0.0106269025580087,0.0114827991539664,0.0124003255568054,0.0133823791460077,0.0144336422478407,0.015556822755589,0.016757481765891,0.0180380394793612,0.0194051970570574,0.020860858449476,0.022412469406759,0.0240611275500367,0.0258159954745978,0.0276777644223067,0.0296572698489208,0.0317534008485527,0.0339779809195739,0.0363291624956693,0.0388212739216574,0.0414495308319282,0.0442301223631619,0.0471570835587377,0.0502481108219377,0.0534932029382799,0.056914555827438,0.060497741991951,0.064265667852995,0.0682050939477067,0.07233316785519,0.0766398953940698,0.0811379849260049,0.085817685846597,0.0906863529124537,0.0957353286703532,0.100967725354583,0.106371894357357,0.111945267852742,0.117674680395361,0.12355050149744,0.129556195824018,0.135673536608715,0.141882649779421,0.148154411791688,0.154463965279291,0.160771222568704,0.167045375434684,0.173231197688661,0.179291768535056,0.18515851634024,0.190787990780431,0.196095268388545,0.201030782535871,0.205492860262704,0.209428491729115,0.212722332206988,0.215325745404016,0.217112376196621,0.218035311625397,0.217970696198772,0.216894940458478,0.214682283957091,0.211336388632094,0.206755827160372,0.200995830982729,0.193983496191824,0.185829105160882,0.176508318501314,0.16622134719142,0.154974907246758,0.143046450825165,0.13051286794772,0.117683767521767,0.104704961379578,0.0918834954561974,0.0793957590905413,0.0675199893646949,0.0564072459943805,0.0462590271097797,0.0371693392561021,0.0292319841276104,0.0224625016119277,0.0168328028592828,0.0122891963454788,0.00870982291958521,0.00599919246333804,0.0039806138805553,0.0025660745148885,0.00157289081496353,0.000942350240725784,0.00052141545679534,0.000289131025865178,0.000138941660933168,7.3874128093878e-05,2.88405762437469e-05,1.53016407899794e-05,3.70966968573044e-06,2.29790924082101e-06,9.94387989451605e-07,-6.51584779854228e-07,9.56451763843435e-07,-8.25630946173895e-07,6.08075926545878e-07,-5.83413671341076e-07,4.78322421495584e-07,-4.80193391946124e-07,3.42407603364322e-07,-4.17523362440706e-07,0
17629141.1809595,0,1.5282668104914e-06,2.45189030036854e-07,1.72597910709333e-06,5.78174490746856e-07,2.08484461014055e-06,8.75173487077282e-07,2.50348276838561e-06,1.49422670391918e-06,2.77154841253969e-06,2.40060513753963e-06,3.18704889999458e-06,3.35636112722652e-06,3.9308753622778e-06,4.3891302016877e-06,4.98737397457349e-06,5.62442929651563e-06,6.35171737498885e-06,7.16272671148734e-06,8.07174041912016e-06,9.08952624033804e-06,1.02267621229543e-05,1.14992085208773e-05,1.29187677379688e-05,1.45054935031204e-05,1.62731096627605e-05,1.82464801304875e-05,2.04423055413235e-05,2.28916931780374e-05,2.56125482108582e-05,2.86446239321967e-05,3.20088523041789e-05,3.57531156024548e-05,3.99060244298011e-05,4.45214752309657e-05,4.96350870080002e-05,5.53087984452477e-05,6.15905472911065e-05,6.8554191192972e-05,7.62578249767014e-05,8.47868837306008e-05,9.42144875345122e-05,0.000104639917701131,0.000116152698445223,0.000128868289823897,0.000142896978356868,0.000158373849301893,0.000175438537034493,0.000194245926743692,0.00021496322740541,0.000237765457732412,0.000262860546002752,0.000290451793935204,0.000320794217016262,0.000354115394922125,0.00039072716106989,0.000430883366590172,0.000474959485708086,0.000523237621373582,0.000576177555924508,0.000634097519874724,0.000697569436620755,0.000766943518345571,0.000842900083268315,0.000925806989454182,0.00101648616787367,0.00111534873880287,0.00122339572867554,0.00134102139760986,0.00146942654313181,0.00160909188019383,0.0017614403670197,0.00192683694443663,0.00210708883821269,0.0023025684154026,0.00251527435595987,0.0027457823426943,0.00299616424197356,0.00326729117247022,0.00356133846595149,0.00387941568075891,0.00422385827536155,0.00459604577440172,0.00499847786784886,0.00543280490114475,0.0059017304542237,0.00640726828069338,0.00695223042675335,0.00753895703378066,0.00817042297147896,0.00884950243925323,0.00957920985903472,0.0103628838992873,0.011203606169587,0.0121054521972898,0.0130713565147106,0.0141059981933237,0.0152121444611782,0.016395351751625,0.0176581172606317,0.0190071230863495,0.020444362293539,0.0219772577140668,0.0236070152319624,0.025342775767588,0.0271853648603097,0.0291455841411499,0.0312224663807255,0.033427787050768,0.0357598530598442,0.0382329603611217,0.0408424755486293,0.0436045210142482,0.046513291556455,0.0495864213112238,0.0528140574616607,0.0562183448035974,0.0597849699053562,0.0635368018845167,0.0674606028378234,0.0715736201531392,0.0758658094794498,0.0803499643563807,0.085016173256005,0.0898718939012915,0.0949083580743103,0.100128744324813,0.105521230501134,0.111083359045958,0.116801823102574,0.122667086107624,0.12866230629123,0.134769310557277,0.14096781011141,0.147229050637061,0.153528112829874,0.159824745437803,0.166087915805219,0.172262242808583,0.178310986325807,0.184165236467936,0.189781983926512,0.195075655086274,0.199997809767939,0.204445165306962,0.208365951166882,0.211644694734503,0.214232912475406,0.216004584742384,0.216913933266946,0.216836134267747,0.215746952655106,0.213522502807682,0.210167977653361,0.205581083482441,0.199819113540248,0.192807782245458,0.184659911016405,0.175351326239194,0.165084342683044,0.153863312861941,0.141969969249362,0.129479461961735,0.116701969695646,0.103783071619236,0.0910271118633541,0.0786126078191827,0.0668151481019881,0.0557822798826204,0.0457165921306041,0.0367065718577275,0.028845457584755,0.0221477370083651,0.01658225371405,0.0120962581795985,0.00856419717293344,0.00589312669006369,0.00390525910363609,0.00251558131568636,0.00154018410413401,0.000921534747447374,0.000508719045473569,0.000281772211224882,0.000135101472375099,7.17450083021316e-05,2.79827512022847e-05,1.49848288484543e-05,3.46770313875358e-06,2.05732716649197e-06,1.05590685243329e-06,-5.37589282628413e-07,8.61188677075192e-07,-8.89078498855325e-07,6.85105089256707e-07,-5.53504176410851e-07,4.05138177509429e-07,-4.65337522721309e-07,3.74149947749791e-07,-4.16953012426381e-07,0
18041864.0939207,0,1.45996408620166e-06,2.34274850420467e-07,1.64885780787972e-06,5.5232878898173e-07,1.99178143006176e-06,8.36185181878885e-07,2.39164779174666e-06,1.42774573055643e-06,2.64793365179433e-06,2.29369546380662e-06,3.04520875285673e-06,3.20702715564371e-06,3.75621516979671e-06,4.19419256581695e-06,4.76613693674798e-06,5.37515229443151e-06,6.07052658803913e-06,6.84600420253293e-06,7.71526715170825e-06,8.68863814870744e-06,9.77634641317527e-06,1.09935031811495e-05,1.23515121502704e-05,1.38696044099258e-05,1.55609476343806e-05,1.7449377525825e-05,1.95509536952664e-05,2.18954972742283e-05,2.45002313990597e-05,2.74032852339617e-05,3.06248315843094e-05,3.42108134254602e-05,3.81887839359999e-05,4.2610504807835e-05,4.75102884303629e-05,5.29476441730974e-05,5.89687539181596e-05,6.56446634677282e-05,7.30313939923693e-05,8.12111664414123e-05,9.02544667514906e-05,0.000100256925020722,0.000111304986468898,0.000123510050790678,0.000136978595009803,0.000151840954438815,0.00016823204379776,0.00018630159947955,0.000206211294791766,0.000228130569101586,0.000252260589714083,0.000278798294328439,0.000307990509457973,0.000340058336575729,0.000375304029526479,0.000413974661337748,0.000456434165001991,0.000502957396654107,0.000553990514604003,0.000609844804699952,0.000671075386651642,0.000738025261110849,0.000811355654860526,0.000891428988359485,0.000979044483149376,0.00107460785953807,0.0011790933321993,0.00129289303262281,0.00141717682892955,0.00155242403318945,0.00170002224298174,0.00186034133245233,0.00203514317911875,0.00222481156167238,0.00243129921616562,0.00265518789933496,0.00289850848103444,0.00316213620949448,0.00344820914803568,0.00375783761700016,0.00409332337665623,0.00445604580407999,0.0048484764350746,0.00527226593475428,0.00573009094930659,0.0062239639402473,0.00675668346404564,0.00733059076600116,0.00794865246391365,0.0086137384254353,0.00932886754499358,0.0100973754058752,0.0109223622379421,0.0118078978708161,0.0127569539322428,0.0137742014241233,0.0148624551595438,0.0160272525040774,0.0172711677986277,0.018600868219949,0.0200184342250911,0.0215312579501901,0.0231406589422757,0.0248557403374021,0.0266774583503483,0.028616576200144,0.030672280272906,0.0328562958389097,0.0351670924952391,0.0376188942995565,0.0402072546072472,0.0429482390406905,0.0458362102551719,0.0488887378957624,0.0520961186496924,0.055480422639247,0.059027481047046,0.0627601660565729,0.0666652983340972,0.0707601218490777,0.0750346180324955,0.0795015946536413,0.0841511111725343,0.0889907232537347,0.0940114944504244,0.0992166824002878,0.104594416011009,0.110142286875131,0.115846722516841,0.121698332250519,0.127680040224061,0.133773730410344,0.139959311499758,0.146207700398403,0.152493752392863,0.158777101534607,0.165027279863602,0.171188030700874,0.177222983984319,0.183063067034227,0.18866565201587,0.193944738880523,0.198851893097919,0.203284068677625,0.207189348567507,0.210452238593626,0.213026111108364,0.214782351542518,0.215676630220956,0.215584637337793,0.214483980876,0.212249580756606,0.208888254404079,0.204296780981115,0.198534189004061,0.191528562804529,0.1833921897368,0.174100117909212,0.163858337855467,0.152670863241287,0.140818332519299,0.1283782850048,0.115658931762712,0.102806724234947,0.0901251793296027,0.0777914514138797,0.0660781375217854,0.0551329308463603,0.0451534955879207,0.0362297996107159,0.0284489737816247,0.021827276551949,0.0163283580952621,0.0119007028986998,0.00841797896613167,0.00578695022471782,0.00383161077282206,0.0024656212156979,0.00150696435072593,0.000900666196192523,0.000496671489143217,0.000275175042453171,0.000131047754707509,6.96758396361273e-05,2.74034818918817e-05,1.44465578771682e-05,2.92041031935383e-06,2.11643966177581e-06,1.48675373231444e-06,-7.22301885075431e-07,4.50734724911701e-07,-6.96837345430428e-07,9.91762247075151e-07,-7.2168775644202e-07,1.66964805445405e-07,-3.19462420194085e-07,4.99653955522501e-07,-4.64554203813449e-07,0
18464249.4289554,0,1.39385683358196e-06,2.2375226867377e-07,1.57427794517454e-06,5.27563279456296e-07,1.90171311435202e-06,7.98797750416481e-07,2.28374168620363e-06,1.36379670615378e-06,2.52880071616679e-06,2.19098515554979e-06,2.90859957103822e-06,3.06359853031897e-06,3.58820686586332e-06,4.00697074698039e-06,4.55356145726821e-06,5.13576967197019e-06,5.80051324777691e-06,6.54190596480954e-06,7.37303239514483e-06,8.30377132347324e-06,9.3439298729557e-06,1.05079670272337e-05,1.18068397419745e-05,1.32589614813281e-05,1.48769825697468e-05,1.6683736868116e-05,1.86946314902736e-05,2.0938260987634e-05,2.34312029688572e-05,2.62100082633484e-05,2.92940704463459e-05,3.27274645870564e-05,3.65367319083873e-05,4.07715564825848e-05,4.54649736146343e-05,5.06741725566447e-05,5.64436276153685e-05,6.28416169741469e-05,6.99221292015328e-05,7.77643015291468e-05,8.64361092676028e-05,9.6029632087488e-05,0.000106628236333386,0.000118339263703698,0.000131265479198494,0.000145532650765031,0.000161271076654492,0.000178625456573931,0.000197752051776964,0.000218814704372185,0.000242007914656637,0.000267522533859705,0.00029559740635534,0.000326447021008603,0.00036036395018965,0.000397588343730716,0.000438472987046329,0.000483285953792449,0.000532459763784907,0.000586298144652567,0.000645339772335323,0.000709920556393709,0.000780682244418772,0.000857980791888223,0.000942593513113522,0.00103492100975102,0.00113591028438742,0.00124594970687153,0.00136617777580656,0.00149707171628212,0.00163998410441364,0.0017952886383932,0.00196470196789818,0.00214861580580131,0.00234893593267355,0.00256625031980535,0.00280254778206344,0.00305870297641413,0.00333681577275399,0.00363799647841257,0.00396451074855147,0.00431773436536232,0.00470010612184568,0.00511327408728773,0.00555989067784099,0.00604196556942701,0.00656227523246537,0.0071231556320612,0.00772756256489942,0.00837836107424317,0.00907857094920327,0.00983152009724544,0.0106403209048552,0.0115090323226875,0.0124406570835668,0.0134398523567122,0.0145094808547855,0.0156550638789179,0.0168792421330887,0.018188651421032,0.0195854621012774,0.0210770428552365,0.0226648207585518,0.0243578532222364,0.0261572320005822,0.0280736717634785,0.0301065166790724,0.0322674384036889,0.0345550664054031,0.0369835664114422,0.0395486794261554,0.0422663896813359,0.0451312436223947,0.048160750389691,0.051345383015632,0.0547071205980552,0.0582319907233507,0.0619427934664668,0.0658264807662435,0.0699002723102141,0.0741541729979374,0.0786010490109482,0.0832309349142245,0.0880514440973345,0.093053544864982,0.0982406056196621,0.103600627280091,0.109131338554392,0.114819018071475,0.120654200232528,0.126619848663022,0.132697880352396,0.138867820710583,0.14510068629705,0.151371277951796,0.157639376651989,0.163874108804229,0.170019538311058,0.176039040033138,0.181863271322427,0.187450111421665,0.192713315365437,0.197604375182824,0.202020233493343,0.205909542909698,0.209156412125692,0.211714196016556,0.213454904728883,0.214335188981629,0.214229875799201,0.213118864997648,0.210876033080087,0.207508689147756,0.202914759701266,0.197155946221414,0.190157801714834,0.182035475277738,0.172763795709443,0.16255242667918,0.151401036747496,0.139596429490853,0.127210319054653,0.114556091961518,0.101777183964791,0.0891757914795048,0.0769278438410281,0.0653054828632621,0.0544541718030722,0.0445646237705947,0.0357323640121618,0.028036595971495,0.0214929281418785,0.0160647005514595,0.0116979071131283,0.00826662445276943,0.00567796473958734,0.00375488158343089,0.00241388344217246,0.00147355327545388,0.000879939774892056,0.000484116611146619,0.000267946822701922,0.000127473426294831,6.77590263136455e-05,2.63172534795961e-05,1.4008211797008e-05,3.0265359234328e-06,1.9884029347763e-06,1.20590337054073e-06,-6.80836121037061e-07,7.02366571668708e-07,-7.39329265823641e-07,7.39692223322884e-07,-6.45475580593789e-07,3.69663485534788e-07,-3.77307281220752e-07,3.65657008236332e-07,-4.27037292232474e-07,0
18896523.3969121,0,1.33109094768109e-06,2.13744918794044e-07,1.50339789966031e-06,5.03989856388613e-07,1.81616184754928e-06,7.63124940176925e-07,2.18112102791976e-06,1.30286256377955e-06,2.41539875295305e-06,2.09301923095712e-06,2.77851261031864e-06,2.92671840636747e-06,3.42806140297816e-06,3.82826172699819e-06,4.35071380591206e-06,4.90720450793969e-06,5.54265754889326e-06,6.25143044934712e-06,7.04605232002101e-06,7.93599648147345e-06,8.93064943465722e-06,1.00438727272779e-05,1.12861646668019e-05,1.26751706527178e-05,1.4223031839682e-05,1.59516325984428e-05,1.78757719672545e-05,2.00228536486605e-05,2.24088206581773e-05,2.50687122535814e-05,2.80212011516915e-05,3.13085685975673e-05,3.49563489528091e-05,3.90122187845002e-05,4.35079742062488e-05,4.84985385708905e-05,5.40267279803534e-05,6.01581690439781e-05,6.6944854361803e-05,7.4462887570264e-05,8.27777701501192e-05,9.1978142684533e-05,0.000102144368205858,0.00011337987481097,0.000125783827330623,0.00013947752945464,0.000154586700411938,0.000171250983793117,0.000189621285700426,0.000209856049158987,0.000232143228330743,0.000256667529327122,0.000283659923237811,0.000313328372345882,0.000345955910881331,0.000381775774299637,0.000421129480237459,0.00046427779552277,0.000511639837905732,0.000563511953284757,0.000620416318003773,0.000682681417006233,0.000750930144973369,0.000825511921113759,0.000907181151793067,0.000996331493268085,0.00109388348992684,0.00120022295839245,0.00131645721251728,0.00144305851252068,0.0015813432639711,0.00173168944880967,0.00189576882249276,0.00207397875866451,0.00226817847359214,0.00247895983418935,0.00270826732995854,0.00295697532821562,0.00322714382817327,0.00351987851778902,0.00383740695880375,0.00418110086894346,0.00455336544006054,0.00495584211172989,0.0053911521020643,0.00586129787399044,0.00636903279512382,0.00691668558355784,0.00750719631600366,0.00814341824857584,0.00882836550951433,0.00956535519077287,0.0103575098167944,0.0112088731696156,0.0121224729979693,0.0131029470901974,0.0141531996630802,0.0152787263325448,0.0164822297112334,0.01777031721192,0.0191452447898266,0.0206143405328136,0.0221791394262551,0.0238486499731571,0.0256240944525378,0.0275161373322207,0.0295242795344572,0.0316601249914858,0.033922480989615,0.0363254358885141,0.0388649306670722,0.0415568697804686,0.0443959973283659,0.047399729215515,0.0505587496685329,0.0538949292158069,0.0573944837672051,0.0610801697870803,0.0649390767486557,0.0689884312349753,0.0732182478046701,0.0776414544578229,0.0822480619857204,0.0870457904997747,0.0920255339913868,0.0971907485427819,0.102529314022886,0.108039117089386,0.113706211069531,0.119521328294252,0.1254671260663,0.131525703000917,0.137676565590281,0.143890573109422,0.150142551487423,0.156392243520937,0.16260851647064,0.168735476192759,0.174736631877131,0.180542498547996,0.186111184340849,0.191355902858924,0.19622884198751,0.200626531901484,0.20449834923469,0.207727798996655,0.210268915119459,0.211993671510008,0.212859798257647,0.212741508233528,0.211620154221802,0.209369196515132,0.20599834620133,0.201404590384976,0.195651429974012,0.188664605167957,0.180562125090823,0.171316829896059,0.161140196578606,0.1500337571072,0.138282724473465,0.125960480515122,0.113379396829905,0.100681276475873,0.0881687698590949,0.0760162804693785,0.0644918362721603,0.0537400943890655,0.0439524197867631,0.0352143279374274,0.0276092452612379,0.0211487682996296,0.0157941911050284,0.0114908183593359,0.00811245430129957,0.00556658916796631,0.0036778251571572,0.00236231448249193,0.00143984774609343,0.000858624928340329,0.000471889844796469,0.000260971516575717,0.000123629010784083,6.57352638437573e-05,2.56217615396675e-05,1.35725600808444e-05,2.64872061741651e-06,1.95833573383701e-06,1.43614950165522e-06,-7.35346799432646e-07,4.43582920098025e-07,-6.77761450178213e-07,9.70921225580265e-07,-7.15169588647542e-07,1.61953189989548e-07,-2.89202478049122e-07,4.81996194764385e-07,-4.54941720025598e-07,0
19338917.5045523,0,1.27142586574498e-06,2.04198184277854e-07,1.43601857878085e-06,4.81491632916033e-07,1.73481585700138e-06,7.29071129396258e-07,2.08352171360075e-06,1.24474132196465e-06,2.30743196889292e-06,1.99970275998009e-06,2.65450484872727e-06,2.79633788738585e-06,3.27534139456858e-06,3.65793036379463e-06,4.15725376519945e-06,4.68922888497011e-06,5.29668452593067e-06,5.97429137866015e-06,6.7340303699611e-06,7.58496592459752e-06,8.53610531735266e-06,9.60070984274155e-06,1.07888571564649e-05,1.21174416267086e-05,1.35981132175032e-05,1.52518343361821e-05,1.70928070654252e-05,1.91472968125737e-05,2.14306297455364e-05,2.39763855998792e-05,2.68025194752389e-05,2.99495750789463e-05,3.34421194844066e-05,3.73258976013439e-05,4.16314997406919e-05,4.64116745958603e-05,5.17076356056654e-05,5.75824348344101e-05,6.4086125011937e-05,7.12918854062083e-05,7.92628218380862e-05,8.80842350821162e-05,9.78335627913726e-05,0.000108610401490723,0.000120510380566334,0.000133650436844974,0.000148151837950165,0.000164149346600008,0.000181788653248154,0.000201222833250994,0.000222633394574864,0.000246199022703896,0.000272142948287916,0.000300666644043069,0.000332043765121012,0.000366500655577082,0.000404367847493947,0.000445899004966978,0.000491499955978589,0.000541459372861571,0.000596283236723599,0.000656292460993972,0.000722090963523917,0.000794021072457961,0.000872814940686976,0.000958859532457354,0.00105304878695449,0.00115576407169917,0.00126808153104634,0.00139046878755449,0.00152420649375646,0.00166967425673779,0.00182849854392745,0.00200108136675446,0.0021892348853496,0.00239355337342275,0.002615936737676,0.00285725564836424,0.00311952874584778,0.00340385668356094,0.00371242818130289,0.00404660692321767,0.00440876067097329,0.00480052259679351,0.00522448103081294,0.00568262821694201,0.00617769098072638,0.00671198676736096,0.00728843576143925,0.00790987779400463,0.00857931881501989,0.00930005972291879,0.0100752248167712,0.0109088356477508,0.0118039408533214,0.0127651568240495,0.0137954242965212,0.0149002108154618,0.0160822789541411,0.0173481948312957,0.0187002910371659,0.0201458564257669,0.0216865301381636,0.0233312673650643,0.0250814267044441,0.0269476052933816,0.0289294654389116,0.0310385396842744,0.0332738040780468,0.035649267673087,0.0381610804299743,0.040825054279559,0.0436361437156135,0.0466116616840329,0.0497425174452914,0.0530504706655155,0.0565219915089247,0.0601797390068795,0.0640109691091588,0.0680328203443336,0.0722354676118534,0.0766318758978664,0.0812120296004932,0.0859837018315538,0.0909377900338661,0.0960778925006115,0.101391765503737,0.106877431082448,0.112520736362118,0.118312541705713,0.124235423329436,0.13027160544975,0.136400496900241,0.142592763866003,0.148823325255306,0.15505181879257,0.161247353069623,0.167353750800319,0.173334342423516,0.179120094048363,0.18466878253299,0.189893742710093,0.194747889995585,0.199126794282116,0.202979871630281,0.206191445495212,0.208716511711291,0.210425879192308,0.211278551847717,0.211148345609085,0.210018908369485,0.207762676163901,0.204391016988412,0.199800564986273,0.194057557638962,0.187086347957457,0.179006758198258,0.169792704313884,0.159657485580358,0.148600631965288,0.136910078849587,0.124656457568314,0.112154561528091,0.0995452551320091,0.0871269056103638,0.0750744967975994,0.0636543617847465,0.0530077732189631,0.0433229259158759,0.0346849528226867,0.0271731761505415,0.0207977832835381,0.0155181339832637,0.0112808771182529,0.00795687179992787,0.00545488104282106,0.00359937964765944,0.00230943013452201,0.00140644380634865,0.00083848070482212,0.000459346477632294,0.000253568127971076,0.000120094866956117,6.39721744375442e-05,2.4498951614673e-05,1.31492106609109e-05,2.92424992045698e-06,1.76776015231344e-06,9.86637967535646e-07,-6.09699452294418e-07,8.43554600550339e-07,-8.20363271439114e-07,6.1727492273051e-07,-5.26187746577356e-07,4.08620722306828e-07,-4.37559498620665e-07,3.35605842821254e-07,-3.79535378978927e-07,0
19791668.6785356,0,1.21434237517971e-06,1.95078201574368e-07,1.37161121790589e-06,4.59949781902626e-07,1.65698833884304e-06,6.96601109217288e-07,1.99009093492578e-06,1.18921130859117e-06,2.20419657418058e-06,1.9104122843685e-06,2.53597613516333e-06,2.67159373896581e-06,3.12932404612973e-06,3.49498631409171e-06,3.97221964186162e-06,4.48069774770881e-06,5.06135058556439e-06,5.70910788694564e-06,6.43541429084754e-06,7.24896427414704e-06,8.15837707560965e-06,9.17635394668601e-06,1.03125529074899e-05,1.15831506654602e-05,1.29993247519032e-05,1.45811508404147e-05,1.63422575929819e-05,1.83078101194886e-05,2.04925324288573e-05,2.29286042418276e-05,2.56332947843562e-05,2.8645467185066e-05,3.19887424380942e-05,3.57070078364022e-05,3.98296921194162e-05,4.44074237530153e-05,4.94798226380965e-05,5.5107437278754e-05,6.13384608182552e-05,6.82432525554775e-05,7.58825797066528e-05,8.43384775890504e-05,9.3685510273189e-05,0.000104019543065882,0.000115432792692008,0.000128037983376169,0.00014195202280569,0.000157304868618369,0.00017423711330745,0.000192896576154576,0.000213458461244055,0.000236095563835195,0.000261023502132232,0.000288437343337096,0.000318601637832741,0.000351735945477161,0.0003881598659898,0.000428119848251364,0.000472008667844104,0.000520107337825962,0.000572905717735534,0.000630716917648604,0.000694126207677267,0.000763468751795175,0.000839454566442977,0.000922463389197839,0.00101336273158483,0.0011125289959146,0.00122100729909314,0.00133925933506465,0.00146853001937714,0.00160919986954072,0.00176285007950101,0.00192988592006698,0.00211207221451918,0.00231000350170044,0.00252553488877916,0.00275953179666492,0.00301397028525584,0.00328994321424748,0.00358959810902123,0.00391428909142041,0.00426634562111816,0.00464739000103895,0.00505997446535827,0.00550607664972693,0.00598839318960258,0.00650922778485094,0.00707147646639209,0.00767796027951005,0.00833167123492326,0.00903589152437953,0.0097937454433816,0.0106092282407554,0.0114854012047051,0.0124268524815413,0.0134365535181904,0.0145199367160608,0.0156798205979496,0.0169227283164127,0.0182510620429441,0.0196720590235528,0.0211874653414583,0.0228061807514203,0.0245296813492268,0.0263684843299156,0.0283224208489718,0.0304029490749778,0.0326092163829299,0.034955142416586,0.0374370995486754,0.0400707814016422,0.0428513675930149,0.0457960556644752,0.0488960290026913,0.0521729033568507,0.0556133913393853,0.0592399997647497,0.0630401961379786,0.0670312039763057,0.071203198083347,0.0755691189291652,0.0801190644431774,0.0848609214000482,0.0897855938335475,0.0948966757402111,0.10018186550087,0.105639196832617,0.111254645304566,0.11701916738325,0.122914999074735,0.128924604899167,0.135027418116383,0.141194236856537,0.147399560014398,0.153603379034954,0.159774779569526,0.165857263917943,0.171814267867992,0.177576237285224,0.183102220816074,0.188305320274836,0.193137237627994,0.19749524908529,0.201328689464074,0.20452064611691,0.207027239610237,0.208720180524483,0.209559369498385,0.209417127255301,0.208281311323038,0.206020298103515,0.20264963457636,0.198065714040419,0.192334241131027,0.185383277076714,0.17733201903356,0.168155426840604,0.158068127518662,0.147068972632822,0.135446778573799,0.123270152089855,0.110857332161697,0.0983438512177057,0.0860295263448408,0.0740871563714858,0.0627779322216289,0.0522446399475129,0.0426702148429975,0.0341378862133364,0.0267242088456113,0.0204386469495827,0.0152377889921047,0.011066570423648,0.00779873129269254,0.00534246338966824,0.00352212605917192,0.00225728631479901,0.00137228218933101,0.000817465874967193,0.00044764438162978,0.00024671464877155,0.000116274591403372,6.235930902854e-05,2.36871628094477e-05,1.23621667426501e-05,2.81446362385807e-06,2.11627717600748e-06,8.82227964020642e-07,-9.9560575676809e-07,9.91019821060047e-07,-5.44413066929858e-07,4.22635176800839e-07,-6.68975181127501e-07,5.75687960070629e-07,-3.6469878644012e-07,2.20656606683314e-07,-3.86531391666453e-07,0
20255019.3923067,0,1.15974059160278e-06,1.86329230224126e-07,1.30990069219426e-06,4.39467869674994e-07,1.58251142800353e-06,6.65421332530931e-07,1.90085001402281e-06,1.13604824271944e-06,2.10537950961769e-06,1.82512055672552e-06,2.42250119062741e-06,2.55235314111406e-06,2.98963788820229e-06,3.33917654027503e-06,3.79526932697559e-06,4.28129653301091e-06,4.83633635986274e-06,5.45556792993746e-06,6.14994451504971e-06,6.92778762623817e-06,7.79735934477307e-06,8.7708196037957e-06,9.8574297557371e-06,1.10726838276097e-05,1.24273061592017e-05,1.39405316326818e-05,1.56254424246462e-05,1.75061472742702e-05,1.95967961955315e-05,2.19282324270212e-05,2.45170621939175e-05,2.74005535445873e-05,3.06014219471386e-05,3.41617618421651e-05,3.81098695080421e-05,4.24943524058976e-05,4.73533387261577e-05,5.27449906956794e-05,5.87156595257054e-05,6.53329345020134e-05,7.26552936670333e-05,8.07616588109658e-05,8.97238951679937e-05,9.96342947348114e-05,0.000110581640594843,0.000122674460445914,0.000136025480005363,0.000150760025491128,0.000167013646742368,0.000184929034720224,0.000204675310831586,0.000226419459563001,0.000250369656711234,0.000276714643568465,0.000305709924585531,0.000337568284191216,0.000372598748514303,0.000411040573457993,0.000453273655290189,0.000499571207797034,0.000550407308941174,0.000606087407082643,0.000667178535855456,0.000734008240774519,0.00080726475742283,0.000887320271875477,0.000975015909845975,0.00107072229543356,0.00117545398037798,0.00128966682662775,0.00141457011437983,0.00155054339261395,0.00169912325152385,0.00186071746462793,0.00203704362939617,0.00222869449286029,0.00243748019765229,0.00266425990394006,0.00291096548251519,0.00317868094584383,0.00346951183980771,0.00378479957871569,0.00412683313605309,0.00449722188590339,0.00489847985046,0.00533256686000307,0.0058021456228685,0.00630950330817265,0.00685750976944138,0.0074489638136282,0.00808683953772574,0.00877439508938976,0.00951474548839383,0.0103118543274593,0.0111687922259764,0.0120901155292503,0.0130788239119707,0.0141403113896022,0.0152774376598446,0.0164966753724705,0.0178004991720924,0.0191960931899519,0.0206852922517067,0.0222769232700407,0.0239725914904083,0.02578274510407,0.0277073609142675,0.0297578062187608,0.0319334162241477,0.0342480054415986,0.0366981630503025,0.0392994654270185,0.0420473164511028,0.0449587988933895,0.048025347568637,0.0512684154466301,0.0546750117073155,0.0582675398065782,0.0620336905759565,0.0659905885134651,0.0701285962945478,0.0744606688166589,0.0789769482299237,0.0836853988602579,0.0885768606481782,0.0936550788201618,0.0989078075735612,0.104333219596048,0.109917105493439,0.11565045516134,0.121515751980867,0.127495328070657,0.133568356416891,0.139706042794321,0.145882825473805,0.152058662372317,0.158202205880355,0.164257396142544,0.170187959406553,0.175924436831043,0.181425437994243,0.186603800783319,0.191413143620718,0.195748502917328,0.199560762779853,0.20273312275069,0.205222345705825,0.206899486591911,0.207725555480966,0.207573983919364,0.206431609856557,0.204169325373487,0.200802336623336,0.196228665993623,0.19051507794396,0.183588352394226,0.175571729218434,0.16643703103067,0.156402408469258,0.14546778855364,0.133919688175978,0.121828690444382,0.109510366171903,0.0970993243239104,0.0848951444674445,0.0730678999805102,0.061877866753562,0.0514608991456623,0.0420017092237233,0.0335797417279136,0.0262662085319412,0.0200731340193507,0.0149529958498487,0.0108510503740175,0.00763949296154128,0.0052286575841038,0.00344335528291162,0.00220548478683051,0.00133909277537206,0.000796657225495874,0.000435464026331629,0.000240190221361262,0.000112738998152623,6.02580065161113e-05,2.3122040684427e-05,1.21752503290394e-05,2.40783116831588e-06,1.8588151339869e-06,1.2053411619392e-06,-8.55312859077839e-07,6.36206121582307e-07,-5.91865301997304e-07,7.17023371061152e-07,-6.77133468441992e-07,3.33334648204677e-07,-3.02957829151119e-07,3.47085256115054e-07,-4.07373694464043e-07,0
20729217.7959537,0,1.10714085815673e-06,1.78002786421811e-07,1.25055922066823e-06,4.19673807155784e-07,1.51089168089578e-06,6.35698822679033e-07,1.81477451515211e-06,1.08520783832423e-06,2.01040909537973e-06,1.7431479292842e-06,2.31363558576079e-06,2.43778083606867e-06,2.85557291929477e-06,3.18956129216471e-06,3.62539709349308e-06,4.08985708979656e-06,4.62031313453032e-06,5.2121467294755e-06,5.87585500367985e-06,6.61939216969644e-06,7.4506804324945e-06,8.38135720346061e-06,9.42029931138017e-06,1.05823384385047e-05,1.18777555796885e-05,1.33249687794194e-05,1.49365335675409e-05,1.67355425996708e-05,1.87355744573791e-05,2.0966178803752e-05,2.34433246895102e-05,2.62027201183379e-05,2.926618344892e-05,3.26740880439869e-05,3.64536433451215e-05,4.06514790581397e-05,4.53042344207858e-05,5.04677644425337e-05,5.6186678513356e-05,6.25259167253871e-05,6.95417399381059e-05,7.73100112172954e-05,8.58999027817283e-05,9.54002309495223e-05,0.00010589654567786,0.0001174933483865,0.00013029923875004,0.000144435018798637,0.000160031404574499,0.000177226112092677,0.000196182268463076,0.000217061125204773,0.000240063602145474,0.000265372311428883,0.000293234008760296,0.000323854813610416,0.000357533308220435,0.000394501606779908,0.000435126995370274,0.000479675177877724,0.000528604790729684,0.000582213089899337,0.000641048899517421,0.000705432323702046,0.000776029997339492,0.000853206041560459,0.000937776089944124,0.00103010529147801,0.00113117770863218,0.00124144161919251,0.00136207108589147,0.00149344447963642,0.00163705421254592,0.0017933086614147,0.00196387812612092,0.00214935265280555,0.0023514965695268,0.00257116141344414,0.00281023627900015,0.00306979310148617,0.00335189322018678,0.00365786491033875,0.00398995551907995,0.00434975760477516,0.00473974411404087,0.00516185682793556,0.00561872414141575,0.00611261244302166,0.00664635961559849,0.00722273753896705,0.00784469660898497,0.00851546768071846,0.00923815712267203,0.0100166965756189,0.0108541585650923,0.0117550594485855,0.0127224167711457,0.0137615770563411,0.0148754393645749,0.0160704246431977,0.0173490690186257,0.0187184969846304,0.0201806353239523,0.0217442314071916,0.0234110028888953,0.0251913134420084,0.0270852979149305,0.0291042342000229,0.0312476279245111,0.0335291716231442,0.0359456814293696,0.038512608843792,0.0412255964110335,0.0441015987336842,0.0471323231290812,0.0503390229023096,0.0537090293714046,0.0572646064646855,0.0609936873077532,0.0649133536028592,0.0690141127059385,0.0733088837967405,0.0777879376409427,0.0824593181701206,0.0873138618472443,0.0923554762153981,0.0975718981462863,0.10296134718388,0.108509605981282,0.114207787685502,0.120038248540295,0.125983642043622,0.132023142413664,0.13812762775848,0.144271838676055,0.150415838316389,0.156528157371537,0.162552724012685,0.168453179689897,0.174160736670966,0.179633428263983,0.184784726078016,0.189568035663818,0.193878787628578,0.197667983197484,0.200818862980318,0.203289519176489,0.204950281143411,0.20576229292155,0.205601923008992,0.204454797472841,0.202192445952266,0.198832113048334,0.194270342413759,0.188578644215919,0.181681456575779,0.173702804581324,0.164618491796967,0.154644278341565,0.143780146564713,0.132315305337845,0.120317632503299,0.108101497260533,0.0958027733987682,0.0837171368794816,0.072013250170418,0.0609470971441626,0.0506559312090577,0.0413160299442791,0.0330078820519844,0.0258007969312357,0.0197018436240801,0.0146639483912143,0.0106333154779922,0.00747941200802762,0.00511464226003281,0.00336484072844467,0.00215281197408067,0.00130587313456473,0.000776561068386236,0.000423318682714164,0.000233077324313921,0.000109353212965801,5.85605039878121e-05,2.20910710916247e-05,1.17202455010119e-05,2.58260974700373e-06,1.74126067505004e-06,8.55403432421337e-07,-7.58083847515406e-07,9.14811498647254e-07,-7.21708561203273e-07,4.97629920938331e-07,-5.0918728224569e-07,4.49139000603628e-07,-4.24131305707625e-07,2.87945671765794e-07,-3.4585450105589e-07,0
21214517.8491063,0,1.05808298188661e-06,1.70039703686883e-07,1.19512865063846e-06,4.0092676535589e-07,1.44394824532356e-06,6.07234931973119e-07,1.73437612966323e-06,1.03677372133072e-06,1.92123243173077e-06,1.66559452559279e-06,2.21091003454698e-06,2.32947564734319e-06,2.72878980752951e-06,3.04797383149038e-06,3.46453902727416e-06,3.90847248826713e-06,4.41550905421082e-06,4.98123753105762e-06,5.61570052435978e-06,6.32651059065585e-06,7.12125394888023e-06,8.01107264870353e-06,9.00446965964723e-06,1.01156435408549e-05,1.13544512340213e-05,1.27385224076223e-05,1.42798943528597e-05,1.60006927035405e-05,1.79139614114139e-05,2.00479914542151e-05,2.24181045026045e-05,2.50585154828736e-05,2.79902044025624e-05,3.12518671593398e-05,3.48696198447189e-05,3.88882244939302e-05,4.33429417045162e-05,4.82873574629167e-05,5.37642977341104e-05,5.98360936146336e-05,6.6556857466697e-05,7.39995020205717e-05,8.22306117888592e-05,9.13356149084229e-05,0.000101396809636191,0.0001125146564983,0.000124793696801907,0.000138350351997573,0.00015331061571837,0.000169807282244458,0.000187997497070242,0.000208036770635685,0.000230118967145014,0.000254420614856799,0.000281179507195605,0.000310594963189709,0.000342955596355847,0.000378486605622094,0.000417542507239793,0.00046038095054925,0.000507445379357427,0.000559025193579599,0.000615650914945717,0.000677634448002056,0.000745621369695903,0.00081996790918903,0.000901463465123554,0.000990466357175374,0.0010879303974746,0.0011942965251168,0.00131070326400047,0.00143752617715064,0.00157621344941218,0.00172717322389065,0.00189202763745023,0.00207136312385249,0.002266898312332,0.00247947434900779,0.00271093434453389,0.00296233756305341,0.003235700538021,0.00353233583925841,0.00385444616128655,0.00420360493401935,0.004582242115151,0.0049922772491169,0.00543629898679023,0.00591655038581523,0.00643583577313988,0.00699689805569944,0.00760266016908708,0.00825631865171153,0.0089609622329048,0.00972048339272719,0.0105379538877723,0.0114178480523011,0.0123631973037585,0.0133792959287756,0.0144690762035076,0.015638895099834,0.0168913464803857,0.018233489288604,0.0196673343269428,0.0212015447353867,0.0228379506764558,0.0245868168847466,0.0264484289126808,0.0284339639857718,0.0305430981437321,0.0327894010528732,0.0351699232296375,0.0376999656970446,0.0403754101950826,0.0432130642171305,0.0462049305548681,0.049372084344701,0.0527021728202603,0.056217295824889,0.0599056441873602,0.0637842013091206,0.0678436970227677,0.0720970749551926,0.0765346405339269,0.0811644930837436,0.0859776367058288,0.0909779685187761,0.0961532936763204,0.101502007143114,0.107009792991754,0.112667921140637,0.118458808776523,0.124365146946205,0.130366037272346,0.136432684310903,0.142539581423088,0.148647031178817,0.154723703683694,0.160713572053797,0.166580076301966,0.172254534701404,0.177696204913084,0.182817456852976,0.187571850071186,0.191855602977171,0.195619957127719,0.198748067598518,0.20119952008711,0.202843457519348,0.203643324331686,0.203473858306031,0.202324017304081,0.200064513566754,0.196713619173892,0.192169261293106,0.186502789836109,0.179641202079673,0.171709222723361,0.162679784128346,0.15277516738367,0.141990986000449,0.130617504432957,0.118721419803238,0.106618207078176,0.0944415902618981,0.0824824970319241,0.0709103704945645,0.0599777615882945,0.0498182711504746,0.0406056615076069,0.0324174223471179,0.0253202996474208,0.0193207436565681,0.0143680903062195,0.0104106069966886,0.00731622339021793,0.00499911746457714,0.00328521820697726,0.00210000637879365,0.00127248734300786,0.000756068538644716,0.00041150709756198,0.000226353750670285,0.000105874870733384,5.67713683533325e-05,2.12937464670187e-05,1.1343124109156e-05,2.49424931743853e-06,1.6732655333085e-06,8.10186641048933e-07,-7.59262454103829e-07,9.30545858672594e-07,-7.17695942148541e-07,4.70096218236757e-07,-4.89547402390361e-07,4.53962322149635e-07,-4.26040894711625e-07,2.75956473707002e-07,-3.3271193742402e-07,0
21711179.4569451,0,1.01067059974609e-06,1.62454819988017e-07,1.14158400336847e-06,3.83073799857117e-07,1.37925913266687e-06,5.8020469880551e-07,1.65674132002003e-06,9.90609832135946e-07,1.83529797722009e-06,1.59141910206223e-06,2.11217217725371e-06,2.2257221810563e-06,2.60715444272629e-06,2.91229398681339e-06,3.31035774670966e-06,3.73467476119498e-06,4.21928729026607e-06,4.76003995513472e-06,5.36652349077747e-06,6.04602893485103e-06,6.80581057434578e-06,7.65652762531165e-06,8.60633099919772e-06,9.66881124646526e-06,1.08534144051632e-05,1.21770247177611e-05,1.36511790660925e-05,1.52970559089818e-05,1.71271780265513e-05,1.91686485515402e-05,2.14361845927568e-05,2.39625724539178e-05,2.6767948913789e-05,2.98893990855499e-05,3.33520266652028e-05,3.71987450673022e-05,4.14633951515987e-05,4.61974026914856e-05,5.14419673482133e-05,5.7256957522308e-05,6.36944033653665e-05,7.08243432709496e-05,7.87107884027539e-05,8.7435831619856e-05,9.70787154365842e-05,0.000107736204140395,0.000119508982143737,0.000132509095469955,0.000146857827307253,0.000162683146679228,0.000180136600668776,0.000199368404077277,0.000220565382736421,0.000243897936773929,0.000269595642195498,0.000297851431028859,0.000328943576635219,0.000363090118626171,0.000400633742827563,0.000441824721549009,0.000487091395431684,0.000536714990347694,0.000591208603552756,0.000650876335231302,0.000716342483963501,0.000787954779417707,0.000866477872900026,0.000952263376204708,0.00104623499898278,0.00114882561936906,0.00126113943926765,0.00138354914731896,0.00151745869197469,0.00166327330675505,0.0018225687558883,0.00199592706584759,0.00218502025201037,0.00239067813442032,0.00261469859208872,0.00285812714159007,0.00312293528153815,0.0034104165432899,0.00372272786800098,0.00406142292970911,0.00442888706179906,0.00482701550886343,0.00525835559343578,0.00572512253471249,0.00623008204925067,0.00677594522698732,0.0073656065880869,0.00800222770865981,0.00868887531089222,0.00942939826763717,0.0102268593789462,0.0110856826718089,0.0120089080347894,0.0130017782669569,0.0140672534560708,0.0152116189852127,0.0164375155325325,0.0177519317125661,0.0191569571586027,0.0206611618099288,0.0222664817077881,0.0239830841032008,0.0258113994942447,0.0277624805369675,0.0298361771568379,0.0320459280440307,0.0343889993240116,0.0368805464043781,0.039516714911754,0.042314139794673,0.0452650940860849,0.0483904394363384,0.0516782122090719,0.0551503148254654,0.0587951917710848,0.0626297468572069,0.0666449265081622,0.0708536378350626,0.0752463543962139,0.0798312240482374,0.0845993226227637,0.0895546572322636,0.0946850027151245,0.0999888971573454,0.105452151506384,0.111066158328401,0.116813283754746,0.122676247777476,0.128634223092515,0.134658666958545,0.140724070656585,0.146790745704188,0.152827595245851,0.15877872392287,0.164607794316522,0.170245814103789,0.175652166170984,0.180740269482622,0.185463784343878,0.189718421507191,0.193455728737175,0.19655997546696,0.19899032834853,0.200617344717998,0.201404996944565,0.201227592993876,0.200076412844706,0.197821875913604,0.194483023885711,0.189959658875504,0.184324460365359,0.177501509265736,0.169620602464859,0.160654447619282,0.150824448602011,0.14012551172236,0.128851184479343,0.117066892237509,0.105082704160666,0.0930338564419217,0.0812100248970879,0.0697770492188394,0.0589828273064518,0.0489615215635767,0.0398798755170361,0.0318166660214384,0.0248321241161336,0.0189345928742582,0.0140700302591398,0.0101863063628013,0.0071526434599125,0.00488325172416884,0.00320628581234329,0.00204833938356352,0.00123936194187211,0.000735851969603572,0.000399782230516658,0.00021989750193748,0.000102603604211084,5.50914856057627e-05,2.06228973713376e-05,1.09156790812526e-05,2.3532910874065e-06,1.62578272632755e-06,8.47828763750668e-07,-7.67157819666294e-07,8.74176134048138e-07,-6.92749463901066e-07,4.91499548898142e-07,-4.94034238456004e-07,4.2360683880828e-07,-4.02809031810504e-07,2.82033464348947e-07,-3.30684270594833e-07,0
22219468.6093952,0,9.65044970617008e-07,1.55127757130611e-07,1.09005681259407e-06,3.65777976249083e-07,1.31703993475047e-06,5.54048796988843e-07,1.58200932265352e-06,9.45977295509483e-07,1.75260210662612e-06,1.51972927893015e-06,2.01712239445439e-06,2.1255734371548e-06,2.48995618434406e-06,2.7814403090489e-06,3.16173162654914e-06,3.56711688616003e-06,4.03014094700704e-06,4.54683919174879e-06,5.12637357820358e-06,5.77572972694669e-06,6.50185432612681e-06,7.3149503312195e-06,8.22281894707976e-06,9.23846178299424e-06,1.03709273309224e-05,1.16363779425703e-05,1.3045894148461e-05,1.46197490451429e-05,1.63699420522442e-05,1.83224294855792e-05,2.04913614045813e-05,2.29081401803756e-05,2.5592095769342e-05,2.85787824011692e-05,3.18923069566415e-05,3.55738059757673e-05,3.96558046935955e-05,4.41876550615486e-05,4.92089234330036e-05,5.47770432122725e-05,6.09419952197898e-05,6.77710716857469e-05,7.53259052847989e-05,8.36854542369112e-05,9.29259033277727e-05,0.000103140240455414,0.000114425330037596,0.000126889006623393,0.000140648037802316,0.000155825776113462,0.000172568182135767,0.000191019967033293,0.000211361114097416,0.000233756222073819,0.000258426672439072,0.000285559004045477,0.00031542154699069,0.000348225052729324,0.000384300286099594,0.000423889976568151,0.000467407482862999,0.000515125825783432,0.000567541147688808,0.000624949686620635,0.000687954733038622,0.000756894926834175,0.000832509897404648,0.00091514459385694,0.00100569397108955,0.00110458193438436,0.0012128772659791,0.00133094808257903,0.00146015490653587,0.00160090231779467,0.00175472009687688,0.00192218236239985,0.00210491511724371,0.0023037373242266,0.00252040013620678,0.00275593351223439,0.0030122633551304,0.00329066316158959,0.00359324367368758,0.00392153986435616,0.00427788940522146,0.00466415562649437,0.005082840933857,0.00553613467030505,0.0060267643519604,0.00655740348177862,0.00713091207459815,0.00775041579840003,0.00841895598869587,0.00914032949417774,0.00991758449388647,0.0107550941758675,0.0116559027404874,0.0126251922625531,0.0136659423377483,0.0147843663721239,0.0159831502751067,0.0172691941611073,0.0186446525982855,0.020118009811363,0.0216913000106181,0.0233745699293702,0.0251683891569779,0.0270836913883044,0.0291204991602187,0.0312921054120377,0.0335959906906046,0.0360471509754576,0.0386419690656431,0.0413969173607817,0.0443046011303189,0.047385635504515,0.0506283790286223,0.0540545222182309,0.0576528674081239,0.0614402364858002,0.0654077499451758,0.0695682536556413,0.0739124132481291,0.0784484690258721,0.0831675118121214,0.0880736338032607,0.0931548252647004,0.098409660102342,0.103823968436262,0.109389301330088,0.115088086031364,0.12090325312715,0.126813918500551,0.132791801773171,0.13881131812905,0.144833118075465,0.150825824629121,0.15673399981839,0.162521326607672,0.168119156835688,0.173487300350185,0.178538860209502,0.183228132370211,0.187450839098063,0.19115920491162,0.194237565705773,0.196646400376446,0.198256154018224,0.199030723968169,0.198846485227101,0.197694601021447,0.195447139824153,0.192124987582754,0.187624937223928,0.182024084476114,0.175246785579484,0.167423656066992,0.158525802277846,0.148778999260492,0.138175438919868,0.12700903065713,0.115342355526565,0.103486663341716,0.091575769769801,0.0798947955397994,0.0686080611264807,0.057960542532791,0.0480820411849453,0.0391381887482108,0.0312033054484542,0.0243356778866465,0.0185426968374502,0.0137677126970263,0.00996040161432421,0.00698713418494763,0.00476637285477705,0.00312684775028605,0.0019963580644748,0.00120623626832345,0.000715108294567141,0.000388197454445857,0.000213714844867681,9.9128119510641e-05,5.31493836785559e-05,2.01751654887285e-05,1.06369518980286e-05,1.8317565364375e-06,1.57867976215089e-06,1.25638729086347e-06,-8.66058632395476e-07,5.10521977720496e-07,-5.21097411454281e-07,7.12497525820111e-07,-6.597733090035e-07,2.98093758276036e-07,-2.56298450974311e-07,3.18241628438217e-07,-3.76766652536221e-07,0
22739657.5235793,0,9.21232282194205e-07,1.4820540692284e-07,1.04061730484648e-06,3.49380929822832e-07,1.2573539300522e-06,5.29352003503388e-07,1.51036153355495e-06,9.03686401108758e-07,1.67352244095851e-06,1.45154691776718e-06,1.92644716269802e-06,2.03020256223409e-06,2.37828683106904e-06,2.65681207233945e-06,3.02018753952877e-06,3.40756084287281e-06,3.85003792363239e-06,4.34382641586402e-06,4.89770325092054e-06,5.51834318955327e-06,6.21240108352794e-06,6.98963589737372e-06,7.85752283893267e-06,8.82850904323648e-06,9.91127005663675e-06,1.11212755728372e-05,1.24691356220297e-05,1.39742614498512e-05,1.56481741417364e-05,1.75157273811336e-05,1.95905008536792e-05,2.19025679170346e-05,2.44704784218224e-05,2.7328305637864e-05,3.04992190868571e-05,3.40226601997168e-05,3.79298132822367e-05,4.22679982897122e-05,4.70752693492748e-05,5.24067996601842e-05,5.83106459124583e-05,6.48514114699468e-05,7.20882633361158e-05,8.0097003829963e-05,8.89509645608458e-05,9.87396665064163e-05,0.000109556302545754,0.000121504632283491,0.000134697075718487,0.000149252392288021,0.000165311126358755,0.000183012922679394,0.000202531220372084,0.000224024819941899,0.000247707140702658,0.00027375843679823,0.000302437527676802,0.000333948565322371,0.000368610679404736,0.000406658943888548,0.000448492470449792,0.000494376303314846,0.000544789521631617,0.000600020204586171,0.00066065168272743,0.000727014378277191,0.00079982356563083,0.000879416265893056,0.000966657996946435,0.00106196405356266,0.00116637051136939,0.00128024127551864,0.00140489373914348,0.0015407280196109,0.0016892277139552,0.00185096034987971,0.00202750601236157,0.00221967036366962,0.00242916022747557,0.0026569887213384,0.00290503374515844,0.00317454825443925,0.00346759531301912,0.00378568430919193,0.00413110752110526,0.00450570415294288,0.00491193110728746,0.00535194249798407,0.00582842031236777,0.00634400080113629,0.00690150932011996,0.00750402851117855,0.00815456737596273,0.00885687277292187,0.00961397999184103,0.0104302060109602,0.0113085864005086,0.0122542343378678,0.0132701418653025,0.014362443207306,0.0155338616077632,0.0167912218417732,0.0181367463071621,0.0195788027654397,0.0211195101323327,0.022768794022052,0.0245273600608216,0.0264060251014314,0.0284049575671976,0.0305372816309313,0.0328007140872145,0.0352100817000748,0.0377619960458966,0.0404727459289797,0.0433352361014303,0.0463698435324164,0.049565316444237,0.052943116842105,0.0564923496295259,0.0602296967299552,0.0641465286777449,0.0682556627468161,0.0725479509369541,0.0770316176531473,0.08169793367289,0.0865511036082895,0.0915791330232129,0.0967807335813187,0.102141845715148,0.107654133639716,0.113300127632805,0.119062932808812,0.124921686324433,0.130848305712989,0.136817297215779,0.142789497953584,0.148733815995454,0.154594658318682,0.160336158005141,0.165889848751618,0.171215707719253,0.176227143067562,0.180878852820283,0.185067019248425,0.188743988117223,0.191794597637162,0.194179666000013,0.19577045694318,0.196532449195543,0.196341322997641,0.195190273421581,0.19295138785839,0.189646343346061,0.185174201597406,0.179612656361679,0.172885840045856,0.165124479370422,0.156303683828312,0.146645616744699,0.136144370499852,0.125092516846846,0.113553202406986,0.101834404048785,0.0900684044363139,0.0785379565782362,0.067405035774648,0.0569096451578227,0.0471820349591854,0.0383794001316078,0.0305778911559179,0.023831264029318,0.0181444968906183,0.0134617871273677,0.00973100163458954,0.00682115752029624,0.00465001432546358,0.00304687617647897,0.00194312345501986,0.00117312825601467,0.000695597588852835,0.000376590337427281,0.000206788823390315,9.60275177153656e-05,5.15876294203859e-05,1.90359190809394e-05,1.02549133788063e-05,2.23838578844662e-06,1.39562366577152e-06,7.5508684088869e-07,-6.71849452042108e-07,8.59439584226259e-07,-7.30519516230915e-07,4.87782249984784e-07,-4.44222219269026e-07,3.85251113230636e-07,-3.91513044478127e-07,2.83751253242014e-07,-3.14591884030293e-07,0
23272024.7896041,0,8.79629623739019e-07,1.41545442225662e-07,9.93631960566866e-07,3.33757818110593e-07,1.20061562250752e-06,5.05631363250475e-07,1.44236591430097e-06,8.63161876461428e-07,1.59827314360088e-06,1.38650507245843e-06,1.83997396940051e-06,1.93927632123662e-06,2.27174162925675e-06,2.53792926145312e-06,2.88511249311602e-06,3.25528565670307e-06,3.67811433323711e-06,4.15000482079146e-06,4.67934424290337e-06,5.27252162228335e-06,5.93590346479235e-06,6.67882774808141e-06,7.50845386584965e-06,8.43668969775142e-06,9.471845536373e-06,1.06287289175633e-05,1.19175090324655e-05,1.33567662018143e-05,1.4957547608084e-05,1.67436474875299e-05,1.87281001632963e-05,2.09397097271914e-05,2.3396273767243e-05,2.61304259069371e-05,2.91643920572452e-05,3.25359714647944e-05,3.62751100352022e-05,4.04271889907898e-05,4.50287237610913e-05,5.01326282214066e-05,5.57850765526112e-05,6.20480791409188e-05,6.89784498551941e-05,7.66489946895324e-05,8.51302600412784e-05,9.45083031769901e-05,0.000104872677225269,0.000116323100803417,0.000128967710274092,0.000142920867587696,0.000158317880626748,0.000175293343302253,0.000194014273828401,0.000214633762573954,0.000237357350744873,0.00026235910240466,0.000289888328220198,0.000320142241599577,0.00035342870387,0.000389975574852902,0.000430167991771017,0.000474263048581931,0.000522723068485015,0.000575827810622587,0.000634140424352113,0.000697982500351333,0.000768045569346144,0.000844659036462506,0.000928659501137057,0.00102045291982502,0.00112104149375951,0.00123078446037182,0.00135095734991169,0.00148195448537825,0.00162521379242915,0.00178129584216599,0.00195173408765443,0.00213731915629234,0.00233971104933145,0.00255990513821131,0.00279973225184926,0.0030604232781575,0.00334399285520735,0.00365192392561058,0.00398645768912301,0.00434940138972325,0.0047431648134318,0.00516986919143051,0.00563215086828489,0.00613260381555293,0.00667401003397627,0.00725940538029211,0.00789176735092863,0.00857478718931644,0.00931147442019195,0.0101060850262195,0.0109616463904442,0.0118831998446058,0.0128737482972644,0.0139393390986376,0.0150827173481118,0.0163106150397053,0.0176253176595497,0.0190350857774217,0.0205421194112698,0.0221562100130644,0.0238781877887964,0.0257187279682538,0.0276781605358718,0.0297694538710837,0.0319905351789695,0.0343560314882462,0.0368628188429236,0.039526970180708,0.0423416888769722,0.0453271138862858,0.0484723824981766,0.0517987044759711,0.0552955005770488,0.0589793212113599,0.0628418019433394,0.0668956928641279,0.0711320334772414,0.0755591001479948,0.0801683055458776,0.0849639155309071,0.0899340719431259,0.0950776162464212,0.100380552174105,0.10583473698434,0.111422737734126,0.117127947790302,0.122929582560389,0.12879976875542,0.134712987062702,0.140630503199475,0.146521351933509,0.152330124810146,0.158021066180607,0.163526117853064,0.168805458591437,0.173773115063802,0.178383894543003,0.182534407032275,0.186177514678053,0.18919870053805,0.191559357821657,0.193130921064129,0.193879960234834,0.193683527013767,0.192535797675834,0.190308412825246,0.187025278065518,0.182585154419695,0.177068021934699,0.170398077559573,0.162707560471056,0.153969699519082,0.144409941469332,0.134020151271661,0.123092699238157,0.111689578568088,0.100117291854059,0.0885061400518143,0.0771339457319979,0.0661626016827232,0.0558279005089871,0.0462562406470732,0.0376023899932964,0.0299381110143602,0.0233163983040365,0.0177395959022223,0.0131512688057881,0.00949959671190182,0.00665347823079699,0.00453182670486603,0.00296655595140018,0.00189100630686893,0.00114043427993797,0.000675575324219047,0.000365039274346146,0.000200455628108109,9.27458247371013e-05,4.98651688811719e-05,1.85336089021049e-05,9.93167865681994e-06,1.95698495518002e-06,1.36485156849401e-06,8.91302734925117e-07,-7.39262154891462e-07,7.63165473242906e-07,-6.39445994606372e-07,4.95869620820497e-07,-4.86251865325319e-07,3.92631235280011e-07,-3.63032820114615e-07,2.60977725611524e-07,-3.09011563671632e-07,0
23816855.5197616,0,8.40116975566776e-07,1.35196650768579e-07,9.49033205736325e-07,3.18738307033344e-07,1.14669115615906e-06,4.82992001021583e-07,1.37754283328235e-06,8.24459984221382e-07,1.52656305184357e-06,1.32426868592796e-06,1.7575074381114e-06,1.8523077736449e-06,2.16998022509046e-06,2.42425892060235e-06,2.75598791969118e-06,3.10967240091338e-06,3.51369781316802e-06,3.96462506829117e-06,4.47047253799553e-06,5.0373555359434e-06,5.6713657689433e-06,6.38143760348805e-06,7.17442512141456e-06,8.06172218157163e-06,9.05129101761468e-06,1.01572977599902e-05,1.13894850663178e-05,1.2765635602748e-05,1.42963487637476e-05,1.60044017436452e-05,1.79023021050394e-05,2.00176251943984e-05,2.2367442365389e-05,2.49830239843259e-05,2.78857215520007e-05,3.11117745839649e-05,3.4689900215508e-05,3.86635956569994e-05,4.30679484713629e-05,4.79537376333029e-05,5.3365289606301e-05,5.9362123023119e-05,6.59988452309015e-05,7.33453488204072e-05,8.14693760212895e-05,9.04536099668955e-05,0.000100384194224322,0.000111357078207292,0.000123476267554717,0.00013685174405746,0.00015161360869257,0.000167891420306367,0.000185845899375111,0.000205624683862643,0.000227425758877765,0.000251417090010645,0.000277838935693478,0.000306882000323943,0.000338842925257711,0.0003739419311728,0.000412550232442323,0.000454916749747714,0.000501487651652312,0.000552534854678896,0.000608602190600285,0.000670002400834553,0.000737403088955454,0.000811125524101038,0.000891978528941984,0.000980358712748949,0.00107723559236491,0.00118296198423331,0.00129877107866732,0.00142505330819285,0.00156320101512041,0.00171376518035511,0.00187823443831488,0.00205738465495836,0.00225282936436428,0.0024655450296313,0.00269731493467292,0.00294934680621706,0.00322360557648317,0.00352154740729765,0.00384536367298522,0.00419683024734684,0.00457830764675162,0.00499187951511834,0.00544013282738778,0.00592561972426924,0.00645108179280984,0.00701950502931981,0.00763382529882768,0.00829767537426873,0.00901404182765886,0.00978711594956049,0.0106199065903665,0.0115173781179265,0.0124825365794763,0.0135213405701184,0.0146365591969414,0.0158348274097609,0.0171184766207049,0.0184956495239771,0.0199686228305186,0.0215470497086636,0.0232318819062179,0.0250336531203845,0.0269528296502073,0.0290021944849173,0.0311798937861407,0.0335003656099383,0.0359607177394486,0.0385768114343828,0.0413421667298167,0.0442766588976878,0.0473697927167033,0.0506425211453322,0.0540846149239391,0.0577124444023382,0.0615179084510432,0.0655137341616451,0.0696911439228019,0.0740584285924989,0.0786071676338552,0.0833417185101749,0.0882503642490933,0.0933320356138231,0.098572898854282,0.103964949965764,0.109490976428945,0.115134501235905,0.120874822763268,0.126684298556868,0.132537543173922,0.138396196558012,0.144229544909034,0.14998236733056,0.15561892591265,0.161071778291137,0.166301327879143,0.171222049483716,0.175789267041656,0.179899589506081,0.183506535142191,0.18649649410051,0.18883150305856,0.190383873565584,0.191120828878862,0.19091959183263,0.189775933634179,0.187562133843769,0.184303542277441,0.179899512319031,0.174431256823686,0.167823144080359,0.160208913633493,0.151561209092349,0.142106445266709,0.131834875726118,0.121039684108888,0.109779490048138,0.0983612923784344,0.0869116032680376,0.075705986175389,0.064902375617336,0.0547336241706336,0.0453223396477331,0.036819808426037,0.0292963825182937,0.0228007096592194,0.0173358449012382,0.0128425236402281,0.00926959079282414,0.0064868316063413,0.0044159691323303,0.00288832126562428,0.0018393627387166,0.00110756122850173,0.000655987769623585,0.000354382997766682,0.000194268847547841,8.94771891468423e-05,4.83657338268412e-05,1.78630750872743e-05,9.35369007924726e-06,1.94162162337695e-06,1.53915879648174e-06,7.42141526336813e-07,-9.10134823183776e-07,8.84512437880381e-07,-5.20734818189761e-07,3.68116520350402e-07,-5.227671385207e-07,4.72542724028639e-07,-3.42995561758249e-07,2.05136494338386e-07,-3.00398620294749e-07,0
24374441.5012222,0,8.02128473198053e-07,1.29130096288036e-07,9.06134752598881e-07,3.04407225998114e-07,1.09490391471745e-06,4.61324585078498e-07,1.31534440339479e-06,7.87478616362288e-07,1.45774070824483e-06,1.2647993364005e-06,1.67845605529853e-06,1.7691349806784e-06,2.0725550784822e-06,2.31551383721049e-06,2.63243490003832e-06,2.97036462173496e-06,3.35640373492203e-06,3.78727563908671e-06,4.27064831783673e-06,4.81236849185184e-06,5.41826695952839e-06,6.09688836983646e-06,6.85479185402529e-06,7.7028777999549e-06,8.64877352224377e-06,9.70603368770432e-06,1.08839895901166e-05,1.21996583735688e-05,1.36631987125015e-05,1.52964113643294e-05,1.71112915224754e-05,1.91342381627678e-05,2.13816293730374e-05,2.38834140925546e-05,2.66600662004626e-05,2.97463025911842e-05,3.31696808177758e-05,3.69719018808905e-05,4.11866368196977e-05,4.58625698815703e-05,5.10422478413315e-05,5.67827710181049e-05,6.31365995419867e-05,7.01708649104255e-05,7.79506456846704e-05,8.6555321437274e-05,9.60676588032892e-05,0.000106579885713046,0.000118192004862792,0.000131009850184691,0.000145158547748458,0.000160762751006049,0.000177977080441423,0.000196943844205061,0.000217853605385566,0.000240868397821059,0.000266219633339601,0.000294091421721715,0.000324769484180428,0.000358466781102364,0.000395541173507252,0.000436233816048778,0.000480975038751728,0.000530028606662396,0.000583919258043976,0.000642951010045399,0.000707768401165378,0.000778684412581852,0.000856480268342167,0.000941543020579126,0.00103480981082721,0.00113662739156271,0.00124818840470907,0.00136987755482586,0.00150304207656957,0.00164822334595613,0.00180686554619884,0.00197972913549924,0.00216838113621292,0.0023737784661418,0.0025976565532559,0.00284119962250973,0.00310632421778558,0.00339445720457443,0.00370773609796993,0.00404790188571218,0.00441726626408639,0.00481787820504899,0.00525227664250392,0.00572296572402197,0.00623263579457971,0.00678422041971149,0.00738062023330542,0.00802540958027155,0.00872153842144623,0.00947312780884641,0.0102831700671066,0.0111565481229653,0.0120962631452203,0.0131081837896605,0.0141950935425274,0.0153635230018149,0.0166158456345486,0.0179600758723799,0.0193985525363456,0.0209407910835487,0.0225878483943902,0.0243501010996271,0.0262281687371478,0.0282346559395527,0.0303678970875775,0.032642115226711,0.035054661917459,0.0376212005903686,0.0403355488680961,0.0432172572114254,0.0462562334988413,0.0494731513364301,0.0528581365241298,0.056427461560237,0.0601732382419866,0.0641080544107568,0.0682234103786991,0.0725276422248894,0.0770124849398932,0.0816823226101914,0.0865256583998703,0.0915415212490054,0.0967162957554284,0.102042128693439,0.107501815782242,0.113079188965238,0.118753708799635,0.124498026038463,0.130286892734495,0.136082383247266,0.141853626307424,0.147545958125206,0.153123948572879,0.158520701643133,0.163696810295995,0.168567182639326,0.173087344417533,0.177155026632021,0.180723974180652,0.183681152343922,0.185989391309692,0.187521542491654,0.188245853804032,0.188040362564456,0.186902983129573,0.184705601685102,0.181473865557315,0.177109933846642,0.171695491743527,0.16515452081081,0.15762173734688,0.149071670764964,0.139728537884863,0.129582981708932,0.11892675241033,0.107818683327589,0.0965605423690205,0.085279603830258,0.0742468070020636,0.0636173105220089,0.0536187262363216,0.0443733712637797,0.0360264034804114,0.0286460386004929,0.0222804470372819,0.0169280689267474,0.0125312383463246,0.00903851580319782,0.00632057147169744,0.0042995648231186,0.00280940818360531,0.00178747349823186,0.00107570550295963,0.000636969869449795,0.000342977411370832,0.000187957781678476,8.66590287025313e-05,4.67519306034387e-05,1.6941849489693e-05,9.17081146945506e-06,2.08298296491877e-06,1.21539545073646e-06,5.8013029348265e-07,-6.24393472406384e-07,9.1311391850792e-07,-7.39163515728312e-07,4.00509432804059e-07,-3.651651195273e-07,3.85678778380428e-07,-4.02979195473121e-07,2.58208926409294e-07,-2.73602899590847e-07,0
24945081.3523032,0,7.65863755794729e-07,1.23323998244758e-07,8.65159882990111e-07,2.90725686553781e-07,1.04546899609622e-06,4.40577808148174e-07,1.25601721695091e-06,7.52106547533716e-07,1.39207535473747e-06,1.20799158353367e-06,1.60299939169954e-06,1.68972095891891e-06,1.97954693914737e-06,2.21169251158266e-06,2.51447945268893e-06,2.83736287104996e-06,3.20622290493733e-06,3.61793687380793e-06,4.07983882091991e-06,4.59751843522232e-06,5.17655659836155e-06,5.82512394390882e-06,6.54950001743063e-06,7.3601118585162e-06,8.26426014284525e-06,9.27491447037506e-06,1.04010143883757e-05,1.16588466232679e-05,1.30581497899389e-05,1.46197863227991e-05,1.63552549119296e-05,1.82898310897388e-05,2.04392284411349e-05,2.28321318797069e-05,2.54881780079866e-05,2.84406289752224e-05,3.17159339330788e-05,3.5354066169231e-05,3.93873327796248e-05,4.38624198516978e-05,4.88201771687928e-05,5.43153897073373e-05,6.03984350813149e-05,6.71337453001312e-05,7.45838287948188e-05,8.28249270942378e-05,9.19365774759826e-05,0.000102007434971328,0.000113133643436636,0.000125416997290395,0.000138977829403869,0.000153936143649136,0.000170440698328187,0.00018862858777215,0.000208683187136585,0.000230760743442392,0.000255084086887906,0.000281831030302106,0.00031127682013943,0.000343627284276941,0.000379227251867384,0.000418310084434143,0.000461290632564904,0.000508424635948522,0.000560218233610423,0.000616966489426235,0.0006792915571275,0.000747498798731196,0.000822342735704841,0.000904200192917429,0.000993976536963227,0.0010920120133147,0.00119945951489581,0.00131669755954461,0.00144503014470544,0.00158498853175263,0.00173797183742106,0.00190472475013903,0.00208676973659862,0.0022850430959499,0.00250123221615207,0.00273649620537377,0.00299270157717899,0.00327124698990846,0.00357421970545336,0.00390332612305131,0.00426082535954617,0.00464872594606985,0.00506951493774252,0.00552564982785775,0.00601977518948778,0.00655477200315604,0.00713349397430631,0.00775944929273745,0.0084355539419876,0.00916585786905206,0.00995333002530799,0.0108027728716099,0.0117171766712104,0.0127023074090499,0.0137609579946293,0.0148995550732859,0.0161205074531809,0.0174317007533365,0.0188355317165648,0.0203413646949099,0.0219503592473295,0.0236727303301177,0.0255092207463712,0.027472242389408,0.029560335411369,0.0317875037791178,0.034151313999467,0.0366671929933025,0.0393292701815433,0.0421568144752041,0.0451401096375483,0.0482995343168814,0.0516255590732846,0.0551342605353097,0.0588180421381969,0.0626894248717947,0.0667401454484907,0.0709785033940509,0.0753964309449179,0.0799983667448069,0.0847729877058356,0.0897195253793465,0.0948244360250694,0.100080052979215,0.105469343191571,0.11097640622354,0.116580873638957,0.122255714765952,0.127975838567209,0.133703530337878,0.139408184659672,0.145035815077848,0.150551050156507,0.155887301465723,0.161005704707123,0.165822054928062,0.17029204025174,0.17431369780457,0.177841716092547,0.180763770805483,0.183043386597581,0.184554082829981,0.185265332519071,0.185056525700952,0.183925208408867,0.181745472843674,0.178544302064454,0.17422341869123,0.168865775447626,0.162396998346792,0.154951819304368,0.1465037286826,0.137278496256072,0.127266434752259,0.116756575554816,0.105806607895416,0.0947163812419241,0.083610663199049,0.0727563173615429,0.0623067449731727,0.0524848067289532,0.0434091099834212,0.0352216064151952,0.0279884327692518,0.021753689260601,0.0165171466980183,0.0122181388408223,0.00880643339551294,0.00615319765659262,0.00418263729770643,0.0027309557423039,0.00173669647319352,0.00104344367627622,0.000617161876381287,0.00033227756574483,0.000182248454532871,8.35923342185519e-05,4.50399794144652e-05,1.64025124759776e-05,8.84854150988986e-06,1.87532463460673e-06,1.24898902098073e-06,6.73475034031845e-07,-7.30102821554139e-07,8.29548304849527e-07,-6.19463617385505e-07,4.15156537976336e-07,-4.34573827484868e-07,3.82487009887672e-07,-3.46877477981618e-07,2.39198725400188e-07,-2.80902121967751e-07,0
25529080.6823952,0,7.31410901793727e-07,1.17806384069559e-07,8.26225431086605e-07,2.777201633912e-07,9.98472480424746e-07,4.20840870520903e-07,1.19957244863178e-06,7.18460667842187e-07,1.32952348908241e-06,1.15391847466895e-06,1.53107321844386e-06,1.61403769729462e-06,1.89084739533371e-06,2.11265938052323e-06,2.4019221000455e-06,2.71041647924441e-06,3.06283593765808e-06,3.45622392149362e-06,3.89758291544099e-06,4.39226635346829e-06,4.94560452305826e-06,5.5654148071161e-06,6.25771158539214e-06,7.03247080174907e-06,7.89668286327118e-06,8.8627562547302e-06,9.93924740937529e-06,1.11417387167973e-05,1.2479573231359e-05,1.3972713658965e-05,1.5632177572668e-05,1.74821623338447e-05,1.95377436639817e-05,2.18263776401822e-05,2.43668842226191e-05,2.71911250788638e-05,3.03244682950172e-05,3.38052165676642e-05,3.76643548043745e-05,4.19466339335408e-05,4.66912593994062e-05,5.1950769950977e-05,5.7773491476659e-05,6.42212307451055e-05,7.13540198653453e-05,7.92450751492682e-05,8.79707889376348e-05,9.76163027765604e-05,0.000108273959017794,0.000120041574742454,0.000133034811760054,0.000147369172882488,0.000163187710643483,0.000180622329731514,0.000199849302024018,0.000221019124225347,0.000244346239746816,0.000270002285083863,0.000298252190701593,0.000329294566040704,0.000363461547283688,0.000400978970088067,0.000442246419268865,0.000487511419347281,0.000537261931946482,0.00059178419825535,0.000651678159602218,0.000717240726392535,0.000789199758736854,0.000867922293407071,0.000954282834699323,0.00104861469406516,0.001152031188925,0.00126490340853378,0.00138849200751278,0.0015233181030947,0.00167073641332169,0.00183147453661917,0.00200700894830346,0.00219825513139444,0.00240685198113344,0.00263393250039852,0.00288131316181196,0.00315036198908804,0.00344311386656295,0.00376123979838778,0.00410694480444107,0.00448219422449199,0.00488942113782965,0.00533103511374349,0.00580963113943653,0.00632803322323678,0.00688904606297022,0.00749610959767314,0.00815210076422409,0.00886099310717521,0.00962572660246633,0.0104510204872926,0.0113398480002019,0.0122978650747433,0.013327866121997,0.0144361705378986,0.0156252183217376,0.0169027576492858,0.0182712303286292,0.0197398414484578,0.021309855578768,0.0229913207651382,0.0247850864203052,0.0267033619401128,0.0287448859662126,0.0309234436455005,0.033236818662943,0.0357001826110077,0.0383079771531928,0.0410791660113321,0.0440044149377401,0.0471037988170653,0.0503681554345157,0.0538133472544369,0.0574320668947906,0.0612367330108044,0.0652193266400135,0.0693881580634648,0.0737353301597865,0.0782653778354827,0.082967189037968,0.0878400947346116,0.0928707622324621,0.0980516903254755,0.103366034121327,0.108798191321116,0.114327966683863,0.119928701109888,0.125575467831683,0.131230971392788,0.136864885305981,0.142423582546381,0.147872003505899,0.153144314369148,0.158201884254759,0.162961022847884,0.167378063804994,0.171351798829059,0.174837420923538,0.177723635340288,0.179974300234438,0.181464391598548,0.182163477394032,0.181952677822906,0.180831042689125,0.178672635694075,0.175505578618453,0.171232550608566,0.165938184689522,0.159548523284767,0.152196869614768,0.14385911260897,0.13476057690268,0.124889051272092,0.114533353035563,0.103750215714131,0.0928361256029637,0.0819128115103084,0.0712443894272604,0.0609804834325578,0.0513397605230068,0.0424380279720376,0.0344136429951006,0.0273298279761192,0.0212281834448603,0.0161077027964489,0.0119078137950499,0.00857726986679964,0.00598827029223192,0.0040675493942207,0.0026539144753497,0.00168722466324849,0.00101251655203377,0.000598110179541391,0.000321752380870525,0.000176649318226187,8.05038293813201e-05,4.34616284729925e-05,1.61253671640324e-05,8.53188624312343e-06,1.42188235260091e-06,1.2945846851502e-06,1.01216982860426e-06,-8.91322015526204e-07,5.67379735683036e-07,-4.13350221443448e-07,5.29254393573621e-07,-5.92842966274239e-07,3.4037419217637e-07,-2.24649203000245e-07,2.28490829560473e-07,-3.13846397181402e-07,0
26126752.2556333,0,6.98822377083115e-07,1.12488583071381e-07,7.89425394380891e-07,2.65228411230344e-07,9.53931627397027e-07,4.01898410799868e-07,1.14609601951748e-06,6.86129894200138e-07,1.27020733838095e-06,1.10217749889062e-06,1.46263782130781e-06,1.54181010736986e-06,1.80628662423969e-06,2.0181896051868e-06,2.29454915285494e-06,2.58929424077162e-06,2.92602274736044e-06,3.30190672644604e-06,3.72364221906162e-06,4.19634370742717e-06,4.72511914048065e-06,5.31744453963358e-06,5.97907676155364e-06,6.71955418158311e-06,7.54556556404783e-06,8.46897890491913e-06,9.4979969545888e-06,1.06475265406783e-05,1.19265075350245e-05,1.33540498720359e-05,1.49407328700038e-05,1.67097010026985e-05,1.86753913328298e-05,2.08641119253169e-05,2.32939362333705e-05,2.5995375547154e-05,2.89927117632221e-05,3.23226327316413e-05,3.60149094072752e-05,4.01124796574223e-05,4.46529634609158e-05,4.96867247769249e-05,5.52601012013091e-05,6.14323656882553e-05,6.8261214519548e-05,7.5817009546747e-05,8.41730971557832e-05,9.3411228471913e-05,0.000103620137034038,0.000114893805899976,0.000127343330853856,0.000141079818927816,0.000156240797518105,0.000172953309192136,0.000191387074525326,0.000211687147280517,0.000234059695001254,0.000258670230498494,0.000285773880235934,0.000315562499732688,0.000348355768438487,0.000384371682693158,0.000423995335618158,0.000467466902190816,0.000515256611879231,0.000567641816797373,0.00062520122871576,0.000688223587965193,0.000757411121568194,0.000833120588037334,0.000916196283532694,0.00100696462064187,0.00110650044973812,0.00121516813336647,0.00133418614408308,0.00146406376058934,0.00160611246225744,0.00176104339156106,0.00193028893706709,0.00211474248513528,0.0023159952842983,0.00253515501508131,0.00277398846273003,0.00303383251896393,0.00331666887614811,0.0036241311955249,0.00395837266793523,0.00432131865464752,0.00471534771554194,0.00514281555897369,0.00560626273284738,0.00610845805292669,0.00665216002669298,0.00724074023099086,0.00787703330967014,0.00856493695388175,0.00930735562709118,0.0101089138646408,0.0109725665969746,0.0119038705946801,0.0129056172110101,0.0139840081163563,0.0151415036697351,0.0163857094289757,0.0177191117843796,0.0191507532889416,0.0206819714249563,0.0223226463788971,0.024073752819632,0.025947287032306,0.0279421569201837,0.0300719139647527,0.0323345546752304,0.0347450086603472,0.0372980056264947,0.0400121738118798,0.0428785772366265,0.0459169605077153,0.0491184931759622,0.0524988706197661,0.0560510613679836,0.0597873579749431,0.0636999824808228,0.0677972332918607,0.0720714523004404,0.0765271915280436,0.0811535686024265,0.0859500150903533,0.0909033597671697,0.0960063743109048,0.101242454718146,0.10659619123433,0.112047543951045,0.11757022747464,0.123139611612564,0.128718885644498,0.134277765359094,0.139763295826949,0.145140725660205,0.150344832324011,0.155337344929674,0.160035476313015,0.164395903100121,0.168318294178257,0.171758188730953,0.174605396314617,0.176824791815937,0.178292160468859,0.178978330301161,0.178765082182839,0.177652419789908,0.175516054083866,0.172384847583764,0.168162704902532,0.162934285873888,0.156626204640956,0.149374066609724,0.141151552427215,0.132183776100817,0.122459576953324,0.112264094922819,0.1016536385862,0.0909211253935011,0.0801865007764663,0.0697086730272799,0.0596352861451321,0.0501802950517438,0.0414567062918792,0.0335980175228212,0.026666068482873,0.0206997560926584,0.0156970526505511,0.011595843029977,0.00834752938159269,0.00582433049345388,0.00395355869022345,0.00257680489933215,0.00163710409000858,0.000982192923126541,0.000580245597646945,0.000311174368117288,0.000170529976220553,7.78698107872781e-05,4.21097100317127e-05,1.53332338521144e-05,8.26835560590345e-06,1.60472705805695e-06,1.10928077315048e-06,7.40382655534217e-07,-6.98048793378634e-07,7.37798318710174e-07,-5.92030590141298e-07,4.23531832112682e-07,-4.17259728671515e-07,3.5453764522347e-07,-3.27022971093732e-07,2.29622513235629e-07,-2.65039812262376e-07,0
26738416.1583994,0,6.67280500315499e-07,1.07467481979358e-07,7.53782553585101e-07,2.53355257746824e-07,9.10947103407192e-07,3.83920993248829e-07,1.09444188975779e-06,6.55474773018975e-07,1.213032122964e-06,1.05282875469195e-06,1.39697928656544e-06,1.4727320735751e-06,1.72535391935622e-06,1.92782492274337e-06,2.19185899015841e-06,2.47347260791249e-06,2.79520555740473e-06,3.15436447164339e-06,3.55734523758461e-06,4.00904418694441e-06,4.5143473748971e-06,5.08040205771891e-06,5.71270969767049e-06,6.42039415389726e-06,7.20986375857532e-06,8.09247208667679e-06,9.0760711383749e-06,1.01749241778e-05,1.13975983567398e-05,1.27623692238641e-05,1.42793704143577e-05,1.59707620584655e-05,1.78503873370907e-05,1.9943420145549e-05,2.22671711946738e-05,2.48508666668635e-05,2.77178287808885e-05,3.09032160418742e-05,3.44355324775542e-05,3.83558805725699e-05,4.27003311941111e-05,4.75171982233146e-05,5.28510217513771e-05,5.87586991657095e-05,6.52955174765011e-05,7.25288708188275e-05,8.05291664497602e-05,8.93749456675589e-05,9.91514343817202e-05,0.000109949006954279,0.000121874436117155,0.000135034434867015,0.000149561111759643,0.000165576698512407,0.000183244240292859,0.000202703451568563,0.000224152710528088,0.000247751388787435,0.00027374480317783,0.000302318158997942,0.00033377916463935,0.000368338570751279,0.000406367147802023,0.000448096867554356,0.000493980733103258,0.000544287626917115,0.000599575036480048,0.000660123313451902,0.000726609739710546,0.000799381169791171,0.000879251498231574,0.00096653902259831,0.00106228126118629,0.00116683532643056,0.00128137813866998,0.00140640738290852,0.00154319168706474,0.0016924245883764,0.00185549298536809,0.00203326851020192,0.00222729540000308,0.0024386540055406,0.00266906057375228,0.00291982054980143,0.00319286162025663,0.00348977816855749,0.0038126690522487,0.00416341654435137,0.00454434363037053,0.00495775451593765,0.0054061362125444,0.00589219645141953,0.00641863981394089,0.00698876533542758,0.00760536079846263,0.00827224479707406,0.008992288276761,0.00977002236002841,0.0106083725314028,0.0115127841641969,0.0124860417493808,0.0135342250894047,0.0146598066937075,0.0158702482375025,0.0171680660545959,0.0185621319044218,0.0200538692798236,0.0216529747457151,0.0233605217067263,0.0251882916079194,0.0271353714143024,0.0292150668388455,0.0314255683716901,0.0337815373518703,0.0362780148883074,0.0389333116916442,0.0417388516714018,0.044714020084315,0.0478503651776309,0.051163379086311,0.0546462966230551,0.0583112877687152,0.0621508512412568,0.0661732473885273,0.0703710116808052,0.0747487441890198,0.0792958168225195,0.0840117758333185,0.0888837265408153,0.093904535882597,0.0990578469651196,0.104328593415993,0.109696898854967,0.11513694967847,0.120624330332225,0.126122739015975,0.131602190010791,0.137010274129015,0.142312501589848,0.147444553008214,0.152368425675878,0.157002092287097,0.161303013889071,0.165171453665128,0.168563629040201,0.171370842478108,0.17355815852226,0.175002892460373,0.175676531179606,0.175462392848494,0.174360792184849,0.172249115363827,0.169157343779327,0.164990456905569,0.159833553741024,0.153613694572577,0.146465889666402,0.138366193216294,0.129537096627171,0.119967668182151,0.109940292479427,0.0995099656666133,0.0889666385548082,0.0784270482396027,0.0681467981626461,0.0582695755988395,0.0490055677390766,0.0404635678102806,0.032774267870983,0.0259967984100148,0.0201677160515747,0.0152845661558395,0.0112831688095359,0.0081168489214399,0.00565902520866156,0.00383960566100558,0.00250111639821272,0.00158725958590192,0.000950733651589087,0.00056178886431479,0.000301145805814685,0.000164690826570279,7.49911563196371e-05,4.08110117264191e-05,1.46686090596787e-05,7.78941581554871e-06,1.67874975813056e-06,1.18861962537355e-06,5.67028752860455e-07,-7.6679228043246e-07,8.60353571642764e-07,-5.43390487258571e-07,3.04216990326454e-07,-4.07213785211949e-07,4.19825193203901e-07,-3.31227389671288e-07,1.84959264016982e-07,-2.49374936018581e-07,0
27364399.9707467,0,6.37313496442577e-07,1.0264633284557e-07,7.19963142137105e-07,2.42012952691833e-07,8.70045836220358e-07,3.66759629877658e-07,1.04536867002847e-06,6.26116908897875e-07,1.15870476333751e-06,1.00570143013503e-06,1.33444677821027e-06,1.40686280944059e-06,1.64818291669347e-06,1.84165857071434e-06,2.09391483654366e-06,2.36300396883722e-06,2.67042288005939e-06,3.01361576253882e-06,3.39869165473992e-06,3.83033237530468e-06,4.31321406086046e-06,4.85417241267311e-06,5.45847006921623e-06,6.1348320812994e-06,6.88939143298401e-06,7.73300421267804e-06,8.67318497675583e-06,9.72358243918811e-06,1.08924046688578e-05,1.21971324785844e-05,1.36474680699655e-05,1.52646114606248e-05,1.70618398078881e-05,1.90632584492895e-05,2.12854509832381e-05,2.37564035865639e-05,2.64984684965629e-05,2.95453041389663e-05,3.29242340476856e-05,3.66746596607459e-05,4.08311909817513e-05,4.54401243611113e-05,5.05441426261341e-05,5.61977858285551e-05,6.24541355455647e-05,6.93778700347042e-05,7.70365176734741e-05,8.55054460268648e-05,9.48665190307382e-05,0.000105206531623722,0.000116627945090466,0.000129233294247297,0.000143149549843865,0.000158494281269899,0.00017542403725757,0.000194073201300155,0.000214632681234651,0.00023725625955116,0.000262179617726487,0.000289580967963412,0.000319756436880416,0.000352909799630591,0.000389397835847487,0.0004294446172,0.000473486403932385,0.000521783562351514,0.000574872944354109,0.000633026754356856,0.000696897743782305,0.000766822133209932,0.000843584729926255,0.000927496794203616,0.00101955907310088,0.00112012061402812,0.00123031730206672,0.0013506351323039,0.00148230080252404,0.00162599008976055,0.0017830459171869,0.00195431768844445,0.00214130213553852,0.00234505253751399,0.00256723511740284,0.00280912297459497,0.0030725910408327,0.00335919524838453,0.00367097957251891,0.00400978253002956,0.00437787068079785,0.00477749356812404,0.00521108139607246,0.00568128097057018,0.00619074309411114,0.00674269485891834,0.00733987688622237,0.00798602511349216,0.00868396898679578,0.00943814265845771,0.0102514396285512,0.0111291932308776,0.0120741754217522,0.0130923440798933,0.0141861813120744,0.0153629967034137,0.0166253321946879,0.0179818848734053,0.0194341410403045,0.0209916150095617,0.0226554813936532,0.0244372965936214,0.0263363074064891,0.0283655640781457,0.0305234531864735,0.0328243875368224,0.035263688588954,0.0378592968217712,0.0406030055991302,0.0435138727478736,0.0465838094037242,0.0498280762914714,0.0532401748368397,0.0568321418954926,0.0605967268040934,0.064542157324003,0.0686612066646468,0.0729585236728613,0.077423725691675,0.0820564375922572,0.0868439376976938,0.091779424517595,0.0968467556029639,0.102031112146449,0.107312936249504,0.112666785644206,0.118068526606496,0.123482340408883,0.128878504593088,0.134205393671022,0.139428813056532,0.144485215899777,0.149337000831248,0.153903246867233,0.158141548065669,0.161953487575146,0.165296002071108,0.168061108402714,0.170215154971307,0.17163640970873,0.172297295579894,0.172082599402413,0.170993662054823,0.16890926925495,0.165859133772722,0.161750406958425,0.156668173778068,0.150541015009945,0.143503942105593,0.135531923617784,0.12684713942531,0.117438040055446,0.107584185392585,0.0973403591920044,0.0869911956542975,0.0766519369120128,0.0665736960010536,0.0568967996505454,0.0478266480151377,0.039469654909425,0.0319514068482374,0.025330113898989,0.0196387601084959,0.0148745610966165,0.0109743058647207,0.00789012723317535,0.00549760278552385,0.00372707468312124,0.00242581902592293,0.00153944105688328,0.00092149303592825,0.000543830080858648,0.000290989300121525,0.00015941869586238,7.23861098756249e-05,3.9299289940351e-05,1.42567250096571e-05,7.5919404921013e-06,1.40392810725539e-06,1.09874143685836e-06,7.36971819504134e-07,-7.3967457518019e-07,7.03638859501556e-07,-5.28056792661301e-07,3.91641544012021e-07,-4.10414998402356e-07,3.48398972463229e-07,-3.07335472185657e-07,2.11009340561411e-07,-2.48202876045649e-07,0
28005038.9418363,0,6.08794572592005e-07,9.80192146103452e-08,6.87728301634722e-07,2.31043330255354e-07,8.31101073517195e-07,3.50166217113374e-07,9.98444689412467e-07,5.97891720686051e-07,1.10661825527267e-06,9.60379121294737e-07,1.27441581187064e-06,1.34348055646031e-06,1.57399035191499e-06,1.75871747692426e-06,1.99964477835724e-06,2.25662447568439e-06,2.55023710238366e-06,2.87802045616692e-06,3.24582448146316e-06,3.65812049127555e-06,4.11938293908153e-06,4.63614661567193e-06,5.21344571628568e-06,5.85962164046528e-06,6.58054482042592e-06,7.38659437009628e-06,8.28496541325997e-06,9.288709919438e-06,1.04056823410752e-05,1.1652599046517e-05,1.30387651842821e-05,1.45844565399898e-05,1.63023723835906e-05,1.82155635826284e-05,2.03399258294728e-05,2.2702260113955e-05,2.53239879750473e-05,2.82373422913375e-05,3.14685054189404e-05,3.5055187466755e-05,3.90305418621299e-05,4.34389472961594e-05,4.83213735243581e-05,5.37301301219641e-05,5.971610486789e-05,6.63412814472104e-05,7.3670468937627e-05,8.17760460118343e-05,9.07365897852028e-05,0.000100635457625882,0.000111571038130328,0.00012364180253607,0.000136969695215229,0.000151667802271263,0.000167886560723742,0.00018575535012001,0.000205457567952671,0.000227141142222299,0.000251032770436278,0.000277304562112386,0.000306241229560881,0.000338039080881637,0.000373041294464882,0.000411464643667329,0.00045372915543877,0.000500086643136801,0.000551053951032315,0.000606894699050013,0.000668237759934887,0.00073541011645427,0.000809168459258384,0.000889815286548906,0.000978315231482692,0.00107500985296608,0.00118099520910141,0.00129674432389837,0.00142344261138433,0.00156174923097782,0.00171296438991718,0.00187791431024267,0.00205804858394513,0.0022543931100028,0.00246856496261007,0.00270180441946927,0.00295593313589579,0.00323246868881264,0.00353339894865075,0.00386051595023199,0.00421603045119717,0.00460213984132827,0.00502121953867375,0.00547585553756861,0.00596864015397404,0.00650272195516503,0.00708078972395392,0.0077064974909942,0.00838263199198437,0.00911353351554021,0.00990206328658142,0.0107534324379342,0.0116703895746704,0.0126587697041212,0.0137210582057566,0.0148644184241249,0.016091403181828,0.0174105178795108,0.0188233289113696,0.0203391689664995,0.0219592776055735,0.0236949809542275,0.0255456854904857,0.027524181807474,0.0296290499243368,0.031874423018489,0.0342558775197012,0.0367910121077374,0.0394720171536121,0.0423175719607288,0.0453199048561142,0.0484940562943081,0.0518338272183329,0.0553510931652283,0.0590388618924722,0.0629053080072291,0.0669434826565448,0.0711580651720633,0.0755388545741823,0.0800855695108171,0.0847858250734293,0.0896330439700382,0.0946112969807801,0.099705999040213,0.10489792760663,0.110162113568213,0.115474686415073,0.120800375193568,0.126109773817373,0.131351959422767,0.13649316952752,0.141470500023927,0.146247001982502,0.150742855022379,0.154915898147528,0.158669020263004,0.161959618842454,0.164681190163132,0.166800771357,0.168198061824313,0.168846120602284,0.168631379791196,0.1675562702333,0.16550063639275,0.162495115033039,0.158447811957826,0.153444317887114,0.147414523002899,0.140492182459093,0.132652683392398,0.124117815656093,0.114874869022264,0.105200792717593,0.0951474416335394,0.0849979564512619,0.0748643266809151,0.0649911981290665,0.0555182772486747,0.0466443470407007,0.03847427645778,0.0311287804383155,0.0246645359729889,0.0191119797687365,0.0144667559686689,0.0106657289971974,0.0076641491795147,0.0053374510416045,0.00361654517308062,0.002350719345607,0.00149058964418407,0.000892213441741817,0.00052651888555649,0.000281051365642306,0.000153870316771349,6.96752942263891e-05,3.75741086637693e-05,1.36643729129627e-05,7.66500030499244e-06,1.35889155929411e-06,7.36188561263836e-07,7.4245078995415e-07,-5.23375223234748e-07,6.22677187711608e-07,-6.13571167779238e-07,4.4620952302008e-07,-3.71588544510475e-07,2.97067893639847e-07,-2.95101707866961e-07,2.22848454030037e-07,-2.45701615188482e-07,0
28660676.1694825,0,5.80819881126566e-07,9.35917536540315e-08,6.56176848063053e-07,2.2065749165387e-07,7.9296364441882e-07,3.34472846584026e-07,9.52812933245631e-07,5.70918187632105e-07,1.05628431723449e-06,9.16975834369089e-07,1.21666900552287e-06,1.28280403400557e-06,1.50288750069593e-06,1.67940710419022e-06,1.9095310574915e-06,2.15504164944735e-06,2.43553634950096e-06,2.74869882085998e-06,3.10011153425853e-06,3.4940541468077e-06,3.93479755450167e-06,4.42858871024972e-06,4.98025023338561e-06,5.59775930480539e-06,6.28672982711689e-06,7.05709278187265e-06,7.91573348989674e-06,8.87513239788559e-06,9.94282372924139e-06,1.11348033198656e-05,1.24599742255929e-05,1.39377483411014e-05,1.55803193827114e-05,1.74097589466856e-05,1.94412844854866e-05,2.1700537536762e-05,2.42080522484395e-05,2.69947108009717e-05,3.00856166376347e-05,3.35169186740841e-05,3.73204224486825e-05,4.15386481148724e-05,4.62108589352704e-05,5.13871926180536e-05,5.71164872281047e-05,6.34582614602919e-05,7.04747202690659e-05,7.82352604894618e-05,8.68152422800416e-05,9.6294676575456e-05,0.000106768067624776,0.000118330127997424,0.00013109795136176,0.000145180162623459,0.000160721244800602,0.000177845607195749,0.000196729480297469,0.000217515461626028,0.000240421504686911,0.000265613212905034,0.000293364357359336,0.000323864600504364,0.000357444200773359,0.00039431237204505,0.000434873134050498,0.000479369724832181,0.000528299827804209,0.000581919457521846,0.00064083432025772,0.000705360725908138,0.000776227823099512,0.000853730776588917,0.000938799183190796,0.00103176558927699,0.00113368784236244,0.00124502731657401,0.00136692852860381,0.00150003194949059,0.00164559474514939,0.00180442130387894,0.00197791579866914,0.00216707534436622,0.00237346769924291,0.00259830159938631,0.00284334603722587,0.00311007816846223,0.00340043094669792,0.00371615122721346,0.00405939125687335,0.00443229332411517,0.00483717650586281,0.00527656372366363,0.00575298915057251,0.0062695281690043,0.00682881906033142,0.00743442691225945,0.00808908962837397,0.00879704998394674,0.00956113077757938,0.010386425847225,0.0112756604246459,0.0122345390588512,0.0132655436245973,0.0143756772340681,0.0155675093847456,0.0168493750252808,0.0182228791642007,0.0196971432302987,0.0212734983323167,0.0229630392390739,0.0247653115579486,0.0266928507043738,0.0287444070025049,0.0309338238733977,0.0332569576098145,0.0357310309717422,0.0383485677801951,0.0411279099954868,0.0440616487728461,0.0471645456185939,0.050430672187208,0.0538717700100084,0.0574811120942552,0.0612668046044708,0.0652220734376077,0.0693516347493918,0.0736456277826995,0.0781038792008269,0.082714222088869,0.0874702072937132,0.0923561853436017,0.0973579736118317,0.102456635180206,0.10762769515425,0.112847516857375,0.118081354442817,0.123300227500643,0.128453955668488,0.13350914927559,0.138403954550508,0.143101657619568,0.147523583232634,0.151628273589611,0.155319671326886,0.158555693456842,0.161231629497573,0.163314871752408,0.164686936805972,0.165321506241137,0.165106574638656,0.16404551034236,0.16202002045343,0.159060368993305,0.15507690165817,0.150155463416197,0.144225903458034,0.137422065455238,0.129720059438146,0.121339486351349,0.112267245193775,0.1027776419582,0.0929207193480529,0.0829754576617439,0.0730512391590517,0.0633888697660726,0.0541232313194111,0.0454500048397629,0.0374696328095974,0.0302996276014533,0.0239943990517828,0.0185814043901028,0.0140575020512291,0.0103584709129842,0.00743878563195625,0.00517639038561229,0.00350532307871782,0.00227764049388213,0.00144374520036453,0.000862898715003157,0.000508855468374214,0.000271429459928259,0.000148538064893154,6.71667021750637e-05,3.65237665840585e-05,1.31431649587104e-05,7.08820968393453e-06,1.31198691019227e-06,9.37276401992945e-07,6.7615490846158e-07,-6.57765973180633e-07,6.74743684636407e-07,-5.38197318333505e-07,3.79894739352992e-07,-3.7115394636794e-07,3.19027829193173e-07,-2.9458351412304e-07,2.06227384553913e-07,-2.32816143440163e-07,0
29331662.7839004,0,5.54880926219909e-07,8.94204240015456e-08,6.26854134233175e-07,2.10809119392933e-07,7.57535194735279e-07,3.19540253554279e-07,9.10195399206268e-07,5.45441996508034e-07,1.00902218815292e-06,8.75991715225374e-07,1.16225073939019e-06,1.22542010615467e-06,1.43566450814067e-06,1.60427281922056e-06,1.82411318349759e-06,2.05864151382772e-06,2.32660353745559e-06,2.62577700594095e-06,2.9615053199558e-06,3.33787643459379e-06,3.75897251599794e-06,4.23076577565988e-06,4.75787343978209e-06,5.34792365212248e-06,6.0062883003e-06,6.74246210641412e-06,7.56303073796008e-06,8.479928179463e-06,9.5003744508822e-06,1.06396695545862e-05,1.19063414256415e-05,1.33189578416168e-05,1.4889197124141e-05,1.66381721965894e-05,1.85804644536025e-05,2.07406207668276e-05,2.31383037201963e-05,2.58030797171802e-05,2.87590166662572e-05,3.20407372918323e-05,3.56787174331605e-05,3.97136870362667e-05,4.41832786885201e-05,4.91355345480381e-05,5.46172740234882e-05,6.06855726002177e-05,6.74001181868224e-05,7.48274886174402e-05,8.30399517165993e-05,9.2114259209345e-05,0.000102141106488057,0.000113211472195396,0.000125437729166868,0.000138924212235973,0.00015380967308638,0.000170213731701959,0.000188305620531815,0.000208222609330128,0.00023017414525111,0.000254319690989148,0.000280922322879324,0.000310164750701791,0.000342364400774958,0.000377723278783126,0.000416630111814316,0.000459320031069068,0.000506271852182762,0.00055773306535826,0.000614286557886051,0.000676239335266254,0.000744294085366138,0.000818737426417281,0.000900464428930464,0.000989799339944694,0.00108776202484961,0.00119480182073079,0.00131202383014712,0.00144004990004827,0.00158009477798278,0.00173294100061181,0.00189994803325409,0.00208208509383787,0.00228087104325606,0.00249748163434341,0.00273363310870839,0.00299076373695197,0.00327075196908787,0.00357529775976856,0.00390649424959652,0.00426642935942054,0.00465736487123993,0.00508175910984849,0.00554208752661133,0.00604135015842946,0.00658212987441445,0.00716790399028611,0.00780135974151869,0.00848663831405688,0.00922652152265558,0.0100259826383124,0.0108877171653128,0.0118173012117689,0.0128172080096418,0.0138942784984131,0.01505108493054,0.0162957789746348,0.0176300149610469,0.0190627172036745,0.0205952797482737,0.0222385459118243,0.023992194361978,0.0258685019951895,0.0278663886674483,0.0299994045010129,0.0322636587978553,0.0346760064906784,0.0372293215742999,0.0399415678510333,0.0428056611458576,0.0458361194506946,0.0490272854159475,0.0523907123442505,0.0559199668080743,0.0596231097435915,0.0634935457205821,0.0675359716979281,0.0717408722020444,0.0761082001801393,0.080625978556364,0.0852879768643966,0.0900788724040563,0.0949848142408479,0.0999872012359011,0.105061894906068,0.11018561794635,0.11532440390919,0.120449557685065,0.125511624320336,0.130477621186506,0.135286695502018,0.13990274303753,0.14424812114688,0.148281776618584,0.151909351526569,0.155089376914156,0.157718168446505,0.159764180379,0.161110419496652,0.161731839127433,0.161517914355004,0.160472000162372,0.158478121288253,0.155567510366793,0.151651054051745,0.146814800696476,0.140990008756442,0.134309542627296,0.126750007788844,0.118528671815043,0.109632478625482,0.100332381122003,0.0906771785878222,0.0809406131512292,0.0712302652017709,0.0617814039963242,0.0527265316618702,0.0442558548030338,0.0364668205670153,0.0294732719995559,0.0233269627724647,0.0180546877560771,0.0136520350237558,0.0100533324183614,0.00721488780383499,0.00501706091682897,0.00339630855544893,0.00220560768712142,0.00139692254088299,0.000833807588612725,0.000491527362863678,0.000261856873096554,0.00014332639250757,6.48824082035934e-05,3.52087659928725e-05,1.24064180914248e-05,6.81710278294243e-06,1.39309263524839e-06,8.61514631042218e-07,5.93104446608981e-07,-6.1007346855844e-07,6.75363924487599e-07,-5.42936620932586e-07,3.68672313048713e-07,-3.53660155290818e-07,3.08305539712552e-07,-2.87622969074328e-07,2.0122335630777e-07,-2.25156606533262e-07,0
30018358.1357559,0,5.29789670242441e-07,8.53824686424714e-08,5.98512034750537e-07,2.01297722059544e-07,7.23288284330847e-07,3.05130129702904e-07,8.69071699174833e-07,5.20842045902901e-07,9.63473064075464e-07,8.36497240087544e-07,1.1098442704655e-06,1.17021398688554e-06,1.37101074198299e-06,1.53207522623176e-06,1.74206822208646e-06,1.96610830819188e-06,2.22209448903057e-06,2.50790929749801e-06,2.8286565355987e-06,3.18824508054385e-06,3.59058163795354e-06,4.04137539516843e-06,4.54503904901663e-06,5.10886406129297e-06,5.73799108629083e-06,6.44149863550449e-06,7.22569075460665e-06,8.10197845725303e-06,9.07726837941378e-06,1.01661959035516e-05,1.13769358814194e-05,1.27272462700141e-05,1.42282967844758e-05,1.59002913050096e-05,1.77572097133691e-05,1.98225483312107e-05,2.21151306518394e-05,2.46632594357076e-05,2.74900040074541e-05,3.06285218323137e-05,3.41080096621977e-05,3.79674890379041e-05,4.22430439316651e-05,4.69807161930272e-05,5.22253950181107e-05,5.80317939734659e-05,6.44571479277747e-05,7.1565313399817e-05,7.9425626246078e-05,8.81117510761881e-05,9.77106912890432e-05,0.000108309745246082,0.000120016748350856,0.000132931972046066,0.0001471886755631,0.000162901895243656,0.00018023412629844,0.000199317355206076,0.000220352799819359,0.000243494069044556,0.000268993906598742,0.000297028344112697,0.000327902688991541,0.000361811972683081,0.000399129873598208,0.000440083443672511,0.000485133490438559,0.000534519695821695,0.000588803151649163,0.000648280813102735,0.000713629045093151,0.00078512670684127,0.000863635934768403,0.000949472378750505,0.00104361895105172,0.00114651254765005,0.00125921968786239,0.0013823443028458,0.00151705981741186,0.0016641258790097,0.00182485759199328,0.00200019671364351,0.00219161394442421,0.00240025175551515,0.002627773588013,0.00287557740407142,0.00314548775115096,0.00343915960465785,0.00375862855962908,0.0041059258145003,0.00448325321121174,0.00489300542706856,0.00533759905350211,0.00581995690746151,0.00634260493000656,0.00690893435891239,0.00752158065163843,0.00818458138325899,0.00890067307567228,0.00967471020972667,0.0105093561045215,0.0114100527606427,0.0123792578956312,0.0134236515141111,0.0145458033926243,0.0157536763471684,0.0170489633322525,0.0184403882115888,0.0199294056460124,0.0215266165729503,0.023231819986775,0.0250570146902677,0.0270012835042406,0.0290778841530362,0.0312831643847367,0.0336336057424663,0.0361224295067952,0.0387672196932614,0.0415612123104643,0.0445186512401079,0.0476341518232889,0.0509190859647272,0.0543672640155973,0.057986680134869,0.0617710188459569,0.0657249740254528,0.0698392473820151,0.0741138820489986,0.0785372065200816,0.0831031764501933,0.0877968024254494,0.0926046084443868,0.0975082267900266,0.102484030272598,0.107509146757604,0.112550173373372,0.11757882190599,0.122546431831623,0.12742058407839,0.132141414832483,0.136673206650159,0.140939562033136,0.144900176406757,0.14846191954893,0.151584030842801,0.15416445442485,0.156172331893406,0.157492558639604,0.158100276002378,0.157887402198183,0.156857987359587,0.154897396656377,0.152036989434456,0.148190074036282,0.143441879299616,0.13772513194531,0.13117145823326,0.123758043795876,0.115699674767087,0.106983543565608,0.0978766028860414,0.0884260764661119,0.0789017718989941,0.0694081178255026,0.0601752148536164,0.0513330728824337,0.0430659590505351,0.035469597036043,0.0286526335545904,0.0226659314519643,0.0175336874515819,0.0132509530580361,0.00975250501016312,0.00699522287981946,0.0048614247958505,0.00328913416209899,0.0021345230903905,0.00135127645566285,0.000805937980844112,0.000474912415546142,0.000252680075992715,0.000138280752763454,6.24462162973936e-05,3.3934614304989e-05,1.19398319079935e-05,6.56307093246588e-06,1.31983424977176e-06,8.21900479135439e-07,5.84703550552055e-07,-5.98010003011987e-07,6.54813779222043e-07,-5.28142454201452e-07,3.60518225709039e-07,-3.44443567078206e-07,2.98946896182325e-07,-2.78132889976283e-07,1.95036904742793e-07,-2.18057385169698e-07,0
30721129.9886176,0,5.05052078100658e-07,8.14555280899783e-08,5.70605568730077e-07,1.92042650112536e-07,6.89603164449943e-07,2.91158441044942e-07,8.28706441096708e-07,4.96927807723644e-07,9.18919750386716e-07,7.9803920888525e-07,1.05874038838429e-06,1.11647692815606e-06,1.30808817013473e-06,1.46187220155313e-06,1.66233043323765e-06,1.87622996494073e-06,2.12063235733627e-06,2.3935312947146e-06,2.69979908398801e-06,3.04317320863925e-06,3.42738597067524e-06,3.8578932808446e-06,4.33891448829216e-06,4.87741930178742e-06,5.47832439228824e-06,6.15030760644599e-06,6.89939704583196e-06,7.73650203521135e-06,8.66823370015692e-06,9.70857915378467e-06,1.08653545851621e-05,1.21555426911071e-05,1.35898448845538e-05,1.51875839619351e-05,1.69621309490726e-05,1.89359646492323e-05,2.11271183379989e-05,2.35626742292734e-05,2.62647075484449e-05,2.92649537642627e-05,3.25913868614198e-05,3.62813750531407e-05,4.03694919398207e-05,4.48998409236125e-05,4.99154344757501e-05,5.54686908017374e-05,6.16144676887206e-05,6.84139879533658e-05,7.59337381621888e-05,8.42443744599027e-05,9.34293489082253e-05,0.000103572455293098,0.000114777165263245,0.000127139736528309,0.0001407879628106,0.000155832345715678,0.000172428925215374,0.000190704648993559,0.000210852657997523,0.000233020697752471,0.000257451582017529,0.00028431500121058,0.000313904206133309,0.000346407085269176,0.000382182976143531,0.00042145120433217,0.000464654651530973,0.000512024842818214,0.00056410148886165,0.000621172202765925,0.000683888038194334,0.000752519632475461,0.000827896843685428,0.000910326767125076,0.00100075624102267,0.00109960974483793,0.00120791595015182,0.00132626098534684,0.00145577791449515,0.00159720401616357,0.00175180999451142,0.00192050985674418,0.00210472717349443,0.00230557144404419,0.00252465463255838,0.00276333482595682,0.00302338176483601,0.00330640479280337,0.00361438233955526,0.00394928983937973,0.00431326971732242,0.00470865217618387,0.00513779328526452,0.00560353824869245,0.00610835476489238,0.00665554604100471,0.00724769475903574,0.0078887368967506,0.00858136161495997,0.00933030105665015,0.0101381805614072,0.0110103074552292,0.0119491220779922,0.012961143629569,0.0140489319461497,0.0152202554930953,0.0164768345399509,0.0178271912481745,0.0192728417360665,0.0208241480053698,0.0224810179912278,0.0242551656010344,0.0261458182186833,0.0281659441300217,0.030312123032985,0.0326004554704664,0.0350244970019698,0.0376014284247625,0.0403248107920171,0.0432086450451906,0.046247781022888,0.0494533988747754,0.0528195909643798,0.0563542566378553,0.0600513008992858,0.0639154115062253,0.0679375745009184,0.0721179330848344,0.0764451113190727,0.0809132888842744,0.0855077434051378,0.0902153146899887,0.0950179590949591,0.0998926383764856,0.104816827255768,0.109757740870566,0.114687567513365,0.119558667419112,0.124338780111809,0.12896900094458,0.133414589407407,0.137600116301706,0.141485995345216,0.144980577851745,0.148043531700419,0.150574846007396,0.15254430538765,0.153838261058576,0.154432911172625,0.154222038327929,0.153210534402993,0.151284929799706,0.148477083730702,0.144702260084394,0.140045352337233,0.134439597470385,0.128016511836277,0.12075259855823,0.11286107559948,0.104328553445005,0.0954182071382082,0.0861756300078962,0.076865698046415,0.0675909299538945,0.0585765577835046,0.04994750894525,0.0418849010550869,0.0344813693850633,0.0278405015099927,0.0220132316250761,0.0170199503766748,0.0128561328199392,0.00945684719671443,0.00677965489397098,0.00470911330204324,0.00318474011435935,0.00206508478211979,0.00130643702320157,0.000778823446674421,0.000459146119147169,0.00024386488604741,0.000133256762457711,6.00917448219524e-05,3.27354543281096e-05,1.14095009196136e-05,6.34694089442428e-06,1.38555843014056e-06,7.04131873740044e-07,4.68565343817011e-07,-4.91876255398969e-07,6.89146955040346e-07,-5.96503459019548e-07,3.46761049367443e-07,-2.84118064636676e-07,2.72987026136711e-07,-2.89936447687349e-07,2.03768805937879e-07,-2.06312595260841e-07,0
31440354.715915,0,4.83318720645081e-07,7.78380743915189e-08,5.46007035440103e-07,1.83546086604783e-07,6.59834397287685e-07,2.78165588644919e-07,7.92847934185804e-07,4.74924735047312e-07,8.78856853322313e-07,7.62939172955854e-07,1.01229169117599e-06,1.0673779287928e-06,1.25052504461524e-06,1.39747541520319e-06,1.58904425305565e-06,1.79345362237493e-06,2.02701793296682e-06,2.28781517902449e-06,2.58050355287677e-06,2.9086563506937e-06,3.27584855609359e-06,3.68729633634077e-06,4.14703240065746e-06,4.66171885737523e-06,5.23606160893943e-06,5.87835779444732e-06,6.59438055497697e-06,7.39456461695479e-06,8.28523257067365e-06,9.27976066474258e-06,1.03856447788295e-05,1.16191248626936e-05,1.29904336448754e-05,1.45180611394752e-05,1.62148324097731e-05,1.81022640450431e-05,2.01976148519712e-05,2.25268015527059e-05,2.51109839135584e-05,2.79805621173369e-05,3.11623417096457e-05,3.46921156466073e-05,3.86030061438049e-05,4.2937258376122e-05,4.77361240591844e-05,5.3049854949203e-05,5.89310072400989e-05,6.54382636622568e-05,7.26354083159797e-05,8.05902409223716e-05,8.9382794024582e-05,9.9093446781169e-05,0.000109821440047059,0.000121659224412815,0.00013472955059474,0.000149138687041206,0.000165036331076385,0.000182544344690756,0.000201848255982415,0.000223090500659533,0.000246504297055692,0.000272252816930698,0.000300617864118256,0.000331780672950752,0.000366086497867537,0.000403746951635878,0.000445188111891304,0.000490633853284333,0.000540603279842602,0.000595374277349176,0.000655573044487567,0.000721462275464967,0.000793840774983837,0.000873006723528467,0.000959871924896275,0.00105484859489504,0.00115892834680104,0.00127267933660021,0.0013971952804731,0.00153319113218489,0.00168189553965986,0.00184419536044947,0.00202146669988861,0.00221478599679951,0.00242571379040422,0.00265556879402809,0.00290606825532999,0.00317877569220129,0.00347561062656829,0.00379849215863397,0.00414950403902603,0.00453091264832983,0.00494501300328396,0.00539457300703751,0.00588200335656382,0.00641052138807308,0.0069826520059003,0.00760222369915267,0.00827187429341858,0.00899621504004179,0.00977783382720436,0.0106219053890502,0.011530846873996,0.0125110137996276,0.0135649547841518,0.0147002457015974,0.0159186328648975,0.0172284343549901,0.0186312005816526,0.0201370348641385,0.0217459570061884,0.0234694114120087,0.0253067703974392,0.0272706965122403,0.0293579828558984,0.0315843466278956,0.0339436718623982,0.0364527633870898,0.0391054693383187,0.0419154645529297,0.0448779057641251,0.0480037931978018,0.0512874294928564,0.0547366351474522,0.0583455997494996,0.0621189935456139,0.0660480423759774,0.0701329249205904,0.074362591925881,0.0787314415083142,0.0832251768769333,0.0878309300406466,0.092530954338303,0.0973027020440516,0.102124092641485,0.10696304656992,0.111792119438504,0.11656439950788,0.121248426934409,0.12578643153383,0.130143881333434,0.134247057837299,0.13805665772029,0.141482691895974,0.144485656657227,0.146967297741787,0.148897708075013,0.150165459036455,0.150747481739627,0.150539224613362,0.149546268389044,0.147657365869991,0.144903787809192,0.14120320498694,0.136639702142446,0.131148068491251,0.12485752862899,0.117746669869223,0.110025041989814,0.101678312274974,0.0929663000232619,0.0839339859211402,0.0748405114541219,0.0657856958909027,0.0569896605289342,0.048574909671367,0.0407164655018199,0.0335043058232833,0.0270399187889771,0.0213699524508446,0.0165145374102157,0.0124680406063531,0.00916643889375439,0.00656932257552472,0.00456041495204557,0.00308182285682948,0.00199703272337682,0.00126361221121822,0.000752827772439086,0.000443175389468748,0.000235232331296216,0.000128656646248618,5.76815106732008e-05,3.14692457133328e-05,1.12595811066745e-05,6.09510579003652e-06,1.0279652912019e-06,7.63745811921954e-07,6.57756770394953e-07,-6.07350157907731e-07,5.76862129176297e-07,-4.71134501229769e-07,3.51599256463822e-07,-3.40587350583873e-07,2.8315613365242e-07,-2.55308325920648e-07,1.80050030834236e-07,-2.04457963613448e-07,0
32176417.5025074,0,4.61583477797094e-07,7.43815695295099e-08,5.21469364588655e-07,1.7537031393029e-07,6.30206034209497e-07,2.65821127081419e-07,7.57264996246346e-07,4.53797262740463e-07,8.39517092555816e-07,7.28910482100062e-07,9.67084828234068e-07,1.01976121895135e-06,1.19474280415487e-06,1.3351649183274e-06,1.51820872116858e-06,1.71352954386348e-06,1.93670737908478e-06,2.18591145241701e-06,2.46559156745582e-06,2.77916583163824e-06,3.13005193091654e-06,3.52323629975235e-06,3.96257398616015e-06,4.45443574422849e-06,5.00332490147455e-06,5.61717645367548e-06,6.3015136852615e-06,7.06631575116026e-06,7.91763360927986e-06,8.86825801798202e-06,9.92536435813285e-06,1.11044893914959e-05,1.2415437027393e-05,1.38758958252216e-05,1.54981371036912e-05,1.73027439285934e-05,1.93062558027632e-05,2.15334845972811e-05,2.40046820710963e-05,2.67489390605977e-05,2.97919375446178e-05,3.3167958927652e-05,3.69087474128183e-05,4.1054783926951e-05,4.56455928458136e-05,5.07292999684669e-05,5.63562613281297e-05,6.25827224277264e-05,6.94698361465146e-05,7.70826517489805e-05,8.54979499831845e-05,9.47928589632427e-05,0.000105062554674195,0.000116395757322632,0.000128910199000436,0.0001427079421267,0.000157932615082336,0.000174701271491544,0.000193192001922089,0.000213541817055945,0.000235974647504512,0.000260647673958715,0.000287831552224366,0.000317700692862564,0.000350586833239354,0.000386694153477447,0.000426432057876312,0.000470016630402109,0.000517946934182917,0.000570491646144983,0.000628252920390888,0.000691485343584493,0.000760957575306014,0.000836959275685563,0.00092036841222613,0.0010115845594319,0.0011115630924031,0.00122085484468558,0.00134051513680141,0.00147123673661718,0.00161420553828603,0.0017702810043148,0.00194079375672118,0.00212678796016158,0.00232977410114562,0.00255103087583405,0.00279222150441097,0.00305486445000516,0.00334082259938048,0.00365195875396303,0.00399029682867495,0.00435803965513262,0.0047574213096701,0.00519113038067293,0.00566151570928206,0.0061717068150457,0.00672417492989541,0.00732264570685944,0.00796970197130238,0.00866983112571794,0.0094255793654379,0.0102419847293157,0.0111214355810525,0.0120701213535148,0.0130905697185768,0.0141901622378901,0.0153706621463191,0.0166401773064111,0.0180003000945116,0.019460891891688,0.0210220691332587,0.0226949870703171,0.0244791356739461,0.0263868668952821,0.0284151989970443,0.0305794726218548,0.0328738704673548,0.0353147773416156,0.0378963573724963,0.0406320309301335,0.0435171749335961,0.0465625838351661,0.0497628240828422,0.0531256033746837,0.056645309992996,0.0603265960775261,0.0641609905379933,0.0681488061214662,0.0722792748793222,0.0765469469930758,0.0809378017427791,0.0854393604245762,0.0900343068107675,0.0947005618434856,0.0994164328107597,0.104150534301008,0.108875876191661,0.113546527135528,0.118131507762708,0.122574213412306,0.126840675867658,0.130858479255077,0.134589154699546,0.137944113543186,0.140884582025627,0.143314159155903,0.145203698717044,0.146443907425895,0.147012310453315,0.146806413486927,0.14583155781045,0.143979489491013,0.141281936146396,0.137657144638243,0.133188684316746,0.127813431457806,0.121659264667646,0.114703799934488,0.107155009509068,0.0989986304338006,0.09048924858539,0.0816704937935935,0.0727967303656598,0.0639654959614905,0.0553910514981389,0.0471927965584742,0.0395412995974232,0.0325225867428008,0.0262353079843894,0.020724507033198,0.0160081135710663,0.0120800633172807,0.00887616013811774,0.00635749524521496,0.00441157379761472,0.0029804248064213,0.00192971707751696,0.00121988013552877,0.000726467858063371,0.000427788141448431,0.000226667113913183,0.000123967702942133,5.55902206375844e-05,3.0152894589787e-05,1.06380703155786e-05,6.03336660556579e-06,1.09012528169381e-06,5.78515418645965e-07,6.00644396061504e-07,-4.93598387607518e-07,5.51349936692968e-07,-5.03384207869416e-07,3.61625742735857e-07,-3.18540947318985e-07,2.61896954589016e-07,-2.45959604096994e-07,1.78376459119118e-07,-1.9920524300755e-07,0
32929712.5509715,0,4.40725496008923e-07,7.10220038114126e-08,4.97901943883607e-07,1.67440486521296e-07,6.01740849038273e-07,2.53810360875812e-07,7.23057524585352e-07,4.33310640015825e-07,8.01626478946057e-07,6.96000249021522e-07,9.23478631098097e-07,9.73758176905719e-07,1.14090541300951e-06,1.27500620032416e-06,1.44985334008799e-06,1.63641599130046e-06,1.84960304667055e-06,2.08765638078966e-06,2.35483707800025e-06,2.65440804626799e-06,2.98963350762952e-06,3.36527884683389e-06,3.78503573478077e-06,4.25499391598373e-06,4.77945681360313e-06,5.36600882076482e-06,6.01993184088563e-06,6.75076321857831e-06,7.56429575187954e-06,8.47276094674335e-06,9.48302254737527e-06,1.06099371537516e-05,1.1862892796564e-05,1.32588086248704e-05,1.48094266992127e-05,1.6534431476623e-05,1.84496432968865e-05,2.05788096903707e-05,2.29413439663357e-05,2.55651033452655e-05,2.84746727937409e-05,3.17028501144956e-05,3.52800253767341e-05,3.92449722921522e-05,4.36355713419019e-05,4.84979400951778e-05,5.38803552701611e-05,5.98367315574857e-05,6.64256645681049e-05,7.37094761157827e-05,8.17617381854652e-05,9.06564194103507e-05,0.000100484792235013,0.000111332036809543,0.000123311104448268,0.000136519950883893,0.000151096376979812,0.000167152979303426,0.000184860677828935,0.000204351117022209,0.000225839201584112,0.000249476013534925,0.000275521425093994,0.000304143714908027,0.000335661513594376,0.000370271418704549,0.000408366822728363,0.000450156451630699,0.000496119890012826,0.000546516600010709,0.000601925960545338,0.000662594659953888,0.000729261581746354,0.000802207899732393,0.000882278166562443,0.000969859319478854,0.00106587197023542,0.00117085013395128,0.00128581202518124,0.0014114278617686,0.00154884128759968,0.00169888529064829,0.00186284641230317,0.00204173570826131,0.00223701359347839,0.00244992124000737,0.00268206963691129,0.00293493106187631,0.00321031171015528,0.00351001855066822,0.00383601557475982,0.00419044108432768,0.00457546927773209,0.00499371433417907,0.00544746526026421,0.00593976004001966,0.00647300849614384,0.00705083306974064,0.00767576462164999,0.00835216926515564,0.0090825466126059,0.0098718008340555,0.0107222913005741,0.011640036853809,0.0126275392132389,0.0136919889874638,0.0148351672657626,0.0160649785433678,0.0173830376366029,0.0187989402318935,0.0203128993460238,0.0219357946813652,0.0236672280716757,0.0255192504772559,0.0274890817545023,0.0295916535772598,0.031821456381851,0.0341944824706548,0.0367051787323577,0.0393666737230145,0.0421745879405646,0.0451394906928382,0.0482561889216896,0.0515322984749059,0.054962437371808,0.0585512291590696,0.0622904956653519,0.0661805855056148,0.0702110063450773,0.0743765560797978,0.0786635691710674,0.083059886504923,0.0875485629124724,0.092108042962979,0.0967170803971198,0.101344948255706,0.105965142648306,0.110532710042864,0.115017235527779,0.119363223293532,0.123537228670704,0.127468370797707,0.131118789655469,0.134401604705278,0.137278878983577,0.13965586593854,0.141504072782105,0.142716461162846,0.143271102738034,0.143067853739617,0.142112379582034,0.140298215495452,0.137657371954858,0.134109751434216,0.129738873612668,0.124481763766723,0.118465170951455,0.111667713071826,0.104293779397077,0.0963293253513996,0.0880241024223368,0.0794199936922687,0.0707674229418283,0.0621603970010629,0.0538072443883819,0.0458252581594538,0.0383797463218555,0.0315541386469577,0.025442852916502,0.0200891465482201,0.0155099889393489,0.0116987785537215,0.00859191427070896,0.00615109873276725,0.00426576596879626,0.00288047187468558,0.0018640707446309,0.0011778937593426,0.000700762174053092,0.000412665310796488,0.000218438910351677,0.000119234035926447,5.33483152741704e-05,2.92051208666289e-05,1.0222680492013e-05,5.63782281309223e-06,1.12336633492645e-06,6.42271720357022e-07,4.50844110992243e-07,-4.97705422410178e-07,6.5818473672912e-07,-5.32426777141621e-07,2.78289225385916e-07,-2.44557018222318e-07,2.76119993638116e-07,-2.87872467609229e-07,1.74385888759266e-07,-1.73713942727507e-07,0
33700643.2927192,0,4.20769841030665e-07,6.77916925861038e-08,4.75352920598225e-07,1.59838389091438e-07,5.7446124778832e-07,2.42271899552331e-07,6.902873556343e-07,4.13581096534451e-07,7.65282023698523e-07,6.6434656585573e-07,8.81554439414244e-07,9.29510251098346e-07,1.08907706430532e-06,1.21708736502091e-06,1.38399855684182e-06,1.56210437818203e-06,1.76562975248716e-06,1.99290673387125e-06,2.24800220170276e-06,2.53403734174216e-06,2.85413240806592e-06,3.21284223115922e-06,3.61369613507614e-06,4.06251172281253e-06,4.56340661657054e-06,5.12362953093247e-06,5.74823289563462e-06,6.44633606857976e-06,7.22349125045709e-06,8.09138476666396e-06,9.05658278103408e-06,1.01332927757464e-05,1.13305020792681e-05,1.26643867052253e-05,1.41461859953037e-05,1.57947397960057e-05,1.76252069021967e-05,1.96602965507354e-05,2.1918569296217e-05,2.44266829650518e-05,2.72081937512783e-05,3.02945183902723e-05,3.37147556926936e-05,3.75060041242464e-05,4.17045545667397e-05,4.63546159873994e-05,5.15024286167885e-05,5.7199625081537e-05,6.35023731013329e-05,7.04704368931826e-05,7.81743136128248e-05,8.66849295704417e-05,9.60898185215309e-05,0.000106470685602401,0.000117935760677693,0.000130579061839873,0.000144532844719244,0.00015990532077452,0.000176860458405471,0.000195524696379763,0.000216104252660854,0.000238744594931058,0.000263695286504438,0.000291118189713608,0.000321319035754135,0.000354487018116879,0.00039100014520664,0.000431060587285375,0.000475129464200256,0.000523456395562673,0.000576597791785301,0.000634793044384916,0.000698752652034283,0.000768748384371474,0.000845593350574776,0.000929663668004602,0.00102184527217202,0.00112265342352252,0.00123306866690743,0.00135374036743722,0.00148577411537741,0.00162997610159874,0.00178758743645201,0.00195958824458234,0.00214739061324669,0.002352195759087,0.00257556252280885,0.00281891750094687,0.00308401028776201,0.00337259595734172,0.00368658264852538,0.00402804437647085,0.0043990917485111,0.00480226095122456,0.00523978142790057,0.00571460486667264,0.00622908294922089,0.00678673796411481,0.00739004417556264,0.00804323866967298,0.00874877319772522,0.00951141808246495,0.0103334993235281,0.0112208785083689,0.0121760335551256,0.0132059562057566,0.0143124283068164,0.0155031383998314,0.0167797272184775,0.0181515507966633,0.0196188999927858,0.0211923665570444,0.0228716636424563,0.024668523951049,0.0265803607721838,0.0286217498580993,0.0307874439923477,0.0330930210661294,0.0355332140086936,0.0381208418454729,0.0408517430328066,0.0437363152205989,0.046769588137783,0.0499590444669615,0.0532995170666963,0.0567956039050034,0.0604394008005663,0.0642313538194615,0.0681612493225532,0.0722240472569667,0.0764064157480161,0.0806965848449897,0.0850780043798384,0.0895296024233598,0.0940305641446159,0.0985508779151372,0.10306456982006,0.107527651290222,0.111910221262245,0.116157887063143,0.120237989369099,0.124081082816189,0.127649870798847,0.130859344985019,0.133672165696471,0.135995621243541,0.137801931854171,0.138986055273982,0.139526945958319,0.139326301070036,0.138390062949757,0.136614494053134,0.134031322921463,0.130562052345418,0.126289095830564,0.121151830905502,0.115274386752045,0.108636553558371,0.101438527920718,0.0936671203738523,0.0855671136705749,0.0771787274865307,0.0687475505871185,0.060364371431828,0.0522331695092518,0.0444672699484702,0.0372269502386878,0.0305934847308686,0.0246571188580357,0.0194600479947676,0.0150172386813705,0.0113220431733755,0.00831108157382763,0.00594679039641384,0.00412189852335318,0.00278256495185124,0.00179958333441288,0.00113640831393039,0.000675545218229232,0.000397781694394626,0.000210320560403393,0.000114812562593694,5.14017246121443e-05,2.80266524517861e-05,9.65905708525526e-06,5.5120344636205e-06,1.15805527033346e-06,5.06718320683618e-07,4.32472838021317e-07,-4.02801095901161e-07,5.92108845126735e-07,-5.5209366394907e-07,3.2859339211957e-07,-2.45805289949811e-07,2.27228081780148e-07,-2.52018072045259e-07,1.85417493247832e-07,-1.81555095146035e-07,0
34489622.6040576,0,4.02538331687575e-07,6.48324349890713e-08,4.547341135853e-07,1.52852526095442e-07,5.49578866041219e-07,2.31642863340868e-07,6.60334134219456e-07,3.95557995080301e-07,7.31956233085131e-07,6.35441226240222e-07,8.43119235123748e-07,8.89012652552341e-07,1.04157110548171e-06,1.16398345377845e-06,1.3235675326535e-06,1.49385635316763e-06,1.68844165874768e-06,1.90572711453431e-06,2.14959561044472e-06,2.42302965829158e-06,2.72901554815737e-06,3.07190823549284e-06,3.45507701613323e-06,3.8840837276305e-06,4.36286475988236e-06,4.89835009581027e-06,5.4953764383513e-06,6.16266197640188e-06,6.90550106957775e-06,7.73507464089138e-06,8.65768160988623e-06,9.68690143619831e-06,1.08313180365695e-05,1.21064038552808e-05,1.35229294733336e-05,1.50989099101869e-05,1.68488297223224e-05,1.87944033341004e-05,2.09534140129858e-05,2.33513664306194e-05,2.60107958845761e-05,2.89617576520844e-05,3.22321194922936e-05,3.58574101889159e-05,3.98723869079343e-05,4.43193540420922e-05,4.92425655742762e-05,5.46914620685539e-05,6.07198481179124e-05,6.73849782853257e-05,7.47543843212832e-05,8.28960315794199e-05,9.18937807756026e-05,0.000101826021086294,0.000112796620375292,0.000124895851187236,0.000138250317455497,0.000152963624277957,0.000169193079075698,0.000187060355424404,0.000206763150812508,0.000228441089407251,0.000252333681286836,0.000278596829615825,0.000307524009906268,0.000339297577281471,0.000374280320728119,0.00041266635446408,0.000454898334816371,0.000501217796699547,0.000552159290116239,0.000607953810184114,0.000669284017652049,0.000736414072170813,0.000810125210255335,0.000890780076161206,0.000979231866933481,0.00107597968487282,0.00118196794355969,0.00129782439252014,0.00142461367293899,0.00156311523771269,0.00171452734788271,0.00187979912130244,0.00206029503472585,0.00225717670706192,0.00247195010582692,0.0027059989464855,0.00296101876897905,0.0032387067633805,0.00354090989552771,0.00386964143566201,0.0042269518467993,0.0046152979130253,0.00503684719203224,0.00549446614423075,0.00599044690738417,0.00652820407262364,0.00711015144044835,0.00774040730774629,0.00842137854918007,0.00915769696193734,0.00995164509128221,0.0108089169902752,0.0117319600749137,0.0127275687567984,0.0137975288944085,0.0149493297114323,0.016184625911213,0.0175125032549906,0.0189333229127541,0.0204573999589256,0.022084555878633,0.0238262223811873,0.0256799862258615,0.027660012066167,0.029761351200365,0.031999177703618,0.0343684744998651,0.0368817772846467,0.0395351661776087,0.0423387844895773,0.0452879132605139,0.0483899439421501,0.0516399246530913,0.0550423824822629,0.0585897060717941,0.0622823938872683,0.0661105404384817,0.0700693316630964,0.0741458280272942,0.0783285484027081,0.0826012382704635,0.0869434312027478,0.0913348600323374,0.0957462549333874,0.100152083450745,0.104509280760715,0.108788552430734,0.112936876151964,0.116922107547632,0.120676180005907,0.124162836780811,0.127298526925403,0.130046792996233,0.132316816010367,0.134081584099691,0.135238392141002,0.13576656102035,0.13556998833919,0.13465493068344,0.132920250420452,0.130396923375016,0.127008722826868,0.122837070794676,0.117822209951485,0.112087060266204,0.105611534563812,0.0985927509849573,0.0910164502867636,0.0831231427060399,0.074952967702235,0.0667442696389295,0.0585860941979922,0.0506769851398574,0.0431267093609091,0.036091232175222,0.0296483258928444,0.0238859513933996,0.0188437201638206,0.0145350385457062,0.0109535130971877,0.00803727761146516,0.0057492186377132,0.00398265385416795,0.00268657005643288,0.00173677511225938,0.00109709641357042,0.000651725617003786,0.000383226230651762,0.000202487329413111,0.000110643968182772,4.92544621281513e-05,2.70207358667415e-05,9.51917342790146e-06,5.16612327943127e-06,8.90983937418309e-07,6.44428880460212e-07,5.49171030483073e-07,-5.4320762279033e-07,5.32901041374283e-07,-4.29832212213597e-07,3.06846021757922e-07,-2.9229211383238e-07,2.47598900074005e-07,-2.25989272760933e-07,1.59822045520385e-07,-1.77423508690381e-07,0
35297073.0273065,0,3.83990760270514e-07,6.18462573997276e-08,4.33812578213253e-07,1.45847208817452e-07,5.24242012968826e-07,2.21060617151498e-07,6.29966430692097e-07,3.77391364546463e-07,6.98388592513893e-07,6.06278553332671e-07,8.04491984263614e-07,8.48289802635086e-07,9.9390866994027e-07,1.11075859549341e-06,1.26310208314554e-06,1.42567269498265e-06,1.61145076696388e-06,1.81891429603816e-06,2.05177818926392e-06,2.31289263526114e-06,2.60511090121376e-06,2.93259261412716e-06,3.29856032531725e-06,3.70832921746126e-06,4.16566684783697e-06,4.67719618098117e-06,5.24753537103764e-06,5.88501735306014e-06,6.59471941484205e-06,7.38731892783068e-06,8.26882628231659e-06,9.25223058080656e-06,1.03457592842173e-05,1.15642049613471e-05,1.29178583010853e-05,1.44239504899636e-05,1.60963631944433e-05,1.79558739921055e-05,2.00194834527898e-05,2.23115982647722e-05,2.4853805648228e-05,2.76748858469795e-05,3.08015352898929e-05,3.42677665980716e-05,3.81068446260153e-05,4.23592739782219e-05,4.70674637108467e-05,5.22788025469444e-05,5.80448625876123e-05,6.44205357799131e-05,7.14705458969695e-05,7.92600232618683e-05,8.78693164660708e-05,9.7373613773934e-05,0.000107872482637521,0.000119452549901054,0.000132235305566909,0.000146320322470421,0.000161858442613842,0.00017896649667602,0.000197834194034091,0.000218595852968439,0.00024148132184029,0.000266640539952846,0.000294355256172726,0.000324800997391161,0.000358325985560637,0.000395117561922714,0.000435601142844543,0.000480009606455598,0.000528856572512952,0.000582365513428297,0.000641192287561186,0.000705592283779992,0.000776317040180603,0.000853717891498424,0.000938615865654342,0.00103149297575362,0.00113325837724861,0.00124451905630949,0.00136630282193815,0.00149936438209167,0.00164486016463213,0.00180370640470462,0.00197721793992107,0.00216651968167934,0.00237307107292345,0.00259821158029901,0.00284357984372288,0.0031108217394458,0.00340172867893352,0.00371824788108808,0.00406236844559767,0.00443647553739401,0.00484267524863362,0.00528374543060802,0.00576191638309214,0.00628050141251108,0.00684186144044746,0.00744999399212418,0.00810724570303567,0.00881811078429967,0.00958483532864917,0.0104129516578135,0.0113048736996596,0.0122672078388321,0.0133017246212601,0.0144156877354607,0.0156107769843379,0.0168958464859372,0.0182713104650834,0.0197471933793797,0.0213234079185084,0.023011061044872,0.0248079147572001,0.0267277670225452,0.028765917178056,0.0309371288154324,0.0332366595458256,0.0356767163439384,0.038253575726926,0.0409772063147896,0.043843109493434,0.0468585181202353,0.0500186953644306,0.0533281098093383,0.056779399614881,0.0603731749854209,0.0640998520120962,0.0679547419260571,0.0719252425815193,0.0760002454025506,0.0801639006585409,0.0843962816693185,0.0886775476476269,0.0929791063038549,0.0972759978098107,0.101526180610751,0.105700980230414,0.10974852038722,0.113637368670806,0.11730109132081,0.120703946159221,0.123764352076878,0.126446349065132,0.128661401915559,0.130383120646195,0.131511116855254,0.132025318129856,0.131831788320035,0.130937322883469,0.129242182496272,0.126777963597076,0.123470946757993,0.119400010331879,0.114507543634318,0.108914516674903,0.102601438154314,0.0957616187888268,0.0883807607486614,0.0806949285375476,0.0727426345590203,0.0647562376680211,0.0568222541314801,0.0491344932180613,0.0417990509558924,0.0349672317106397,0.0287140672251,0.0231241262684426,0.0182355860968149,0.0140596888122562,0.010591041130402,0.00776822338683686,0.00555456071614246,0.0038454531654446,0.00259297730959234,0.00167600766770446,0.00105847536387831,0.000627917320772774,0.000368990040581415,0.000195006396332113,0.000106523002591634,4.73015354700338e-05,2.61231848967821e-05,9.17470130190006e-06,4.7885726056707e-06,8.23595918922754e-07,7.65241303527735e-07,5.32749831975084e-07,-6.375273130299e-07,5.40438773957166e-07,-3.52836055693003e-07,2.61587337135987e-07,-3.05774187317168e-07,2.6933738810732e-07,-2.19348320994503e-07,1.39480617343529e-07,-1.67296979377919e-07,0
36123426.9970943,0,3.66985136737348e-07,5.91174909284248e-08,4.14574429319935e-07,1.39368748366314e-07,5.01066856056845e-07,2.11219638822064e-07,6.02055017609833e-07,3.60701280353e-07,6.67391841451512e-07,5.7943981901723e-07,7.68806133726159e-07,8.10682715897556e-07,9.49822269150929e-07,1.06147916078584e-06,1.20704668211442e-06,1.36238236591417e-06,1.53988839031506e-06,1.73811027231698e-06,1.96059711348607e-06,2.21007323144647e-06,2.48926388699854e-06,2.80214251532176e-06,3.15178812332848e-06,3.54328220632819e-06,3.98022815625814e-06,4.46895607981485e-06,5.01388013855458e-06,5.62296896958218e-06,6.30107995143287e-06,7.05841779746407e-06,7.90073019125233e-06,8.84043888824765e-06,9.88542365080428e-06,1.10498300342454e-05,1.2343503447948e-05,1.37829147085381e-05,1.53813399367898e-05,1.71586461140314e-05,1.91311107290848e-05,2.13220992754704e-05,2.37522864029284e-05,2.64491934958252e-05,2.94383431025265e-05,3.27522770347198e-05,3.64228722675184e-05,4.04889180974081e-05,4.49909838173603e-05,4.99744264655476e-05,5.54886552028513e-05,6.15862532009712e-05,6.83292192083342e-05,7.57799986398046e-05,8.40155630389422e-05,9.31079582786325e-05,0.000103152621884444,0.000114232666760296,0.000126464493884815,0.000139943590860315,0.000154814573138423,0.000171189665310852,0.000189250809183847,0.000209127054282471,0.00023103877713229,0.000255129981935556,0.000281670999608783,0.000310830928518183,0.000342944058767079,0.000378190702504267,0.000416978975212944,0.000459533349910111,0.000506347195988823,0.00055763654323302,0.000614031373543073,0.000675778560829338,0.000743600128981502,0.000817835594823048,0.000899274358846108,0.0009883823134698,0.00108603556682628,0.00119282033232696,0.00130972539622368,0.00143747911083568,0.00157719600761122,0.00172976229667123,0.00189644900551512,0.00207834454291046,0.00227685646652275,0.00249327929983831,0.00272919795286321,0.00298620431979726,0.0032660325438753,0.00357056939605655,0.00390174278440557,0.00426186138674694,0.00465297073244808,0.00507776311791023,0.0055384091560525,0.00603812061203539,0.00657919523290904,0.00716550900065673,0.00779936038271864,0.00848511388150309,0.00922497386079516,0.0100243050621866,0.0108854784387459,0.0118149058002289,0.01281436107138,0.0138909097976457,0.0150462245702161,0.0162888928045174,0.0176194003119742,0.0190474915435587,0.0205731538532584,0.0222071932441099,0.0239475424152653,0.0258076002357018,0.0277829184753112,0.0298878589154144,0.0321179258528962,0.034485030300987,0.0369856551540912,0.0396295227232078,0.042412349005515,0.0453412419451541,0.048411674241338,0.0516280801796679,0.0549833720778632,0.0584781858492543,0.0621032434955922,0.0658540592604318,0.069718359388804,0.0736853787132406,0.0777397212821021,0.081861991731959,0.0860327777495089,0.0902242026018161,0.0944118923944989,0.0985548595964133,0.102625021133649,0.106571687183362,0.110364049323862,0.113937374066675,0.117256499611761,0.120241724347745,0.122858139965018,0.125018880441608,0.126698239275917,0.127798249015051,0.128299263468903,0.128109843821762,0.127237117907559,0.125583514892632,0.123180159272947,0.119954918146992,0.115986308910077,0.111217910785753,0.105768286464676,0.0996185533414302,0.0929582003985146,0.0857732260296853,0.078294685355125,0.070559326138866,0.0627944934613483,0.0550835538735794,0.0476153545235178,0.0404927320562195,0.0338620633775953,0.0277962069833058,0.022376089987154,0.0176383622937138,0.0135939630135289,0.0102362928450662,0.00750440049867551,0.0053630676147062,0.00371130379854569,0.00250205512655553,0.00161629223865367,0.00102001318932291,0.000604716345072858,0.000355357954285671,0.000187463875413724,0.000102463351609546,4.55819470179896e-05,2.50223502965401e-05,8.61409636182453e-06,4.71839262650392e-06,9.08024574006167e-07,6.00704905514218e-07,4.60532978763533e-07,-5.18412235858035e-07,5.30748317246983e-07,-4.02960900868104e-07,2.69880208526318e-07,-2.69106906862289e-07,2.40130420276124e-07,-2.16310407646013e-07,1.46853661597702e-07,-1.62594295050876e-07,0
36969127.0719502,0,3.50112311487602e-07,5.63816431803758e-08,3.95508071433509e-07,1.32951970436773e-07,4.78049322838049e-07,2.01450339245441e-07,5.74477858740655e-07,3.44044479299822e-07,6.36843673743272e-07,5.52809557395536e-07,7.33614328977429e-07,7.73545495985932e-07,9.06383475577918e-07,1.01296281120198e-06,1.15193802014711e-06,1.30024135714803e-06,1.46972304890981e-06,1.65899435145138e-06,1.87145058447221e-06,2.10969272724203e-06,2.37632364585253e-06,2.67514196200668e-06,3.00909588114606e-06,3.38304023195037e-06,3.80041772440704e-06,4.26727643856471e-06,4.78783740400892e-06,5.36971792046638e-06,6.01756951228802e-06,6.74114296406091e-06,7.54592795826421e-06,8.4438033009403e-06,9.44232094920976e-06,1.05550034358854e-05,1.1791250798293e-05,1.31668230227536e-05,1.46944491775908e-05,1.63931334297979e-05,1.82784259603514e-05,2.03726698823099e-05,2.26956595516214e-05,2.52737423405116e-05,2.81313626896266e-05,3.12996815507868e-05,3.48092153637692e-05,3.86970920608206e-05,4.30021669857992e-05,4.77678876634747e-05,5.30415815864417e-05,5.88736175116089e-05,6.53233535743105e-05,7.24506171258806e-05,8.03292178761235e-05,8.90282808041305e-05,9.86392116335522e-05,0.000109241669166991,0.000120947272335756,0.000133847752619801,0.000148081786216417,0.000163757039233876,0.000181047967318604,0.000200078595434005,0.000221060333763973,0.000244131764034021,0.00026955228952573,0.000297484408849671,0.000328248726050323,0.000362018851622605,0.000399186773791061,0.000439969149123501,0.00048483978867101,0.000534006944055407,0.000588075479667761,0.000647284302359781,0.000712327400675638,0.00078353273344014,0.000861659720121244,0.000947158044727129,0.00104087020168524,0.00114336234300144,0.00125558762464615,0.00137825010915901,0.00151242512789318,0.00165896855454601,0.00181910504776739,0.00199388606877014,0.00218467180343828,0.00239271510028359,0.00261954895166203,0.00286671456279053,0.00313589037547246,0.00342890109542471,0.0037476137576946,0.00409426350424526,0.00447083592311231,0.00487993808304671,0.00532367931457096,0.00580517572208298,0.00632666994670609,0.00689191588358581,0.00750315202086793,0.00816460897183058,0.00887844786996439,0.00964987831347441,0.0104812351508161,0.0113787403517069,0.0123441502291291,0.0133843120964758,0.0145009058372926,0.0157022884731987,0.0169889836699355,0.0183704474779626,0.0198467605079084,0.0214284224643342,0.023113501947601,0.0249150144580047,0.0268287530636504,0.0288686806568707,0.0310305323167406,0.0333259017515972,0.0357514759559591,0.0383167505845373,0.0410176430220323,0.0438611209652772,0.0468428630728532,0.0499672446118686,0.0532274224781782,0.0566240760681966,0.060148232155924,0.0637955834705503,0.067554213152507,0.0714136756254204,0.0753589692932482,0.0793712465722727,0.0834315704652897,0.0875128059866333,0.0915911028451373,0.095626516715628,0.0995915302119718,0.103436755979615,0.107132128079557,0.110614306415087,0.113849011339224,0.116758395664802,0.119308101337397,0.121413578085482,0.123049824907467,0.124120971652904,0.124608199261378,0.124422314666505,0.123570291142584,0.121957289575675,0.119614022253825,0.116470024557945,0.112602953217285,0.107957796376829,0.102650635425674,0.0966631904327616,0.0901817010171727,0.0831918204725601,0.0759190471322194,0.0683992026818595,0.0608540697923637,0.0533648252630524,0.0461143793749947,0.039202633939691,0.0327714882525693,0.02689110128801,0.0216390344412954,0.017050833813961,0.013135738586966,0.00988699835632976,0.0072448821211932,0.005175727286345,0.00358043178995569,0.00241266789505565,0.00155718884080161,0.000982283719969639,0.000582256017293145,0.000342203540560743,0.000180333267220171,9.84909634378941e-05,4.36264417337588e-05,2.39451563475808e-05,8.31862050564218e-06,4.59927343681114e-06,8.39540245087811e-07,5.33398005884229e-07,4.54344644869627e-07,-4.78953148994542e-07,5.11536162654632e-07,-4.06350084624002e-07,2.6535638724498e-07,-2.51484272975739e-07,2.2792303229412e-07,-2.12036426542824e-07,1.44012876574441e-07,-1.55858152167249e-07,0
37834626.1713193,0,3.35172424408293e-07,5.39125694357258e-08,3.7862231325768e-07,1.27103770370587e-07,4.57596969973464e-07,1.92586171279033e-07,5.49793866698548e-07,3.28968140846007e-07,6.09334236299003e-07,5.28660625604743e-07,7.01729239177296e-07,7.39756550856749e-07,8.66805677714061e-07,9.68635073958434e-07,1.10147809342774e-06,1.24320562658958e-06,1.40517703884836e-06,1.58605169257429e-06,1.7890811419801e-06,2.01675016641045e-06,2.27154482215019e-06,2.55709196329005e-06,2.87620698598519e-06,3.23352992551636e-06,3.6323545708242e-06,4.07846145380423e-06,4.57588402420641e-06,5.13190539508092e-06,5.75097909355755e-06,6.44241704581299e-06,7.21146339110118e-06,8.06948444724086e-06,9.02371856896646e-06,1.00870924706048e-05,1.12685895191094e-05,1.25832737282922e-05,1.40433372456932e-05,1.56669532390149e-05,1.7468993563203e-05,1.94708466199046e-05,2.16914731893862e-05,2.41560778040041e-05,2.68880615400632e-05,2.99172683708409e-05,3.32729335212966e-05,3.69905831746127e-05,4.11073783555774e-05,4.5664909224337e-05,5.07085399499845e-05,5.62865720840077e-05,6.24558777921049e-05,6.92737599959105e-05,7.68108903225993e-05,8.51335232400415e-05,9.43292608849948e-05,0.000104474540301099,0.000115676305066816,0.00012802245205442,0.000141645920122297,0.0001566501509446,0.000173202367883589,0.000191421727945984,0.000211511015857561,0.000233603215417104,0.000257947005175227,0.000284698747837009,0.000314166206336763,0.000346516775821678,0.000382126706059383,0.000421204140598586,0.000464203525656786,0.000511326083485225,0.000563152845742191,0.000619914572750915,0.000682277941373338,0.000750559736167199,0.000825489873598363,0.000907502020828713,0.000997406923688358,0.00109575104715973,0.0012034515669238,0.00132118738325056,0.00144999412546882,0.00159069910668624,0.00174448448488279,0.00191236559803876,0.00209565395842171,0.00229555989446963,0.00251356431692376,0.00275115623323804,0.00300995833552475,0.00329173551365142,0.00359829474827836,0.00393179773725061,0.00429417052142031,0.00468793642667091,0.00511514447140976,0.00557880965743666,0.00608110789341347,0.00662567411015779,0.00721469843264366,0.00785228299137778,0.00854054049945508,0.0092845140869337,0.0100864894713689,0.0109524978711532,0.0118842866428884,0.0128885078135036,0.0139668235522161,0.0151273245102733,0.0163706025644081,0.0177058387867617,0.0191331563494156,0.0206627562395374,0.0222928733601188,0.0240361277996893,0.0258885284527766,0.0278636338121521,0.0299574201653819,0.0321811787053478,0.0345317749317991,0.0370184707108889,0.0396373919749655,0.0423953537885786,0.0452882244523486,0.0483203410723942,0.0514851286517579,0.0547832809600551,0.0582061130717802,0.0617495091118566,0.0654019069655645,0.0691531889845167,0.0729887610634259,0.0768903125443546,0.0808394009689516,0.0848096020008679,0.0887776090633159,0.0927045822282177,0.0965636324600522,0.100306527822057,0.103903943941656,0.10729416742109,0.110443699419953,0.113276521205415,0.115759142968208,0.117809213624782,0.119402180846973,0.12044470263451,0.120918471919224,0.120736413514885,0.119905847317791,0.1183344516952,0.116052389997839,0.112991210258734,0.109227136695624,0.10470669457158,0.0995436791836395,0.0937203732938666,0.0874189181630655,0.0806252104871182,0.0735591852064899,0.0662558613739127,0.0589311293577827,0.0516632994643187,0.0446303490742548,0.0379288253532687,0.0316960787785333,0.0259996263429577,0.0209143452154476,0.0164740846242629,0.0126863393432072,0.00954485026870413,0.0069916825906473,0.00499349609648063,0.00345273989821876,0.00232524089735376,0.00150008080652834,0.000946407722128974,0.000560693360083087,0.000329231510928407,0.00017329088073995,9.46135521636195e-05,4.17802669366824e-05,2.30751446360073e-05,8.0995002258481e-06,4.34457143608735e-06,6.77788329305088e-07,5.58170849875096e-07,5.15124839301292e-07,-5.11130110979823e-07,4.57912548645395e-07,-3.58510957101573e-07,2.67126962113637e-07,-2.64076556209634e-07,2.216669949402e-07,-1.9499923454919e-07,1.35727503225432e-07,-1.5278853605917e-07,0
38720387.8181256,0,3.2004782807408e-07,5.14697894666933e-08,3.61547826898957e-07,1.2139917306572e-07,4.36926946274377e-07,1.83925374575673e-07,5.25026442554288e-07,3.14138421929069e-07,5.81895758361889e-07,5.04877333370825e-07,6.70133536386076e-07,7.06498636245512e-07,8.27819708970954e-07,9.25105613822782e-07,1.05198923115221e-06,1.18737741464348e-06,1.3421018534773e-06,1.5148908137368e-06,1.70884828976205e-06,1.92634952559801e-06,2.16977079716483e-06,2.44257898244346e-06,2.74746748530477e-06,3.08887237827953e-06,3.46994250791527e-06,3.89620372686589e-06,4.37151501061917e-06,4.90283707948849e-06,5.49442750883456e-06,6.15519140485767e-06,6.89014871601692e-06,7.71015988336664e-06,8.62214063265852e-06,9.63845027824886e-06,1.0767690039873e-05,1.20242682064797e-05,1.3419838088051e-05,1.49717784310573e-05,1.66943273728247e-05,1.86079397825119e-05,2.07307411842308e-05,2.3086842640797e-05,2.56986536302093e-05,2.85947310045342e-05,3.1803030671701e-05,3.53575441532111e-05,3.92938709334177e-05,4.36518493111942e-05,4.84748844747929e-05,5.38091948014998e-05,5.97092454368012e-05,6.62299186006199e-05,7.34388609411544e-05,8.13995529476726e-05,9.01959636685816e-05,9.99013910467062e-05,0.000110618240147862,0.000122430744620546,0.000135466330929866,0.0001498243298461,0.000165664978006606,0.000183102490101237,0.000202331200482608,0.000223478978128926,0.000246784494862561,0.000272398333857137,0.000300615504407049,0.000331596333135737,0.000365701766741277,0.000403133293711802,0.000444327446901161,0.000489477414414699,0.000539140370173703,0.000593539794642292,0.000653315691838838,0.000718773533478532,0.000790615362889258,0.000869259542005723,0.000955485365123521,0.00104982052018248,0.00115314811685348,0.00126612265116985,0.00138974131307483,0.00152480284831687,0.00167244623318107,0.00183365146734714,0.00200968412611941,0.00220171397128969,0.00241117176045017,0.00263949658953193,0.00288825696886047,0.00315915827399414,0.00345394898612767,0.00377472047040346,0.00412333985029112,0.00450224798876925,0.00491343191116102,0.00535980879193863,0.00584349778945621,0.00636802004433698,0.00693550789735243,0.00754993345833001,0.00821336138051629,0.00893067660213349,0.00970412092377461,0.0105395395348964,0.0114386595767381,0.0124079275721752,0.0134490018414514,0.0145697292275877,0.0157707242287077,0.0170608929565154,0.018440435887177,0.0199192488282398,0.0214956794261901,0.0231819695168276,0.0249743707518707,0.0268860485688719,0.0289131656989491,0.0310667062806799,0.033343719534048,0.0357532275219741,0.038291556286606,0.0409654140726403,0.0437708569227755,0.0467121039308919,0.0497828307157781,0.0529838062783021,0.0563066317848873,0.0597473337961343,0.0632947368690528,0.0669390558604392,0.0706660727952541,0.0744580136874333,0.0782969168176572,0.0821570770677728,0.0860157949655761,0.089835219105897,0.0935891512494334,0.0972306349374616,0.100730980599137,0.104029976142842,0.107094979726121,0.109851979531304,0.11226821369938,0.114263321732864,0.115813632807425,0.116827918989584,0.117288559455311,0.117110959984937,0.116302208381482,0.114772444330744,0.112551717871898,0.109573110720245,0.105911559507831,0.101515093860002,0.0964951617371517,0.0908344626323831,0.0847111995968977,0.0781112320543542,0.0712496524281127,0.0641600889927558,0.0570520766188102,0.0500018723543702,0.0431827112124323,0.0366875437985959,0.0306490959044334,0.02513295119623,0.0202104996641299,0.0159139677796513,0.0122507402544957,0.00921453476827553,0.00674794065786297,0.00481722462424501,0.00332904817729151,0.00224176777321881,0.0014463477675892,0.000912126481355725,0.000539568189256399,0.000316861250022929,0.000166871053089822,9.11212955867083e-05,4.02874678725289e-05,2.23268356052999e-05,7.64043252576212e-06,4.02095315192015e-06,7.89980603158874e-07,6.59093557366308e-07,3.85277629238367e-07,-5.59811337614947e-07,5.26745319855472e-07,-3.30127235538094e-07,2.08622275881084e-07,-2.48195452835872e-07,2.36235721685902e-07,-1.99072825702234e-07,1.24327548020144e-07,-1.42116359991225e-07,0
39626886.3870148,0,3.05406627204651e-07,4.91499022464657e-08,3.44992803680987e-07,1.15881728307614e-07,4.16972933460785e-07,1.75582228842066e-07,5.00998474440543e-07,2.999196252246e-07,5.55288768546508e-07,4.81923822747157e-07,6.39574884985148e-07,6.74321224513883e-07,7.90107049631679e-07,8.82961052622828e-07,1.00406295918853e-06,1.13327740423415e-06,1.28094713785553e-06,1.44585314951488e-06,1.63095563643755e-06,1.83852189756366e-06,2.07082484447276e-06,2.33117554101767e-06,2.62214247982811e-06,2.94796007767717e-06,3.3116360467068e-06,3.71844782809623e-06,4.1720873549681e-06,4.67920139931338e-06,5.24385009862551e-06,5.87454525951586e-06,6.57610139865473e-06,7.35888620745445e-06,8.229497656996e-06,9.1997479246374e-06,1.02778804704725e-05,1.14776653540353e-05,1.28102356548161e-05,1.42922044613944e-05,1.59372067224645e-05,1.77647945116679e-05,1.9792306614094e-05,2.20428036116381e-05,2.45377159514841e-05,2.73043534285322e-05,3.03694904565755e-05,3.37656702780961e-05,3.75269500923383e-05,4.16914431109312e-05,4.63007014469554e-05,5.13989951189369e-05,5.70384572867113e-05,6.32716582314252e-05,7.01634107017946e-05,7.7774560983058e-05,8.61855109280619e-05,9.54665097948078e-05,0.000105715621941414,0.000117013601080999,0.000129482534543588,0.0001432177402396,0.000158372748594976,0.000175057170275325,0.000193457333986654,0.000213696149376874,0.000236002253068694,0.00026052002593725,0.000287532539886446,0.000317194583863866,0.00034985223553788,0.000385698544321714,0.000425152061153512,0.00046839973097251,0.000515976532597099,0.000568097697087127,0.000625377717014459,0.000688110800281175,0.000756970793712452,0.00083236174920248,0.000915033716352595,0.00100549430520975,0.00110459235435446,0.00121295947634249,0.00133155572832863,0.00146115161961271,0.00160284507038503,0.00175758168840485,0.00192658135611568,0.0021109734479196,0.00231213819130272,0.00253146314069306,0.00277046306456764,0.00303078830004773,0.00331413102904215,0.0036225104652311,0.00395773371277278,0.00432216132261779,0.00471772082508681,0.00514723174229536,0.00561275100785666,0.00611768778477474,0.00666412202173504,0.00725589554712709,0.00789502089627413,0.00858622602865679,0.00933170782018903,0.0101371312161025,0.0110042002015971,0.0119391607464532,0.0129436622853693,0.0140253039110285,0.015184732705628,0.0164305844638539,0.0177631159970812,0.0191919249706485,0.0207154931837111,0.022345680213795,0.0240789297258438,0.0259280145693549,0.0278893088510942,0.029973498485083,0.0321778066791603,0.0345110120817891,0.0369696120890165,0.0395601568000135,0.0422788874878813,0.0451299659888855,0.0481073158583024,0.0512117151595474,0.0544350542547385,0.0577735204537114,0.0612162737391941,0.0647538899176007,0.0683725681897061,0.0720550054780661,0.0757837275329794,0.0795338267868937,0.0832831463186287,0.0869948253301163,0.0906433404337842,0.0941830534153378,0.0975859479686589,0.10079339820585,0.103773446473657,0.10645407343733,0.108803412447684,0.110743177938924,0.112250220851396,0.113235819184094,0.113682845544571,0.11350902811195,0.112721602703925,0.111233087673128,0.109073008791611,0.106176447052079,0.102616835826271,0.0983437792009642,0.0934662327954513,0.0879675560908103,0.082021621356883,0.0756148744355608,0.068956532920876,0.0620787617909192,0.0551864241568965,0.0483529494043842,0.0417457556999452,0.0354552457658983,0.0296097638414461,0.024272239840802,0.0195111177249902,0.0153576888720193,0.0118182736374446,0.00888573157454821,0.00650356884248057,0.00464109328991353,0.00320658688798597,0.00215854196107676,0.00139124474166899,0.000876806711548168,0.000518829396489579,0.00030470718922037,0.00016017265847286,8.74804376386221e-05,3.85644550632935e-05,2.1233531107685e-05,7.33111473211301e-06,4.05832222399508e-06,7.26944520831643e-07,4.70525416571125e-07,4.15440561290271e-07,-4.4500004555783e-07,4.62331274730009e-07,-3.61835568542879e-07,2.38912095498418e-07,-2.29726077386209e-07,2.06758514701828e-07,-1.88982209604897e-07,1.28144702116553e-07,-1.39452744196895e-07,0
40554607.3584083,0,2.90886810082815e-07,4.68624360614872e-08,3.28618013968455e-07,1.10516267150275e-07,3.97210110543526e-07,1.67479084603064e-07,4.77386378388055e-07,2.86006120436608e-07,5.29303533748436e-07,4.59553270078283e-07,6.098418145735e-07,6.43109296094299e-07,7.53582911249453e-07,8.42262828417297e-07,9.57883404215462e-07,1.08128389980061e-06,1.22231429408722e-06,1.37982563853536e-06,1.55664463723266e-06,1.75494005985881e-06,1.97688319741184e-06,2.22563937943889e-06,2.50366923321747e-06,2.81502194285721e-06,3.16257346777127e-06,3.55136832614904e-06,3.98493422367071e-06,4.46962391314806e-06,5.0093253582643e-06,5.61217980921478e-06,6.28278566379955e-06,7.0310537355503e-06,7.86329925820868e-06,8.79082055950542e-06,9.82149578302295e-06,1.096849607156e-05,1.22424671113709e-05,1.36593057194243e-05,1.52320602513818e-05,1.69794338985633e-05,1.89180077532188e-05,2.10698380472534e-05,2.345542860606e-05,2.61009124135649e-05,2.90318994829806e-05,3.22795302009404e-05,3.58764365048215e-05,3.98591275343227e-05,4.42673578458696e-05,4.91434678204313e-05,5.45373585725851e-05,6.04993801844032e-05,6.70916051611607e-05,7.43723083548306e-05,8.24184431312133e-05,9.12972697137758e-05,0.000101102806017609,0.000111912609995115,0.000123843580238066,0.000136986980159112,0.000151489997040178,0.000167457844983731,0.000185068994002814,0.000204441455800037,0.000225794559142824,0.000249267113069772,0.000275130416088713,0.000303533006921532,0.00033480666843508,0.000369137416869774,0.000406927134224286,0.000448355966528575,0.000493937184054855,0.000543878272128712,0.000598768535719493,0.000658892038075189,0.000724896543680433,0.000797171085131478,0.000876436312368821,0.000963181676794599,0.00105822341079274,0.00116217097100936,0.00127594892227962,0.00140029892309039,0.00153627720745326,0.00168479667464255,0.00184703411210196,0.00202407978342338,0.00221726563625589,0.00242793122131419,0.002657537128478,0.00290767492460891,0.0031799821702062,0.00347641123671907,0.0037987094467532,0.00414915655529477,0.00452962056002197,0.00494282711190118,0.00539077526971389,0.00587676016600677,0.00640279776644952,0.00697260551434826,0.00758815326209176,0.00825401409472263,0.00897233024776824,0.00974858007409814,0.0105844435841974,0.0114859703390201,0.0124547937943512,0.0134982804971926,0.0146171051648111,0.0158196238420156,0.0171061417335548,0.0184859597922819,0.0199576694069026,0.0215327679300717,0.0232079062014379,0.024995458259995,0.0268920024412714,0.0289079177977418,0.0310405748590795,0.0332985175006922,0.0356784358718271,0.038186728136008,0.0408198226814271,0.0435818070917181,0.0464668360419539,0.04947571373316,0.0526006156102017,0.0558379307658195,0.0591771385097512,0.0626090834198446,0.0661203924342595,0.0696943413750223,0.0733139338325963,0.0769549434521055,0.080595810617106,0.0842007181177643,0.0877447565893188,0.0911835908670658,0.0944899806764718,0.0976068285443435,0.100502981964835,0.103108330574882,0.105391735457711,0.107277008474103,0.108741780327114,0.10969975129409,0.110134214782151,0.109965258747723,0.109199979823274,0.107753608318728,0.105654873737422,0.102840745792805,0.0993836207734767,0.0952340095576519,0.0904985011611635,0.0851610515984451,0.0793914203379487,0.0731760681736605,0.0667187989439172,0.0600505411252694,0.0533709800986531,0.0467505667387831,0.0403514175218364,0.0342616005673327,0.0286048228084013,0.0234413600372741,0.0188375483614674,0.0148231164338797,0.0114031507631653,0.00857078228977062,0.00627095204440229,0.00447396954806386,0.00309008508447393,0.00207928833028182,0.00133951883911007,0.000844226043590793,0.000499437151464443,0.000293141405901383,0.00015390039749073,8.40822802958952e-05,3.70265798865781e-05,2.04085271363974e-05,7.08873946848717e-06,3.90729591022433e-06,6.30282770491214e-07,4.39889305454702e-07,4.58197182981443e-07,-4.34470456560797e-07,4.08093763831946e-07,-3.37044045485381e-07,2.50851461329035e-07,-2.35711680583865e-07,1.9310093779524e-07,-1.72103703811104e-07,1.23578430930423e-07,-1.37742390247081e-07,0
41504047.5785047,0,2.78433623659835e-07,4.48397660243569e-08,3.14528704471609e-07,1.05715461596015e-07,3.80164238091358e-07,1.60199932321177e-07,4.56784122844111e-07,2.73619411754276e-07,5.06337764428343e-07,4.39599069326145e-07,5.8328755494301e-07,6.15072619350791e-07,7.20662482799956e-07,8.05410429069311e-07,9.15898887682666e-07,1.03381337327318e-06,1.16856663414449e-06,1.31906023298291e-06,1.48799511332939e-06,1.67744266928213e-06,1.88947514636425e-06,2.12711647616753e-06,2.3927173262722e-06,2.69014487453081e-06,3.02214457186436e-06,3.39353724678097e-06,3.80769565109384e-06,4.27068787632908e-06,4.7862299023953e-06,5.36209889243756e-06,6.00269244052541e-06,6.71748457743049e-06,7.51251419599582e-06,8.39857009128132e-06,9.38318087607763e-06,1.04789345897297e-05,1.16960278788881e-05,1.30496640591802e-05,1.45523088555512e-05,1.62218223750565e-05,1.80740547556038e-05,2.01301066894234e-05,2.24096203731574e-05,2.49376011749393e-05,2.77385199558177e-05,3.08421386543136e-05,3.42796976886917e-05,3.80861382554355e-05,4.22994835142322e-05,4.69602809402752e-05,5.21163314189744e-05,5.7815849503333e-05,6.41182567383307e-05,7.10793608029492e-05,7.87727996007375e-05,8.72630253917571e-05,9.66401070809809e-05,0.000106978403374867,0.000118389904726956,0.000130962155144103,0.000144836155161051,0.000160112921974486,0.000176963497584878,0.000195501161245495,0.000215936058320321,0.000238401347102112,0.000263157070206536,0.000290346502172041,0.000320287939240403,0.000353160060760313,0.000389347981414451,0.000429025052079472,0.000472683588528497,0.000520523912563423,0.00057311195662317,0.000630721374654144,0.000693973705659524,0.000763243587541766,0.000839223374507408,0.000922384636103743,0.0010135124834013,0.00111319338100255,0.00122231648684923,0.00134159779242835,0.00147205478234299,0.00161456683334759,0.00177026685377543,0.00194020534890636,0.00212566596385464,0.00232794220667885,0.0025484462358173,0.00278871442178893,0.00305032573019023,0.00333516379857484,0.00364492027796664,0.00398179702960581,0.00434760339330712,0.00474497500809733,0.00517584916912796,0.00564340730532545,0.0061496119913807,0.00669805860328374,0.00729066505103934,0.00793185552265264,0.00862372386252963,0.00937157142511637,0.0101770519210308,0.0110460184490994,0.0119800824686675,0.0129863694565528,0.0140655851452073,0.015225826961546,0.0164674352943161,0.0177994154880205,0.0192204815502416,0.0207417633712369,0.0223600841249456,0.0240874372636059,0.0259205872712164,0.0278696080132088,0.0299320261725105,0.0321161581879871,0.0344188618816128,0.036846372079144,0.0393952569467513,0.0420695374032839,0.0448636256067041,0.04777836132296,0.0508061726473746,0.0539435708533397,0.0571803882000053,0.0605078194039441,0.063912874387271,0.067379338373317,0.0708906926644093,0.0744234584889485,0.0779566380033729,0.081455434698506,0.0848956040691845,0.0882340455832998,0.0914441773866532,0.0944705732093638,0.0972828843436032,0.0998128760178042,0.102030253747841,0.103860927413484,0.105283150978858,0.106213016002652,0.106634446582937,0.106469612514332,0.105725767028805,0.104320503504571,0.102282068151667,0.0995494448316574,0.0961932105498776,0.0921654987994128,0.0875702363874791,0.082392234722301,0.0767969103356802,0.0707706929061613,0.0645118373631024,0.0580509102165133,0.051581139105698,0.0451709788166585,0.0389774531924918,0.0330854642710332,0.0276146812561904,0.0226230778487883,0.0181742520132485,0.0142966116242564,0.0109942968903905,0.00826060588005597,0.00604193281081905,0.0043093611803872,0.00297530424862959,0.00200114563504375,0.00128860040806437,0.000812059820809264,0.000480162024010207,0.00028173772408321,0.000147812484313635,8.07439344529937e-05,3.54277556330782e-05,1.95971091378726e-05,6.86060178672883e-06,3.71333797297997e-06,5.53873626696178e-07,4.63281719306126e-07,4.59700158499006e-07,-4.60653169077289e-07,4.00177824733428e-07,-3.01810109112148e-07,2.27160138521909e-07,-2.34246437730211e-07,1.98729869437892e-07,-1.68042763478144e-07,1.13228994309016e-07,-1.3030856681298e-07,0
42475715.5253689,0,2.65781709438625e-07,4.28013542626256e-08,3.00244369456196e-07,1.00896700712583e-07,3.6288808932562e-07,1.52927404463101e-07,4.36008153266362e-07,2.6118302154728e-07,4.83337097314753e-07,4.19593717907097e-07,5.56805368727088e-07,5.87101181452745e-07,6.87933766570094e-07,7.68818407682165e-07,8.74307779248901e-07,9.86879868207485e-07,1.11553105108773e-06,1.25921968369926e-06,1.42051617744101e-06,1.60140858965111e-06,1.80386969955785e-06,2.03079238685119e-06,2.28442404243757e-06,2.56845948386324e-06,2.88552280179933e-06,3.24021925488347e-06,3.63577470371808e-06,4.07798475888635e-06,4.57040551175843e-06,5.12046974916804e-06,5.73238616329805e-06,6.41520690033433e-06,7.17470850505185e-06,8.02120414704957e-06,8.96189708303597e-06,1.00088221789703e-05,1.11717300357156e-05,1.24651606635663e-05,1.3901044082687e-05,1.5496462455612e-05,1.72665804001487e-05,1.92315808296922e-05,2.14102485998723e-05,2.38265001085117e-05,2.65037604064192e-05,2.9470524941414e-05,3.27566971214469e-05,3.63957096283488e-05,4.04239394865081e-05,4.48801857022381e-05,4.98102087837396e-05,5.52602049493639e-05,6.12870687374195e-05,6.79442277690999e-05,7.53021746913302e-05,8.34226325775264e-05,9.23918323558306e-05,0.000102281081900619,0.000113197676913297,0.000125225498058121,0.000138499594723298,0.00015311686827904,0.000169241195750763,0.000186981283836731,0.000206538472159505,0.000228040512563807,0.000251736695928644,0.000277764782033197,0.000306429841264105,0.000337903463585477,0.000372555032886148,0.000410551580501168,0.000452365185248,0.000498188694816066,0.000548565137322695,0.000603758117400283,0.000664364058022671,0.000730743620156955,0.000803561965436276,0.000883273085899458,0.000970631359312678,0.00106620148538009,0.00117083861486525,0.00128523271527661,0.00141036325105815,0.00154707754449076,0.00169646580511651,0.00185954036590527,0.0020375385589226,0.00223170794669149,0.00244341079366783,0.00267412944222923,0.00292538754687114,0.00319900097430643,0.00349660434774443,0.00382032300291205,0.00417190866108005,0.00455390793300348,0.00496819771323332,0.00541784708029098,0.00590475953665203,0.00643240993253847,0.0070026669427452,0.00761980796674072,0.00828587334196256,0.00900598356184128,0.00978176487743751,0.0106188782474411,0.0115189080429965,0.0124887479652999,0.0135291246325942,0.0146478707935606,0.015845364472741,0.0171303180979276,0.0185015502472979,0.0199698357432365,0.0215321751242195,0.0232001760458963,0.0249707869642206,0.0268537775305998,0.028846823023409,0.0309580059929711,0.0331843495603568,0.0355319335534083,0.0379974895793868,0.0405849621675973,0.0432889987536008,0.0461104502877832,0.0490420199212418,0.0520803778108395,0.0552156820406792,0.0584394236900481,0.0617390531680039,0.0650988292876895,0.0685027260544455,0.0719279642671077,0.0753541332419622,0.0787475626931251,0.0820845784976211,0.0853232468607007,0.0884378560059746,0.0913745152867535,0.094103628385383,0.0965589325541234,0.0987109027941859,0.100487717738238,0.101868234060191,0.102770709665012,0.103179616011166,0.103019654467177,0.102298042319713,0.10093441816997,0.0989567588246558,0.096306149143124,0.0930508649061355,0.0891450326742661,0.0846902421162303,0.0796710348594943,0.0742488799043505,0.0684103498490943,0.0623489541706587,0.0560933679045216,0.04983079512304,0.0436283224410818,0.0376374235399055,0.0319402578582362,0.0266522865286311,0.021828766572747,0.0175315490685907,0.0137872003634275,0.0105995484992679,0.00796242540303638,0.0058223903894903,0.00415123502093909,0.00286469321314956,0.00192688585303025,0.00124088281542908,0.000781531236749968,0.000461487184104429,0.000270844516977307,0.00014215504450319,7.76338566932806e-05,3.41113075651609e-05,1.88478633920985e-05,6.43956717163401e-06,3.52371430849105e-06,6.34751563717993e-07,4.49092973082081e-07,3.88230780146387e-07,-4.40365445580151e-07,4.02401032609256e-07,-2.94223251258037e-07,2.20470635190945e-07,-2.31518159786574e-07,1.88924445070943e-07,-1.52598199768169e-07,1.08816469096694e-07,-1.29704931953544e-07,0
43470131.5812503,0,2.5310853760377e-07,4.08172909786626e-08,2.85971256934213e-07,9.62423885591549e-08,3.45651205241215e-07,1.45921104675596e-07,4.15436635446415e-07,2.49110845159873e-07,4.60730929176141e-07,4.00166123168559e-07,5.30948852261365e-07,5.59984132759089e-07,6.56173743622137e-07,7.33429119429958e-07,8.34130288689251e-07,9.41619992699987e-07,1.06446566717187e-06,1.20167316806545e-06,1.35570370900932e-06,1.52844912135128e-06,1.72180268799167e-06,1.93852476981907e-06,2.18076217709291e-06,2.45204539931777e-06,2.75488378507946e-06,3.09367854803688e-06,3.47151014459701e-06,3.89391961251259e-06,4.36430274910995e-06,4.88976282423832e-06,5.474322938138e-06,6.12663375267561e-06,6.85221354053421e-06,7.66092419612022e-06,8.55965784891055e-06,9.55992128843239e-06,1.06710298122251e-05,1.19068778658577e-05,1.32788776822774e-05,1.48033701919984e-05,1.64948651923807e-05,1.83726638305331e-05,2.04547240303331e-05,2.27639071684044e-05,2.53226263498779e-05,2.81581457782922e-05,3.12990646985007e-05,3.47773767694233e-05,3.86279090359763e-05,4.2887783768737e-05,4.76007783865711e-05,5.28111169498066e-05,5.85732529343258e-05,6.49383440739898e-05,7.19738873688107e-05,7.97390070014902e-05,8.83162492886534e-05,9.77739109216122e-05,0.000108214696599524,0.000119719017068407,0.00013241621812376,0.000146399165038868,0.000161824759964155,0.000178797274920247,0.000197509694299409,0.000218084743945414,0.000240761175779639,0.000265671022249264,0.000293106541701208,0.000323232734582524,0.000356403808800638,0.000392780582812257,0.000432815580934876,0.000476694365633552,0.000524937597188939,0.000577798868578413,0.000635850528232641,0.000699439816837243,0.000769205650776577,0.00084558474400387,0.000929301493108547,0.00102089982359335,0.00112120181118881,0.00123087110714824,0.00135084967292623,0.00148195406424645,0.00162523386079441,0.00178166430252521,0.00195243667034688,0.00213875295128631,0.00234192647665065,0.00256338663012882,0.00280460418297116,0.00306732987420152,0.00335314174723603,0.00366409079093098,0.00400187196035603,0.00436894222311364,0.00476712014900851,0.0051993687852257,0.00566753421329971,0.00617497145336833,0.00672349913750161,0.00731724954654566,0.00795821195342879,0.00865133202561433,0.00939820383485751,0.0102042982795669,0.0110711796452091,0.012005515763551,0.013008046007628,0.0140863409026341,0.0152408122581506,0.0164798837949221,0.0178024731216804,0.0192190088218093,0.0207266598526697,0.0223366489327928,0.0240460891563509,0.025864454484416,0.0277895594052782,0.0298292632630787,0.0319807439815285,0.0342499092077846,0.0366336542213576,0.0391358412170997,0.0417513331252189,0.044481007025689,0.0473178357734896,0.0502586253948725,0.0532938846954438,0.0564153955819905,0.0596109356304523,0.0628653531267137,0.0661631192686274,0.0694821205485513,0.0728025716645544,0.0760917308513997,0.0793265849754321,0.0824665387668902,0.0854865142111382,0.0883342474801168,0.0909809499306294,0.0933621875327425,0.0954492585644588,0.097172431464961,0.0985112441682315,0.0993863348891667,0.0997826554103282,0.0996271097631086,0.0989270194776814,0.0976044249404845,0.0956865569405616,0.0931162852702293,0.0899604221215869,0.0861746770493381,0.0818577205967623,0.0769950154453258,0.0717431284618805,0.0660894276124363,0.0602219079193088,0.054168021945181,0.0481095223508288,0.0421108781212155,0.036319032438405,0.0308130090527651,0.0257042612692014,0.0210463964982407,0.0168979105943799,0.0132847058161915,0.0102101033478976,0.00766754354249357,0.00560470429285858,0.0039945784756699,0.00275577075893141,0.00185313422223736,0.00119290297486542,0.000751052990950584,0.000443372601642086,0.000260130911830335,0.000136306405398879,7.44792892737903e-05,3.27766093290426e-05,1.80968482964835e-05,6.11060144497291e-06,3.39620688911658e-06,6.36296309393855e-07,3.97595092635694e-07,3.54382444510907e-07,-3.9445897054296e-07,3.99101254460698e-07,-3.0998115029177e-07,2.09819134686129e-07,-2.02748684701506e-07,1.78304049965278e-07,-1.60234171339805e-07,1.09901232973322e-07,-1.20074098593416e-07,0
44487828.3112759,0,2.41683895132317e-07,3.90004492734227e-08,2.73061849046289e-07,9.1933680008765e-08,3.30065545735722e-07,1.39404806455075e-07,3.96672034489889e-07,2.37984322733815e-07,4.39930562136135e-07,3.82209551710801e-07,5.07028121989513e-07,5.34795273029708e-07,6.26633686437501e-07,7.00411229252205e-07,7.96569532025572e-07,8.99210197321729e-07,1.01651516772182e-06,1.14753200949871e-06,1.29460973368543e-06,1.4595546115056e-06,1.64417779147685e-06,1.85111563179458e-06,2.08241450982452e-06,2.34144497617e-06,2.63060329800346e-06,2.95409236310786e-06,3.31485816343324e-06,3.71819249089112e-06,4.16733303673027e-06,4.66906748062203e-06,5.22724977539817e-06,5.85013889644026e-06,6.54299857315716e-06,7.31525430289292e-06,8.17350570561912e-06,9.12874689055852e-06,1.0189876420716e-05,1.13701735775759e-05,1.26805581847571e-05,1.41366472004432e-05,1.57523101072396e-05,1.75460058735923e-05,1.95349245131358e-05,2.17409380686015e-05,2.41854933296329e-05,2.68946636177799e-05,2.98957962949614e-05,3.32194902746291e-05,3.68990805926556e-05,4.09701175337293e-05,4.5474474116552e-05,5.04544324912103e-05,5.59621168845356e-05,6.20465685722158e-05,6.87724059596691e-05,7.61962692591751e-05,8.43971802690977e-05,9.34405035289034e-05,0.00010342452861892,0.000114426346279753,0.000126569770882431,0.00013994384423658,0.000154698969326121,0.000170935244830153,0.000188837493943638,0.000208523498397989,0.000230221996364802,0.000254059789179571,0.00028031710779822,0.00030915251350923,0.000340905489895878,0.000375730695430318,0.000414061936140456,0.000456078217143552,0.000502278881043592,0.000552907727830996,0.000608514404023686,0.000669433307910211,0.000736277535816721,0.000809467214202163,0.000889698445389743,0.000977494673485845,0.00107364604031855,0.00117879174297139,0.00129383747222909,0.00141956911552719,0.00155699727783021,0.00170706191045001,0.00187090969193236,0.00204969716537078,0.00224468986266862,0.00245726672816107,0.00268884681125674,0.00294111866630615,0.00321560820251292,0.00351429412139403,0.00383881238772978,0.00419152905982425,0.00457420219139945,0.0049896958997653,0.00543980680734917,0.00592777341148123,0.00645535757350774,0.0070265449390422,0.00764327324072975,0.00831032327106437,0.00902925530128267,0.00980536016463487,0.010640176906539,0.0115401345894476,0.0125059808815357,0.0135450430365997,0.0146577647167907,0.0158523044669518,0.0171276607626797,0.0184938924363795,0.0199483260790998,0.0215018265328877,0.0231516720218968,0.0249070444283417,0.026765887313893,0.0287358075558414,0.0308141203566146,0.0330066042498871,0.0353103198868771,0.0377290374048934,0.0402578164944804,0.0428975176414244,0.045641383259854,0.0484863798464855,0.0514233351187194,0.054444328286038,0.057537555485975,0.0606883199190267,0.0638815363429854,0.0670958411540848,0.0703119979385384,0.0734982573523091,0.0766323535550089,0.0796748842878202,0.0826013708401289,0.0853611484846757,0.0879262698621956,0.0902342591659505,0.0922572367918722,0.0939274878474546,0.0952250056644916,0.0960729578455778,0.0964568668609467,0.0963056280589066,0.0956266833163889,0.0943444619328281,0.0924854976565195,0.0899945400640569,0.0869369239664775,0.0832693230695609,0.0790881961868965,0.0743794064133071,0.0692954192269724,0.0638238793474847,0.0581466260244675,0.0522905286324351,0.0464322783898315,0.0406336315380115,0.0350365490062437,0.0297176000197021,0.0247841277854328,0.0202876917427311,0.0162843807982751,0.0127990322749862,0.00983388402006869,0.0073825761272017,0.00539481993350477,0.00384436531872738,0.0026514562643552,0.00178208506609516,0.00114649263978644,0.000721886996705477,0.000426103372103738,0.000249939806527591,0.000130897124573971,7.14894547676662e-05,3.12974884833185e-05,1.73470185128473e-05,5.96834484077958e-06,3.24587923253332e-06,5.35235185176412e-07,4.06249876511289e-07,3.73288233094612e-07,-4.06047275718737e-07,3.78805314144544e-07,-2.8558166490861e-07,2.00153143945356e-07,-2.00015056650823e-07,1.74352648984822e-07,-1.53179927462485e-07,1.04294870033619e-07,-1.15412801350404e-07,0
45529350.7486695,0,2.30732785102562e-07,3.72309816371419e-08,2.6069087846981e-07,8.78065708960705e-08,3.15097459649538e-07,1.33114674493818e-07,3.78756013461496e-07,2.27207119540977e-07,4.20080020475452e-07,3.64947594969376e-07,4.8414657702152e-07,5.10676285634482e-07,5.98376452104688e-07,6.68848151232817e-07,7.60685572025267e-07,8.58723559735645e-07,9.70768398410936e-07,1.0959156021827e-06,1.23640896700513e-06,1.39397509865166e-06,1.57034514104957e-06,1.76803932387899e-06,1.98901559912372e-06,2.23649539120926e-06,2.51276969531163e-06,2.82185634704956e-06,3.16657358473911e-06,3.55197827752856e-06,3.98116731211736e-06,4.46062969441764e-06,4.9940522279426e-06,5.58932969137254e-06,6.25149521803878e-06,6.98955839495049e-06,7.80983023516839e-06,8.72282119569738e-06,9.73703918503733e-06,1.08651817249906e-05,1.21176919288635e-05,1.35095000517453e-05,1.50538638541155e-05,1.67684320517855e-05,1.86696468988475e-05,2.07784303745338e-05,2.31152871825015e-05,2.57051485496952e-05,2.85741816110669e-05,3.17516671275589e-05,3.52694880196818e-05,3.91616535364201e-05,4.3468232076902e-05,4.82296858959176e-05,5.34958831958672e-05,5.9313767298728e-05,6.57451891855694e-05,7.28443766934993e-05,8.06869718001113e-05,8.93355987189321e-05,9.88843500726567e-05,0.000109407080855318,0.000121022347115814,0.000133815476555474,0.000147930478846425,0.000163463342241379,0.000180591013714826,0.000199426487923725,0.000220188950791821,0.000243000162144185,0.00026812855142235,0.000295726312704644,0.000326118597199851,0.000359454155834929,0.000396148954426189,0.000436375258143039,0.000480611609814838,0.000529092630784544,0.000582345518012832,0.00064069154210589,0.000704719141821204,0.000774832534517675,0.000851700091546871,0.000935825445660272,0.00102796777800485,0.00112874198943017,0.00123901860982113,0.00135955378609622,0.00149131956918459,0.00163522164934249,0.00179236480367702,0.00196386293717551,0.00215093380714943,0.00235490494525298,0.00257714523693331,0.00281928140920413,0.00308278458954175,0.0033695627925288,0.00368119894624492,0.00401997493740588,0.00438759130233431,0.00478680949227652,0.00521936841811177,0.00568839169443362,0.00619559182704125,0.00674481662616482,0.00733795173062007,0.007979608825957,0.00867131176333759,0.00941816997329698,0.0102216972905973,0.0110881055659027,0.0120181455447109,0.013018892851229,0.0140908227711081,0.0152418157080954,0.0164709463645444,0.0177879323870747,0.0191902547797159,0.0206884223697821,0.0222798646244866,0.0239734727505058,0.0257673055002498,0.0276687392718736,0.0296752326390161,0.0317924048700478,0.034017464034389,0.0363541020895203,0.0387975729283478,0.0413487390561414,0.0440011073227092,0.0467517727749649,0.049591862745723,0.0525137545932752,0.0555060497566605,0.0585545316064709,0.0616445654242963,0.0647554819304207,0.0678686126434446,0.0709532228447924,0.0739876945472356,0.0769338511641727,0.0797679129712104,0.0824407345512753,0.0849251817833756,0.0871606473142994,0.0891201037862274,0.0907378081582353,0.0919943676255251,0.0928153845445914,0.0931868908542237,0.0930400041929801,0.0923818582625174,0.0911393058557709,0.0893384893545737,0.0869257443320616,0.083964955474006,0.0804142557585641,0.0763669530254084,0.0718097095830338,0.0668910233348286,0.0615985415236086,0.0561086331915068,0.0504472985624249,0.0447857196143652,0.0391835311714843,0.0337779466366923,0.028642609339538,0.0238811158424739,0.0195428833927951,0.0156818404494501,0.012321924495203,0.00946456794411107,0.00710285280147179,0.0051882947573392,0.00369615286560982,0.00254866356229969,0.00171253225984873,0.00110096492964235,0.000692928780122579,0.000408964828839844,0.000239884136212014,0.000125485428147037,6.85220449796608e-05,2.99272915822908e-05,1.6557882836556e-05,5.7326197021392e-06,3.18771636093606e-06,4.75708750775704e-07,3.17751601433192e-07,3.98225648760757e-07,-3.54922967202539e-07,3.31030482230082e-07,-2.85884183119719e-07,2.14106358358826e-07,-1.94867915608883e-07,1.58804314198267e-07,-1.43129229590572e-07,1.0304492511067e-07,-1.1277590340378e-07,0
46595256.6866468,0,2.19972910222762e-07,3.54834622447196e-08,2.48534711652547e-07,8.36676009349507e-08,3.00399564013914e-07,1.2686491018567e-07,3.61062141229548e-07,2.16547942833444e-07,4.00473893543934e-07,3.47833507150389e-07,4.61546909917485e-07,4.86777509127686e-07,5.70432140383864e-07,6.37602183515606e-07,7.25182442679566e-07,8.18664197109186e-07,9.25513314289727e-07,1.04486122833573e-06,1.17885269466676e-06,1.32913537854563e-06,1.49736139693434e-06,1.6859359049932e-06,1.8967311122812e-06,2.13282193660938e-06,2.39639645627842e-06,2.69129001452326e-06,3.02019484453806e-06,3.38794084707766e-06,3.79749499629496e-06,4.25505244566592e-06,4.76413324484885e-06,5.33227715969197e-06,5.96430083733652e-06,6.66881343030505e-06,7.45184734507798e-06,8.32344776231871e-06,9.29175207831077e-06,1.03688917059535e-05,1.15648470407923e-05,1.28938937923852e-05,1.43687159645145e-05,1.60061878237095e-05,1.78220162688039e-05,1.983617900993e-05,2.2068289596727e-05,2.45422212732317e-05,2.72830076483424e-05,3.0318648031702e-05,3.36796380734607e-05,3.73984975369257e-05,4.15135304448255e-05,4.60634619582034e-05,5.10960194376989e-05,5.66561141828011e-05,6.28028780091236e-05,6.95881826484533e-05,7.70844582162413e-05,8.5351793612666e-05,9.44802505803274e-05,0.00010454045145574,0.000115645846718435,0.000127878202780364,0.000141375358894414,0.000156229380145739,0.000172609755192108,0.0001906246376926,0.000210483826724214,0.00023230459856347,0.000256344315041505,0.000282748771489267,0.000311829564066641,0.000343729805978996,0.000378847656758087,0.00041734861129392,0.000459691942320506,0.000506103750503238,0.000557089154948389,0.000612956660686191,0.000674270825108654,0.000741420378332665,0.000815047878023795,0.000895637629510773,0.0009839181310183,0.00108048103138861,0.001186163031482,0.00130169205648528,0.00142800299610627,0.00156596556285694,0.0017166409689797,0.00188110342272059,0.00206052854372387,0.00225619401847768,0.00246941688908015,0.00270176487172751,0.00295465876503613,0.00322993482016596,0.00352911856459333,0.00385441241845124,0.00420746293832145,0.00459092762899414,0.00500648738157634,0.00545715817756226,0.00594460513317078,0.00647254021428902,0.00704279351167837,0.00765981447829394,0.00832509114659013,0.0090435509120231,0.00981667997661478,0.0106504812615602,0.0115457122843838,0.01250920327865,0.0135414431016224,0.0146500329954719,0.0158341339689605,0.0171031534313946,0.0184547019292217,0.0198989112659463,0.021433364963306,0.0230666723650677,0.0247970078087334,0.0266315258319416,0.0285678125569516,0.0306113172030508,0.0327593939430052,0.0350156617782788,0.0373755490744089,0.0398399202021423,0.0424025597991943,0.0450607051280207,0.047805760547171,0.0506303534005649,0.0535235173111328,0.0564715377912802,0.0594602077289177,0.0624695201466556,0.0654813861710331,0.0684660728284749,0.0714025917835926,0.0742539080952664,0.0769970309925164,0.0795844393811675,0.0819896656363224,0.0841538543044932,0.0860508374684177,0.0876170992477163,0.0888338703296225,0.0896288148553456,0.0899884258051158,0.0898461547601647,0.0892091221512141,0.0880063633638154,0.0862632784752366,0.0839283056605324,0.0810634396877768,0.0776279587688309,0.0737131699447213,0.0693059723498742,0.0645503107943357,0.059433410043014,0.0541277462992524,0.0486582893114645,0.0431894457437639,0.037779210391336,0.0325608480956317,0.0276049562760691,0.0230107968049562,0.0188264608374154,0.0151039153084041,0.0118651256916719,0.00911089121207933,0.00683593310274156,0.00499307847649778,0.00355647051881252,0.00245075877513048,0.00164602409482696,0.00105878086021838,0.000666704984996914,0.000392812120296292,0.000230108945459353,0.000120601307266753,6.58917868929646e-05,2.86413635347539e-05,1.60568303692852e-05,5.56873684467776e-06,2.81740540584551e-06,4.24674074741716e-07,5.32858719015618e-07,3.63213053213499e-07,-5.04356367538041e-07,3.72175217331314e-07,-1.86325349139302e-07,1.49045664283323e-07,-2.23000075334218e-07,1.97338924337768e-07,-1.3125827722345e-07,7.47798362641597e-08,-1.07144657307652e-07,0
47686116.9771447,0,2.10916941540242e-07,3.39847197872444e-08,2.3828781109474e-07,8.01450631568258e-08,2.87970633194085e-07,1.21487966027767e-07,3.46063607049602e-07,2.07402666042705e-07,3.83693442204121e-07,3.33177334281458e-07,4.42062989526715e-07,4.6619178880485e-07,5.46235765204963e-07,6.10505301534049e-07,6.94287506790459e-07,7.83712309006065e-07,8.85914707973082e-07,1.00006473738978e-06,1.12821107554081e-06,1.2719278397419e-06,1.43279383222276e-06,1.61310764410145e-06,1.81465754213727e-06,2.04038351271882e-06,2.29237766824421e-06,2.57430575251815e-06,2.88873896414379e-06,3.24029257882489e-06,3.63180155424384e-06,4.06918707835295e-06,4.55581467129868e-06,5.09889097113324e-06,5.70302217646425e-06,6.37643488901712e-06,7.12489811442037e-06,7.95801323771325e-06,8.88355509320696e-06,9.91311711746723e-06,1.10562517865001e-05,1.23266137279935e-05,1.37363317481593e-05,1.53015329304705e-05,1.70372416163734e-05,1.89625692414537e-05,2.10962744500638e-05,2.34611873375202e-05,2.60812609537741e-05,2.89832843538687e-05,3.21964289822757e-05,3.57518122342448e-05,3.96861082955864e-05,4.4036398562703e-05,4.88483299226459e-05,5.41648701814819e-05,6.00426249349703e-05,6.65312976132752e-05,7.37002381823459e-05,8.16070003881984e-05,9.03377326852755e-05,9.99600444252028e-05,0.000110582588105075,0.000122283839573413,0.000135195770283017,0.000149406527372305,0.000165078444866016,0.000182315491114273,0.000201318621236863,0.000222200070371549,0.000245206189319097,0.000270477111486898,0.000298311513437919,0.000328846953969102,0.000362465034480758,0.000399325036491299,0.000439866875310063,0.000484307642982346,0.000533132134989106,0.000586637012189465,0.000645363956359961,0.000709686720180077,0.000780221356675697,0.000857433056285248,0.000942021649975219,0.00103455614572178,0.0011358408156531,0.00124657565015672,0.00136765906027071,0.0014999288335239,0.00164440694617307,0.00180212621099483,0.00197421650356274,0.00216190779137643,0.00236646989321116,0.00258941245924031,0.00283210494143423,0.00309631724891443,0.0033835230493529,0.00369584169258825,0.00403486298770761,0.00440315183104976,0.00480233605489027,0.00523532111729185,0.00570372130148417,0.00621111484757595,0.00675927814245649,0.00735249993990142,0.00799223251925524,0.00868323528620286,0.00942696332579932,0.0102292052986473,0.0110907250297216,0.0120181124529944,0.013011862471545,0.014079320286684,0.015219723699368,0.0164421425302585,0.0177443328290921,0.0191360900578581,0.0206151226332351,0.022189746338859,0.0238582257704902,0.0256274982559572,0.0274953107043991,0.0294669719433039,0.0315399426926761,0.033717710291753,0.0359959162438673,0.0383754607621433,0.0408503257866923,0.0434178633375923,0.0460698558125425,0.0487991847276386,0.0515951629340862,0.0544445828908611,0.0573337551746713,0.0602433116616114,0.0631557387247965,0.0660422459158453,0.0688824207227408,0.0716404803462162,0.0742941832885397,0.0767973961867438,0.0791243917166088,0.0812183658857758,0.0830539060237859,0.084569304176273,0.0857464974477165,0.0865154081553078,0.0868629251442946,0.0867248059390322,0.0861080527216393,0.0849440499057527,0.0832573907862897,0.0809980855346546,0.078226756307569,0.0749040534253194,0.0711184605561983,0.0668576533359287,0.0622608215813859,0.0573163731731089,0.052190874687417,0.0469079146229825,0.0416276791983598,0.0364055181546956,0.0313697908778853,0.0265887180481555,0.0221583708938162,0.0181248113959509,0.0145370137239319,0.0114164614910152,0.00876432171472716,0.00657469863379787,0.00480056929698609,0.00341791013024199,0.00235473632220631,0.00158170365367285,0.00101695444157228,0.000639926154999019,0.000377019544722921,0.000220936365540363,0.000115508742312247,6.31650233114283e-05,2.7659611457936e-05,1.53488468742618e-05,5.15901762299323e-06,2.79939931848464e-06,5.03351199032685e-07,3.906788210298e-07,3.24654753710764e-07,-3.90183160334974e-07,3.38992728585109e-07,-2.36652527238863e-07,1.7763243902996e-07,-1.91865626641702e-07,1.60630864481899e-07,-1.29430558166192e-07,8.81399552075715e-08,-1.04221431875145e-07,0
48802515.8365443,0,2.01229721668342e-07,3.2424589861675e-08,2.27339890862706e-07,7.64410366346995e-08,2.74750619534511e-07,1.15887688362767e-07,3.30143329522402e-07,1.97858036039515e-07,3.6604215275164e-07,3.17829335992319e-07,4.21727228241491e-07,4.44721919113398e-07,5.21096874020433e-07,5.82401260762444e-07,6.62334405507423e-07,7.47648314211978e-07,8.45157406991957e-07,9.54068610858031e-07,1.07633805698405e-06,1.21346952755703e-06,1.36697122177865e-06,1.53903718958461e-06,1.73137432219794e-06,1.9467887118264e-06,2.18727865441062e-06,2.45634315678448e-06,2.75643841722311e-06,3.09197069640467e-06,3.46564778598902e-06,3.88312034203261e-06,4.34760233720801e-06,4.86597291504294e-06,5.44263171985778e-06,6.08543543571904e-06,6.79989317521077e-06,7.59517156728946e-06,8.4787030454477e-06,9.46156549948578e-06,1.05528800258145e-05,1.1765688692876e-05,1.3111584867968e-05,1.46059828378895e-05,1.62632422465193e-05,1.81016261210762e-05,2.01390654978957e-05,2.23973795211328e-05,2.48994579229574e-05,2.76709072136152e-05,3.07396256445034e-05,3.41353812778689e-05,3.78932412165741e-05,4.20486529640473e-05,4.66452496238879e-05,5.17241272348539e-05,5.73394280811055e-05,6.35387254859749e-05,7.03883335216181e-05,7.79433192104655e-05,8.62861340655644e-05,9.54815796748867e-05,0.000105633625502754,0.000116817450483105,0.000129159366786683,0.000142743833037592,0.000157726161575862,0.000174205996122046,0.000192375849111788,0.000212343633072353,0.000234345227456886,0.000258514898717097,0.000285138606462284,0.000314348723494584,0.000346510709546192,0.000381777462956051,0.000420570664636744,0.000463099208492834,0.000509827400292476,0.000561040202621256,0.000617257387143485,0.000678838086712734,0.000746373689387875,0.000820311391790628,0.000901323120936305,0.000989955931858509,0.00108698190531747,0.00119307408058186,0.0013090962744385,0.00143585363641562,0.00157432835004339,0.00172551487584034,0.00189050185313628,0.00207047354520473,0.00226665236922341,0.00248048958986976,0.00271330352460562,0.00296679869608298,0.00324239726993756,0.00354214133844432,0.00386756803598878,0.0042211462854012,0.00460444656449239,0.00502026839213469,0.00547017813714317,0.00595762636099652,0.00648433464835957,0.00705443837792076,0.0076693567664136,0.00833367401417187,0.00904880611331406,0.00982034401850407,0.0106490527030801,0.0115412865383396,0.0124975562050599,0.0135249528557299,0.0146227837284919,0.0157998000999625,0.0170538698620413,0.0183944521954127,0.0198193876568796,0.0213367025014003,0.0229447751587105,0.0246503334327909,0.0264512377205283,0.0283526378536614,0.0303521270760827,0.0324530986607259,0.0346513581327502,0.0369478173327961,0.0393367383657623,0.0418155687942465,0.0443763263128905,0.047012200909163,0.0497129099763148,0.0524656758031178,0.0552572303857864,0.058068901449865,0.060883730151652,0.0636738196901774,0.066419400217352,0.0690859361567002,0.0716518123211504,0.0740723256809501,0.07632264272613,0.0783477332825545,0.0801228583830032,0.0815883493598451,0.0827267579190614,0.0834704376414176,0.0838065960939617,0.083672929338793,0.0830762897243816,0.0819503173546193,0.0803194930759112,0.0781354143990633,0.0754564179208159,0.0722445696024618,0.0685861713386371,0.0644693468371392,0.0600289182152684,0.0552535705142688,0.0503043419013317,0.0452045172499879,0.0401088809952107,0.0350706058731059,0.0302132660799583,0.0256026589181126,0.0213318712720728,0.0174451249003847,0.0139886205565227,0.0109827215310436,0.00842909316347338,0.0063218979799926,0.00461472036374776,0.0032846053685217,0.00226240305987252,0.00151942286841861,0.0009763377164445,0.000614128386944569,0.000361894352357246,0.000212118042775677,0.000110630236561326,6.04473431118807e-05,2.65617169517716e-05,1.47274715728222e-05,4.8630920451745e-06,2.70023629527766e-06,5.24870090988445e-07,3.35447391759921e-07,2.94449027587863e-07,-3.42457858766341e-07,3.24993715091971e-07,-2.5123102254143e-07,1.81222654277924e-07,-1.72352533937472e-07,1.43367887461084e-07,-1.28673100967885e-07,9.18023195996866e-08,-9.93251123327398e-08,0
49945051.1585514,0,1.91351259553778e-07,3.08772558207827e-08,2.16197229518289e-07,7.27982284560868e-08,2.61330124313286e-07,1.10388498842879e-07,3.14105522679795e-07,1.88433222111168e-07,3.48408029165692e-07,3.02664780181386e-07,4.01578966253401e-07,4.23567399463453e-07,4.96357992454903e-07,5.54828979027323e-07,6.31054231124836e-07,7.12424814642177e-07,8.05432331453187e-07,9.09323989794326e-07,1.02596691685478e-06,1.15679631759994e-06,1.30325147903865e-06,1.46742711312491e-06,1.65095458515075e-06,1.85651261273785e-06,2.08600878179882e-06,2.34278428998047e-06,2.62918652177679e-06,2.94942217025103e-06,3.30607606883027e-06,3.70454805564211e-06,4.14791134896842e-06,4.64273693759209e-06,5.19322726606569e-06,5.80688794385454e-06,6.48898321898319e-06,7.24827322202677e-06,8.09186232968006e-06,9.03034045818628e-06,1.00724254273774e-05,1.12305733583552e-05,1.25158609762965e-05,1.39430201005781e-05,1.55257817198084e-05,1.72816145946704e-05,1.92276660036351e-05,2.13847852908868e-05,2.37748513318075e-05,2.64223358776488e-05,2.9353897197392e-05,3.25980057099484e-05,3.61882071348234e-05,4.01584192335811e-05,4.4550406715162e-05,4.94035025763517e-05,5.47694579853165e-05,6.06937745236273e-05,6.72398968840593e-05,7.44605265871887e-05,8.2434571277436e-05,9.12241156617095e-05,0.000100928652083755,0.000111620210503983,0.000123419708781199,0.000136408057162379,0.000150733915301173,0.000166492864977402,0.000183869248762621,0.000202966436708581,0.000224010117739891,0.000247129224163096,0.000272597644554597,0.000300542528483696,0.000331314176395729,0.000365059407105815,0.000402182003790267,0.000442882865388498,0.000487607321459993,0.000536628849634399,0.000590445520182587,0.00064940249930187,0.000714067187207942,0.000784868872225214,0.000862452120071758,0.000947342716802809,0.00104028263885261,0.00114191880149668,0.00125308104805143,0.00137454406852906,0.00150725189375908,0.00165215902738326,0.00181031097053129,0.00198284725284725,0.00217094579342397,0.00237600443811814,0.00259929446833612,0.00284245581237218,0.0031068583909908,0.00339446588907266,0.00370675914619103,0.00404611748074166,0.00441406341436095,0.0048132940992679,0.00524532200801511,0.00571346754935867,0.00621940424959552,0.00676711974922556,0.00735799183816651,0.00799644465651753,0.00868386212220667,0.00942561881233245,0.0102224749382768,0.0110805683633274,0.0120004243294485,0.0129888800773373,0.0140452879171866,0.0151780807315773,0.016385263799253,0.0176759691066213,0.0190481464277466,0.0205095591427115,0.0220587028232396,0.0237020680020937,0.0254376091494964,0.0272703232761082,0.029197926749256,0.031223743731828,0.033343781688559,0.0355589135433269,0.0378635839146803,0.0402553842093363,0.0427266593476687,0.0452708545481866,0.0478780181485375,0.0505358109292873,0.053231427254598,0.0559468218577628,0.0586655767348166,0.0613607876213969,0.0640133668670131,0.066589791755356,0.0690690729033974,0.0714081070657589,0.0735828781720942,0.0755400586183186,0.0772557534938284,0.0786722621963105,0.0797724953602751,0.0804910980507584,0.080815900962002,0.0806865526071561,0.0801098420443855,0.0790218004325718,0.0774458216278376,0.0753351310240337,0.072746899612053,0.0696445668293282,0.0661112778952514,0.0621355648078515,0.0578486775565963,0.0532394042774842,0.0484633757558972,0.0435427830015969,0.0386275353402557,0.0337688934365746,0.0290861875427788,0.0246428754760015,0.0205278626172882,0.0167834975655664,0.0134549723419052,0.0105619793788507,0.0081043212348237,0.00607616746080344,0.00443403398962953,0.0031558539379428,0.00217336444609756,0.00145883851409092,0.000936908104807457,0.000589378196026486,0.000347199951067486,0.000203464829120938,0.000106211861841568,5.79750553798679e-05,2.52031266272488e-05,1.4058349985056e-05,4.83292145405868e-06,2.60131956708092e-06,3.9128623465983e-07,3.3576325517486e-07,3.24784394437758e-07,-3.54639444325835e-07,3.12757391738128e-07,-2.27783090746649e-07,1.61635121494747e-07,-1.67259833579834e-07,1.4766503226836e-07,-1.27388652385631e-07,8.42911156263182e-08,-9.3120780432591e-08,0
51114334.8344017,0,1.82834946286208e-07,2.95091042443323e-08,2.06578382322817e-07,6.95821802844759e-08,2.49699462423159e-07,1.05511201039569e-07,3.00141528019088e-07,1.80088559923564e-07,3.32931393866808e-07,2.89249794258724e-07,3.83752208059817e-07,4.04783488295245e-07,4.74333461220251e-07,5.30216231442901e-07,6.03055179457628e-07,6.80815378793199e-07,7.69694826964295e-07,8.68976496824104e-07,9.80443749921551e-07,1.10546963680261e-06,1.24543138425541e-06,1.40233203993586e-06,1.57773019086019e-06,1.77418643447673e-06,1.99352565538395e-06,2.23894351284018e-06,2.51268654293894e-06,2.81877610989804e-06,3.15968197168371e-06,3.54056628365988e-06,3.96437163944316e-06,4.43737978575718e-06,4.96360417056418e-06,5.55021746712726e-06,6.20225510595733e-06,6.92809009776926e-06,7.73451525838805e-06,8.63165648119831e-06,9.62784537237342e-06,1.0734981899232e-05,1.19636504810756e-05,1.33279385143852e-05,1.48409834908837e-05,1.65194942115353e-05,1.83798557233008e-05,2.04419875243125e-05,2.27268123267318e-05,2.52577449579712e-05,2.80602813736899e-05,3.11616578359356e-05,3.45939724109218e-05,3.83896618169089e-05,4.25886596863508e-05,4.72285990141086e-05,5.23590212162674e-05,5.80234976292702e-05,6.42826932352871e-05,7.11869762868635e-05,7.88118781116037e-05,8.72169571555018e-05,9.64974478375214e-05,0.00010672225271536,0.000118007086187823,0.000130429529193448,0.00014413185864788,0.000159205644744927,0.000175827408244313,0.000194096369533041,0.000214228742461867,0.000236348262036876,0.000260717037585408,0.000287457047632015,0.000316903914311011,0.000349198968977479,0.000384729040765306,0.000423686862368263,0.000466499115959591,0.000513428811316569,0.000564953794572286,0.000621405215512268,0.000683327049400229,0.000751132084022178,0.00082543933529398,0.000906753839988298,0.00099578745710324,0.00109316128163728,0.001199672153704,0.00131606541290794,0.00144324935589679,0.00158214198895556,0.00173374845983144,0.00189916412902151,0.00207952139691201,0.00227616348436084,0.00249031417221119,0.00272355288981714,0.00297720230778601,0.00325315333407243,0.00355283360272118,0.00387853097274086,0.00423171487878267,0.00461498236570172,0.0050297991541746,0.00547936603368724,0.00596530020670293,0.00649143863799084,0.00705912628549605,0.00767262415667793,0.0083332786896968,0.00904627948079835,0.00981238467603624,0.0106375031077386,0.0115221608602886,0.0124729457406358,0.0134892729207654,0.0145792846514218,0.0157410997146496,0.0169835113967391,0.0183045767752995,0.0197117987461483,0.0212037689464283,0.0227867774804234,0.0244588828707457,0.0262249013569338,0.0280826722045733,0.0300354406783055,0.0320793896002855,0.0342153995902903,0.0364381196174248,0.038745243675592,0.0411294212721979,0.0435843258677871,0.0461003469146268,0.0486656155490121,0.051267772835199,0.0538893833438768,0.0565145467024125,0.0591172619821435,0.0616790557191996,0.0641675874113794,0.066562590772223,0.0688223237867294,0.0709234430808163,0.07281440806912,0.0744721274242333,0.0758408734800558,0.0769040528558444,0.0775983322756851,0.0779121383350809,0.0777873298455287,0.0772303553613299,0.0761791927093709,0.0746568116286682,0.072618173579883,0.0701185359682435,0.0671228329300552,0.0637117673298533,0.0598737831291164,0.0557359811187719,0.051288231996695,0.0466808553372617,0.041934635818008,0.0371946560138375,0.0325105404608184,0.0279971323842382,0.0237155020063627,0.0197516572673469,0.0161456679677315,0.0129403677753418,0.0101554386743539,0.0077912864639118,0.00584099877401395,0.00426090739644085,0.00303097957251816,0.00208700841293887,0.00140162557038201,0.000900028904724966,0.000565401084718965,0.000332794670964664,0.000195274393345563,0.000101913216226715,5.5639117548417e-05,2.42942519384886e-05,1.34075398421521e-05,4.41928549836874e-06,2.5820291428506e-06,5.54175205275279e-07,2.14626197498591e-07,1.99923349841327e-07,-2.40619791394964e-07,3.46059416866754e-07,-2.94800004511069e-07,1.54759656927506e-07,-1.18447102586372e-07,1.25965998290045e-07,-1.38631631249195e-07,9.39697849254033e-08,-8.60430177288852e-08,0
52310993.0805626,0,1.74450356629509e-07,2.81627268744648e-08,1.97105728634105e-07,6.64004171562762e-08,2.38262617944354e-07,1.00693496826717e-07,2.86391570490317e-07,1.718784477291e-07,3.17690007234636e-07,2.7605184651645e-07,3.66213730811783e-07,3.86309615226381e-07,4.52683420891531e-07,5.06029814404785e-07,5.75554377173569e-07,6.49780438298479e-07,7.34619272930693e-07,8.29389049916484e-07,9.35792039736163e-07,1.05513869800629e-06,1.18874224603024e-06,1.33851431942927e-06,1.50594430793309e-06,1.69347789868803e-06,1.9028565743566e-06,2.13713062672754e-06,2.39844355539535e-06,2.69063524844682e-06,3.01606783776238e-06,3.37966894659033e-06,3.78424182892511e-06,4.23578696584796e-06,4.73815043313242e-06,5.29818376319872e-06,5.92068690062926e-06,6.61365626081814e-06,7.38359244716857e-06,8.24017179307748e-06,9.19135060730119e-06,1.02484975681459e-05,1.1421733024925e-05,1.27245230780605e-05,1.41694359495096e-05,1.57724478719122e-05,1.75492164793701e-05,1.95187822731226e-05,2.17011653226346e-05,2.41187718422378e-05,2.67959892570726e-05,2.97588561988524e-05,3.30380628084843e-05,3.66646545429167e-05,4.06768556442782e-05,4.51106790544297e-05,5.00134579349532e-05,5.542685868379e-05,6.1409004859345e-05,6.800823291182e-05,7.52967340030765e-05,8.3331340469707e-05,9.22031902585595e-05,0.00010197846726604,0.000112767911673062,0.000124645786789902,0.000137748419484042,0.000152163581372617,0.000168059932495566,0.000185532438069334,0.000204788241333578,0.000225946346380878,0.000249258028864946,0.000274840034344682,0.000303013385464347,0.000333914220384063,0.000367913322438322,0.000405195252767662,0.000446169050274646,0.000491087697000166,0.000540409378398714,0.000594452121016298,0.00065373728272022,0.000718660724337942,0.000789816722175833,0.000867691002480714,0.000952967575960904,0.00104624341277652,0.00114828260187884,0.00125980034793146,0.00138166990871857,0.0015147752024124,0.00166008436373476,0.00181865097373026,0.00199156284040082,0.00218011085389342,0.00238547297383542,0.00260916643255509,0.00285246516374192,0.00311719260997316,0.0034047289430647,0.00371727477987189,0.00405624702047759,0.00442414348547821,0.0048223789217302,0.00525403696759914,0.00572068633996093,0.00622602099818287,0.00677134605153273,0.0073607652794116,0.00799559343687509,0.00868083153144774,0.00941722375465323,0.0102104652038202,0.0110610886392953,0.0119754445598564,0.0129530016613558,0.0140016012558498,0.0151194573845989,0.0163150507348449,0.0175865589660624,0.018941227528773,0.020377713792717,0.0219020911112854,0.0235125454117952,0.0252137579320875,0.0270036447887231,0.0288853404686608,0.030855216802917,0.0329141586134276,0.0350570305231833,0.0372816112613161,0.0395808056041609,0.0419485385401797,0.0443755572960027,0.0468504190433285,0.0493611757663395,0.0518910078237011,0.0544245469628935,0.0569367008357401,0.0594095636456017,0.061811886469541,0.0641240789238074,0.0663058384715147,0.0683345683429548,0.0701604738420951,0.0717611354017935,0.0730825968091747,0.0741090345534597,0.0747793430356534,0.0750821162510882,0.0749611949576861,0.0744230406018673,0.0734078212203082,0.0719377248118171,0.0699693759344875,0.0675563218181873,0.0646645600433647,0.0613723985281301,0.0576691902055015,0.0536777096369786,0.0493873384944967,0.0449442045078808,0.0403684751789156,0.0357996508181011,0.0312855983054977,0.0269373415789127,0.0228135620208781,0.0189964375200009,0.015525109074949,0.01244092018465,0.00976153281155269,0.00748662576764167,0.00561104307457963,0.00409300535795704,0.00291149393032472,0.00200362453607318,0.00134465241037736,0.000863516172409558,0.000542863020805328,0.000319255202537394,0.000187095623954194,9.76554204076646e-05,5.32826529389666e-05,2.31908516663758e-05,1.29761316352789e-05,4.32501214771947e-06,2.30681606996384e-06,4.47933449673644e-07,3.5454373929865e-07,2.31986658209549e-07,-3.46558958202351e-07,3.31873940690855e-07,-2.12181003107264e-07,1.29119296406472e-07,-1.47858192926373e-07,1.43501664020179e-07,-1.2285987472421e-07,7.63951089733079e-08,-8.3744784594077e-08,0
53535666.7741072,0,1.66992398417131e-07,2.69587895511559e-08,1.88676304858065e-07,6.35600269318322e-08,2.28062000728113e-07,9.63801565616121e-08,2.74120281238775e-07,1.64499815905397e-07,3.04059188820888e-07,2.64188206625489e-07,3.50469715818361e-07,3.69686265859162e-07,4.33186445798518e-07,4.84218060409337e-07,5.50723322102465e-07,6.2172597602722e-07,7.02877989597954e-07,7.9352767504072e-07,8.95299918835641e-07,1.00944901398271e-06,1.13723384697305e-06,1.28048436248969e-06,1.4406226203174e-06,1.61998667180512e-06,1.82024283416715e-06,2.04430865106714e-06,2.29423700534801e-06,2.57370088385858e-06,2.88495389121255e-06,3.23271188024597e-06,3.61966787728993e-06,4.05155406501682e-06,4.53203170270073e-06,5.06765573085776e-06,5.66303670640071e-06,6.32582576793009e-06,7.06222307028739e-06,7.88147552916158e-06,8.7912065665867e-06,9.80229408652996e-06,1.09244137062124e-05,1.21704442142224e-05,1.35523969958266e-05,1.50855395212771e-05,1.67848581268765e-05,1.86685767867427e-05,2.07558337146575e-05,2.30680523351887e-05,2.56285689597622e-05,2.84622979262313e-05,3.15985757560925e-05,3.50670641690364e-05,3.89043121894439e-05,4.31448089914031e-05,4.78339176824228e-05,5.30115366511553e-05,5.87331851859161e-05,6.50450106905129e-05,7.20161412300325e-05,7.97011525170507e-05,8.81872094691767e-05,9.7537407146453e-05,0.00010785771615352,0.000119219453032276,0.00013175300231785,0.000145542386624519,0.000160749233657734,0.00017746460400462,0.000195886735650145,0.00021612955659743,0.00023843345562861,0.000262910625250029,0.000289868658499951,0.00031943809532034,0.000351973792855985,0.000387653157397003,0.000426868113697193,0.000469861100534333,0.00051707102237593,0.000568803083191288,0.000625557841256328,0.000687716191897397,0.000755847666440284,0.000830417451236608,0.00091208044552815,0.00100140999753682,0.0010991414935632,0.00120596293109318,0.0013227117083671,0.00145023538527133,0.00158946260279419,0.00174140509239607,0.00190711088498242,0.0020878230601884,0.00228467574450925,0.00249912853255542,0.00273240615768642,0.00298625660508721,0.00326200969303155,0.00356178655388183,0.00388695601352343,0.00423992081083048,0.00462204848878731,0.00503630472982452,0.0054842091099349,0.00596931842625667,0.00649289584185072,0.00705889308696896,0.00766859762813133,0.00832682270182058,0.00903429988820694,0.00979651284342923,0.0106140079143116,0.0114929057205885,0.0124327133571764,0.0134409847589685,0.0145160462133551,0.0156660642833978,0.0168893064646047,0.0181927619482875,0.0195751942377817,0.02104247999552,0.0225928787590485,0.0242309131721898,0.0259546242318401,0.0277670627738787,0.0296647457307565,0.0316485356870258,0.0337135022053629,0.0358575660007443,0.0380739260863005,0.0403566856262283,0.0426968863116129,0.0450835815754233,0.0475052692557438,0.0499456032770411,0.0523896829470915,0.0548134532344414,0.0571997212038373,0.0595181403130492,0.0617496171392112,0.0638554331838893,0.0658137767334874,0.0675762698783846,0.0691213687971182,0.070397342283583,0.0713885653593716,0.0720356341184333,0.0723279490863796,0.0722114689357986,0.0716922273860237,0.0707124093863958,0.0692940568091355,0.0673947191655696,0.0650660312162878,0.0622762711421272,0.0591016154835017,0.0555301641629478,0.0516802594720182,0.0475435143382786,0.0432611214675494,0.0388513551315949,0.0344488554683046,0.0301004374130012,0.0259128886183679,0.0219421982788822,0.0182678217013589,0.0149267684666896,0.0119585742544333,0.00938147732881143,0.00719466587201927,0.00539142518295376,0.00393146819717492,0.00279573486727881,0.00192374496772461,0.0012912953785621,0.000829265099950476,0.000521113255023255,0.00030617619304775,0.000179389276535938,9.37908334211213e-05,5.13457339289404e-05,2.22081846433805e-05,1.22301442342029e-05,4.14384880823538e-06,2.4132567090861e-06,4.47244627968618e-07,1.82519561237329e-07,2.28005029417841e-07,-2.27410401623351e-07,2.90005524829282e-07,-2.5739367764057e-07,1.60082620913822e-07,-1.29573105612029e-07,1.14070026564566e-07,-1.12104761134463e-07,8.22193790130077e-08,-8.49963172430521e-08,0
54789011.7959394,0,1.59961795555274e-07,2.58016503482718e-08,1.80716772779867e-07,6.08050569317039e-08,2.18446606359201e-07,9.21952430280801e-08,2.62481233516083e-07,1.57430127632712e-07,2.9105436706217e-07,2.52837722353174e-07,3.35409154795335e-07,3.53754681604302e-07,4.14497534247505e-07,4.63282702258662e-07,5.26877412424203e-07,5.94757724469599e-07,6.72340678396022e-07,7.58996446820137e-07,8.56281423882645e-07,9.65392266231864e-07,1.08752962778872e-06,1.22444109385607e-06,1.37748643080116e-06,1.54889991272635e-06,1.74027178986757e-06,1.95438878071985e-06,2.19320988895446e-06,2.46024498204089e-06,2.75764959621983e-06,3.08992611379352e-06,3.4596412847372e-06,3.87227519547914e-06,4.33133637867969e-06,4.84308546087528e-06,5.41191945815451e-06,6.04514700461405e-06,6.74870179199709e-06,7.53142167529789e-06,8.40058829213286e-06,9.36659784214344e-06,1.0438702733973e-05,1.16292059092699e-05,1.2949583051248e-05,1.44144205599811e-05,1.60380369332554e-05,1.78378474001939e-05,1.98321499106778e-05,2.20414234123144e-05,2.44879691266801e-05,2.71955964061726e-05,3.01923638332476e-05,3.3506658265837e-05,3.71734159262283e-05,4.12255807153975e-05,4.57064948372143e-05,5.06543128858564e-05,5.61221765227482e-05,6.21543323260989e-05,6.88168853458957e-05,7.61619779022154e-05,8.42730429623416e-05,9.32106216648398e-05,0.000103076040640286,0.000113937491400402,0.000125919807819328,0.000139103553017377,0.000153643391252236,0.000169626762468897,0.000187243392398035,0.000206602420850189,0.000227934009882642,0.000251345970192639,0.00027713277718578,0.000305419799952227,0.000336546982963403,0.000370684731035118,0.00040820811781805,0.000449349876211868,0.000494531120409579,0.000544044787277426,0.000598370231909597,0.000657872612298709,0.000723098274553962,0.000794494635399164,0.00087269102354854,0.000958237889849749,0.00105183982863719,0.0011541567799542,0.0012659936428389,0.00138816586335853,0.00152156671420683,0.00166716857454902,0.00182597741641709,0.00199918547120581,0.0021878830912445,0.0023934744295228,0.00261714134539824,0.00286056799093507,0.00312503443490589,0.00341257493629206,0.00372450830836526,0.00406314956378545,0.00442982311337159,0.00482738286618228,0.00525729321200023,0.00572297407323873,0.00622565932024541,0.00676915436057421,0.00735469951918793,0.00798693105332372,0.00866657930162736,0.00939892006438526,0.0101844860587112,0.0110291705183609,0.0119325389740278,0.0129018694841806,0.0139355670747471,0.0150415002287693,0.0162180471334842,0.0174719373728701,0.0188019892952655,0.0202138771655398,0.0217059672661398,0.0232826340934334,0.024942013782195,0.0266870658216356,0.0285144516523351,0.030425032142147,0.0324140812639139,0.0344795749229444,0.0366149516965421,0.0388146052050418,0.0410699439611803,0.0433703504693208,0.0457046773513432,0.0480572845154969,0.0504138403456798,0.0527510034303749,0.0550520673861776,0.0572879033319766,0.0594401742473921,0.0614713401133328,0.0633602757079203,0.0650604882165843,0.0665510563795478,0.0677817161493132,0.0687376091554421,0.069361779665275,0.0696437159161886,0.0695310279369547,0.0690298911165508,0.0680845793564413,0.0667161498009758,0.0648841026454239,0.0626387616646193,0.0599486321764,0.0568868930708255,0.0534436427287588,0.0497339254626903,0.0457479805987221,0.0416215727435837,0.0373734039404164,0.0331338005240534,0.028946897140316,0.0249155196000305,0.0210939710349235,0.0175585342855303,0.0143447752919444,0.01149061706761,0.00901262985158682,0.00690993332639364,0.00517675073147733,0.00377409837499437,0.00268374391263819,0.00184676491628841,0.00123905114180719,0.000794771189393423,0.000499332844552543,0.000293828666355514,0.000172319357527831,8.97747598901692e-05,4.89398292356272e-05,2.11987427407114e-05,1.18174050012987e-05,4.02250525029851e-06,2.24600732518169e-06,3.75433683879917e-07,2.25932201626469e-07,2.35947290687713e-07,-2.64466206097139e-07,2.93825031392564e-07,-2.23924712724848e-07,1.26367464568331e-07,-1.2322101200623e-07,1.29161407903629e-07,-1.19898717536614e-07,7.16092173386355e-08,-7.46606381060622e-08,0
56071699.3820546,0,1.52642529765865e-07,2.46167528033215e-08,1.72459492861217e-07,5.80286098488565e-08,2.08438998687543e-07,8.79955971723267e-08,2.50478942237365e-07,1.5022160731474e-07,2.77763892822811e-07,2.41269859958016e-07,3.20083510322603e-07,3.37585378820013e-07,3.95553138823834e-07,4.42110761863857e-07,5.0279804880728e-07,5.67577598656378e-07,6.41614864245859e-07,7.24311212052377e-07,8.17150815394009e-07,9.21276338095936e-07,1.03783429296374e-06,1.16849369082172e-06,1.31455358339316e-06,1.47814765122605e-06,1.66079547383337e-06,1.86515896947479e-06,2.09311024969989e-06,2.34800105114561e-06,2.63189277137824e-06,2.94908763953983e-06,3.30204203095305e-06,3.69598979436029e-06,4.13428359442788e-06,4.62290463330594e-06,5.16606049522152e-06,5.77073776234626e-06,6.44260709684503e-06,7.19011079783121e-06,8.02021242895257e-06,8.9428473147204e-06,9.9668607145785e-06,1.11040157800888e-05,1.23652865409242e-05,1.37646144075224e-05,1.53156879245126e-05,1.70351656943171e-05,1.89405527964939e-05,2.10514370763936e-05,2.33891426529042e-05,2.59764335545395e-05,2.88401331723791e-05,3.20074016198324e-05,3.55116759037111e-05,3.93844943888294e-05,4.36673102211156e-05,4.83966197313147e-05,5.36232665810281e-05,5.93896199568976e-05,6.57589152524979e-05,7.27810304536168e-05,8.05357563875444e-05,8.90810219402905e-05,9.85137966210224e-05,0.000108899474041794,0.00012035757432092,0.000132965180907043,0.000146870147103681,0.000162156155034979,0.000179004832705695,0.000197520955235005,0.000217925059978898,0.000240320349157587,0.000264988374559583,0.000292049530837797,0.000321829378658052,0.000354490994739285,0.000390393838719788,0.000429761392415975,0.000472996831122874,0.000520380983848729,0.000572373489248694,0.000629324651534703,0.000691758076409766,0.000760102809614624,0.000834962383678996,0.000916865537109928,0.00100648838421072,0.00110446381604362,0.00121156325230691,0.00132856949699061,0.0014563416826245,0.00159581405544589,0.00174795247368005,0.00191390355351546,0.00209471723897306,0.00229174057084835,0.00250610735977165,0.00273943533721846,0.00299295850435424,0.00326863481266794,0.00356773750862165,0.00389249045886296,0.00424416828089224,0.00462551286288923,0.00503794352666915,0.00548475637414182,0.00596714307501553,0.00648875752581439,0.00705081095948795,0.00765775862297023,0.0083103121373648,0.00901355754561564,0.00976803620142574,0.0105794218210781,0.011447314532582,0.012378704857403,0.0133720887884429,0.0144350493284853,0.0155660512962957,0.0167715873665959,0.0180505614996001,0.0194084400594754,0.0208436737910247,0.0223605091370586,0.023957162983472,0.0256364936124032,0.027395321330832,0.0292344969813103,0.0311494908692247,0.0331383825389285,0.0351948461195693,0.0373134955283848,0.0394860772890036,0.0417023585412324,0.0439515874008592,0.0462187121573692,0.0484899091722903,0.0507426366728463,0.0529607676681895,0.0551162225934228,0.0571912768423641,0.0591497198415237,0.0609711391246483,0.0626106768990064,0.0640481152472348,0.065234941120803,0.0661568065277389,0.0667586990272255,0.0670305902890668,0.0669219967872041,0.0664388892091326,0.0655274780558263,0.0642081953793382,0.0624420533927763,0.0602776999105703,0.0576849046889336,0.0547344819112482,0.0514167532316263,0.0478427592369002,0.0440031963549494,0.0400292523272627,0.035938847532032,0.0318574186784052,0.0278275319200832,0.0239483173283045,0.0202718424597182,0.0168712990026135,0.0137808936033993,0.0110368919140651,0.00865522019353798,0.00663471468519527,0.00496976798322936,0.00362259294275433,0.00257542551102765,0.00177171252176028,0.00118865644497687,0.000762502497228957,0.000479016606088269,0.000281674416633724,0.000165107334466863,8.60011286413425e-05,4.69795000559985e-05,2.04106881873949e-05,1.13245047675723e-05,3.78442852532008e-06,2.14769060006959e-06,3.85299781391586e-07,2.09387583649427e-07,2.35048280391735e-07,-2.46653604098084e-07,2.59208485135953e-07,-2.14017043250644e-07,1.43168166371677e-07,-1.28487488916275e-07,1.11799618983739e-07,-1.03380855684142e-07,7.27469938700672e-08,-7.69200001631678e-08,0
57384416.4830239,0,1.45703978585505e-07,2.34951262217288e-08,1.64615590521215e-07,5.53838690410873e-08,1.98961573665315e-07,8.39791821815916e-08,2.39088770354592e-07,1.43370806999375e-07,2.65132966470522e-07,2.30277169322575e-07,3.05530473222735e-07,3.22224076189924e-07,3.77576860733658e-07,4.22021282786604e-07,4.79970814168406e-07,5.41825631299419e-07,6.12528719471347e-07,6.91504251766142e-07,7.80172613798057e-07,8.79625016129532e-07,9.90958634798188e-07,1.11576786451353e-06,1.25529357634791e-06,1.41157372424398e-06,1.58606095624787e-06,1.78129747015164e-06,1.99907295672558e-06,2.24258918564326e-06,2.51381463180498e-06,2.81685815407519e-06,3.15406687168867e-06,3.5304405705551e-06,3.94918101654535e-06,4.41600355949555e-06,4.9349268373354e-06,5.51262481766236e-06,6.15451446969262e-06,6.86866444347321e-06,7.66172849107072e-06,8.54320085255271e-06,9.52153035852127e-06,1.0607958135995e-05,1.18129791625817e-05,1.31499290010777e-05,1.46318914452297e-05,1.62747789044701e-05,1.80953229890579e-05,2.01122567561316e-05,2.23459800054751e-05,2.4818275303873e-05,2.75547893096313e-05,3.05814662651571e-05,3.39302720589457e-05,3.76313912990594e-05,4.17244784890873e-05,4.62444656224087e-05,5.12400091277672e-05,5.67516354234637e-05,6.28397859640037e-05,6.95521898397648e-05,7.69651831320044e-05,8.51342538494012e-05,9.41522134018773e-05,0.000104081631233428,0.00011503675048617,0.000127091451440379,0.000140387334120874,0.000155004636278717,0.000171117169088374,0.000188825150260796,0.000208339467486745,0.000229759259930856,0.000253354349695373,0.000279240272950305,0.000307728499405409,0.000338975575730149,0.000373325929753838,0.000410993879545177,0.000452365815117024,0.000497711126238857,0.000547470139376035,0.000601979170983145,0.000661740492001267,0.00072716560949996,0.000798832949319344,0.000877249915491161,0.000963065818625535,0.00105688928158354,0.00115946146596232,0.0012715331844918,0.00139392761948029,0.00152754171409651,0.00167330459491417,0.00183231725975881,0.00200558783730274,0.00219441169527158,0.00239988176859422,0.002623551382832,0.00286660637638634,0.00313092838197104,0.00341774468859776,0.00372919332207594,0.00406650428508963,0.00443231354892347,0.00482799051112999,0.00525670210174199,0.00571960452182901,0.00622021773560448,0.00675971347351958,0.00734237456775048,0.00796890020034704,0.00864418227648004,0.00936876148525513,0.0101481019027004,0.010981832431573,0.0118766758494999,0.0128312218112041,0.0138527796720465,0.0149398989130242,0.0160988175525664,0.0173285008609848,0.0186342283052766,0.0200145288341223,0.0214735039083014,0.0230094815829431,0.0246252421707115,0.0263177377417226,0.0280877732435066,0.0299309918034894,0.031845598746462,0.0338255644882726,0.0358656638321275,0.0379578813839733,0.0400924068132327,0.0422589658418141,0.0444430550203265,0.0466312040405571,0.0488016865766656,0.0509390810327454,0.0530163381866456,0.0550161796138477,0.0569036561431051,0.0586592197762788,0.0602395304470749,0.0616249498281513,0.0627688506285259,0.0636574863175157,0.0642376250869164,0.0644994350027723,0.0643945309187889,0.0639287859424817,0.0630501191527197,0.0617783635715284,0.0600762663956475,0.0579906957894232,0.0554921755364786,0.0526496384208136,0.0494540590666487,0.0460120417928541,0.0423142949466842,0.0384881812202021,0.034551139609486,0.0306233917780572,0.0267455483515309,0.0230135018484238,0.019477528767594,0.0162077523448461,0.0132367422613744,0.0105989553129723,0.00831001947157192,0.00636912203687305,0.00477045572363545,0.00347667647947767,0.0024707394783174,0.00169902159808258,0.00113999182191512,0.000731515848938192,0.000459443445670628,0.000269790800901243,0.000157972680229514,8.22855560384467e-05,4.50874244496604e-05,1.96634353833988e-05,1.08156754173869e-05,3.48332544483394e-06,2.04757159406384e-06,4.64600271507168e-07,2.06328738578574e-07,1.66091444980717e-07,-2.40843730366362e-07,2.80890979557832e-07,-2.05222695719202e-07,1.21438362324764e-07,-1.21450312790732e-07,1.14550057658186e-07,-1.0139251130964e-07,6.72502486701801e-08,-7.28220351477302e-08,0
58727866.1318949,0,1.39437432412659e-07,2.24797386419025e-08,1.57518489663168e-07,5.29588120029015e-08,1.90416171230124e-07,8.02909346991982e-08,2.28752949482594e-07,1.37158985050848e-07,2.53595392240189e-07,2.20292440429944e-07,2.92212327558518e-07,3.0819522455291e-07,3.61096733453298e-07,4.03589859721241e-07,4.58977163385624e-07,5.18099102766792e-07,5.85670925519701e-07,6.61145576023556e-07,7.45877977824943e-07,8.40910734115262e-07,9.47290209887651e-07,1.06653889223392e-06,1.19984100364584e-06,1.34914279966664e-06,1.51583035120024e-06,1.70233145459573e-06,1.91035279013856e-06,2.1429511129031e-06,2.40200529993597e-06,2.69143928871725e-06,3.01349079816209e-06,3.37293308620766e-06,3.77282538660883e-06,4.21862530444582e-06,4.71416834989273e-06,5.26582335726457e-06,5.87876292739528e-06,6.56069319251567e-06,7.31796925606474e-06,8.15965847118009e-06,9.09383583559814e-06,1.0131238927518e-05,1.12818930131196e-05,1.25585378225392e-05,1.3973681105919e-05,1.55425333526038e-05,1.7281087190466e-05,1.92072382909199e-05,2.13404789510177e-05,2.37016317892631e-05,2.63152315257689e-05,2.92061058135913e-05,3.24048053931922e-05,3.59401701270696e-05,3.98501067201362e-05,4.41680224659806e-05,4.8940412383937e-05,5.4206042411913e-05,6.0022714168925e-05,6.64360749004567e-05,7.35190948295295e-05,8.13249338041706e-05,8.99423668034849e-05,9.94311997690703e-05,0.000109900619401194,0.000121421410743564,0.000134129081100444,0.000148100483084148,0.000163501812029905,0.000180428976129115,0.000199083614761749,0.000219560834622282,0.000242119030712594,0.000266868892671689,0.000294108458938932,0.0003239881639478,0.00035683774700329,0.000392862263817576,0.000432431493989522,0.000475803889921476,0.000523401357939531,0.000575546408945721,0.000632720349317491,0.000695318134336502,0.000763894325972839,0.000838935032645851,0.000921062686130455,0.00101086176438181,0.00110904366429153,0.00121632886667486,0.00133350675716555,0.00146143795524553,0.00160101562112102,0.00175329704317948,0.00191924985896969,0.00210011801935407,0.00229695461258313,0.00251125276257711,0.00274415221560402,0.00299746069852371,0.00327236242926927,0.00357091218094884,0.00389429506522043,0.00424504330991465,0.00462447985677416,0.00503565111839452,0.00547967583757033,0.00595993399210005,0.00647756428139583,0.00703669552569308,0.00763801650244254,0.00828622428377049,0.00898184525549878,0.00973013246916921,0.0105307625859059,0.0113902143212843,0.0123071454275493,0.0132885718716946,0.0143331293852866,0.0154468476353685,0.0166287466538828,0.0178839186912401,0.0192109802993702,0.0206138780102751,0.0220910088567404,0.0236450698161121,0.0252731637306352,0.0269761192262748,0.0287497556651996,0.0305923032178593,0.0324979288302235,0.0344616838158198,0.0364759070215087,0.03853112432816,0.0406173726110319,0.0427206753806269,0.0448281494156348,0.0469189056336261,0.0489779511140973,0.0509791531287173,0.0529059869172235,0.0547247907427716,0.0564165138171947,0.0579394520441683,0.0592748006491484,0.0603774805249485,0.0612340659467998,0.0617933886665193,0.0620461979268837,0.0619455492156653,0.0614970679344995,0.0606509586846126,0.0594261761569515,0.0577865504372816,0.0557778844690094,0.0533718896953008,0.0506345576431228,0.0475570694367728,0.0442432162739545,0.0406841130963281,0.0370016482060577,0.0332123241691069,0.0294329118069838,0.0257026965430707,0.0221132240687844,0.0187127348579559,0.0155688363233048,0.0127129522319471,0.0101781654055521,0.0079790541315243,0.00611421716856184,0.00457821368470144,0.00333576079074952,0.00237075866645798,0.00163044750777785,0.00109343332256456,0.000700813004209638,0.000440052512985169,0.000258738625099574,0.000151731502265164,7.89332849053641e-05,4.30106999222534e-05,1.85803416484144e-05,1.03653419087634e-05,3.52094367530486e-06,1.98011901525206e-06,3.26587809071393e-07,1.83933335032086e-07,2.09651064680975e-07,-2.29060573244913e-07,2.59913159203469e-07,-2.01866563138129e-07,1.12740501352346e-07,-1.07499194822019e-07,1.13687441224777e-07,-1.06555093514395e-07,6.35564056160336e-08,-6.554306103301e-08,0
60102767.8207039,0,1.32909115012601e-07,2.13944788087792e-08,1.50143536865921e-07,5.04594771514919e-08,1.81454781024683e-07,7.64671712442604e-08,2.18047995974474e-07,1.30593142830837e-07,2.41720022812842e-07,2.09840723769367e-07,2.78468826137101e-07,2.93646009095248e-07,3.44089734171997e-07,3.84576369097265e-07,4.37374565208762e-07,4.93726835889383e-07,5.58140774913734e-07,6.30090406278031e-07,7.10871676978033e-07,8.01478120480493e-07,9.0290848463237e-07,1.01661507123453e-06,1.14373114322618e-06,1.28611477957743e-06,1.44509168733916e-06,1.62298096754701e-06,1.82141480932947e-06,2.04331076121587e-06,2.29046820949689e-06,2.56663688883416e-06,2.87395986249807e-06,3.21699885752219e-06,3.59868006387433e-06,4.02421670319892e-06,4.49727977027888e-06,5.02395766953111e-06,5.60919182903151e-06,6.26034767452868e-06,6.98351175793147e-06,7.78735547614429e-06,8.67959362578431e-06,9.67047964985582e-06,1.0769588215045e-05,1.19890939937496e-05,1.33409512683772e-05,1.48397019709727e-05,1.65006375266283e-05,1.83408691903637e-05,2.03790111487552e-05,2.2634944718606e-05,2.51321126064403e-05,2.78942546295065e-05,3.09505594281738e-05,3.43285902563165e-05,3.80646074016161e-05,4.21905572937513e-05,4.67508591636625e-05,5.17825744039291e-05,5.73410078553103e-05,6.34698737489681e-05,7.02389538971592e-05,7.76989786872072e-05,8.59348184002697e-05,9.50038293829621e-05,0.000105010462111374,0.000116022392303587,0.000128169317005246,0.000141524899602581,0.000156248066938126,0.00017243063823425,0.000190265653822218,0.000209844461286714,0.000231414305541325,0.000255081230175882,0.000281130297636467,0.000309705595720194,0.000341122758977339,0.000375578831971937,0.00041342846303646,0.00045491915719199,0.000500454613974844,0.000550344292741914,0.000605049597015586,0.000664948953784525,0.000730574024019602,0.000802391563790251,0.000880998359897157,0.000966955563837159,0.00106094655443459,0.00116366229443023,0.0012758591909301,0.00139836316674312,0.00153203312199499,0.00167788459705855,0.00183684655941367,0.00201011289173108,0.00219869556297926,0.00240402790044155,0.00262720888540979,0.00286997659149701,0.00313346779305487,0.00341965475427105,0.00372968280225144,0.00406598540480809,0.00442983727353747,0.00482416408304013,0.00525004902263351,0.00571074461195819,0.00620735630084038,0.00674385023829513,0.00732089461347116,0.0079430065353678,0.00861071176956827,0.00932906433311406,0.0100977648995675,0.0109230352689439,0.0118036144337518,0.0127462599911702,0.013749674296462,0.0148196652504771,0.0159553062966063,0.0171614911064039,0.0184369250027892,0.0197854417006992,0.0212055057201056,0.0226996950200816,0.024265238322896,0.025902966372989,0.0276088735239209,0.0293812710518638,0.0312145642235652,0.03310399046177,0.0350421659169177,0.0370199877619542,0.0390278615014066,0.0410523423503226,0.043081012460235,0.0450937246836749,0.0470760213903061,0.0490027850401782,0.05085805391709,0.0526093371883608,0.0542382904903281,0.0557047392922958,0.056990495269491,0.0580521078032974,0.0588766949376787,0.0594150031433303,0.0596579824221234,0.0595604457144433,0.0591280124415828,0.0583125961264227,0.0571326354474975,0.0555534181465914,0.0536189794801928,0.0513021708444129,0.0486669168071357,0.0457047761507021,0.0425155662509774,0.0390906648611648,0.0355478769993841,0.0319031893691717,0.0282688070234463,0.0246822759658161,0.0212318855095052,0.0179639105167519,0.0149432727688905,0.012200067819845,0.00976576955356379,0.00765432980591653,0.00586427935172087,0.00439043677999837,0.00319853907662218,0.00227274023920328,0.0015624526161691,0.00104773256033342,0.000671730353828918,0.000421882982450564,0.000247815067636112,0.000145149886907248,7.55182215032374e-05,4.13019734937468e-05,1.79274180366214e-05,9.95562502806171e-06,3.2950563523342e-06,1.85943519200422e-06,3.4037545534744e-07,2.00848864961261e-07,2.10386762738164e-07,-2.34108726855805e-07,2.27636681851937e-07,-1.78541290041145e-07,1.26627242232676e-07,-1.2118376697911e-07,1.01983534461506e-07,-8.8075370239263e-08,6.1020174618328e-08,-6.81920763993789e-08,0
61509857.885805,0,1.2697334036657e-07,2.04402443848952e-08,1.43436716375627e-07,4.81839924039169e-08,1.73358971932613e-07,7.30341979407303e-08,2.08288900055167e-07,1.24738849689292e-07,2.30903847509398e-07,2.00417360959551e-07,2.66002906022503e-07,2.80464241882877e-07,3.28664238757241e-07,3.67320065165767e-07,4.17754541898797e-07,4.71576315925361e-07,5.33103735554991e-07,6.01830475046968e-07,6.7899754846878e-07,7.65554510215046e-07,8.62455595424374e-07,9.71088741321006e-07,1.09253743871963e-06,1.2285768523353e-06,1.38047460102283e-06,1.55044630469423e-06,1.74005079271834e-06,1.95207562034399e-06,2.18824120313798e-06,2.45212701039031e-06,2.74577971903104e-06,3.0735599461344e-06,3.43826442610955e-06,3.84487050485018e-06,4.29688088493736e-06,4.80011305622356e-06,5.35929490915403e-06,5.98146823619703e-06,6.6724408830336e-06,7.44049363671327e-06,8.29300062931923e-06,9.23976682317141e-06,1.02899458835376e-05,1.14551771618417e-05,1.2746886484306e-05,1.41789676806523e-05,1.57660311606134e-05,1.75244238293187e-05,1.94719351220586e-05,2.16275852190041e-05,2.40138061300768e-05,2.66533017016415e-05,2.95739703203698e-05,3.2802143108446e-05,3.63724764671283e-05,4.03155348795212e-05,4.4673768432865e-05,4.94825681803232e-05,5.4794834708494e-05,6.06524512953784e-05,6.71221623219095e-05,7.42525088909949e-05,8.21246402325586e-05,9.07934157228114e-05,0.000100358732235146,0.000110885322785053,0.000122497232165071,0.000135265025742221,0.000149340704441503,0.000164812288657206,0.000181864511609086,0.000200584856991676,0.000221209802230808,0.00024384093985149,0.000268751283170396,0.000296079102786989,0.000326126411267866,0.000359082029406369,0.000395285271564185,0.000434973521698686,0.000478533835275129,0.000526263007405184,0.000578603091410402,0.000635916521168486,0.000698712282149067,0.000767438579069496,0.000842668301188262,0.000924938618337219,0.001014903404007,0.00111322619203089,0.00122063419323446,0.00133791964074449,0.00146590635197771,0.00160556942086687,0.00175780127675171,0.00192374666767806,0.00210437682283348,0.00230106811234321,0.00251487744761674,0.00274747176486817,0.00299994381190449,0.00327418849062349,0.00357131040122962,0.00389364708103069,0.00424242666567585,0.00462046066418322,0.00502879650675882,0.00547055832707359,0.00594681524738222,0.00646137717258081,0.00701490220323868,0.0076117366576132,0.00825240017051389,0.00894174521567383,0.00967949733685887,0.0104716438669938,0.0113169977448579,0.0122220555255092,0.013185590661764,0.0142131862428715,0.0153039934389863,0.0164627359411566,0.0176881612011093,0.0189839529740035,0.0203486706018119,0.02178482005814,0.0232897507732537,0.0248642820543371,0.0265045919267047,0.0282090654792346,0.0299723149751373,0.0317897694987732,0.0336543024417908,0.0355571709152886,0.0374892031161245,0.0394375018577248,0.0413900231994025,0.0433272516925055,0.0452353221711626,0.0470901672964875,0.0488763642638563,0.050562563013839,0.0521311156818313,0.053543277521873,0.0547814394699932,0.055803841360705,0.0565981502814616,0.0571167237336048,0.0573508069409913,0.0572571360427509,0.0568412172311332,0.056056472939107,0.0549208049247642,0.0534010141338847,0.051539439351267,0.0493097697687088,0.0467740302667019,0.0439242749553465,0.0408562936016188,0.0375615706937586,0.0341540985964681,0.030649334992301,0.0271550369323223,0.0237071295638399,0.0203905557588869,0.017249985791854,0.0143477189769808,0.0117122730202634,0.00937376312088219,0.007345843253203,0.0056272925454954,0.00421277838393515,0.00306860900427416,0.0021796755082224,0.00149798230479598,0.00100465350811796,0.000644266485378764,0.000404472856705616,0.000237315968595904,0.000138917888374422,7.22635564685043e-05,3.95986373291394e-05,1.72369722076882e-05,9.48979973656159e-06,3.0427241289901e-06,1.79434559552359e-06,4.07655778572359e-07,1.78515404704465e-07,1.46923495778713e-07,-2.13733055327254e-07,2.48831684374652e-07,-1.81890279391689e-07,1.07707103089343e-07,-1.07281639173565e-07,1.01016405364367e-07,-8.938918488808e-08,5.94082094977219e-08,-6.41238616416291e-08,0
62949889.9022189,0,1.20810086222708e-07,1.94497093296726e-08,1.3648020853768e-07,4.58608265936104e-08,1.64965563039141e-07,6.95084767056996e-08,1.98248719772523e-07,1.18721059617746e-07,2.19810741688648e-07,1.9078893054183e-07,2.53258584178664e-07,2.67044056583248e-07,3.12966644948737e-07,3.49802599544233e-07,3.97862689957124e-07,4.49155587319291e-07,5.07795137213083e-07,5.73298397015959e-07,6.46845523533464e-07,7.29341537036882e-07,8.21700119801995e-07,9.25245466566371e-07,1.04100768315183e-06,1.1706786920963e-06,1.31546740452253e-06,1.47748453515933e-06,1.65821933204603e-06,1.86033345777682e-06,2.08546346332374e-06,2.33702248230246e-06,2.61696494800902e-06,2.92944543597902e-06,3.27712908956205e-06,3.664771098077e-06,4.09572058627969e-06,4.57553353201031e-06,5.10871883162777e-06,5.70198487010936e-06,6.36087617330847e-06,7.09330483805802e-06,7.90631399327669e-06,8.80926464124734e-06,9.81090467369492e-06,1.09223454685189e-05,1.21544970090892e-05,1.35206229961731e-05,1.50346673013017e-05,1.67122577548348e-05,1.8570421706445e-05,2.06273393641757e-05,2.29044128222925e-05,2.5423302668574e-05,2.82106690784435e-05,3.12917301562545e-05,3.46996367129081e-05,3.84636326940898e-05,4.2624310134943e-05,4.72155024869461e-05,5.22877388132331e-05,5.78810949397156e-05,6.40593484317468e-05,7.08688601555395e-05,7.83871841092646e-05,8.66669026532361e-05,9.58037074556745e-05,0.000105859779298431,0.000116953565972305,0.000129152297400529,0.000142601517374798,0.000157385877078779,0.000173682013714437,0.000191573381653421,0.000211286119401764,0.000232918138199844,0.000256730590637794,0.000282855784435238,0.000311583108417385,0.000343093260223072,0.000377711046210837,0.000415664200270928,0.00045732354570194,0.000502973368064262,0.000553036765012576,0.000607861575584566,0.000667935677532382,0.000733688184509108,0.000805668544938288,0.000884392671745312,0.000970487320156199,0.00106458791648094,0.0011673920459031,0.00127966015868897,0.00140218243763656,0.00153589436288793,0.00168165469646949,0.00184056391369443,0.00201355394469914,0.00220194258372091,0.00240674442914407,0.00262956217702162,0.00287145085882714,0.00313423069716537,0.00341896283408245,0.00372789044912824,0.00406219842921577,0.00442458583780045,0.00481606250866795,0.00523963211317538,0.00569632869079617,0.00618980969239988,0.00672072143956114,0.00729323983371456,0.00790787122541276,0.0085692838834161,0.0092772290720845,0.010037459352266,0.0108488588065974,0.0117176674596029,0.0126427185493061,0.013629385659205,0.0146768694148749,0.0157897208832495,0.0169667478634737,0.0182115059461189,0.0195226513831228,0.0209026210954197,0.0223488464990158,0.0238620788378922,0.0254386639840457,0.0270771091282677,0.0287722504914116,0.0305196828113584,0.0323125789021561,0.0341425299583763,0.0360006340184373,0.0378744511046682,0.0397524764066728,0.0416160501042507,0.0434517145155434,0.0452361919670073,0.0469546792890243,0.0485770676980172,0.0500862879447142,0.0514450564978566,0.0526364601114118,0.0536201764214004,0.0543842628032012,0.054883057660933,0.0551082231090226,0.0550178630021171,0.0546172392873186,0.053861823384736,0.0527688343209018,0.0513061536094097,0.0495148500378682,0.047369849960039,0.0449305510676283,0.0421891782565762,0.0392387045468528,0.0360709800875515,0.0327952654464027,0.0294261711237005,0.0260677768538371,0.0227548232251073,0.0195688069012614,0.0165522946204845,0.0137650735299063,0.0112348300068758,0.00899045017952813,0.00704453631585474,0.00539524238257674,0.00403784370144059,0.00294065411390242,0.00208900027942948,0.00143564179719247,0.000962239740826262,0.000616516961508125,0.000387117615482215,0.000227348342337223,0.000133172350993446,6.92025020087654e-05,3.77718442220689e-05,1.63129984981888e-05,9.1118058221237e-06,3.05656478538434e-06,1.69910539689285e-06,2.85009139368073e-07,1.86723981597482e-07,1.94467905897296e-07,-2.19443779114557e-07,2.1877502613518e-07,-1.68123383684235e-07,1.09597459260324e-07,-1.04306444528045e-07,9.44858112798778e-08,-8.59744173835898e-08,5.82410113392816e-08,-6.11788268001361e-08,0
64423635.0872137,0,1.15836577772716e-07,1.85891950632832e-08,1.30833335686015e-07,4.38349140094922e-08,1.58128927277459e-07,6.63817466342855e-08,1.89962263231163e-07,1.13483691072336e-07,2.10456258808567e-07,1.82478455281374e-07,2.42317180195544e-07,2.55406785434491e-07,2.9932086766505e-07,3.34490892713e-07,3.80410781292446e-07,4.29403167651846e-07,4.85414579889705e-07,5.47976167503315e-07,6.18220318579472e-07,6.97009472388193e-07,7.85213588224498e-07,8.84097216394484e-07,9.94646912812553e-07,1.11847805277346e-06,1.25674314342884e-06,1.4114555210014e-06,1.58403577596194e-06,1.77702614623434e-06,1.9919934641748e-06,2.23219266180677e-06,2.49948204339121e-06,2.79782896258625e-06,3.12978734611051e-06,3.49989066424693e-06,3.9113207701133e-06,4.36938530705055e-06,4.87840776398253e-06,5.44479416786849e-06,6.07382270437569e-06,6.773043554983e-06,7.54919721919556e-06,8.41122612711905e-06,9.36746899669718e-06,1.0428541160235e-05,1.16048993493695e-05,1.29092357975196e-05,1.43548529857863e-05,1.59566471816423e-05,1.77308820668065e-05,1.96949360393056e-05,2.1869238204405e-05,2.42744963962171e-05,2.69362517958662e-05,2.9878593379432e-05,3.31330696054215e-05,3.67275663290929e-05,4.07009363045932e-05,4.50856164761543e-05,4.99298773513232e-05,5.52719135138409e-05,6.1172716523101e-05,6.76768396998281e-05,7.48584104795189e-05,8.27675767518802e-05,9.14956955298665e-05,0.00010110211767876,0.000111700158403412,0.000123354507031363,0.000136204242212841,0.000150330036210252,0.000165900868337754,0.000182997122067622,0.000201834978539623,0.000222507645286437,0.000245265168608391,0.000270234806373716,0.000297693041167855,0.00032781293579062,0.000360905365766729,0.000397188402818996,0.000437016796155165,0.000480662621685684,0.00052853104054356,0.000580955511942523,0.000638403975035674,0.000701287966420103,0.000770132454084943,0.000845431015028495,0.000927785576979237,0.00101780608146509,0.00111616112533434,0.0012235806686199,0.00134082219340829,0.00146878094190165,0.00160828099262278,0.00176037763149226,0.00192596569065865,0.0021063126484611,0.00230239395189539,0.00251574323248793,0.00274737352004619,0.00299903450299993,0.00327175066519546,0.00356767596299398,0.0038879502343015,0.00423516406693498,0.00461029387002625,0.00501622048644791,0.00545394175451978,0.00592697671271769,0.00643596048105758,0.0069848958368232,0.00757427530440214,0.00820859015478506,0.0088876236704134,0.00961689581986128,0.0103953470847021,0.0112289817297907,0.012116704103089,0.0130636766103945,0.0140691433600293,0.0151374848902229,0.0162675815660985,0.0174628608116785,0.0187220471643317,0.0200474934546692,0.0214367433999915,0.0228905397315903,0.0244053844510584,0.0259798633696716,0.0276090097604415,0.0292885627123668,0.0310119967080108,0.0327712800861252,0.034557841431551,0.036359684715958,0.0381657258597294,0.0399580078351872,0.0417236136417401,0.043440171110931,0.0450933786941391,0.0466542187156884,0.04810624771671,0.0494136129214888,0.0505601057937924,0.0515069069869408,0.0522424055392224,0.0527225779079371,0.0529394405517687,0.0528528106610638,0.0524678463297418,0.0517415814666234,0.0506905701185072,0.0492839733574762,0.0475615054422204,0.0454989308446999,0.0431536697247997,0.0405181908633277,0.0376818009241101,0.0346369248326736,0.0314887945411515,0.0282512952906841,0.0250244469184942,0.0218417123604662,0.0187815534664475,0.0158846070431653,0.0132082591859029,0.0107791256119807,0.00862460765030999,0.00675686942115812,0.00517430985715064,0.0038723120897691,0.0028197290713666,0.00200242516653448,0.00137582834131502,0.000922425727446453,0.000591068338874186,0.00037084206805654,0.000217617379928759,0.000127600198931057,6.63338232837196e-05,3.61684651576108e-05,1.5640381239052e-05,8.72054545484456e-06,2.8596419525678e-06,1.6348328434603e-06,3.35289751440265e-07,1.63881988045217e-07,1.43435341931964e-07,-1.96303825447242e-07,2.32878148713229e-07,-1.71280132188335e-07,9.44749602854724e-08,-9.53997666960439e-08,9.60976939088606e-08,-8.37195112343845e-08,5.28466893382233e-08,-5.84001361903509e-08,0
65931882.7133354,0,1.10775148627356e-07,1.77718572256958e-08,1.25114847251542e-07,4.18987158896922e-08,1.51223397782003e-07,6.34509135618655e-08,1.81649685605192e-07,1.08490516873707e-07,2.0122938902448e-07,1.74455605411846e-07,2.31674530049076e-07,2.44172797709652e-07,2.86152291816223e-07,3.19762798882852e-07,3.63650061256073e-07,4.10470446112667e-07,4.6399732564026e-07,5.23781726876437e-07,5.90905885634026e-07,6.66194233451265e-07,7.504788621721e-07,8.44967664774302e-07,9.50600920586735e-07,1.06892229179045e-06,1.20103547586083e-06,1.34886477592008e-06,1.51376592171462e-06,1.69816979305131e-06,1.903576189009e-06,2.13309273545772e-06,2.38849398743292e-06,2.67357671352315e-06,2.99078944929856e-06,3.34446412333164e-06,3.73763812572106e-06,4.17538711195347e-06,4.66185749146035e-06,5.20317451893501e-06,5.80437101897725e-06,6.47265357800434e-06,7.21446666628755e-06,8.03836412515996e-06,8.9523348464254e-06,9.96653873710674e-06,1.10909436957568e-05,1.23376337682577e-05,1.37193221362447e-05,1.52502860804978e-05,1.69461009651822e-05,1.88234016127515e-05,2.0901723794339e-05,2.32008460945296e-05,2.57451901459442e-05,2.85578117085597e-05,3.16688602681642e-05,3.51050051685429e-05,3.89034602735064e-05,4.30952613066762e-05,4.77265259732988e-05,5.28338081178468e-05,5.8475493772406e-05,6.4694265450603e-05,7.15610315279294e-05,7.91237315719034e-05,8.74697967941292e-05,9.66560874525921e-05,0.000106790989516089,0.000117936553484157,0.000130225862077562,0.000143735956076608,0.000158628300135343,0.000174980164707631,0.000192998914391691,0.000212773922530366,0.000234544269021169,0.000258431779039913,0.00028470112051425,0.000313518308863064,0.000345181056036593,0.000379897937176214,0.000418008786774583,0.000459775292138871,0.000505585777688792,0.00055575923251185,0.000610743753048871,0.000670933977785687,0.000736834065655657,0.000808918036403147,0.000887762268603909,0.000973951100097291,0.00106812574372538,0.00117098607711032,0.00128325902937546,0.00140580280469874,0.001539407447827,0.00168508756218438,0.00184370527170136,0.00201647526162354,0.00220433254971442,0.00240875047181142,0.00263070436412634,0.00287187136766409,0.00313323475285087,0.00341686303550701,0.00372385636065195,0.00405670332391276,0.00441634810304605,0.00480555787503354,0.00522529670493041,0.00567894521677391,0.00616711837924966,0.0066936614409463,0.00725906355409739,0.00786764011850944,0.00851919898779868,0.00921903794334778,0.00996614027751012,0.0107662833359875,0.0116184504402685,0.0125275927153358,0.0134929895279237,0.0145188779020606,0.0156041949006494,0.0167522299525825,0.0179617557788777,0.0192350484985656,0.0205697899862959,0.0219667205225526,0.0234224639688243,0.0249356102077773,0.0265014117163385,0.0281158780542008,0.0297726945719875,0.031464062137932,0.0331817738219842,0.0349143488382883,0.0366510669235895,0.038374646835895,0.0400726794931816,0.0417236016599967,0.0433136080844859,0.0448148536598946,0.0462115951203511,0.0474692091844678,0.0485718323402789,0.0494822253843406,0.0501894876135697,0.0506512342152365,0.0508596640346062,0.05077609939798,0.0504053856886766,0.0497062218555587,0.0486949814748151,0.0473420635604585,0.0456852994930458,0.0437012674534291,0.0414456281049664,0.038911677922898,0.0361850728085377,0.0332578839216225,0.0302318444268442,0.0271206784108736,0.0240203905182634,0.0209628709968975,0.0180234908884064,0.0152412675849079,0.012671457324747,0.0103397166445902,0.00827198148672402,0.00647949558505336,0.00496087875510453,0.00371191568453534,0.0027025795901513,0.00191926998789499,0.0013185106271299,0.00088342305606085,0.0005657927450212,0.000355332619559903,0.000208642168410812,0.000122036191886716,6.3254132181861e-05,3.46503727806376e-05,1.50583026693679e-05,8.31266158348554e-06,2.7073282736021e-06,1.58429599249311e-06,3.00843451254192e-07,1.46906549620805e-07,1.65598578014083e-07,-1.92869297587719e-07,2.06117258856098e-07,-1.57037336758992e-07,9.65476293425583e-08,-9.3190623454994e-08,8.93817169052519e-08,-8.30453390766545e-08,5.35784084514756e-08,-5.4060326344348e-08,0
67475440.5311069,0,1.05297245746736e-07,1.69416545932725e-08,1.18949737161371e-07,3.99465909167509e-08,1.43779006531321e-07,6.05283904990534e-08,1.72780990962207e-07,1.03401978057128e-07,1.91542066196046e-07,1.66200532176399e-07,2.20651890193197e-07,2.32635962291383e-07,2.72644953849469e-07,3.04722544612833e-07,3.46583407956272e-07,3.9125627133597e-07,4.42328459733319e-07,4.99377558518984e-07,5.63432698306228e-07,6.35282164449255e-07,7.15721614378142e-07,8.05904429627657e-07,9.06727484474922e-07,1.01966417458269e-06,1.14576852904962e-06,1.28687851197189e-06,1.44429048059406e-06,1.62032489367589e-06,1.81640990115984e-06,2.03551497255117e-06,2.27933981412366e-06,2.55150737095784e-06,2.85434539604611e-06,3.19199448459724e-06,3.56736718047301e-06,3.98530744974968e-06,4.44975765050877e-06,4.96656478475061e-06,5.54054974523388e-06,6.17860562078271e-06,6.88688420635015e-06,7.67355073694217e-06,8.54622418392142e-06,9.51458967521647e-06,1.0588177729293e-05,1.17785629800313e-05,1.30978849554835e-05,1.45597474662365e-05,1.61790094478383e-05,1.79715608806464e-05,1.99560863063961e-05,2.21514949508899e-05,2.45810646229582e-05,2.7266786250125e-05,3.02375335729265e-05,3.35188428531622e-05,3.7146197268091e-05,4.11491835778623e-05,4.55719052376173e-05,5.04493601309608e-05,5.58373024398624e-05,6.17765035697699e-05,6.83347997666491e-05,7.55580370208463e-05,8.35296837026635e-05,9.2304212129257e-05,0.00010198538212066,0.000112632506803566,0.000124372741917883,0.000137279887645106,0.000151508269483897,0.000167131765534304,0.0001843484960503,0.000203244185907889,0.000224047560330179,0.000246875311498258,0.000271980531948965,0.000299522146776537,0.000329785101398205,0.000362969517074226,0.000399400722268815,0.000439328758970016,0.000483124964924142,0.000531095633410715,0.000583670300939748,0.000641226623794312,0.000704247075779421,0.000773186237696471,0.000848597304479621,0.000931040478558838,0.0010211297983559,0.00111953588628342,0.00122695631862428,0.00134421434046684,0.00147206782509645,0.00161148942668356,0.00176330642255027,0.00192868348881217,0.00210851942180943,0.00230422780130107,0.00251674604001858,0.00274768453623735,0.00299799028957772,0.00326964617947311,0.00356370943385935,0.00388256642735308,0.00422712530793762,0.00460004357854939,0.005002256057667,0.00543700780667253,0.00590489432566835,0.0064096070428816,0.00695162246137109,0.00753507674271767,0.00815979352858527,0.00883087874332365,0.00954738301636177,0.010314836411721,0.0111322656950936,0.0120044359676506,0.0129306737392351,0.0139150770718732,0.0149566464681879,0.0160585118610561,0.0172194968673003,0.0184418195281864,0.0197232797205754,0.0210645998555031,0.022462547496217,0.023915784565732,0.0254197411732219,0.0269705659068755,0.028562235408765,0.0301873126222343,0.0318378452010538,0.0335027046544558,0.0351716416397227,0.0368281839435047,0.0384603431446834,0.0400472655980015,0.0415757089303605,0.043018969213922,0.0443617172101043,0.0455706476520678,0.0466308204644986,0.0475063703580695,0.0481863089826774,0.0486300207840109,0.0488304620002337,0.0487502183209274,0.0483937607735695,0.0477217237718386,0.0467498037385535,0.0454490607308397,0.0438563402184078,0.041949953330112,0.0397827252376937,0.0373471024900625,0.034726815249432,0.0319154052974999,0.0290094276486057,0.0260210254253392,0.0230434979162792,0.0201079922271668,0.0172864945487535,0.0146163692932981,0.0121502652426772,0.00991252657707823,0.00792888138734346,0.00621051175695596,0.00475475513623016,0.00355668774383516,0.00258830165783746,0.00183779988129584,0.00126310639946656,0.000846619936106046,0.00054161214989438,0.000339528219197395,0.000199421360998131,0.000117021415383458,6.07591570778715e-05,3.31576860809535e-05,1.41979467946639e-05,7.79106583338635e-06,2.70807003264602e-06,1.6807072061953e-06,1.82352502027393e-07,1.5273460234515e-08,2.53896157531262e-07,-1.24170109844756e-07,1.22298740369428e-07,-1.60699363575122e-07,1.36033840489782e-07,-1.02664901446886e-07,7.15674711313767e-08,-6.58308658125567e-08,5.12594818664121e-08,-5.68878777938497e-08,0
69055135.2016233,0,1.00939408882226e-07,1.62427628363927e-08,1.14019380302339e-07,3.82676140305169e-08,1.37807781826765e-07,5.80015316682423e-08,1.65523147683975e-07,9.90954715946075e-08,1.83440306384905e-07,1.59201217094291e-07,2.11282263450825e-07,2.22745702997702e-07,2.61005346370414e-07,2.91675361721353e-07,3.31696978015251e-07,3.74401369866347e-07,4.23219647634832e-07,4.77747650647574e-07,5.38969290224386e-07,6.07638256041652e-07,6.84514146369293e-07,7.70699722403147e-07,8.67053385940684e-07,9.74983982300968e-07,1.09549772484346e-06,1.23035172678347e-06,1.38078562114243e-06,1.54901509289561e-06,1.7364060842978e-06,1.94579809136313e-06,2.17881840158779e-06,2.43892432429279e-06,2.72833799613857e-06,3.0510155998802e-06,3.40974609199199e-06,3.80915467472405e-06,4.2530011683923e-06,4.74687221590359e-06,5.29538318294475e-06,5.90512141881156e-06,6.58195856478539e-06,7.33369516399151e-06,8.16761571630827e-06,9.09297472354507e-06,1.01188688017452e-05,1.12563572364967e-05,1.25170620080312e-05,1.39140104390312e-05,1.54614050133857e-05,1.71744132580164e-05,1.90708825678411e-05,2.11688884820531e-05,2.34906798407397e-05,2.60572982424021e-05,2.88963770491356e-05,3.20323258620072e-05,3.54990724954261e-05,3.93249701858811e-05,4.35521990573115e-05,4.82142070890281e-05,5.33642912836101e-05,5.90413602108126e-05,6.53102079072946e-05,7.22147835993756e-05,7.98349887627463e-05,8.82229590217882e-05,9.74778292154247e-05,0.000107656267343734,0.000118879952988323,0.000131219755117026,0.00014482344929714,0.000159761478109918,0.000176223048795019,0.000194290550100426,0.000214182806680914,0.000236011546154942,0.000260019093744969,0.000286357433109935,0.000315299104126027,0.000347035973643768,0.00038187977195111,0.000420069974536003,0.000461962144652851,0.000507849913838926,0.000558144412977538,0.000613207486373422,0.00067350137552089,0.000739460957198949,0.000811615524651348,0.000890502866181044,0.000976712998039329,0.00107088845991709,0.00117369736348058,0.00128592958784804,0.00140831232608914,0.0015417767980013,0.00168711611833099,0.00184544826946975,0.0020176368014113,0.00220503684799289,0.00240854885564323,0.00262971650066798,0.0028694501466156,0.00312965480750438,0.00341134807143787,0.003716819200802,0.00404694734819796,0.00440428397738223,0.00478972754782362,0.00520638712597284,0.00565484278354733,0.00613864355214476,0.0066582554896897,0.00721764885141207,0.00781667252435064,0.00846022733690296,0.00914740462338545,0.00988350824533007,0.0106676232116523,0.011504347257585,0.0123930448782875,0.0133376107471433,0.0143371060447061,0.0153945986389925,0.0165089706212441,0.0176823358467485,0.0189125768149828,0.0202003876022063,0.021542682216094,0.022938201934355,0.0243825752550168,0.0258720938008913,0.0274009518098655,0.0289619950926004,0.0305476166821396,0.0321472066372782,0.0337509023914896,0.0353427554743526,0.0369111878217725,0.038436248041773,0.0399052322392829,0.0412923858704711,0.0425830280868506,0.0437452112025811,0.0447643369736091,0.0456058226312136,0.0462595311103548,0.0466863949312706,0.0468791284110734,0.0468019018449399,0.0464594522935403,0.0458136408397226,0.0448794529422239,0.0436295205887847,0.0420993412078537,0.0402673870904269,0.0381848738352612,0.0358454585261596,0.0333289129526926,0.0306280324138037,0.0278366631970164,0.024967455407811,0.0221091576790545,0.0192908095632268,0.0165822589455596,0.0140197359269699,0.011653248986486,0.00950626447627955,0.00760342920627986,0.00595487212400469,0.00455797499608085,0.00340915283253717,0.00248165527251485,0.00176231525315741,0.00121012791383414,0.000810417764265072,0.000519096565705939,0.000326048035803512,0.000191165731095655,0.000111806608195518,5.81104625098453e-05,3.17236518244448e-05,1.36049485424446e-05,7.68669135423036e-06,2.61644487392902e-06,1.35412805647059e-06,1.84642984373992e-07,2.13128505569377e-07,1.97566211778006e-07,-2.31829018045865e-07,1.6952305071191e-07,-1.10060736590461e-07,9.56575686541714e-08,-1.0882037339432e-07,8.37852583712272e-08,-6.1471182534961e-08,4.45973644952628e-08,-5.4916897791806e-08,0
70671812.7392749,0,9.58768275635319e-08,1.54384374644024e-08,1.08313776093354e-07,3.64111020016158e-08,1.30921475758581e-07,5.51798811053709e-08,1.57347850612053e-07,9.4244020971993e-08,1.74461507990139e-07,1.51454155156938e-07,2.01014803847496e-07,2.11979226524534e-07,2.48417393184961e-07,2.77667241239472e-07,3.15813508063916e-07,3.56533684949075e-07,4.03082931146585e-07,4.55083393718867e-07,5.13471438644725e-07,5.78967131634386e-07,6.52294596199656e-07,7.34505421038382e-07,8.26419472236015e-07,9.29381097781651e-07,1.04435108746175e-06,1.17300728013169e-06,1.31653389215666e-06,1.47704608932076e-06,1.65584791981707e-06,1.85565159342361e-06,2.07801064912609e-06,2.3262283265674e-06,2.60242722690594e-06,2.91038492681653e-06,3.25276243977264e-06,3.63397705512772e-06,4.05762297642935e-06,4.52904013559246e-06,5.05263608674609e-06,5.63470234721568e-06,6.28085086782365e-06,6.9985338559061e-06,7.79471281139951e-06,8.67823765637038e-06,9.65781253982114e-06,1.07440110806159e-05,1.19479410243534e-05,1.32820471035478e-05,1.47598892635668e-05,1.63959660955003e-05,1.82073683832157e-05,2.02114115559647e-05,2.24293594452426e-05,2.48812934661132e-05,2.75936168899876e-05,3.05896924591782e-05,3.39019142369772e-05,3.75573115627663e-05,4.15962201290733e-05,4.60507143616795e-05,5.0971786324559e-05,5.63966548505107e-05,6.23872125772403e-05,6.89854316389956e-05,7.62677450457854e-05,8.42841082342478e-05,9.31293066397597e-05,0.000102857363390374,0.000113584584162122,0.000125379083322744,0.000138382232361259,0.000152661233156503,0.000168396994380059,0.000185668280895312,0.000204684551805259,0.000225553095836885,0.000248505927008607,0.000273688232686196,0.000301360325974586,0.000331706372811854,0.000365025268164027,0.000401546146847023,0.000441609168400488,0.000485495492778355,0.000533598208666063,0.000586263701766438,0.00064393564574298,0.000707031259053174,0.000776057124138202,0.000851528039061069,0.000934008903677884,0.00102411481485598,0.00112248695645099,0.00122988423405748,0.0013470044984321,0.00147473955646557,0.00161384965034224,0.00176540621919313,0.00193023934154987,0.0021096491976363,0.0023044988085307,0.00251626831229903,0.00274583462583548,0.00299502339958511,0.00326481348994128,0.00355740326672387,0.00387363605043148,0.0042159557692378,0.00458523455156758,0.00498445788805085,0.00541418786450388,0.00587783180111649,0.0063758466495771,0.00691203731667015,0.0074862597308606,0.00810321712526482,0.0087620680152797,0.00946790728798646,0.0102198473807033,0.0110223057177276,0.0118747057727546,0.0127807965188859,0.0137396708362052,0.0147542696126695,0.0158235378763833,0.0169495106863663,0.0181301729739208,0.0193662273557582,0.0206547163805826,0.0219944118322232,0.02338109559882,0.0248112454611986,0.026279329038559,0.0277784529745163,0.0293012603563673,0.0308375508740251,0.0323778597826554,0.0339069000489825,0.0354135410475731,0.0368785883776924,0.0382898473090124,0.0396225841735814,0.0408625496420131,0.0419790118226387,0.0429581074153477,0.0437665743800722,0.0443943900587319,0.0448041334018178,0.0449890796961788,0.0449146443549157,0.0445852675811265,0.043964456532288,0.0430666082603873,0.0418652904738171,0.0403949060094106,0.0386350119813545,0.0366345339723383,0.0343871879875021,0.0319703336373583,0.0293771484345307,0.0266972170887384,0.0239423647143166,0.0211986131963344,0.0184941513542717,0.0158954638151074,0.0134370318026168,0.0111672823416208,0.00910852686942149,0.0072839860093805,0.00570369126974507,0.00436528097789107,0.00326460172681281,0.00237555537472797,0.00168648007734408,0.00115835539288374,0.00077597827007142,0.000496495581541342,0.000311442129504574,0.00018283786222323,0.00010720297686703,5.55873610401735e-05,3.02809965477299e-05,1.30215616729422e-05,7.29737955809468e-06,2.47301221347605e-06,1.397566551462e-06,1.97279188399065e-07,1.09917802844305e-07,1.88494812177919e-07,-1.55315564949665e-07,1.5100216629624e-07,-1.43347258844752e-07,1.06817543040114e-07,-8.81634949153633e-08,6.94782562718661e-08,-6.41535935907577e-08,4.76056141316473e-08,-5.1363881517533e-08,0
72326338.9648353,0,9.15207778448798e-08,1.4745577892476e-08,1.03394067352879e-07,3.4779764853802e-08,1.2498049911197e-07,5.27073336022754e-08,1.50220419407611e-07,9.00150304169958e-08,1.66573902583896e-07,1.44647775008276e-07,1.91951188818337e-07,2.02447509218545e-07,2.37240492893e-07,2.65187072768994e-07,3.01622219712493e-07,3.4052012679527e-07,3.84984298972193e-07,4.34656176259631e-07,4.90429697549979e-07,5.52992553380372e-07,6.23035596597842e-07,7.01563235243028e-07,7.89359100469385e-07,8.8770759138457e-07,9.97526137351544e-07,1.12041732709949e-06,1.25751111880524e-06,1.41082651588494e-06,1.58160839338663e-06,1.77244778316466e-06,1.98482838969081e-06,2.22190674504145e-06,2.4857105281053e-06,2.77984631499084e-06,3.10685436554314e-06,3.47095297881246e-06,3.87557446077905e-06,4.32582181841773e-06,4.82590711370848e-06,5.38183638900717e-06,5.99896628015682e-06,6.68441237822492e-06,7.4448242118708e-06,8.288655322947e-06,9.22421079630148e-06,1.02615805289063e-05,1.14113767962074e-05,1.26854860463281e-05,1.4096852910285e-05,1.56593217587177e-05,1.73892134545724e-05,1.93030630449198e-05,2.14211891141482e-05,2.37627913409522e-05,2.63530919951422e-05,2.92143936584337e-05,3.237764822602e-05,3.58687119528911e-05,3.97261291873541e-05,4.39805352534188e-05,4.8680641412692e-05,5.38620245282115e-05,5.95838577713996e-05,6.58863104895887e-05,7.28424069063119e-05,8.04998664997768e-05,8.8949292935909e-05,9.8242414472595e-05,0.000108490316392011,0.00011975811907075,0.000132181079379368,0.000145823821983714,0.00016085943179465,0.000177363328487259,0.000195535573928685,0.000215478620596374,0.000237414317933693,0.000261482381875993,0.00028793250473974,0.00031694055963722,0.000348791493494273,0.000383704883427455,0.000422006897388127,0.000463966609867384,0.000509960804292876,0.000560321864477174,0.000615473871013851,0.000675816234059724,0.000741834834808623,0.000814022580053865,0.000892920820422023,0.000979120176441826,0.00107323467313274,0.00117598925627285,0.00128805269410336,0.00141028104242898,0.00154340448551592,0.00168845031037662,0.00184621445030725,0.00201794258546569,0.00220446366286229,0.00240719805304562,0.00262698975771168,0.00286559017398469,0.00312393958577768,0.00340414575580053,0.00370702695228722,0.0040349326593176,0.00438869632291605,0.00477117425801276,0.00518291406749014,0.00562719190264707,0.00610445909714913,0.00661836763626846,0.00716878051090512,0.00776020346413781,0.00839184611087778,0.0090686140229335,0.00978967512186391,0.0105592587009367,0.0113767994536916,0.0122459049998431,0.0131657433374709,0.0141391411470803,0.0151650796836393,0.0162455463953558,0.0173786126511704,0.0185649098717284,0.0198015928173254,0.0210875529060221,0.0224187969875329,0.0237918888152823,0.0252014446549814,0.0266408829109776,0.0281031791153127,0.0295785663832976,0.0310579737210289,0.0325266369468708,0.0339737940173928,0.035381066235904,0.036736732692359,0.0380169532235474,0.0392081164929235,0.0402807561386026,0.0412213914986644,0.0419980176276459,0.0426011764550653,0.0429948809701415,0.0431724867321076,0.0431007691166226,0.0427842976516871,0.0421880279805534,0.0413254177898017,0.0401712249933298,0.0387590107766736,0.0370687457474884,0.0351471511325038,0.0329887830880167,0.0306683323332605,0.0281786748081692,0.0256058364479822,0.0229617674607246,0.020328821993655,0.0177334795349723,0.0152399280548817,0.0128815909311361,0.0107045085114877,0.0087299467428503,0.00698048477361264,0.00546551797771196,0.00418244165626569,0.00312745467363685,0.00227556994887999,0.00161545197111249,0.00110936636911529,0.000742955965606131,0.00047539803979034,0.000298307337137331,0.000175068520269687,0.000102624613837266,5.31829899416423e-05,2.89033496959064e-05,1.24366644786922e-05,7.07826142243563e-06,2.39799679047778e-06,1.25138414309802e-06,1.62113813416805e-07,1.71964463674373e-07,1.93698082266736e-07,-1.95925458696061e-07,1.46362105436803e-07,-1.11115556175475e-07,9.35154460742225e-08,-9.39504763032832e-08,7.37651661162034e-08,-6.01650484001236e-08,4.28012072020635e-08,-4.90030127269801e-08,0
74019599.9691565,0,8.71362445776033e-08,1.40583924924859e-08,9.84490530937087e-08,3.31379589583728e-08,1.1901005238973e-07,5.02548988033569e-08,1.43041110201084e-07,8.58016723127102e-08,1.58676408867335e-07,1.37826936622851e-07,1.82910484209271e-07,1.92913061460693e-07,2.26099983493407e-07,2.52741459578354e-07,2.87495402776087e-07,3.24591071450195e-07,3.67002078935896e-07,4.14381021541599e-07,4.67584880012289e-07,5.27268166967177e-07,5.94089593966745e-07,6.69007676058973e-07,7.52772696789349e-07,8.46611261984507e-07,9.51399533501485e-07,1.06866779272477e-06,1.19949240847922e-06,1.34580022397255e-06,1.50878515905323e-06,1.69092205126108e-06,1.89362369192746e-06,2.11990389301106e-06,2.37170353924542e-06,2.65246705585761e-06,2.96462209545111e-06,3.31220282764819e-06,3.69848713071335e-06,4.12834671166224e-06,4.60581160854828e-06,5.13662674524923e-06,5.72591099912298e-06,6.38046541590576e-06,7.10665262538082e-06,7.9125484179179e-06,8.8060797801513e-06,9.79689940620886e-06,1.08951840527936e-05,1.21123240029771e-05,1.34606941435868e-05,1.49535118947841e-05,1.66063761459503e-05,1.84351103156883e-05,2.0459146474808e-05,2.26968458370469e-05,2.51723169878813e-05,2.79068733012816e-05,3.09301688905156e-05,3.42670639006143e-05,3.79544052077952e-05,4.20213749016304e-05,4.65145400056832e-05,5.14679522654326e-05,5.69381851529172e-05,6.29637309531935e-05,6.961455970507e-05,7.69363635964908e-05,8.50156775491963e-05,9.39019277926708e-05,0.000103701496191542,0.00011447682174419,0.000126357379650628,0.000139404825101287,0.000153784722235497,0.000169569433811623,0.00018695017057481,0.000206025165548725,0.000227007089392828,0.0002500292902274,0.00027533052322448,0.00030307945115552,0.000333548882060178,0.000366948896140776,0.000403591823176609,0.000443735503056547,0.000487740841764865,0.000535926231476073,0.000588697713584765,0.000646437722268734,0.000709611697896528,0.000778692732435721,0.000854199731468679,0.000936697314753521,0.00102677364892865,0.00112512527474958,0.00123239362372804,0.00134939724928188,0.00147683587991301,0.00161569595781401,0.0017667421639766,0.0019311681320021,0.00210976940502691,0.00230390817762193,0.00251439394183979,0.00274290502599071,0.00299034516239468,0.00325873573224765,0.00354886425618684,0.00386298338198439,0.00420189776594304,0.00456835266457339,0.00496287785835492,0.00538860865549943,0.00584597987130068,0.00633850057943134,0.00686605509753848,0.00743296940461187,0.00803848786849237,0.00868730689938709,0.00937864243656947,0.0101165644876963,0.0109005442717095,0.0117340417331592,0.0126162607665898,0.0135499258499686,0.0145340765862848,0.0155706148203225,0.0166577071226383,0.0177959814465995,0.0189827151697032,0.0202168403279808,0.0214945021297858,0.0228123968989138,0.0241653895609394,0.0255472142150134,0.0269511558000098,0.0283677775348869,0.0297882677985736,0.0311984995420999,0.0325882512809542,0.0339398271671632,0.03524186443477,0.0364715247447841,0.0376157457000407,0.038646104451438,0.0395496531861834,0.0402958147755043,0.0408754509236821,0.0412537579914577,0.0414244621587984,0.0413558958856738,0.0410521816516793,0.0404794772662706,0.0396512976565862,0.0385433822453324,0.0371872539133905,0.0355641629844825,0.0337198757529475,0.0316482470936913,0.0294202539238546,0.0270300841751127,0.0245611102241965,0.0220238704958284,0.019497066429971,0.0170067715542682,0.0146145410093819,0.0123520767216468,0.0102638235412396,0.00837003278832901,0.00669186089855443,0.00523890644675552,0.00400907046431515,0.00299796121639464,0.00218091644854959,0.00154756727102305,0.00106257644108056,0.000712008363899562,0.000455729593909057,0.000285715794876148,0.000167425390778011,9.806380381769e-05,5.08659140414221e-05,2.78159471426113e-05,1.20032337497649e-05,6.62345743897218e-06,2.15514954600322e-06,1.31096196295088e-06,2.4939824636612e-07,6.63568113649015e-08,1.37616869693078e-07,-1.18922023139807e-07,1.49200914930615e-07,-1.4453836140794e-07,9.73223931925455e-08,-7.54598504144528e-08,6.18707690405411e-08,-6.02864805667922e-08,4.53679119718831e-08,-4.70822643457832e-08,0
75752502.5877192,0,8.36010051682583e-08,1.34631419663432e-08,9.44391458706218e-08,3.17320266278698e-08,1.14144741232662e-07,4.80982211473646e-08,1.37134370099367e-07,8.21533408071964e-08,1.52022352805799e-07,1.31977228206049e-07,1.75145197618009e-07,1.84675952949922e-07,2.16414813479451e-07,2.41870917540993e-07,2.75088765257407e-07,3.10537467731254e-07,3.51066507412721e-07,3.96340166753107e-07,4.47178445512845e-07,5.04206758581157e-07,5.68054859037947e-07,6.39638433666773e-07,7.19673697640436e-07,8.09332257423859e-07,9.09451262498668e-07,1.02149210185561e-06,1.14648548780861e-06,1.2862717296114e-06,1.44198959295324e-06,1.61600269424973e-06,1.8096658056473e-06,2.02585698889211e-06,2.26642846628755e-06,2.53466955212945e-06,2.83289931858673e-06,3.16496706720257e-06,3.53400514048661e-06,3.94467199978135e-06,4.40081426002752e-06,4.90791073240825e-06,5.47084603288364e-06,6.09611548724209e-06,6.78979617424173e-06,7.55960886964905e-06,8.41312881880798e-06,9.35956399303863e-06,1.04086146447663e-05,1.15711396726689e-05,1.28589477958224e-05,1.42846775737088e-05,1.5863245007861e-05,1.76097618527563e-05,1.95427807710983e-05,2.16798288828037e-05,2.40439301514718e-05,2.66554619532686e-05,2.95427223169513e-05,3.27293647544856e-05,3.62505836952476e-05,4.01343337317464e-05,4.44251160829972e-05,4.91555100523258e-05,5.43796070391512e-05,6.01341260548494e-05,6.64858450412047e-05,7.3478486391804e-05,8.11948026580028e-05,8.96820190037774e-05,9.90416912761737e-05,0.000109333638317655,0.000120681628637009,0.000133144612256608,0.000146880726192984,0.000161959274887298,0.0001785631971139,0.000196786546936039,0.00021683266530418,0.000238829224275855,0.000263004127623815,0.000289518947377118,0.000318635103334274,0.000350553817930875,0.000385573837832555,0.000423941855776094,0.000466002860712521,0.000512061648685699,0.000562507469534359,0.000617706728500629,0.000678104738712967,0.000744154252820238,0.000816352039400512,0.000895238904113511,0.00098137895993437,0.00107543989485134,0.00117803659455236,0.00128995347967641,0.00141186126029912,0.00154470329790701,0.00168921144665969,0.00184653064623496,0.00201742703674724,0.00220320704330595,0.0024046471928539,0.00262335380524168,0.00286019454121032,0.00311710957288369,0.00339485750883583,0.00369559662142071,0.00402010045197034,0.00437100010805728,0.00474881166793973,0.00515654317411093,0.00559462048569806,0.00606641461911152,0.00657182001447367,0.00711497779221607,0.00769517245799425,0.00831690842142129,0.00897944170694073,0.00968668768882624,0.010438158385474,0.0112371646361665,0.0120829486884855,0.0129781479962356,0.0139218482948024,0.014915869930762,0.0159584529361567,0.0170502055707637,0.0181885424782308,0.0193724506579289,0.0205982307075562,0.0218627237282996,0.0231609948634732,0.0244870083018164,0.0258342956955515,0.0271938285223271,0.028557193568309,0.0299108307215282,0.0312448631323424,0.0325422802045486,0.0337922012484231,0.0349727053523338,0.0360712354107155,0.0370605001609208,0.0379280268633163,0.0386444265107701,0.0392009531861181,0.0395642653091254,0.0397283026248698,0.0396625211385657,0.0393709452235736,0.0388212375857908,0.0380261880449474,0.0369626362075639,0.0356610474834839,0.0341031860787789,0.0323330349636632,0.0303449986432533,0.0282073454964771,0.025914080504563,0.0235453039835557,0.0211113815606144,0.0186878646888342,0.016299518913526,0.0140055634096625,0.0118363164879279,0.00983420662053164,0.00801906322078539,0.00641096446031658,0.00501846389457971,0.00383950141480338,0.00287075239422719,0.00208860402987316,0.00148227693066545,0.00101738756460713,0.000681266308285682,0.000436054639470661,0.000273603966233945,0.000160348869840409,9.38732381639415e-05,4.86939835062381e-05,2.65624920662091e-05,1.14111485285222e-05,6.42480712553025e-06,2.13625285336903e-06,1.1572593703299e-06,1.99902031972055e-07,1.51756011728386e-07,1.30875691224948e-07,-1.72298032649326e-07,1.65652481209474e-07,-1.13580061735965e-07,7.04236466632856e-08,-7.54840636238025e-08,7.25777520925745e-08,-6.24372261796625e-08,3.8734398861006e-08,-4.21141944063134e-08,0
77525974.8862946,0,8.01312987080034e-08,1.29140629584473e-08,9.05157911664712e-08,3.04500676361021e-08,1.09423442716627e-07,4.61367820507835e-08,1.31492960637447e-07,7.88118220182674e-08,1.45778301463324e-07,1.26616323362424e-07,1.67978816153697e-07,1.77167190888597e-07,2.07593075319658e-07,2.32032193334945e-07,2.63892171268272e-07,2.97900855070391e-07,3.36773835384478e-07,3.80195747632578e-07,4.28948873663919e-07,4.83633233377521e-07,5.44851219620187e-07,6.1348004793167e-07,6.90204664955113e-07,7.76147291979122e-07,8.72108247913028e-07,9.79488060847231e-07,1.09927291127706e-06,1.23322595035459e-06,1.38243572406182e-06,1.54916637361984e-06,1.73471239936594e-06,1.94183105502064e-06,2.17229435128823e-06,2.42925115974257e-06,2.71491990455635e-06,3.03298399443811e-06,3.38644205733973e-06,3.77975206678112e-06,4.21659395521947e-06,4.70220937026792e-06,5.24127195908857e-06,5.83999536223574e-06,6.50419296568446e-06,7.24124742145741e-06,8.05840125930017e-06,8.96446213153613e-06,9.96871513573619e-06,1.10815557532556e-05,1.23142852223015e-05,1.36789873498169e-05,1.51899153514653e-05,1.68615124851166e-05,1.8711531502461e-05,2.07567533090736e-05,2.30192080741985e-05,2.55183737046891e-05,2.82813176907386e-05,3.13306919217448e-05,3.47001799973803e-05,3.84165243846922e-05,4.25222793449375e-05,4.70485573161931e-05,5.20470986234142e-05,5.7553097865783e-05,6.36303683683454e-05,7.03205941832957e-05,7.77029880551703e-05,8.5823022834079e-05,9.47778933033774e-05,0.000104624496557718,0.000115481000415164,0.000127404002029361,0.000140544914179606,0.000154970031048286,0.000170854341658051,0.000188287740617653,0.000207464364566372,0.000228506599149355,0.000251633017880479,0.000276997973450415,0.000304851301087691,0.000335385674675499,0.000368886886531797,0.000405591257088673,0.000445829422433039,0.000489893312967997,0.000538155007158738,0.000590965148704022,0.000648750588615574,0.000711945160194267,0.00078102474400932,0.000856507955021114,0.000938935193136349,0.00102894469650834,0.00112712491407405,0.00123422797418043,0.00135089796858704,0.0014780398643638,0.0016163565422883,0.00176694463209392,0.00193053769674303,0.00210838580510018,0.00230123503754332,0.00251062818211772,0.00273740072013458,0.00298340904687746,0.00324938134191139,0.00353738942280483,0.00384818228686436,0.00418428405946554,0.0045461915948263,0.00493678776152922,0.00535648380014982,0.00580850719518988,0.0062927708116281,0.00681325125615119,0.00736926631588119,0.00796513824163672,0.00860016873210274,0.00927810631203266,0.00999848201594586,0.0107644875664846,0.0115754027293751,0.0124337480246975,0.0133386606830518,0.0142919021783235,0.0152918008341275,0.0163389481781285,0.0174308441197794,0.0185664984740426,0.0197423810751451,0.020955508948815,0.0222011445161619,0.0234734697589127,0.0247662913824648,0.0260709578788053,0.0273793516363404,0.0286784394020621,0.0299587702598583,0.0312040578608237,0.0324038355760245,0.0335369915557092,0.0345914640532824,0.0355410804386582,0.0363737990372513,0.0370613661350256,0.0375955193114749,0.0379442030134123,0.0381014161412883,0.0380379901823953,0.0377579510663385,0.0372299764780361,0.0364665215617875,0.0354455099334039,0.0341960329447593,0.0327004179748726,0.0310011899486468,0.0290933743936495,0.0270422200985318,0.0248415471162767,0.0225685925473854,0.0202337330291413,0.0179093706154986,0.015618931022063,0.0134190820769975,0.0113391271835333,0.00941998836679717,0.00768044033489924,0.00613946996116198,0.00480506757610138,0.00367549751588605,0.0027478844282136,0.00199924040560021,0.00141860679139951,0.000973131043214085,0.000651442995577469,0.000417208220250845,0.000261973837881506,0.000153340528581919,8.95957583368732e-05,4.64794728059467e-05,2.54179784880709e-05,1.09755227051694e-05,6.21685401802346e-06,2.00585923395271e-06,1.02625640762188e-06,2.25430876032674e-07,2.06561112496226e-07,9.4903220836416e-08,-1.9570193893867e-07,1.84389635073593e-07,-1.00894307601079e-07,5.34779388214278e-08,-7.04053697644712e-08,7.36009460692508e-08,-6.22827295131831e-08,3.72341019843952e-08,-3.95042486425111e-08,0
79340966.6579749,0,7.62705944841436e-08,1.22808109737185e-08,8.61594065197063e-08,2.89578540171452e-08,1.04132775533306e-07,4.38853513367483e-08,1.25125913984427e-07,7.49479955663247e-08,1.38712259896463e-07,1.20419206155075e-07,1.59802556062931e-07,1.68510157874814e-07,1.97458345189366e-07,2.20694411845049e-07,2.50996380234992e-07,2.83342414534133e-07,3.2031757283976e-07,3.61623108849773e-07,4.08003650313623e-07,4.60031438321144e-07,5.18280397577415e-07,5.83586243373951e-07,6.56602508787317e-07,7.38397769127364e-07,8.29734940720911e-07,9.31947622738525e-07,1.04597678151921e-06,1.17350135136239e-06,1.31555980669356e-06,1.474308689801e-06,1.65098488728651e-06,1.84821376745118e-06,2.06768195697448e-06,2.31238889862695e-06,2.58445360591236e-06,2.88739043583175e-06,3.22405855317006e-06,3.59870753404942e-06,4.01484691625318e-06,4.47747461762474e-06,4.99104789294909e-06,5.56149763002737e-06,6.19437148845973e-06,6.89671011155039e-06,7.6754251394056e-06,8.53892550731513e-06,9.4960713982877e-06,1.05567809643614e-05,1.17318339310599e-05,1.30327633264188e-05,1.44731852957332e-05,1.60669020115589e-05,1.78308510541593e-05,1.9781035933041e-05,2.19384892500844e-05,2.43218347498333e-05,2.69569026950059e-05,2.98653018999199e-05,3.30792085594909e-05,3.66242122910871e-05,4.05409615206365e-05,4.48591864025804e-05,4.96282658485983e-05,5.48818078133023e-05,6.06808216385489e-05,6.70652587598856e-05,7.41107492593624e-05,8.18606171591937e-05,9.04077430205988e-05,9.98068429660774e-05,0.000110170938948912,0.000121553944262843,0.000134100351164733,0.000147873706165303,0.000163041418064096,0.000179689664925407,0.000198004097824527,0.000218101530483706,0.000240190718279755,0.000264419818537237,0.000291028201500894,0.000320199807599864,0.000352207790592216,0.00038727881582381,0.000425729320053426,0.00046783837446423,0.000513961800930848,0.000564434821769581,0.000619666007829238,0.000680071597076966,0.00074610838270666,0.000818272862581763,0.000897081277411053,0.000983143990542639,0.00107702558036252,0.00117944707815861,0.00129102573725434,0.00141262909300863,0.00154493084079286,0.00168897932795087,0.00184547788752677,0.00201562546282854,0.0022001393722058,0.00240050074763879,0.00261751162180892,0.00285294825776781,0.00310751272555185,0.00338319005475637,0.00368069544925158,0.00400244772685578,0.00434893062788839,0.00472290851600361,0.00512478452822888,0.00555765574288079,0.0060214354007544,0.00651993290954561,0.00705251232495721,0.00762332537381585,0.00823170201291508,0.0088812323306338,0.00957148175403919,0.010305512639707,0.0110826424263796,0.011905298514381,0.0127726573369108,0.0136864171061821,0.0146449871029869,0.0156489440301375,0.0166958780916795,0.0177848282406064,0.0189124411490632,0.020075896676273,0.021270657881099,0.0224910820549211,0.0237311603303193,0.0249826705005333,0.0262379569804814,0.0274844418405509,0.0287128763580586,0.0299076820589567,0.0310589768444784,0.0321464309284654,0.0331582959752956,0.0340695899732128,0.0348688642346044,0.0355287443541997,0.0360412138883354,0.0363758482734043,0.0365268965632268,0.0364659744668488,0.036197141852449,0.0356906606020376,0.0349580666701529,0.0339780801753968,0.0327794781127682,0.0313451028045633,0.0297146470001315,0.0278838642277682,0.0259168669955622,0.023807042931049,0.0216271516721311,0.0193877125719495,0.0171592772933999,0.0149638483762077,0.0128552083163374,0.0108616348966619,0.00902240655758037,0.00735558920814121,0.00587951715979883,0.00460142341198481,0.00351918973972877,0.00263044567626855,0.00191367023128366,0.0013582128011616,0.000931845650449475,0.000623476509033317,0.000398926334065705,0.000250617246236754,0.00014700245044777,8.59044921982311e-05,4.43639710421087e-05,2.42043088414132e-05,1.04737749624624e-05,5.96900377573398e-06,1.99580678538087e-06,1.00156674366083e-06,1.12326096052387e-07,1.77506535390869e-07,1.87129812113783e-07,-1.91914107222216e-07,1.07735027997811e-07,-7.49064212181856e-08,8.58172717127808e-08,-9.11162464961366e-08,6.05793972451565e-08,-4.41387343992569e-08,3.55494831651208e-08,-4.31271581926842e-08,0
81198449.9318401,0,7.28470697039495e-08,1.17320739864056e-08,8.2285582021969e-08,2.76578237024002e-08,9.94672649822398e-08,4.19089294642909e-08,1.19511960619914e-07,7.1598142002364e-08,1.32480491235158e-07,1.15036201242756e-07,1.52638035773733e-07,1.60969737926851e-07,1.88621268599725e-07,2.1082173158398e-07,2.39772285617291e-07,2.706744632772e-07,3.05999819247204e-07,3.454610189918e-07,3.89770374221645e-07,4.39473672515477e-07,4.9511923496219e-07,5.57505008608357e-07,6.27255007099828e-07,7.05389943486852e-07,7.92638641223124e-07,8.90275320999099e-07,9.99198756923976e-07,1.12101307404124e-06,1.2567105856636e-06,1.40835234866742e-06,1.57711974232403e-06,1.76552199842758e-06,1.97517269672228e-06,2.20893957598329e-06,2.4688481191863e-06,2.75825657464816e-06,3.07990018369193e-06,3.43784402345043e-06,3.83544654108192e-06,4.27748701179272e-06,4.76822859123046e-06,5.31334008770862e-06,5.9181281979459e-06,6.58932910271355e-06,7.33355366178585e-06,8.15884003145616e-06,9.07366175318615e-06,1.00875038563753e-05,1.12106758907449e-05,1.2454211656731e-05,1.3831128308257e-05,1.53546128072009e-05,1.70408575727695e-05,1.89051769035741e-05,2.09676842906414e-05,2.32461847679394e-05,2.57653728784501e-05,2.8545906853204e-05,3.16185457440762e-05,3.50077727480363e-05,3.87524581266107e-05,4.28809931762357e-05,4.74405942561998e-05,5.24634330358e-05,5.80078077182675e-05,6.4111841639244e-05,7.08479099870478e-05,7.82575519722639e-05,8.64295753415865e-05,9.54161820299776e-05,0.00010532544929274,0.000116209098858875,0.000128205437768218,0.000141375133744966,0.000155878240052773,0.0001717972794069,0.000189309838407391,0.000208527794436238,0.0002296509012177,0.000252820869190826,0.000278266868297158,0.000306165330181296,0.000336777633924396,0.000370320135167218,0.000407095080514976,0.000447370075752963,0.000491486796857029,0.000539766816026308,0.000592601004913333,0.000650387300749717,0.000713562208057729,0.000782600632804591,0.000857998430489479,0.000940342414391259,0.00103017365351132,0.00112818153256201,0.00123495592909223,0.00135132657818348,0.00147794156599682,0.00161580806948099,0.00176559888565388,0.00192846141062914,0.00210508462711658,0.00229688593523556,0.00250463698103369,0.00273004358538227,0.00297377511750277,0.00323773069800754,0.00352260773471621,0.00383072871563315,0.00416255162550175,0.00452072230662387,0.00490563876532153,0.00532027353037172,0.00576454178584308,0.00624209419347095,0.00675233440423894,0.00729924565880669,0.00788218834069373,0.00850460522051234,0.00916609412795634,0.00986959800185816,0.0106144634637905,0.0114030257838205,0.0122345103704813,0.0131105336825913,0.0140295608437725,0.0149921639627309,0.0159960729640874,0.0170403837974811,0.0181218562373932,0.0192377610520605,0.0203837429742826,0.0215544043101979,0.0227440139141394,0.0239446990960226,0.025149047000322,0.026344959271462,0.0275236339467483,0.0286701608521784,0.0297749316594931,0.0308184164813162,0.0317894637732014,0.0326640523646035,0.0334310637933614,0.0340643235163075,0.034556221881426,0.0348774194895843,0.0350223558383011,0.0349639630989142,0.0347061234114951,0.0342201144699672,0.0335171925097494,0.0325770814001209,0.0314270499622199,0.0300506005792215,0.0284865771980658,0.0267308426489977,0.0248440026174465,0.0228198213684076,0.0207290368691342,0.0185816369827453,0.016444768595336,0.0143396859856642,0.0123180709297539,0.0104069111339824,0.00864406533779594,0.00704664814637689,0.00563181171754088,0.00440686059288133,0.00337014820428455,0.00251900279441895,0.00183236412072501,0.00130016092550731,0.000891778202741658,0.000596628653139968,0.000381732392336934,0.000239778828085741,0.000140565693175207,8.21141938805527e-05,4.24227224147112e-05,2.31538843560851e-05,1.00127040308009e-05,5.70482108228236e-06,1.85842160865686e-06,9.36281447442847e-07,1.78177528783269e-07,1.79372900391667e-07,1.08021165487142e-07,-1.70480933801287e-07,1.50858545592137e-07,-9.67162707053645e-08,6.36524181333772e-08,-6.73473335296246e-08,5.98051147335044e-08,-5.1554054409004e-08,3.58577677219588e-08,-3.89098052572249e-08,0
83099419.4935339,0,6.95145244460271e-08,1.1196004161169e-08,7.85203370563955e-08,2.63880823472828e-08,9.49162295050512e-08,3.99879924617362e-08,1.14031104129711e-07,6.83181818484118e-08,1.26398898932435e-07,1.09753708116853e-07,1.45626336651791e-07,1.53567111580759e-07,1.79945431838697e-07,2.01116842701692e-07,2.28730898658588e-07,2.58203945387193e-07,2.91897394804097e-07,3.29535584050347e-07,3.71799108068136e-07,4.19208611987568e-07,4.7228746785671e-07,5.31797322529233e-07,5.98333985566264e-07,6.72871335544518e-07,7.56104673800213e-07,8.49249676894364e-07,9.53164560873348e-07,1.06938000724388e-06,1.19884286588216e-06,1.34351866026041e-06,1.50453504375694e-06,1.68428563093356e-06,1.88431017614976e-06,2.10734353349987e-06,2.35531599442897e-06,2.63142889102018e-06,2.93829021753961e-06,3.27977624184485e-06,3.65908673765959e-06,4.08077706737295e-06,4.54891100713366e-06,5.06889476123215e-06,5.64578834861877e-06,6.28601624121796e-06,6.99588103927438e-06,7.78304621626119e-06,8.65559451585675e-06,9.6225803990589e-06,1.06938461155586e-05,1.18799208025775e-05,1.31932272370346e-05,1.46463553016789e-05,1.62547628120626e-05,1.80330660144562e-05,2.00004644711201e-05,2.21739589725125e-05,2.45771251536455e-05,2.72296942698662e-05,3.01610305185132e-05,3.33945185666933e-05,3.69672684222953e-05,4.09064075716432e-05,4.52569878475026e-05,5.0049710046647e-05,5.53402392368763e-05,6.11650654128454e-05,6.75932981263452e-05,7.46646144661602e-05,8.24637890411149e-05,9.10407191564248e-05,0.00010049856962517,0.000110886777008393,0.000122337474646967,0.000134908771935043,0.000148753614624005,0.000163950979895203,0.000180670425450182,0.000199018862454172,0.00021918731513833,0.000241311309090931,0.000265609803529128,0.000292251568687169,0.000321486505042974,0.000353521861385784,0.000388647084531969,0.000427118103090358,0.000469261379525519,0.00051538434487369,0.000565860798510468,0.000621071637141168,0.000681435036163005,0.000747405882356469,0.000819458456721428,0.000898153451829459,0.000984008824747599,0.00107768481156305,0.00117974733361158,0.00129099217511086,0.00141203995435259,0.0015438530109398,0.00168707671235562,0.00184281068261077,0.002011716209877,0.00219515235584391,0.002393858167613,0.00260946361420012,0.00284261683538661,0.00309514186801159,0.00336770377768517,0.0036625253475075,0.00398005343036559,0.00432282347380923,0.00469121677083311,0.00508807673020417,0.00551333597520995,0.00597050500935311,0.00645901317089523,0.00698266267363678,0.00754084727640068,0.00813687659832688,0.00877038118583131,0.00944418888664359,0.0101576743808824,0.0109130640710995,0.0117096161007078,0.0125489106325972,0.0134294961491588,0.0143518969563844,0.0153139315085656,0.0163147792722626,0.017351343037555,0.0184209315969548,0.0195193569947559,0.0206415802504511,0.0217821710989847,0.0229334203182285,0.0240881152927193,0.0252348142598636,0.0263651694532744,0.027464723621654,0.0285241865946806,0.0295250213340898,0.0304565344606568,0.0312954257042732,0.0320310749655213,0.0326386774208688,0.0331108319020027,0.0334190313490406,0.0335581366388917,0.0335024665434582,0.0332554184706793,0.032789437272045,0.0321157238074456,0.0312144639963778,0.0301114906954467,0.0287917855713079,0.027292974569606,0.0256098936692588,0.0238003964992039,0.0218598884711209,0.0198567322116476,0.0177991383082363,0.0157509327423441,0.0137334015977251,0.011796619759521,0.00996601810525384,0.00827731759900485,0.00674680711374235,0.00539136566296198,0.00421866545510224,0.00322671056690578,0.00241173984606371,0.00175347091551177,0.00124360951624566,0.000853360550129113,0.000571568100279617,0.000365652433523107,0.00022915448815354,0.000134126332202397,7.85596519588444e-05,4.07520679413655e-05,2.22791839164696e-05,9.55699833282053e-06,5.29723376942839e-06,1.74717868491642e-06,1.0475596743576e-06,1.90771944432881e-07,5.93752596028135e-08,1.09446416027133e-07,-1.0003231950201e-07,1.28112695226183e-07,-1.18475604728265e-07,7.3181836605188e-08,-5.59936438396797e-08,5.083024948417e-08,-5.23540257824972e-08,3.74922649745631e-08,-3.63275135666026e-08,0
85044893.4180267,0,6.63621699721963e-08,1.06867043580092e-08,7.49608709218041e-08,2.51971926662073e-08,9.06068237939155e-08,3.8178259235906e-08,1.08866033511786e-07,6.52157441384023e-08,1.20674828389382e-07,1.04776780747679e-07,1.39026117734296e-07,1.46607025952142e-07,1.71788670131604e-07,1.92001766189947e-07,2.18364075464299e-07,2.4650277740304e-07,2.78670714171561e-07,3.14605728020409e-07,3.54957595748368e-07,4.00223735968192e-07,4.5090403909314e-07,5.07726009087385e-07,5.71259041976407e-07,6.42433297178498e-07,7.21912920511746e-07,8.10858993762088e-07,9.1009170075231e-07,1.0210729075048e-06,1.14470743669804e-06,1.28287267121698e-06,1.43664644366334e-06,1.6083152753834e-06,1.79935134517519e-06,2.01236812271348e-06,2.2492107132656e-06,2.51293854372308e-06,2.80604599289543e-06,3.1322393809786e-06,3.4945786426e-06,3.89741883995408e-06,4.34464627832711e-06,4.84142940241231e-06,5.39260614148916e-06,6.00431929262778e-06,6.68259523544125e-06,7.43476019054037e-06,8.26854127057132e-06,9.19259220712924e-06,1.02163177680935e-05,1.13497846534284e-05,1.26048706229987e-05,1.39936104982853e-05,1.55307798625709e-05,1.72303579605788e-05,1.91107033454316e-05,2.11880756262115e-05,2.34850223060105e-05,2.60204163787925e-05,2.88223385293713e-05,3.19131721146545e-05,3.53284310719593e-05,3.90940768606815e-05,4.32532054905535e-05,4.78352085136079e-05,5.28933627057973e-05,5.8462622333278e-05,6.46091032504186e-05,7.13707635896221e-05,7.88287000967287e-05,8.70307349891074e-05,9.60755860210534e-05,0.000106010580149601,0.000116962089957818,0.000128985717874962,0.000142227714298202,0.000156763664917577,0.000172755853079944,0.000190306582369184,0.000209598510370069,0.000230761329830997,0.000254004630246341,0.000279489880455023,0.000307456246450819,0.000338101929054786,0.000371703664555496,0.000408506430669457,0.000448823073786949,0.000492947991192077,0.000541238729083596,0.000594059631780381,0.000651811158121865,0.000714928997152366,0.000783867352227789,0.000859163318805356,0.000941313264884819,0.00103094984769336,0.00112861517259299,0.00123507035365961,0.00135090949233282,0.00147705569869658,0.00161412871567622,0.00176318102453332,0.00192484561836761,0.00210042415424526,0.00229062841500352,0.00249702348463475,0.00272022980891442,0.00296199278515864,0.00322295359068236,0.0035052377342939,0.00380927683915737,0.0041375115146955,0.00449031259769916,0.00487039804040273,0.00527770523111539,0.00571559508448108,0.0061835332789427,0.00668517738123446,0.00721994571462493,0.00779099806540776,0.00839798456775062,0.00904362622056253,0.00972734959116016,0.0104512920742755,0.0112147096523193,0.0120191101568874,0.0128631574398831,0.0137473822787016,0.0146696278793245,0.0156290814923636,0.0166228570576396,0.0176483890890479,0.0187015549680066,0.0197775530092589,0.0208713130270093,0.0219753723496156,0.0230826085415906,0.0241821254321823,0.0252661559869189,0.0263207449198596,0.027336771272946,0.0282965696077541,0.0291899755535106,0.0299943961927151,0.0306996568762216,0.0312823558745805,0.0317352517131939,0.0320305558732778,0.0321635614800839,0.0321099850906698,0.031872756214073,0.0314253338405379,0.0307790320999853,0.0299146631096211,0.0288562626871846,0.0275899226213229,0.0261527037731921,0.024539125950283,0.0228038935194569,0.0209429705770099,0.0190224975688045,0.0170500754653202,0.0150867748880372,0.0131532079489547,0.0112972863288266,0.00954332793729836,0.00792574205889018,0.00645964084923004,0.00516093247871255,0.00403778068669921,0.00308827316106129,0.00230813857859796,0.00167812620816176,0.00119020957005158,0.000816147370915084,0.000546207527426403,0.000349974406819013,0.000219744812543674,0.000128032376175331,7.46997916848301e-05,3.92794943242043e-05,2.15803500408584e-05,8.82584266751793e-06,4.96723653755638e-06,1.89024679509636e-06,9.60155710020612e-07,8.90137874017313e-08,1.49345229237819e-07,9.96576351521348e-08,-1.6198989059824e-07,1.66326729821489e-07,-9.43950254898603e-08,3.54863766966041e-08,-4.70247971045897e-08,6.16719753020031e-08,-5.86514340767729e-08,3.4572614833817e-08,-3.19012117677057e-08,0
87035913.6148517,0,6.31781938207758e-08,1.01871845269661e-08,7.13773386440129e-08,2.40361136727371e-08,8.62781148857931e-08,3.64283324242383e-08,1.03727150329922e-07,6.2183082805938e-08,1.15057714911292e-07,9.99123287293592e-08,1.32610382598104e-07,1.3985387525207e-07,1.6391189007702e-07,1.83222273806063e-07,2.08412566579111e-07,2.35300577042736e-07,2.66041614760434e-07,3.00383733812054e-07,3.389480291433e-07,3.82209951749353e-07,4.30648681068429e-07,4.84959997448817e-07,5.45687917877064e-07,6.13722313443869e-07,6.89699778062766e-07,7.74731312750278e-07,8.69601952479134e-07,9.75711168130698e-07,1.0939248391087e-06,1.22603979586704e-06,1.37308785911189e-06,1.53725663354212e-06,1.7199534373046e-06,1.92367990057669e-06,2.15020385604885e-06,2.4024546770188e-06,2.68281605531742e-06,2.99482822040809e-06,3.34141831793879e-06,3.72675688235431e-06,4.15456424572536e-06,4.62978240225048e-06,5.15703140671413e-06,5.74217985267564e-06,6.39099663009282e-06,7.11049698635071e-06,7.90805940257942e-06,8.79194715161178e-06,9.77115326340781e-06,1.08552995426072e-05,1.20557317887703e-05,1.33839543535592e-05,1.48540921992662e-05,1.64794936319883e-05,1.82776912031124e-05,2.02642099432331e-05,2.24605891568532e-05,2.48848561224338e-05,2.75638505712255e-05,3.0518938024748e-05,3.37840353511464e-05,3.73839399556593e-05,4.13598501721448e-05,4.57398514907707e-05,5.05748722965085e-05,5.58982926867965e-05,6.17733132953376e-05,6.82362610381407e-05,7.5364662382402e-05,8.32041287399491e-05,9.18490134185011e-05,0.000101344731239744,0.000111812135201805,0.000123304379714528,0.000135961253687772,0.000149855054448611,0.000165140950495011,0.00018191695442798,0.000200357797570894,0.000220587478169827,0.000242806193122359,0.000267168401703926,0.000293902729636028,0.000323199069419997,0.000355322667222234,0.000390507800471308,0.000429053165477256,0.000471240528615217,0.000517412325930994,0.000567916939385689,0.000623137379438343,0.000683490969850661,0.000749412637040243,0.000821416339062776,0.000899977749594056,0.000985702756029328,0.00107911050674354,0.00118092908794405,0.00129172655430735,0.00141238644744462,0.00154350474546564,0.00168609121815415,0.00184075295239426,0.00200873409662922,0.00219071452888612,0.00238819115517449,0.00260176160572706,0.00283310166161272,0.00308282812689106,0.00335297593361953,0.00364396318896572,0.00395812218651739,0.00429580581739077,0.00465962451834091,0.00504953167793565,0.00546874625869702,0.00591674976147997,0.00639703451629992,0.00690906480107963,0.0074558887028297,0.00803716905189603,0.00865549915007036,0.00931031450588107,0.0100036718980206,0.0107349080664712,0.0115054867753623,0.0123140836007662,0.0131611768308397,0.0140447597633269,0.0149640867264868,0.015916317340091,0.0168989996531856,0.017908304570575,0.0189395908083679,0.0199878212516089,0.0210459039261651,0.0221072301064405,0.023161307768123,0.0242004649795505,0.0252113636187105,0.0261854162106917,0.0271055625518067,0.0279619441223279,0.0287331564746961,0.0294094808130338,0.0299680761982745,0.0304019969560339,0.0306850565903537,0.0308126165448945,0.030761013223976,0.0305333973855199,0.0301044908308911,0.0294846177715278,0.0286555279368718,0.027641046960244,0.0264274720563073,0.0250495757357323,0.0235024810231642,0.0218394239394679,0.0200563282186102,0.0182161317216994,0.0163262091301729,0.0144452862222022,0.0125930044949562,0.0108153595269872,0.00913550069892758,0.00758615324169103,0.00618229557471586,0.00493933977769851,0.00386425752560394,0.00295507942688999,0.00220830388152916,0.00160524311188977,0.00113827790460291,0.000780898420116447,0.000522972942183881,0.000334540467236571,0.000209602342670238,0.000122605796347864,7.1852864975585e-05,3.72948970734242e-05,2.03482752205129e-05,8.70145417911535e-06,4.8659820877772e-06,1.60987650558954e-06,9.41587876335052e-07,1.76695805810797e-07,6.24070784169735e-08,9.13420321884908e-08,-9.13262038162934e-08,1.25546351441444e-07,-1.14226566501576e-07,6.41688360632754e-08,-4.55972289226104e-08,4.53771040669232e-08,-5.11116115005324e-08,3.63443025094311e-08,-3.24066836377707e-08,0
89073546.3861044,0,6.06448367289619e-08,9.77398625203144e-09,6.85046399459439e-08,2.3056031970094e-08,8.28109273939282e-08,3.49267996966617e-08,9.95267755917509e-08,5.96503720623438e-08,1.10345671131167e-07,9.58305722175131e-08,1.27148738426049e-07,1.34091882436286e-07,1.57127521839227e-07,1.75617828847876e-07,1.99734077770043e-07,2.25471395436038e-07,2.54894071424653e-07,2.87759248258576e-07,3.24661647939166e-07,3.66055415073381e-07,4.12398267921066e-07,4.64355519042287e-07,5.22447246157265e-07,5.87524725864822e-07,6.60196147833667e-07,7.41523393372181e-07,8.32255337409533e-07,9.33729987342542e-07,1.04677597452851e-06,1.17310975009827e-06,1.31371481070704e-06,1.47068244386663e-06,1.64536283867743e-06,1.84014736580264e-06,2.05672127578105e-06,2.29788045394059e-06,2.56590426822587e-06,2.86417611645366e-06,3.19549137189594e-06,3.56383414801539e-06,3.97276201805281e-06,4.42699693023583e-06,4.93095056589663e-06,5.49022818438933e-06,6.11033985323267e-06,6.79798811257591e-06,7.56022678670959e-06,8.40495720476859e-06,9.34077892417114e-06,1.03768816526105e-05,1.15240969323949e-05,1.27934205499276e-05,1.41983667152176e-05,1.5751708545251e-05,1.74701958112204e-05,1.93686521512104e-05,2.14677030051167e-05,2.37846396922174e-05,2.63450785773208e-05,2.9169362496092e-05,3.22899256064791e-05,3.57305587366463e-05,3.95306603190119e-05,4.37170601288761e-05,4.83384515081285e-05,5.34267643959382e-05,5.90423375013456e-05,6.52198588975431e-05,7.20334127874443e-05,7.95266220596598e-05,8.77897549819718e-05,9.6866297863547e-05,0.000106871733944149,0.000117856935136947,0.000129955504131048,0.000143236408304565,0.000157847999795718,0.000173884208969266,0.000191512160013417,0.000210850232167048,0.000232089646010743,0.000255378390479103,0.000280935477999078,0.000308942312461783,0.000339652483795583,0.000373290315138275,0.000410141400808581,0.000450475136835968,0.000494619197739876,0.000542907272596068,0.000595706200869273,0.000653415527229063,0.000716451236454227,0.000785304495494919,0.000860430367817667,0.000942409245747304,0.00103173899655304,0.0011291175215485,0.00123509014421432,0.00135050309739582,0.00147592618258484,0.00161232435943609,0.00176027982594741,0.00192098626278765,0.0020950974761952,0.0022840467713074,0.00248840723204976,0.00270978254887337,0.00294876742179595,0.00320731298167413,0.0034858190115167,0.00378652179134768,0.00410976836423086,0.0044580540834897,0.00483133492537743,0.00523269553810232,0.00566164810541907,0.00612154548025325,0.00661187827163577,0.00713555574944667,0.00769225016443855,0.00828446296541829,0.00891168903631893,0.00957590275356292,0.0102764262614832,0.0110146506562776,0.0117893640636792,0.0126010447654158,0.013447708653854,0.0143286396453529,0.0152412209774303,0.0161830966347729,0.0171504341394789,0.0181388011305991,0.0191435960347214,0.0201580303344049,0.0211755180308614,0.0221859556278245,0.0231822081172112,0.024151511868329,0.0250854101930687,0.0259676119550968,0.0267889436357831,0.027528688588509,0.0281771083569502,0.0287125513239431,0.0291288303841865,0.0294005325187225,0.0295228373730506,0.0294733534966342,0.0292552215238596,0.028843939281102,0.0282497102210877,0.0274552621729406,0.0264827382550113,0.0253187008299206,0.0239976797616928,0.0225155664181252,0.0209218646667434,0.0192119865962647,0.0174479960702455,0.0156375897654193,0.013835593118258,0.0120602849151325,0.0103567888012631,0.00874775825748195,0.00726400580511338,0.00591942211751817,0.00472868680630662,0.0036987745963118,0.00282822690036813,0.00211367582715756,0.00153669902365093,0.00108947763721442,0.000746716414566508,0.000499803069690654,0.000320291772468601,0.000201045608630887,0.000117117661744202,6.82955914235082e-05,3.57155018319765e-05,1.96507256453358e-05,8.27355045566716e-06,4.61397591218296e-06,1.55105246422675e-06,8.43128194850986e-07,1.93101809996356e-07,1.40250937863825e-07,3.24833268618613e-08,-1.47164901355705e-07,1.83097130676468e-07,-8.64264158468917e-08,1.25651138194406e-08,-3.9831024315856e-08,6.9521828351271e-08,-6.06479896520281e-08,2.59120361833239e-08,-2.51822952800751e-08,0
91158882.9975082,0,5.74451244113523e-08,9.24748337025304e-09,6.48894638774373e-08,2.18342081027735e-08,7.84350905449902e-08,3.30662171738518e-08,9.4305180870431e-08,5.64737968801037e-08,1.04580483189225e-07,9.07887847415146e-08,1.20523638322223e-07,1.27111996640095e-07,1.48991032931864e-07,1.66559118400256e-07,1.89477378620811e-07,2.13945123444457e-07,2.41922934112847e-07,2.73181591333057e-07,3.08285958368844e-07,3.47668620904785e-07,3.91767814360366e-07,4.41216400740321e-07,4.96507822097711e-07,5.58450751750517e-07,6.27625230352588e-07,7.05041465052964e-07,7.91413338272244e-07,8.88013362926702e-07,9.95627488530495e-07,1.11589072284264e-06,1.24974199257344e-06,1.39917292074863e-06,1.56546105934832e-06,1.7508854276976e-06,1.95705591498689e-06,2.18663945137532e-06,2.44180018773112e-06,2.72575937666864e-06,3.04118658669101e-06,3.39188397245348e-06,3.78123654303873e-06,4.21374276574419e-06,4.69361072941637e-06,5.22618316493772e-06,5.81671113243191e-06,6.47158322050896e-06,7.19752985145848e-06,8.00209527503584e-06,8.89349410034736e-06,9.88049428640431e-06,1.09734033675361e-05,1.21826719609379e-05,1.35211839567833e-05,1.50011615734883e-05,1.66386252251626e-05,1.84477358266191e-05,2.04481445329034e-05,2.26563340863296e-05,2.50967682452653e-05,2.77889202382736e-05,3.07636780924501e-05,3.40436116957852e-05,3.76663766523218e-05,4.16578079118858e-05,4.60642672393552e-05,5.09159961261614e-05,5.62706533057084e-05,6.21617783956399e-05,6.86602432393658e-05,7.58072413996385e-05,8.36886834464083e-05,9.23465576256783e-05,0.000101891293885478,0.000112371461571829,0.000123914612915675,0.000136586591369137,0.000150528987619838,0.000165832061524297,0.000182655956663745,0.000201113193679387,0.000221386195759358,0.000243617407855304,0.000268016762012499,0.000294757068411376,0.000324079895149967,0.000356200082179612,0.000391391660510993,0.000429912808253462,0.000472076916918354,0.000518202505700899,0.000568639361835012,0.000623769828656735,0.000683994135997874,0.000749782766614233,0.000821569177272269,0.000899908109497198,0.000985277170721046,0.0010783438259244,0.00117963043652988,0.00128994765442732,0.00140984137203652,0.00154023539290391,0.0016816865008055,0.00183533419346668,0.00200180658703693,0.00218248076595079,0.00237790404234555,0.00258960494157945,0.00281815857785444,0.00306544453123637,0.00333184678280533,0.00361949298978839,0.00392871279381174,0.00426190962701477,0.00461905387079075,0.00500308872089007,0.00541354038042648,0.00585362313701157,0.00632286972382985,0.00682408396442524,0.00735694172754376,0.00792380706557899,0.0085241972880033,0.00916005968617038,0.0098307965791496,0.0105376626757967,0.0112794037606655,0.0120565931947748,0.0128674711396405,0.0137112191396076,0.0145851787161056,0.0154872747957329,0.0164139949736925,0.0173608487972915,0.0183232314126711,0.0192949243904977,0.0202698640365035,0.0212380949675505,0.0221924999805145,0.0231211097968801,0.024016040505608,0.0248613907466468,0.0256482013467555,0.0263569823466129,0.0269785003815544,0.027491582635399,0.0278902421166576,0.0281505391209815,0.0282678584635002,0.0282204354747005,0.0280113611114044,0.0276172134088783,0.0270475936953525,0.0262862577025608,0.0253548554214047,0.0242398396297937,0.0229736964076844,0.0215533259513753,0.020027214055529,0.0183901551339902,0.0167003179519599,0.0149657169889366,0.0132403923370163,0.0115414539988887,0.00991049342307187,0.00836917307463351,0.00694869130317743,0.005662813394119,0.00452397573687411,0.00353791924548694,0.00270431701018529,0.00202080976842474,0.00146928609602539,0.00104200666144929,0.000714477208374073,0.000477737997530235,0.000305311763545384,0.00019192739680697,0.000112648083264857,6.55275755287153e-05,3.36528626285243e-05,1.86481486177262e-05,8.14290088316869e-06,4.41618988610457e-06,1.40883559847791e-06,8.46117740784569e-07,1.56727997172408e-07,1.00104887163317e-07,9.47410541377593e-08,-1.31904533633608e-07,1.18441323149279e-07,-7.16148016014652e-08,4.61498009021492e-08,-5.65497569832595e-08,5.32685825719865e-08,-4.28126255350539e-08,2.69312132955451e-08,-3.00875497300595e-08,0
93293040.262847,0,5.54611826815186e-08,8.9248992648969e-09,6.26364147880111e-08,2.10403747754234e-08,7.57124704570259e-08,3.18626187771539e-08,9.09431416289227e-08,5.44547983952752e-08,1.0075931055733e-07,8.74861170998615e-08,1.16051864944726e-07,1.2237855888107e-07,1.4337296932887e-07,1.60226203073483e-07,1.82200813978071e-07,2.05653207560256e-07,2.32460736154192e-07,2.62403067904352e-07,2.96019529076346e-07,3.33724327701644e-07,3.75935649662507e-07,4.23259015733577e-07,4.76165024251047e-07,5.35427835478588e-07,6.01602277463272e-07,6.75654527804237e-07,7.5826591453414e-07,8.50653996534832e-07,9.53570290389103e-07,1.06857627840551e-06,1.19656981303794e-06,1.33945343820247e-06,1.49844927788888e-06,1.67573165792205e-06,1.87283996698798e-06,2.09232055258136e-06,2.33624464591839e-06,2.60768874366718e-06,2.90919966560758e-06,3.24440505942147e-06,3.61654412412989e-06,4.02991846798359e-06,4.48854640263601e-06,4.99752871130778e-06,5.56188914622683e-06,6.18773664803214e-06,6.88148665826954e-06,7.65032309329733e-06,8.50208511429313e-06,9.44516408962745e-06,1.04894304536124e-05,1.16448836468597e-05,1.29238249846545e-05,1.43378998414149e-05,1.59023863637481e-05,1.76308253462278e-05,1.95419970906014e-05,2.1651615446592e-05,2.39830367106322e-05,2.65548712481008e-05,2.93966697155614e-05,3.25301387173079e-05,3.59912613706511e-05,3.98045561505727e-05,4.40143681734285e-05,4.86497892724117e-05,5.37658451697334e-05,5.93943656937676e-05,6.56030764150615e-05,7.24316931734716e-05,7.99623540312786e-05,8.82349539214653e-05,9.7354938868293e-05,0.000107368757281667,0.000118398374259269,0.000130506944133262,0.000143829886435834,0.000158453245562208,0.000174529726152574,0.000192167484741048,0.000211541235115,0.000232786451393814,0.000256103311740367,0.000281657687427905,0.000309681232285143,0.000340379152561901,0.000374013010942093,0.00041082963872317,0.00045112894153843,0.000495216116636762,0.000543426776375807,0.000596126603942672,0.000653696569445877,0.000716586382403011,0.000785213394335614,0.000860109829476701,0.000941731914053234,0.00103071731213937,0.00112756569209705,0.0012330528735443,0.00134770215662568,0.00147239825586234,0.00160767739793217,0.00175463322329318,0.00191386546906806,0.00208668558566109,0.00227361952825704,0.0024761391623493,0.00269479494116055,0.00293137803232002,0.00318626555048249,0.00346150556874635,0.00375741182048982,0.00407627334779418,0.0044180585834951,0.00478560317074777,0.00517847337512414,0.00559973431494451,0.00604892942022139,0.00652874179795524,0.00703887874362427,0.00758163737210377,0.00815654298861417,0.00876539895880873,0.00940764177392153,0.0100845782243435,0.0107950286367323,0.0115394072610806,0.0123159959596731,0.0131241881128872,0.0139614785427302,0.0148256678468365,0.015713366782248,0.0166205453676672,0.0175428263320438,0.0184739347508308,0.0194079828788173,0.0203357658198333,0.0212505750467254,0.0221406187696347,0.0229982689426897,0.0238085797813816,0.0245629176417307,0.0252422652136566,0.0258379431966293,0.0263300062312119,0.0267124569764278,0.0269619927315002,0.0270743968573948,0.0270290743917452,0.0268288749868556,0.0264513405622803,0.0259057940862791,0.0251762475986363,0.0242832578951741,0.0232147983868768,0.0220024082411458,0.0206418120554306,0.0191788897415409,0.0176100211993047,0.0159918429406653,0.0143307866129798,0.01267766740723,0.0110498058635622,0.00948808192199522,0.00801270691177475,0.00665237477746627,0.00542034200196875,0.00432977942769183,0.00338636765808795,0.0025885847045164,0.00193408472792785,0.00140614217358341,0.000996936503921772,0.000683090003028321,0.000457104637709811,0.000292830654006293,0.000183712457450252,0.000107095662283757,6.2597777047508e-05,3.26148553510424e-05,1.77933916830601e-05,7.57604803172573e-06,4.33866488381011e-06,1.39396565843031e-06,7.04966271930527e-07,2.004900246984e-07,1.43260180324061e-07,8.35263826732753e-09,-1.23435331210668e-07,1.7835277112571e-07,-9.71397368745953e-08,1.25133081848232e-08,-2.4155164273582e-08,5.74604281624448e-08,-6.04102989679284e-08,2.85895964456722e-08,-2.20509787562645e-08,0
95477161.1420807,0,5.25029207856782e-08,8.45447364651647e-09,5.93070061396365e-08,1.99463439023754e-08,7.16929006753723e-08,3.02143370351784e-08,8.61743897919087e-08,5.16108118752627e-08,9.55490806609295e-08,8.29506282738148e-08,1.10102691810164e-07,1.16112044942037e-07,1.36083675706401e-07,1.52113542151339e-07,1.73025368111357e-07,1.95347268880559e-07,2.20869136067538e-07,2.4938127897312e-07,2.81398714188728e-07,3.17316379658275e-07,3.57534029384852e-07,4.02629495360724e-07,4.53052732580941e-07,5.09542019248144e-07,5.72626979485292e-07,6.43229534417083e-07,7.22001932939754e-07,8.10106959944563e-07,9.08262087743092e-07,1.01795736542576e-06,1.14004943219948e-06,1.27635463005893e-06,1.42803977319313e-06,1.59718234456187e-06,1.78524946296111e-06,1.99467181710612e-06,2.22742769918002e-06,2.48645446792984e-06,2.77418125574527e-06,3.09407306959017e-06,3.44922253829762e-06,3.84373668276243e-06,4.28145327854599e-06,4.76724665530417e-06,5.30591671218983e-06,5.90329849656721e-06,6.5655173909277e-06,7.29943536432378e-06,8.11254573607582e-06,9.01286687164165e-06,1.00098168344998e-05,1.11129344991688e-05,1.23339764046806e-05,1.36840831675298e-05,1.51778560857095e-05,1.68282302323528e-05,1.86531407163275e-05,2.06675906291544e-05,2.28939025278355e-05,2.53498788264686e-05,2.8063728674101e-05,3.10561316077427e-05,3.43614775999168e-05,3.80032547807806e-05,4.20237692025405e-05,4.64507228986302e-05,5.13367778246433e-05,5.67124915602755e-05,6.26425245172492e-05,6.91646910480824e-05,7.6357479831949e-05,8.42591278251447e-05,9.29703748028078e-05,0.000102535619746761,0.000113071470395233,0.000124638296994524,0.00013736543486322,0.000151335233679095,0.000166693772671923,0.000183544482852095,0.000202054566527155,0.000222353622686589,0.000244632994641019,0.00026905129060723,0.000295829887382274,0.000325165344773379,0.000357308147130203,0.000392494049067558,0.000431009396028959,0.000473145974616809,0.000519225008636429,0.000569597252353269,0.000624628572853458,0.000684749466952514,0.000750358273170557,0.000821963230792095,0.00090000036036722,0.000985079538315142,0.0010776802284439,0.00117854658278567,0.00128818041678379,0.00140742693928917,0.00153679695759038,0.00167733590270032,0.0018296230647661,0.00199492035727538,0.00217373109577671,0.00236746097427116,0.00257663935266473,0.0028029766177475,0.00304682807742821,0.00331015684900323,0.00359327484255869,0.00389838019547173,0.00422544458246071,0.0045771704179756,0.00495314011736897,0.00535631170558654,0.00578625551986384,0.00624551887629941,0.00673381967607257,0.00725336176483464,0.00780371691482067,0.00838664552964306,0.00900158378235024,0.00964973431702148,0.0103299990733111,0.0110428446161025,0.0117865831744652,0.0125605496304528,0.0133624161211822,0.0141902008108613,0.0150405918343636,0.0159095789062639,0.0167929907750346,0.0176849853544683,0.0185799420366148,0.0194688665700299,0.0203452657245032,0.0211980133336882,0.0220198328706944,0.0227962138069003,0.0235188866372695,0.0241698744064197,0.0247407963777833,0.0252122563699206,0.0255785832029993,0.0258177484423429,0.0259256476207861,0.0258822403850274,0.0256903602597049,0.0253286653512727,0.024805882370296,0.0241067988689804,0.0232516036685252,0.0222283624402911,0.0210665772350573,0.0197627545171461,0.0183619157741621,0.0168598905196059,0.0153097258761674,0.0137183388026523,0.0121355626448839,0.0105771778027652,0.00908156587190861,0.00766881041176442,0.0063667655915348,0.00518748939694953,0.00414335355919684,0.00324031463449137,0.00247698641030936,0.00185052480557207,0.00134493405596631,0.000953606397789066,0.000653916639199474,0.000437435100353558,0.000279577115578312,0.00017547416028937,0.00010275286855464,5.99579161816955e-05,3.10102665630478e-05,1.70608865594436e-05,7.29331751536198e-06,4.02293727539579e-06,1.35527448780691e-06,7.84650740239004e-07,1.14977878758446e-07,7.4414697748959e-08,1.00126550462827e-07,-1.05395793244479e-07,9.6611954086648e-08,-7.34305374753781e-08,5.22267291682817e-08,-5.15749551935204e-08,4.40791568542394e-08,-3.72140536727234e-08,2.54259488372375e-08,-2.82754358944297e-08,0
97712415.353465,0,5.01597434566272e-08,8.07729272842228e-09,5.66589044820829e-08,1.9055499484609e-08,6.8494136084104e-08,2.88618223172766e-08,8.23249980807168e-08,4.93065040918968e-08,9.12718826211531e-08,7.92453919820857e-08,1.05170783537762e-07,1.10916829722138e-07,1.29986653796825e-07,1.45299320526588e-07,1.65270679261789e-07,1.8659125626283e-07,2.10967611649338e-07,2.38200987266896e-07,2.687828285823e-07,3.03090357765494e-07,3.41504566978995e-07,3.84577113462906e-07,4.32737790659985e-07,4.8669179624801e-07,5.46944763681427e-07,6.14376094607302e-07,6.89607222859679e-07,7.73748836027461e-07,8.67487188325818e-07,9.7224429143397e-07,1.08883651463137e-06,1.21899984588672e-06,1.36385393044063e-06,1.52538349329925e-06,1.70498616893522e-06,1.90498499349862e-06,2.12727467265374e-06,2.3746621655673e-06,2.64946380862512e-06,2.95498863091228e-06,3.29419446680543e-06,3.67100617438594e-06,4.08909077980595e-06,4.55310706882572e-06,5.06764118122355e-06,5.63826388621931e-06,6.27082633174675e-06,6.97188672308416e-06,7.7486060708442e-06,8.60864390634676e-06,9.56100756589439e-06,1.06148287626005e-05,1.17813477735794e-05,1.30711996294726e-05,1.44983161624967e-05,1.60750549679778e-05,1.78185889161856e-05,1.97432856005174e-05,2.18704382228998e-05,2.42169908372644e-05,2.6809943104073e-05,2.96691939659658e-05,3.2827592102722e-05,3.63074648339696e-05,4.01493174412247e-05,4.43797973753132e-05,4.90491558700964e-05,5.41863507444145e-05,5.98531407682708e-05,6.6085910329062e-05,7.29598169945111e-05,8.05113153234104e-05,8.88366428243489e-05,9.79782881527715e-05,0.000108047719464462,0.000119102670073009,0.000131267017250793,0.000144619462702757,0.000159299416705839,0.00017540593511546,0.000193098827868816,0.000212501941919331,0.000233798453526691,0.000257140341083889,0.000282739479632403,0.000310783400875032,0.000341511108521188,0.000375148640448862,0.000411970985874047,0.00045225759856223,0.000496315271684034,0.000544479015822984,0.000597098116101134,0.000654583772443625,0.000717317226311217,0.000785785618435614,0.000860408085975816,0.000941770046207844,0.00103032979314976,0.00112679710188527,0.00123165202364809,0.00134570493551478,0.00146944651291434,0.00160387860166746,0.00174955438524011,0.00190767970672836,0.00207873999987794,0.00226407967812783,0.00246420586435467,0.00268076181930446,0.0029140852484169,0.00316605171360375,0.00343697142097298,0.0037289543170088,0.00404196912037614,0.00437859823168073,0.00473845117572646,0.00512436123959471,0.00553591623418676,0.00597555909095169,0.00644302706547871,0.00694043158718571,0.00746737350440492,0.00802554252919581,0.00861437726918299,0.0092350231352689,0.00988647319577023,0.0105692020049457,0.0112815605148186,0.0120228819440694,0.0127909572960892,0.0135839123977761,0.0143985584548735,0.0152310409463046,0.0160774052748579,0.0169320852966862,0.0177896383785861,0.0186413872027858,0.0194811500710318,0.0202983297336154,0.0210859376486608,0.0218300433316164,0.0225227410660961,0.0231467589207602,0.0236939705102519,0.0241458551449978,0.0244971107259713,0.0247265717962669,0.0248301380635622,0.0247886477986096,0.0246049671129489,0.0242586144731294,0.0237578876940943,0.0230881945884351,0.0222688774552784,0.0212884959120308,0.0201754772914031,0.0189266211858996,0.0175848619298918,0.0161458724201192,0.0146607421774131,0.0131365215628656,0.0116207723114308,0.0101281370234283,0.00869546173245847,0.00734253390659619,0.00609603922230346,0.00496690711519852,0.00396677412136713,0.0031019024551182,0.00237124011000403,0.00177170271735353,0.0012877006757604,0.000912974166914773,0.000625853911779031,0.000418530055424034,0.00026770473086052,0.000168258276258664,9.83703029814187e-05,5.72058311094952e-05,2.96994981177069e-05,1.64514580095914e-05,6.96378538585523e-06,3.81301242907918e-06,1.32434176544184e-06,7.47407199844114e-07,9.71880246872169e-08,9.14647184630337e-08,9.6126975538016e-08,-1.17642695363207e-07,9.9085759610302e-08,-6.2134774959975e-08,4.32441085241308e-08,-5.12371716429518e-08,4.64410147046539e-08,-3.62584589175419e-08,2.24084769899762e-08,-2.64139262860884e-08,0
100000000,0,4.79626836731416e-08,7.70894073259458e-09,5.41689293197172e-08,1.81912209272702e-08,6.54804209053668e-08,2.75364964011934e-08,7.86880079229648e-08,4.70673899765496e-08,8.71985207915489e-08,7.56718961772944e-08,1.00441338007869e-07,1.05910894493293e-07,1.24116200638685e-07,1.38724889662614e-07,1.57784263021842e-07,1.78127492238028e-07,2.01386876419799e-07,2.27370762722606e-07,2.5654962155462e-07,2.89282374579122e-07,3.25931682270278e-07,3.6702409598483e-07,4.12971255753342e-07,4.64445927333218e-07,5.21929622142456e-07,5.8626168705434e-07,6.58035736564226e-07,7.38310383173048e-07,8.27740970645722e-07,9.27686770772225e-07,1.03892827351521e-06,1.16312132592748e-06,1.30133384123697e-06,1.45545828925654e-06,1.62682908572927e-06,1.81766479246136e-06,2.02977456076689e-06,2.26583879600314e-06,2.52807120585862e-06,2.81962779128056e-06,3.14332924998847e-06,3.50292155984953e-06,3.90190790211445e-06,4.34474100967077e-06,4.83580259895152e-06,5.3804146313325e-06,5.98417282104345e-06,6.65334017666102e-06,7.3947444338741e-06,8.21569468330945e-06,9.12478887346641e-06,1.01307518310206e-05,1.1244336760822e-05,1.24757135452995e-05,1.38381733628401e-05,1.53435023001495e-05,1.70080968962531e-05,1.88457027742019e-05,2.08766834252776e-05,2.31172275030632e-05,2.5593105386628e-05,2.8323294114891e-05,3.13391705277569e-05,3.46621503618678e-05,3.83309292737573e-05,4.2370882425017e-05,4.68299896865575e-05,5.17359846718752e-05,5.71479150720792e-05,6.31005833119968e-05,6.96658119905027e-05,7.68784041257871e-05,8.48302720937375e-05,9.3562052307042e-05,0.000103180277165705,0.000113740245791936,0.000125360412630506,0.000138115835126898,0.000152139515615597,0.000167526217221256,0.000184428833251129,0.000202965825244641,0.000223312333321955,0.000245613473264017,0.000270071576356201,0.00029686603206811,0.000326225613876913,0.000358366602413085,0.000393551947632857,0.000432048745932117,0.000474149814572736,0.000520175114650258,0.000570459696611553,0.000625398772521946,0.000685357892760575,0.000750801724792073,0.00082212944322042,0.000899900472623788,0.000984554775805881,0.00107677297389302,0.00117701490952378,0.00128605632455971,0.00140436827830718,0.00153290723197623,0.00167220185769332,0.00182340936397356,0.00198699623742324,0.00216424649527484,0.0023556451316943,0.00256276887595187,0.00278595212587359,0.00302698479875913,0.00328615221750398,0.00356548078048101,0.00386495697647493,0.00418704977840041,0.00453137603009755,0.00490063807767846,0.00529445333688237,0.00571518581037381,0.00616258609141551,0.00663865498478563,0.00714300021849748,0.00767725570396797,0.00824092074920581,0.00883508455098985,0.00945871821905175,0.0101122773105472,0.0107942884110782,0.0115041269594189,0.0122395570833392,0.0129987962605121,0.013778928988682,0.0145762074757668,0.0153866773800151,0.0162050959714526,0.0170264705334368,0.0178424043242916,0.0186467356526491,0.0194293899364016,0.0201838447129749,0.0208966292265562,0.021560061910243,0.0221577936598079,0.0226821607385994,0.0231151233529926,0.0234514125149946,0.0236710518875986,0.0237703395359617,0.0237306947258769,0.0235547009614786,0.0232228265968269,0.0227429676572712,0.0221012552695823,0.0213166935180393,0.0203780571284697,0.0193117065608743,0.0181148242391224,0.0168298307880337,0.0154525814412558,0.0140307754515177,0.0125708628651147,0.0111193782044899,0.00969081512508634,0.00831982682517753,0.00702458561856956,0.00583097704139372,0.00475054951339389,0.00379432913605908,0.00296708437479309,0.00226761314964189,0.00169378534234447,0.00123084356705769,0.000872760890014201,0.000598736231353503,0.000400503966348681,0.000255535637163745,0.000160293259451359,9.42345596080239e-05,5.50547593272914e-05,2.81778493495134e-05,1.55136223704573e-05,6.81538398776236e-06,3.69288199823317e-06,1.16680719381251e-06,7.51428179963029e-07,1.09869435790749e-07,3.19686757316684e-08,1.28816189987325e-07,-8.30175683549594e-08,4.76581338430487e-08,-5.88812998375057e-08,7.15203927881601e-08,-6.24200397838863e-08,3.3732184031321e-08,-2.3153480762247e-08,2.24597724972046e-08,-2.95492607725035e-08,0
