#"m_a, f(q)"
6.23025e-09,0,1.72600831512846e-06,1.41502733025697e-07,2.00408044772111e-06,2.68172069252616e-07,2.24557834745405e-06,6.65065188000559e-07,2.3200763541359e-06,1.203574949226e-06,2.51093975969879e-06,1.70867076569979e-06,2.8456069492584e-06,2.29681980149958e-06,3.23237997720784e-06,3.0280924684777e-06,3.72262794782231e-06,3.85486060518457e-06,4.40440742024016e-06,4.76973529207972e-06,5.30619964907426e-06,5.82667599282748e-06,6.43509061604868e-06,7.08913719638904e-06,7.81563316071347e-06,8.61404141868102e-06,9.49252648539962e-06,1.04615195275165e-05,1.15258106682134e-05,1.26996276903731e-05,1.39892211812581e-05,1.54106697163635e-05,1.69727671503337e-05,1.86936126790405e-05,2.05845484669396e-05,2.26660527552628e-05,2.49533273825767e-05,2.74708715044424e-05,3.02376770051379e-05,3.32808166417736e-05,3.66243794705233e-05,4.03009724293218e-05,4.43408180098378e-05,4.87808044974915e-05,5.36588023000661e-05,5.90181209144016e-05,6.49061478083687e-05,7.13720489136391e-05,7.84740717039977e-05,8.62690822644366e-05,9.48301645497527e-05,0.000104223147824521,0.000114539644271495,0.000125853846669191,0.000138276483188854,0.000151893407054414,0.000166844492541387,0.000183226198231676,0.000201208324254105,0.000220900091100406,0.000242512960602679,0.000266168564395225,0.000292122133326992,0.000320511637984257,0.000351654788406813,0.000385703092127622,0.000423048646637425,0.000463866935905748,0.000508628561171718,0.000557515115653537,0.000611114694672095,0.000669614666349278,0.000733732295706502,0.0008037289052965,0.000880347782599458,0.000963989793815208,0.00105549056063856,0.00115534994591788,0.00126448789508965,0.00138355514936879,0.00151361650117869,0.00165546822755055,0.00181028777076425,0.00197906132324626,0.00216313002079887,0.00236370623705052,0.00258228194897809,0.00282033235240921,0.00307951776614039,0.00336165257908735,0.00366857922218496,0.0040024828974364,0.00436535204907282,0.00475986294289127,0.00518817855799529,0.00565347828107653,0.00615808649245376,0.00670589784872259,0.00729938258086601,0.00794319101120196,0.00863978641196127,0.00939455695249715,0.0102100157133017,0.0110928477144975,0.012045526765909,0.0130757274330217,0.0141854169058472,0.0153834599914762,0.0166718830181763,0.0180619242919607,0.0195547216873183,0.0211624876191119,0.022885859478802,0.0247398869866044,0.0267228691243654,0.0288521481197226,0.0311263890645497,0.0335619795938352,0.0361591101889369,0.0389321219323925,0.0418828488446965,0.0450253089481262,0.0483616059943485,0.0519034317373417,0.0556528026658099,0.0596206399880752,0.0638078520310483,0.0682212766321463,0.0728615530999214,0.0777322844955168,0.0828323958890642,0.0881590863909123,0.09370983009992,0.0994740661316325,0.105445564993279,0.111605479956286,0.117944923155815,0.124431232877499,0.131050482778659,0.137757655068953,0.144534269640287,0.15131702039833,0.158079731348232,0.164740009864117,0.171268541984818,0.177565190398548,0.183595762088181,0.189234919341474,0.194439211214537,0.199066351169814,0.203085014051405,0.206331407997528,0.208773868705755,0.210248106136582,0.210752299272361,0.210115950282926,0.208358622790368,0.205321285684093,0.20109209251663,0.195541787405476,0.188774509096242,0.180767307294802,0.171657415057965,0.161512666177898,0.150500056534412,0.138769335089481,0.126540990590133,0.114019481637844,0.101434910609268,0.0890300635065669,0.0770188819590148,0.065630057790881,0.0550111789980447,0.0453396323852352,0.0366797267448279,0.0291288553630589,0.0226517408564326,0.0172629859176847,0.0128525397181204,0.00936367899306397,0.00664660068480093,0.00460875863742976,0.00310607006466614,0.0020412394764801,0.00130035483538264,0.000804273541506626,0.000482430965946847,0.000280522192595977,0.000159899947215709,8.68009875371535e-05,4.68196019907022e-05,2.36205354472149e-05,1.21191908124808e-05,5.49425639849231e-06,2.82973065011948e-06,1.01284908045477e-06,5.65746640146505e-07,1.17724333726326e-07,8.1056978755363e-08,-1.22520806069746e-09,0
6.08772775755925e-09,0,1.64870147627106e-06,1.35319621839084e-07,1.91459555690605e-06,2.55894131452816e-07,2.14497018920082e-06,6.36041325175503e-07,2.21601292672601e-06,1.14934914118548e-06,2.39983659367514e-06,1.63139301999075e-06,2.71910780993447e-06,2.19434074939813e-06,3.08787493376217e-06,2.89354807157926e-06,3.55603195857277e-06,3.68361615801481e-06,4.2076264382024e-06,4.55753097727346e-06,5.06970711039131e-06,5.56724539040545e-06,6.14862457072141e-06,6.77364056720426e-06,7.46789666642715e-06,8.23097196732368e-06,9.07044619625733e-06,9.99649342916811e-06,1.10136734308408e-05,1.21356197227855e-05,1.33682018698014e-05,1.47268078940596e-05,1.62199680871131e-05,1.78649963969293e-05,1.96725490958362e-05,2.16623093577286e-05,2.38489300103744e-05,2.62557867302933e-05,2.89009312713307e-05,3.18105433384017e-05,3.50077624912424e-05,3.85233026870398e-05,4.23859850728882e-05,4.66317181045456e-05,5.12969041932876e-05,5.64223737800939e-05,6.20533029160721e-05,6.8237593155673e-05,7.50314223672042e-05,8.24884233206021e-05,9.0677928159009e-05,9.96635615515521e-05,0.000109533848916444,0.000120360141255836,0.000132247967918728,0.000145278464763046,0.000159585877565642,0.00017526537304781,0.000192480240118446,0.000211331390156849,0.000232020565176303,0.000254669884504101,0.000279524737393928,0.000306710615750283,0.000336532108429992,0.000369145836336518,0.000404930302994574,0.000444039690293902,0.000486917661293514,0.000533754880691525,0.000585131087887281,0.000641213405831186,0.000702669311156702,0.000769764907562978,0.000843239013379341,0.000923461269219949,0.00101121162522058,0.00110699073824876,0.00121170213143067,0.00132596065358463,0.00145078364195107,0.00158693992838876,0.00173556019950077,0.00189760350408013,0.00207437451506536,0.00226703695887572,0.00247701790161583,0.00270574382893512,0.00295483132580268,0.0032260337420409,0.00352112404573871,0.00384222050761604,0.00419124758008581,0.00457077468211805,0.00498291349725743,0.00543076543391281,0.00591657298564281,0.00644409364210904,0.00701572118042575,0.00763593214725832,0.00830716821915877,0.00903471414917112,0.00982098585769958,0.0106724077164334,0.0115914240159152,0.0125854875072116,0.0136565474232548,0.0148132346326398,0.0160575524615903,0.0174003600980743,0.018842839622159,0.0203969333965182,0.0220632232706533,0.0238562185907114,0.025774643551619,0.0278355201603043,0.0300371630308254,0.0323953174848899,0.0349108005970981,0.0375979117430504,0.040458047714011,0.0435045508559,0.0467398769693043,0.0501759286972079,0.053814515148017,0.0576659768054196,0.0617315734266361,0.0660183356336165,0.0705266417159555,0.0752600821017739,0.080218004064048,0.0853976160332296,0.0907963259283117,0.0964043812900287,0.102215816754938,0.108211821272373,0.114383850351009,0.120700550372687,0.127148189984723,0.13368266925595,0.140286247308283,0.146896999816935,0.153488964175988,0.159981898501839,0.166347543738861,0.172487509531625,0.178368249001381,0.183867623814211,0.18894333528108,0.19345554425235,0.197373681682137,0.20053806223405,0.202918200188712,0.204352578709624,0.204840000957798,0.204214794686451,0.202496595851571,0.199529104424143,0.195399279390618,0.189981978710084,0.183380891944834,0.175573197718164,0.166691725554609,0.156805065026016,0.146078493642275,0.134657171498641,0.122755140457742,0.110573621967077,0.0983366103455359,0.0862799086668389,0.0746115255172404,0.0635540393196942,0.053248927466597,0.043868051220413,0.0354732440297989,0.0281579429964301,0.0218859287943502,0.0166709727516361,0.0124053825832594,0.00903316481522844,0.00640838711028964,0.00444108337818613,0.00299132014809443,0.00196465784290498,0.00125076664684738,0.000773066428371916,0.000463399338020255,0.000269271438137176,0.00015339476932118,8.32068336005367e-05,4.48612466082681e-05,2.26170743788838e-05,1.16001452082336e-05,5.25442424319752e-06,2.70833086908929e-06,9.66793782515396e-07,5.40976255800802e-07,1.12178992502702e-07,7.74944814345079e-08,-1.28557159321722e-09,0
5.94846583205448e-09,0,1.57536737125142e-06,1.27754020670665e-07,1.82580466618718e-06,2.48267114877022e-07,2.05127627265999e-06,6.01009751799299e-07,2.11605002071865e-06,1.10474592922975e-06,2.28860442612927e-06,1.55389058588976e-06,2.60125460425346e-06,2.097588800141e-06,2.94410206934855e-06,2.76536314621226e-06,3.39878045657084e-06,3.51505899576149e-06,4.01942591443365e-06,4.35378957215857e-06,4.8410422877484e-06,5.31724298235321e-06,5.87318296924468e-06,6.46893906352851e-06,7.13276006719337e-06,7.86163422257584e-06,8.66338939339864e-06,9.54823764014019e-06,1.05198206951662e-05,1.15915210935171e-05,1.2769263041035e-05,1.40673065756227e-05,1.54939398020105e-05,1.70656035775408e-05,1.87926521188058e-05,2.06940764431209e-05,2.27836677505108e-05,2.50837707911503e-05,2.76117451926542e-05,3.0392516522375e-05,3.34481801336477e-05,3.68083587642821e-05,4.05007246079751e-05,4.45594603090991e-05,4.90193662732726e-05,5.39197575177912e-05,5.93038752939391e-05,6.52170638475002e-05,7.17129254185889e-05,7.88437456517939e-05,8.66765497883118e-05,9.52715032953342e-05,0.000104712367010408,0.000115067716865032,0.000126440032675141,0.000138908046334652,0.000152598505134121,0.000167600160525965,0.000184072027908335,0.000202115798389434,0.000221922128217519,0.000243601764229193,0.000267392932452654,0.000293423383409197,0.000321982034667102,0.000353212321332198,0.000387480135140859,0.000424941718048823,0.00046602322250813,0.000510900788263173,0.000560125053591046,0.000613865149274695,0.000672773609211589,0.000737098698705237,0.000807536929629647,0.000884452838271536,0.000968606846559455,0.00106047739521123,0.00116092991751723,0.00127055485615758,0.0013903284687344,0.00152100050629142,0.00166367021318234,0.00181925257890547,0.00198899096874897,0.00217401537146859,0.0023757194867069,0.00259548178138602,0.00283484953232259,0.0030955043802699,0.00337916635350361,0.00368790352328197,0.00402358659031113,0.0043886711945246,0.00478517769056041,0.00521613415394964,0.00568375038958556,0.0061916290057366,0.00674207039156252,0.00733945300170714,0.00798616801928902,0.00868727880176915,0.00944513900446563,0.0102660191561259,0.0111523166278398,0.0121112160755564,0.0131446339047124,0.0142609830995074,0.0154622553208734,0.0167589312297563,0.0181521953353278,0.01965371452275,0.0212641947425583,0.0229976121564957,0.0248525997257468,0.0268458615451733,0.028976215015336,0.0312587762062516,0.0336939088853233,0.0362957872636925,0.0390664577119712,0.0420187524462707,0.0451545509687447,0.0484856536054587,0.0520143950742074,0.0557508993489691,0.0596961013154139,0.0638569289244863,0.0682341184761476,0.0728313233958034,0.0776478323195812,0.0826810183414667,0.0879283401677632,0.0933804103943417,0.0990318939286007,0.104864613618819,0.110869575361077,0.117016119752445,0.123291704220721,0.129653616602438,0.136083728393204,0.142521362027088,0.148941986910176,0.155267270588389,0.161468911108877,0.167451126225095,0.173181765641484,0.17854063259868,0.183486024921632,0.187882171736483,0.191699771562035,0.194781811873543,0.197098571053898,0.198492858190573,0.198963938302045,0.198349665389487,0.196670177010316,0.193773024940654,0.189743715622287,0.184460558342394,0.178025238358588,0.17041592905484,0.161764287840679,0.152137945606314,0.141696456481864,0.13058234432474,0.119006294902103,0.107164785869657,0.0952740436166728,0.0835631569378296,0.0722347904091471,0.0615061027335823,0.0515126401202624,0.0424195781626765,0.0342861776564539,0.0272033591426088,0.0211341980531948,0.0160905300256927,0.0119670792042801,0.00870937987899036,0.00617543232236298,0.00427744053150162,0.00287938789613312,0.00188983091116433,0.00120233344518928,0.000742908817285527,0.000445266048820212,0.000258307164629853,0.000146681073476606,7.96778646755167e-05,4.33589595420748e-05,2.17738315086468e-05,1.0834081722645e-05,4.92636578171056e-06,2.74493035118243e-06,9.68775578881668e-07,4.45681584258607e-07,9.99627642037895e-08,1.0018051031962e-07,-4.16985350172323e-09,0
5.81238964097601e-09,0,1.50313934768335e-06,1.23441463742781e-07,1.74546476472808e-06,2.33125636611976e-07,1.955417152012e-06,5.8069605005824e-07,2.01972972226566e-06,1.04741520398771e-06,2.18932637395773e-06,1.48680488021218e-06,2.47786446222704e-06,2.00347518056903e-06,2.81311182059859e-06,2.6395057796749e-06,3.24268502847597e-06,3.35813500428411e-06,3.83770067417841e-06,4.15586653788573e-06,4.62351630674844e-06,5.0772224745952e-06,5.60777237806275e-06,6.17795668381504e-06,6.81180177134792e-06,7.50789729456588e-06,8.2739291984307e-06,9.11948281133516e-06,1.004840604141e-05,1.10722063105384e-05,1.21969010322668e-05,1.34377877075337e-05,1.48023339417282e-05,1.63042611017188e-05,1.79539748175445e-05,1.97717811465756e-05,2.1770720153507e-05,2.39694880582654e-05,2.63848135946546e-05,2.90434355430386e-05,3.19665620945456e-05,3.51800419194703e-05,3.87104445613781e-05,4.25922425227079e-05,4.68581759173975e-05,5.15443517115464e-05,5.66929490830872e-05,6.23494554921601e-05,6.85656376485081e-05,7.53889969511752e-05,8.28815291102699e-05,9.11031903182361e-05,0.000100136864469055,0.000110046427298316,0.000120929503980518,0.000132864125703285,0.000145968901829229,0.000160324899738626,0.000176090038483495,0.000193366471482264,0.000212331045313974,0.000233087604958613,0.000255869038943222,0.000280797794625145,0.000308149676197875,0.000338063998625949,0.000370887979521134,0.000406771625443457,0.000446134700594761,0.000489146380676863,0.000536318682146804,0.000587814517186894,0.000644277838093528,0.000705950849884934,0.00077348867511057,0.00084724090814469,0.000927948811313329,0.0010160684368378,0.00111242543756858,0.00121760201901532,0.0013325431672549,0.00145795581111951,0.00159489316075823,0.00174425293624602,0.00190724197952124,0.00208493504240684,0.00227866235797355,0.00248977238213148,0.0027197813790605,0.00297029224745908,0.00324293714279688,0.00353972481056562,0.00386249221648735,0.00421362328774484,0.00459506177955656,0.0050097025486338,0.00545969106314486,0.00594854974776772,0.00647850426103713,0.00705375995539767,0.00767666574300948,0.00835212149314008,0.00908239088165374,0.00987358428072077,0.0107280843344025,0.0116528198473332,0.0126496522788646,0.0137267065556831,0.0148859609523347,0.0161376635406212,0.0174830134884136,0.0189332049469231,0.0204889704857188,0.0221640518301024,0.0239572317344754,0.0258845092012635,0.0279447187971579,0.0301527523867426,0.0325092840183387,0.0350279961199347,0.037710555771301,0.0405696178648245,0.0436075190927507,0.046835714901245,0.0502562040898766,0.0538788768746168,0.0577050106439631,0.0617417413194248,0.0659895682904926,0.0704516489187601,0.0751276785716669,0.0800157459992498,0.0851132260030966,0.090410776190379,0.095903262639052,0.101572997802572,0.107411422277415,0.113389129790242,0.119493746821602,0.125683344983939,0.131940379817187,0.13820550607418,0.144454591034149,0.150612124857439,0.15665091710041,0.162475952053535,0.168055304286822,0.173273302713203,0.178089990027751,0.182370895919453,0.186086904885975,0.189086384794117,0.19134080874687,0.192695274791469,0.193150170884308,0.192547930872482,0.190907503066358,0.188080567170764,0.18415247507933,0.179003647182551,0.172733798649157,0.165323943590174,0.156902497399956,0.147533774154631,0.13737478885401,0.126568345432419,0.115318083862052,0.103812042649454,0.092262152356591,0.0808943826549701,0.0699037389360008,0.0594991506664543,0.0498115352706296,0.0410016463327657,0.0331259639377231,0.0262714200843738,0.0204005995278783,0.0155245556837437,0.0115404890512419,0.00839474425597532,0.00594902705237439,0.0041182646020237,0.0027707820796997,0.00181775628809329,0.00115578296787908,0.000713333653979961,0.000427062366607362,0.000247902459188383,0.000141039288047004,7.63580217720346e-05,4.11572844987608e-05,2.0734115301059e-05,1.06174732784438e-05,4.80161604299822e-06,2.47974738929697e-06,8.81406232836983e-07,4.95525946588476e-07,1.00524851436475e-07,7.05243618974943e-08,-6.2376891119367e-10,0
5.67942630795225e-09,0,1.43635972498916e-06,1.18328855040116e-07,1.66686648086103e-06,2.23330148164719e-07,1.86951755300561e-06,5.53635339038315e-07,1.93056680422698e-06,1.00206646754615e-06,2.09085223114874e-06,1.4225493394032e-06,2.36778568724501e-06,1.914576426555e-06,2.69010483276436e-06,2.52141382404519e-06,3.10137338592227e-06,3.20926834803035e-06,3.66881320322798e-06,3.97283780088735e-06,4.41962593001057e-06,4.85412987415489e-06,5.36107010742538e-06,5.90615052479191e-06,6.51195862815153e-06,7.17786318302379e-06,7.91051837014198e-06,8.71881288995325e-06,9.60626676057349e-06,1.05855273599769e-05,1.166185885504e-05,1.28482392102742e-05,1.41518321728723e-05,1.55880205483488e-05,1.71668083220387e-05,1.89050470792072e-05,2.08150534794493e-05,2.2917802178195e-05,2.52294026402023e-05,2.77721904846085e-05,3.05662105823066e-05,3.36392827977273e-05,3.70167982714827e-05,4.07292394748376e-05,4.48086518809506e-05,4.9292091877371e-05,5.42191247680274e-05,5.96303050656245e-05,6.55747848806199e-05,7.21012830981464e-05,7.92714313317135e-05,8.71401884903376e-05,9.57838999756758e-05,0.000105265239303138,0.000115679901796794,0.000127102014035938,0.000139644864220553,0.00015338652357244,0.000168477444221958,0.000185015984282954,0.00020317189018195,0.000223043682526618,0.000244857247940405,0.000268732075768622,0.000294926080428199,0.000323570676797141,0.000355007758173636,0.000389385334436166,0.000427099472409281,0.00046830879814519,0.000513503691398652,0.000562846280136875,0.000616966786044624,0.000676090363731302,0.000740822709198843,0.000811512769427186,0.000888900550670661,0.000973416053156334,0.00106583401299301,0.00116671208850482,0.00127695980044176,0.00139727793695266,0.0015287021241827,0.00167206954465702,0.00182850208593008,0.00199905866568521,0.00218508043639094,0.00238786223570355,0.00260879303023069,0.00284940697807531,0.00311136035155613,0.00339662431226771,0.0037069109698494,0.00404447036524683,0.00441121707862937,0.00481002145955323,0.005242953125367,0.00571331316298912,0.00622327257264241,0.0067770324978054,0.00737683714006404,0.00802727236441828,0.0087306272338388,0.00949297284607805,0.0103165251058977,0.0112078240167996,0.0121688157655535,0.0132075466682506,0.0143258588983102,0.0155335106450769,0.0168317898483506,0.0182317211287042,0.0197340764217486,0.0213519654286232,0.0230841352316295,0.0249464244332607,0.0269380893559967,0.0290732049192279,0.0313520382338829,0.0337883384791517,0.0363843192891719,0.0391519357100692,0.0420930102267534,0.045219044374151,0.0485325890178912,0.0520431617227304,0.0557514868731478,0.0596646322943489,0.0637838318971337,0.0681123739514125,0.0726493839543251,0.0773928940290732,0.0823407964862623,0.0874843876110551,0.0928188571956655,0.0983267530232744,0.103999128040712,0.109807865049436,0.11574186565091,0.121759582348564,0.127842988044844,0.133935664860027,0.1400150810264,0.146005361907426,0.151878851443233,0.157545834965786,0.162976506631892,0.168054739642758,0.172740422784936,0.176905308663902,0.180521905852455,0.183439492729135,0.185630620920093,0.186946657421134,0.187387010746011,0.186796208369267,0.185195474206054,0.18244082208656,0.178614567417237,0.173601320273297,0.167498818667343,0.160287427220914,0.152094911515358,0.142986548661737,0.133112696870632,0.122610943072206,0.111681993298036,0.100511075200608,0.0893025901707041,0.0782749518674711,0.0676170107473693,0.0575318659594976,0.0481465876044239,0.0396166859326239,0.0319943956892862,0.0253631799948354,0.0196865020374682,0.0149745914690409,0.0111267027415776,0.00809008004329435,0.00573030930865345,0.00396487822297592,0.00266612176550653,0.00174806507691325,0.0011108761941159,0.000685302740484283,0.000410010666934971,0.000237780010734311,0.00013522657689729,7.32014719116345e-05,3.94220663257866e-05,1.98330019164373e-05,1.01625261636683e-05,4.59453802600215e-06,2.37178002326746e-06,8.40322196824823e-07,4.7349031712047e-07,9.6844089971428e-08,6.73323706706764e-08,-1.24086325631533e-09,0
5.54950462372027e-09,0,1.37016259670015e-06,1.12635461039894e-07,1.59139101418964e-06,2.12695424519107e-07,1.78223992922039e-06,5.30442896763151e-07,1.84104002129349e-06,9.55043818035735e-07,1.99692138640134e-06,1.35585089424823e-06,2.25940382387923e-06,1.82799646913682e-06,2.56508570160702e-06,2.40808414999094e-06,2.9575660615795e-06,3.06359972785729e-06,3.50057010016037e-06,3.79174835257289e-06,4.21796400354721e-06,4.63227274426784e-06,5.11661112077268e-06,5.63711562225034e-06,6.21583881545e-06,6.85134047810932e-06,7.55073376794759e-06,8.32256228877047e-06,9.17056368910426e-06,1.01060264958237e-05,1.11336019704493e-05,1.22663823830006e-05,1.35120241487741e-05,1.48842451859986e-05,1.63920648314256e-05,1.8052577049253e-05,1.987782417139e-05,2.18867697411559e-05,2.4094904722448e-05,2.65249088521049e-05,2.91958488029315e-05,3.21328150818771e-05,3.53597204532372e-05,3.89072169617632e-05,4.28069920479957e-05,4.70935151499589e-05,5.18034280813505e-05,5.69760851259028e-05,6.26591057175413e-05,6.88982524971697e-05,7.575317478523e-05,8.32787675630326e-05,9.1546886312243e-05,0.000100614709931292,0.000110574591779252,0.000121498244325836,0.000133494635730445,0.000146642684677447,0.000161084633779188,0.000176906858584729,0.000194275841243913,0.000213293198006205,0.000234169281094381,0.000257017333875617,0.000282092371293629,0.000309518337678969,0.000339618335898213,0.000372535183053274,0.000408641114164424,0.000448092282983909,0.000491386726136816,0.000538676784957052,0.000590520746973652,0.000647134122776367,0.0007091540676321,0.000776927038231814,0.000851112379693093,0.000932105434201749,0.00102068681125124,0.00111741688896941,0.00122315633153369,0.0013385573169798,0.00146460599793607,0.00160211762256577,0.00175220823694729,0.00191592159278548,0.00209449268692105,0.00228910447635446,0.00250116458240111,0.00273225768616402,0.00298391941950149,0.0032579200065703,0.00355596123800241,0.00388036329830142,0.00423295256537882,0.00461632806398652,0.00503248788347518,0.00548483563345495,0.00597552654119778,0.00650835246435409,0.00708541610961873,0.00771147632884121,0.00838882801112592,0.0091229662040368,0.0099160328307417,0.0107747345905482,0.0117009414701606,0.0127021273422169,0.0137802006301236,0.014944835702319,0.0161972216314395,0.0175478906989003,0.0189976860472139,0.0205594199266255,0.0222319681016681,0.0240305091986148,0.0259543513787258,0.0280175836578552,0.0302205190545075,0.032575868906751,0.0350858509411275,0.0377628238637583,0.0406088865538256,0.0436347551474597,0.0468422241873336,0.0502409441723025,0.0538328765255756,0.0576246894063142,0.0616163950297646,0.0658115842663071,0.0702103732614561,0.0748107522699567,0.0796105606058597,0.0846013775749769,0.0897778576094183,0.0951235297793578,0.10063125208169,0.106272962400808,0.112035847876943,0.1178805898541,0.123791735079029,0.129713017833246,0.135620908259452,0.141443259215631,0.147153875676771,0.152662965592652,0.157941757088088,0.162879942397252,0.167437263151671,0.171485405265705,0.174999913629309,0.177837048396633,0.179967164377062,0.181242377228471,0.181666181844822,0.181089531145947,0.179529848319248,0.176845857676287,0.173121502651916,0.168244483020811,0.162309279842765,0.155297866528201,0.147334509967734,0.138483541769516,0.128893555765203,0.118697774325013,0.108089784481667,0.0972514604175486,0.0863816005724516,0.075691479264743,0.0653641007641821,0.0555965356449655,0.0465105419327226,0.038256525001293,0.0308842783220766,0.0244738386996052,0.0189886570272472,0.014437919956916,0.0107232546052198,0.00779340621688829,0.00551778691953282,0.00381614123187437,0.00256495446903117,0.00168100745612307,0.00106773382133395,0.00065831907417221,0.000393640820934544,0.000228169516743097,0.000129745391246427,7.01939543908859e-05,3.77444516306094e-05,1.89786544405837e-05,9.75633357121785e-06,4.40401318128453e-06,2.24965721979768e-06,8.00833173007453e-07,4.6682881497705e-07,8.95317590788951e-08,5.71439673239726e-08,7.54251550848123e-10,0
5.4225550079893e-09,0,1.30998296031263e-06,1.07862700835235e-07,1.52110553270412e-06,2.03183629556955e-07,1.70495108017622e-06,5.06086735016647e-07,1.76015435984097e-06,9.14309408911831e-07,1.90751405294612e-06,1.297600661896e-06,2.1596167376699e-06,1.74734313198932e-06,2.45328259263065e-06,2.30081483363914e-06,2.82907028645422e-06,2.92792344558721e-06,3.34715046746812e-06,3.62478988230176e-06,4.03227151402951e-06,4.42887211167025e-06,4.8915008745294e-06,5.38904278661635e-06,5.94225727861882e-06,6.54990393387368e-06,7.21858770604595e-06,7.95648963954827e-06,8.7669934892872e-06,9.66126491825729e-06,1.06437949559271e-05,1.17267905355822e-05,1.29174497339681e-05,1.42294562691937e-05,1.5671369024754e-05,1.72587837430849e-05,1.90035729159783e-05,2.09246227040931e-05,2.30362664778089e-05,2.53595373966837e-05,2.79128886436212e-05,3.072104754173e-05,3.38073937738717e-05,3.72008042723344e-05,4.09301585118127e-05,4.50281465262829e-05,4.95315406245949e-05,5.44791708300696e-05,5.99160260651736e-05,6.58851090999073e-05,7.24423039761753e-05,7.96392716454569e-05,8.75475320694642e-05,9.62245000351159e-05,0.000105754802705906,0.00011620448940772,0.000127683269341013,0.000140268666608689,0.000154090512802705,0.000169230014442168,0.000185853031342747,0.000204060998037667,0.00022404997308489,0.000245921045343604,0.00026992524501776,0.000296192609627934,0.000325022279269994,0.000356538236063917,0.000391113782118634,0.00042891621007957,0.000470404114225088,0.000515701175909115,0.00056536154247176,0.000619626688774867,0.000679089710240408,0.000744037269612917,0.000815125270697109,0.000892784908041694,0.000977741698684674,0.00107049780968981,0.00117189911103172,0.00128258289765549,0.00140349114184708,0.00153543205112493,0.00167947822204983,0.00183658501699142,0.00200794615474873,0.00219476524047136,0.00239838977948257,0.00262028053029162,0.0028619444909275,0.0031251557631487,0.00341150361171451,0.00372315097633048,0.00406193996803881,0.00443047745020563,0.00483063221804321,0.00526555735047011,0.0057373495903124,0.00624983705463457,0.0068051266724417,0.00740761693485009,0.00805942661272264,0.00876608733721128,0.00952979428659379,0.0103568332960928,0.0112490075042985,0.0122136863503846,0.0132526838567304,0.0143752918960993,0.0155828406558699,0.0168854867836589,0.0182838663517163,0.01979062552174,0.0214051405804223,0.0231416915855884,0.0249990060418308,0.0269911999761579,0.0291196026203243,0.0313962980090903,0.033822381342959,0.0364099805585521,0.0391621463210657,0.0420893075958465,0.0451928300729144,0.0484822088632718,0.0519592560905946,0.0556304613115885,0.0594964442874374,0.063560828984974,0.0678232191243437,0.07228174428916,0.0769347494436234,0.0817741728468954,0.0867947275912984,0.091980392415451,0.0973241457489036,0.102798973898236,0.108392780313616,0.114067092761554,0.119806595676979,0.125556878024689,0.131294893509568,0.136950124986264,0.142497882813147,0.147850935548121,0.152979884320064,0.157777075135265,0.162205399899358,0.166140120031287,0.169554835722937,0.172308925005025,0.174376742668664,0.175615043917473,0.176024948365098,0.175460678389209,0.173941750646548,0.171330757264467,0.167708293146999,0.162966228150048,0.157198802843736,0.150387105935805,0.142651202311367,0.134056522502109,0.124748296431791,0.114854893196534,0.104564599175716,0.0940549280448579,0.0835184801817689,0.0731607973849343,0.0631589128762294,0.0537030012989088,0.0449102076109564,0.0369266405073334,0.0297993212229296,0.0236045111537741,0.0183062031851542,0.0139131146177013,0.0103288917640049,0.00750329739661327,0.00530976985424717,0.00367042284853591,0.00246564542001064,0.0016150013089192,0.00102520873403281,0.000631719738787268,0.000377516319205249,0.000218667132298645,0.000124238500501907,6.71717040907232e-05,3.61385771599379e-05,1.81600814887292e-05,9.30449377971772e-06,4.19767897390664e-06,2.16870062262103e-06,7.66670020059008e-07,4.32567578212646e-07,8.72877109236436e-08,6.18875990895987e-08,-1.17527452884993e-09,0
5.29850947217662e-09,0,1.25100416403109e-06,1.03973381178614e-07,1.45225075541239e-06,1.92366081626222e-07,1.63012258099032e-06,4.84173976214657e-07,1.67800693654977e-06,8.74813919304374e-07,1.82357798832537e-06,1.23509377504486e-06,2.06627038754554e-06,1.66670950971684e-06,2.34345805336138e-06,2.19778210977951e-06,2.70071014429039e-06,2.79758029376215e-06,3.19514575726709e-06,3.4632203365066e-06,3.84990991680158e-06,4.22989910182685e-06,4.67140483805072e-06,5.14672800699256e-06,5.67503525685078e-06,6.25518584287373e-06,6.89378976333776e-06,7.59887373876515e-06,8.37296516930713e-06,9.22689669762316e-06,1.01649979145018e-05,1.11994919531235e-05,1.23371507049718e-05,1.35902364984582e-05,1.49671403627686e-05,1.64835113989969e-05,1.81504174494651e-05,1.99853610911948e-05,2.20024148201354e-05,2.4222173631536e-05,2.66617265351267e-05,2.93443945381797e-05,3.22930200030299e-05,3.55354777955866e-05,3.90989160453302e-05,4.30145209605343e-05,4.73182525200804e-05,5.20473706841124e-05,5.72434665237178e-05,6.294725702752e-05,6.92142645672528e-05,7.60950054239821e-05,8.3655954277185e-05,9.19503415105907e-05,0.000101060042524137,0.000111051156851876,0.000122030112135669,0.000134066635450013,0.000147280506553064,0.000161756827057002,0.000177662067284821,0.00019508276791697,0.000214197368704556,0.000235117000441247,0.000258090041914793,0.000283226056564564,0.000310809823419643,0.000340972717701519,0.000374064852538558,0.000410243612406334,0.000449966253215967,0.000493343210278158,0.000540882161309489,0.000592834254130055,0.000649792790470408,0.000712011997662907,0.00078010124046982,0.000854493086107627,0.000935899603795811,0.00102479224988287,0.00112197305962441,0.00122806192052384,0.00134397107513568,0.00147047927881927,0.00160862407876055,0.00175931595938934,0.00192367236322579,0.00210286379616559,0.00229826084725781,0.00251127388426628,0.00274324571257749,0.00299585803904449,0.00327077740939648,0.00357014215871486,0.00389558965425508,0.00424955906813009,0.00463400371748826,0.00505206898684665,0.00550564299726599,0.00599828419452249,0.00653217618124051,0.0071117427635577,0.00773889367521404,0.00841876287297443,0.00915366885253974,0.00994989612864913,0.0108089842304264,0.0117379207434596,0.0127387588401544,0.0138204857266211,0.0149841098146155,0.0162395907748373,0.0175879972689052,0.0190414225176219,0.0205987090542819,0.0222736857269177,0.0240661116388301,0.0259899747289842,0.0280453510654859,0.0302433678735689,0.0325866073743866,0.035087694993457,0.037748293849743,0.0405777029957058,0.0435782536781835,0.046760075445905,0.05012463121333,0.0536774762776491,0.057419114179516,0.0613538611407769,0.0654818313831248,0.0698009579205119,0.0743092396451521,0.0789985564711939,0.0838642030427585,0.0888920707389311,0.0940750539300669,0.0993846413195547,0.104809408709836,0.110315016112419,0.115886186054849,0.12146682590919,0.127035223559568,0.13252564515237,0.137912893205612,0.143110036179487,0.148090217338999,0.152749712626175,0.157050281427263,0.160870107698581,0.164186054835056,0.166861044147386,0.168867720490332,0.170067223851921,0.170463452284013,0.169913633823393,0.168435197976689,0.165895819499476,0.16237569185174,0.157768616639179,0.152166456988369,0.145552215290281,0.138042936936138,0.129702478278447,0.120672656060094,0.111078134370416,0.10110140923773,0.0909164636221525,0.080709997258684,0.0706798581657944,0.060997697099352,0.0518488782237743,0.0433452283005466,0.0356271690819412,0.028739813536083,0.0227567554822762,0.0176418618569771,0.0134026793916346,0.00994559268299458,0.00722179817108653,0.00510824067188556,0.00352943152254658,0.0023697958311102,0.00155148000076815,0.000984410030533307,0.000606267069040082,0.000362081557749454,0.000209615171336037,0.000119068203636058,6.43252672204314e-05,3.45887281154564e-05,1.73863314683559e-05,8.90333994448962e-06,4.00873615926839e-06,2.07709304787335e-06,7.33159566617564e-07,4.12146788887932e-07,8.37239834160275e-08,5.96244603705916e-08,-1.48706131678808e-09,0
5.17730158299589e-09,0,1.19503393833697e-06,9.85356602212555e-08,1.38690315844739e-06,1.85771988079873e-07,1.55578983430358e-06,4.60881932588679e-07,1.60585371392228e-06,8.34764584779861e-07,1.7395633824422e-06,1.18426286622617e-06,1.96984866485927e-06,1.59500499839385e-06,2.23767669422932e-06,2.09935904154991e-06,2.58190679533637e-06,2.67084452397587e-06,3.05489111963583e-06,3.30754004746835e-06,3.67922380812306e-06,4.04186356268783e-06,4.46390308805886e-06,4.91815610061842e-06,5.42304787754882e-06,5.97761865402457e-06,6.58827593180578e-06,7.26220232173266e-06,8.00186905285927e-06,8.81806383236616e-06,9.71502070253e-06,1.07042921752927e-05,1.17915809312233e-05,1.29890768915503e-05,1.43055106907793e-05,1.57554063434949e-05,1.73487589031885e-05,1.91028010067848e-05,2.10314311214723e-05,2.31537700021119e-05,2.54857654645353e-05,2.805048479761e-05,3.08700365544647e-05,3.3970436814655e-05,3.73775668695379e-05,4.11219416923313e-05,4.52378009620358e-05,4.97599523786734e-05,5.47285773809888e-05,6.01839653244757e-05,6.61789468859279e-05,7.27603059820084e-05,7.99914594351697e-05,8.79246120441119e-05,9.66397376563207e-05,0.000106200537076088,0.000116705208622446,0.000128217678486964,0.00014085905759577,0.000154716054963721,0.000169938316729763,0.00018660341669641,0.000204896487447828,0.00022492828692291,0.000246920341636452,0.000270976350106599,0.000297381374086316,0.00032625959477232,0.000357946947492144,0.000392599768060614,0.000430638603955696,0.000472164389622635,0.000517698703825004,0.000567486552268241,0.000622053789490006,0.000681645488887522,0.000746886362608783,0.000818187320189212,0.000896205448031135,0.000981401950212507,0.00107455822530654,0.00117626436738006,0.00128740358737629,0.00140872714458879,0.00154120799973083,0.00168571843825214,0.00184337753618276,0.00201533809571966,0.00220286842533818,0.00240726547911755,0.00262986690941368,0.00287238597938022,0.00313640699024514,0.00342388285818159,0.00373640024858788,0.00407642246965994,0.00444584188184465,0.00484757231985369,0.00528342877375657,0.00575699529844153,0.00627041943526335,0.00682776907093025,0.00743085178343714,0.00808487984585779,0.00879214095895547,0.00955841074385183,0.0103852221105387,0.0112796307316026,0.0122435440171039,0.0132853799201083,0.0144063096226652,0.0156161987444231,0.0169159620707221,0.0183170071947294,0.0198183513886827,0.0214338835441734,0.0231634684767423,0.0250198190811951,0.0270028806170445,0.0291246557306442,0.03138801097794,0.0338038427417777,0.0363734197262417,0.0391070432449711,0.0420075343334997,0.0450838667957707,0.0483368202365038,0.0517724500031441,0.0553922104245398,0.059200055209607,0.0631953328618651,0.0673761296207379,0.0717408006638176,0.0762818765632126,0.0809955180144537,0.085867404941316,0.0908890724501542,0.0960340530183364,0.101293469708171,0.106632358701257,0.112033514122163,0.117444594194011,0.122846712246325,0.128173581442081,0.133398909279119,0.138440563512632,0.143273778222439,0.147795432837296,0.151967575408147,0.155673820469031,0.158891962736942,0.161486564049354,0.163431727000963,0.164594376795709,0.164977432189131,0.164440462823516,0.163002348116728,0.160535728700426,0.157117860566903,0.152645328093124,0.147208257029647,0.140790199923685,0.133506158686906,0.125419327264487,0.116665801833303,0.107366929013073,0.0977020046198563,0.0878391190699903,0.0779576711145777,0.0682510229118333,0.058885041670905,0.0500379769125485,0.0418179744277858,0.0343608583447007,0.0277088505434192,0.0219327520535771,0.0169968451214995,0.0129078324313387,0.00957472764106049,0.00694984523730741,0.0049138044609577,0.00339368021305576,0.00227768123453398,0.00149048708181313,0.000945233259299425,0.000581816697044817,0.000347307656657809,0.000200967506758166,0.000114078376102332,6.1592198548314e-05,3.31224998890297e-05,1.66292706275499e-05,8.5093276654427e-06,3.83572647614234e-06,1.98582155234868e-06,6.97382226633943e-07,3.95109105955346e-07,7.99226496117536e-08,5.61410839768091e-08,-1.39674373225467e-09,0
5.05886642687847e-09,0,1.13882294800427e-06,9.36341738268938e-08,1.32199290047249e-06,1.77755458713721e-07,1.48151489102292e-06,4.40685947153082e-07,1.53037708175066e-06,7.95316105866659e-07,1.65995688474068e-06,1.12742212714533e-06,1.87961466665837e-06,1.52072464791708e-06,2.13326079892361e-06,2.00365197184115e-06,2.46168289889365e-06,2.54750573049345e-06,2.91494062443408e-06,3.15420225023162e-06,3.51151727191388e-06,3.8558522222788e-06,4.25947184018501e-06,4.69301413019962e-06,5.17543989011034e-06,5.70502033258027e-06,6.2882361436679e-06,6.93150983486513e-06,7.63835696926474e-06,8.41839406415107e-06,9.27512921417232e-06,1.02196433979761e-05,1.12585842650186e-05,1.24035785033175e-05,1.36612514984586e-05,1.50458284635836e-05,1.65691132258495e-05,1.82466283695527e-05,2.008925740167e-05,2.21162599508821e-05,2.43457025346472e-05,2.67988050952827e-05,2.94942483091539e-05,3.24572672739825e-05,3.57143231009096e-05,3.92945703827999e-05,4.32295759334131e-05,4.75529009785806e-05,5.23045301693956e-05,5.75223307238761e-05,6.32543093269198e-05,6.95462157906549e-05,7.64618332893238e-05,8.40500226304678e-05,9.23855060654414e-05,0.000101530668348595,0.000111578322225535,0.000122588101226129,0.000134680524612507,0.000147939443648312,0.0001625027740239,0.000178447569492586,0.000195954071014956,0.000215120681059223,0.000236160031589787,0.000259181297692358,0.000284456035814353,0.000312101670836421,0.000342442035052712,0.000375612575237993,0.000412012698523313,0.000451771758481571,0.000495395880801246,0.000543079124310513,0.000595319379243312,0.000652393466671928,0.000714907456157865,0.000783224071059013,0.000857964329277932,0.000939591238040323,0.00102887441256162,0.00112637355177477,0.00123291046121639,0.00134920724140151,0.00147622336633343,0.00161480711146313,0.0017660277609286,0.00193097496576871,0.00211085507812848,0.00230694834730363,0.00252058128721407,0.0027533677100657,0.00300677636501233,0.00328271893620866,0.00358280657949454,0.00390939912952827,0.00426422014254855,0.00465006928185332,0.00506884232315283,0.00552402806222531,0.00601751371144265,0.0065531755358122,0.00713301693395979,0.00776211590392524,0.00844243016814652,0.00917953527044064,0.0099751515273153,0.0108359871927724,0.011763767596553,0.0127668482848631,0.0138464687194661,0.015011881025749,0.0162639305438825,0.0176139303112809,0.0190612051331427,0.0206189447260446,0.0222865089000957,0.0240764457945037,0.0259897325033469,0.0280377029061201,0.0302219787178423,0.032553516110208,0.0350346831211054,0.0376753146906852,0.0404774318763516,0.04344955684924,0.0465930011128336,0.0499143658280995,0.0534147201069518,0.0570971356862811,0.0609613965756082,0.0650063196907596,0.0692301650897952,0.0736257888261508,0.0781893302913598,0.0829062305091558,0.0877690013322694,0.0927533260072443,0.0978494555706331,0.10302208141213,0.108256098945265,0.113501688365121,0.118738349803843,0.123901555886255,0.128968668647374,0.133859158400329,0.138545389808558,0.142928592870548,0.146975901294928,0.150571984305547,0.153691299394111,0.156205043227636,0.158092015745455,0.159219390350955,0.159587079460656,0.159062653122817,0.157667070824627,0.155272769517394,0.151953989787934,0.147613646223446,0.142340583299319,0.136117697373872,0.129056265560928,0.121217775844974,0.112735882348842,0.103730052839403,0.0943722858413175,0.0848249657499322,0.0752634212494169,0.0658747669458228,0.0568185338945617,0.0482679879534192,0.0403265170601395,0.033124418839596,0.0267027885763548,0.0211297330628076,0.0163686894341724,0.0124257814275837,0.00921347822055277,0.00668538365887495,0.00472512641910231,0.00326189480918918,0.00218816192103683,0.00143131017217386,0.00090731779117411,0.000558301082358359,0.000333176023586755,0.000192587568635685,0.000109210765547906,5.89997219618595e-05,3.1751068483057e-05,1.59042387447707e-05,8.12529217783399e-06,3.6713741529451e-06,1.90509325344214e-06,6.63852401265845e-07,3.7629458789343e-07,7.7183325409344e-08,5.39640115736851e-08,-1.629787649012e-09,0
4.94314057520848e-09,0,1.08876610401088e-06,8.88347225465178e-08,1.26249309961795e-06,1.71397474632304e-07,1.41643289034467e-06,4.19050304162642e-07,1.46290948652985e-06,7.61536878535912e-07,1.58476611255441e-06,1.07732825131297e-06,1.79740236670711e-06,1.45165878694385e-06,2.03889004757504e-06,1.91477648306095e-06,2.3519436368185e-06,2.4341547690567e-06,2.78512103688264e-06,3.01398039665145e-06,3.35465323451633e-06,3.68463483082199e-06,4.06924322489793e-06,4.48389357577442e-06,4.94486680380605e-06,5.45100983033259e-06,6.00791984139696e-06,6.62204326960317e-06,7.29761042634275e-06,8.04373921796772e-06,8.8619916766101e-06,9.76337244009398e-06,1.07561655950886e-05,1.18515728400341e-05,1.3053704098485e-05,1.43754781150714e-05,1.58302468309486e-05,1.74340164861913e-05,1.91956736206453e-05,2.11327091423802e-05,2.326361645103e-05,2.56087376851326e-05,2.81840242453863e-05,3.10143903971521e-05,3.41283123843737e-05,3.75530824080548e-05,4.1315277130119e-05,4.54465722982235e-05,4.99874620085474e-05,5.49757465582464e-05,6.04573901356328e-05,6.64743022258781e-05,7.30867147788235e-05,8.0343339903878e-05,8.83142438306495e-05,9.70564758616604e-05,0.000106664798947752,0.000117200530734882,0.000128768949649975,0.000141445844461677,0.000155375552955938,0.000170634705539043,0.000187383540389973,0.000205715829716082,0.000225845726439493,0.000247880104802986,0.000272074456233095,0.000298533218799775,0.000327559835307509,0.000359300197559594,0.000394158660944382,0.000432241670479936,0.000474002705472044,0.000519641509485284,0.000569666918293818,0.000624339441035598,0.000684217253510214,0.00074965142572918,0.00082125421808228,0.000899463155001895,0.000985005271170309,0.00107843796600191,0.00118055556822238,0.00129201761692227,0.00141375534516217,0.00154664126940848,0.00169168597503404,0.00184985624379302,0.00202232728391809,0.00221043148098432,0.0024154389500411,0.00263879579798917,0.0028819245728547,0.00314677247851796,0.00343489041742341,0.0037484556487221,0.00408912443462889,0.00445968923393534,0.0048620027957869,0.00529929613022475,0.00577336964195064,0.00628817441511469,0.00684568759066647,0.00745052023892235,0.00810452050706163,0.00881335747890464,0.00957878971525117,0.0104070985451648,0.0112998771991729,0.0122652412374412,0.0133045170124696,0.0144267333491146,0.015632664004529,0.0169330822717129,0.0183273621055055,0.0198283981890462,0.0214358303374064,0.0231617625270679,0.0250067666688828,0.0269817603699387,0.029088897115674,0.0313389019631137,0.0337336021192301,0.0362825775569781,0.0389882221584837,0.0418587497733976,0.0448952650354306,0.0481042477185307,0.0514869457802071,0.0550464873550485,0.0587824450703812,0.0626937716869031,0.0667793415454734,0.0710318918785307,0.075446902661585,0.0800112390260434,0.0847188052739936,0.0895449097583488,0.0944786996264522,0.0994869268212789,0.104556526860134,0.109638857338626,0.114712591718113,0.119714603045015,0.124623726233049,0.129363069313779,0.133905987127478,0.138154615179912,0.142075950488863,0.145560166435122,0.148584138065729,0.151020710696794,0.152848036386682,0.153938552581917,0.154293136137609,0.153782591473386,0.152427498815422,0.15010420833782,0.146885599496397,0.142677488836329,0.137565332910432,0.131533765541798,0.1246931544977,0.11710202482679,0.108887990735418,0.100168943653592,0.0911133703137479,0.0818776659520555,0.0726304844174805,0.0635536820764853,0.0548013830651569,0.0465408284048824,0.0388720396028355,0.031920554953681,0.0257237566722665,0.0203474963002988,0.0157573703683121,0.0119578877875548,0.0088630109906675,0.0064289788670083,0.00454288071024518,0.00313433018314534,0.00210035458683749,0.00137342994578016,0.000872070442716348,0.000537106317156326,0.000318694004674601,0.00018281087600093,0.000104889197190223,5.8053164818148e-05,3.04922945106454e-05,1.41937811746249e-05,7.63816745389731e-06,4.08973354662809e-06,1.90248092185727e-06,3.51274276973906e-07,3.40478428237518e-07,1.9746935517195e-07,4.80029534793746e-08,-3.75259476753597e-08,0
4.83006205035337e-09,0,1.03958441452945e-06,8.55302897507792e-08,1.2056261674876e-06,1.62289884190063e-07,1.35279891669947e-06,4.01282577800514e-07,1.39576618290894e-06,7.26882524636562e-07,1.51397624739198e-06,1.02736252139998e-06,1.71649281553512e-06,1.38638109854793e-06,1.94552099770288e-06,1.82934535709939e-06,2.24372245132174e-06,2.32513295380598e-06,2.65789891223009e-06,2.87793243862406e-06,3.20233453849325e-06,3.5176702434723e-06,3.88486158556223e-06,4.28088554679611e-06,4.72071081548337e-06,5.20388184695823e-06,5.73579677473665e-06,6.32247474691283e-06,6.96767307797233e-06,7.67967161246947e-06,8.46076943730253e-06,9.32218875042199e-06,1.02707917330049e-05,1.13161677143103e-05,1.24634123082209e-05,1.37265698083152e-05,1.51172935027537e-05,1.66488844713101e-05,1.83306737250305e-05,2.01809718041573e-05,2.22167472615827e-05,2.44565276159614e-05,2.69169106463057e-05,2.96224293573139e-05,3.25981478007117e-05,3.58691925859017e-05,3.94628336197592e-05,4.34108533391306e-05,4.77519327314432e-05,5.25209664770845e-05,5.77603282316558e-05,6.35105595242225e-05,6.98302953020106e-05,7.67661529315414e-05,8.43871758438204e-05,9.27491795830583e-05,0.000101937670246749,0.000112008664827397,0.000123070327140332,0.000135198348427964,0.000148522798261119,0.000163115688600126,0.000179138107596722,0.000196679521319115,0.000215940043301608,0.000237022819268239,0.000260171578025336,0.000285487833809667,0.000313273489178997,0.000343665385834613,0.000377030868850844,0.000413478049819154,0.000453462516832757,0.000497166331980124,0.00054506782158652,0.000597431295857799,0.000654787076602783,0.00071745872315597,0.000786045028686773,0.000860976916578907,0.000942947327010662,0.00103248313878806,0.00113034836228831,0.00123718958911211,0.00135389699369831,0.0014812900649342,0.00162035055449748,0.00177203794001332,0.00193747155792401,0.00211788829076245,0.00231452374490703,0.00252883748523124,0.00276219010790222,0.00301637249210469,0.00329287598578177,0.00359387243310273,0.00392098490322664,0.00427685903148955,0.00466323800834845,0.00508324936440093,0.00553870367818848,0.00603340112487151,0.00656916387138106,0.00715047054525529,0.00777922302095881,0.0084608384215713,0.00919694782394757,0.00999364220189026,0.0108524985110829,0.0117813987065738,0.0127817060019971,0.0138619926327783,0.0150228809981202,0.0162749746417815,0.017618026380449,0.019064339660458,0.0206131610641852,0.0222762071175729,0.0240545307774164,0.0259588960810804,0.0279910885704822,0.0301612679637267,0.0324715055049514,0.034931193381832,0.0375424298402453,0.0403133615722635,0.0432454422157963,0.0463448678027906,0.0496125109247565,0.0530513216921792,0.0566612907556538,0.0604417998458081,0.0643915789813426,0.0685035856211067,0.0727735636139122,0.0771883445800622,0.0817420540348419,0.0864117523357257,0.0911868692345104,0.0960344016630562,0.100941703528091,0.105861882749304,0.110774467133271,0.115618524714713,0.120373129005666,0.124963246112985,0.129363302600719,0.133478470660256,0.137276801259295,0.140651729652696,0.143580756419955,0.14594046322643,0.14770936155256,0.14876340290923,0.149105073487349,0.148609346569288,0.147294208872886,0.145039947093634,0.14192013605676,0.137842653878137,0.132889633460297,0.127047879221311,0.120423794371937,0.113073901071296,0.105124458882284,0.096689439691105,0.0879299089255191,0.0789989225595446,0.0700606087217355,0.0612896053304716,0.0528347634971995,0.0448587051117721,0.0374562324893855,0.0307476672049161,0.0247703347317454,0.0195875747506741,0.0151636186700504,0.0115030525921195,0.00852301744203113,0.00617948923510068,0.00436386033952796,0.0030101204480931,0.00201768062261033,0.00131874488742597,0.000835188003477847,0.000513256050604543,0.000305935512335121,0.000176802180899406,0.000100243805901933,5.40217932546051e-05,2.90177733326354e-05,1.45554479157036e-05,7.44688171449526e-06,3.34626280579109e-06,1.73506511862669e-06,6.08198077522802e-07,3.44888584976188e-07,6.79982820547463e-08,4.96650500872167e-08,-8.68196531927278e-10,0
4.71957029247138e-09,0,9.94389619972438e-07,8.23589163051023e-08,1.15311546853482e-06,1.54382554625267e-07,1.29597988600235e-06,3.82514960579921e-07,1.33482788680142e-06,6.97022678969134e-07,1.44675679426283e-06,9.82816741768551e-07,1.64328002502689e-06,1.32426885096207e-06,1.86189141763293e-06,1.74927703048149e-06,2.14556907374241e-06,2.22430638262419e-06,2.54134350284799e-06,2.75249993299205e-06,3.06172729301297e-06,3.36388419874708e-06,3.71447381318799e-06,4.09346208787815e-06,4.51350094467473e-06,4.97523218275522e-06,5.48384552987631e-06,6.0447950914693e-06,6.66108375838306e-06,7.34121440626907e-06,8.0882891665644e-06,8.91240550801829e-06,9.81833585369225e-06,1.08165214545299e-05,1.19137015861304e-05,1.31220075532462e-05,1.445055485905e-05,1.5913435717346e-05,1.75216095963746e-05,1.92911896891685e-05,2.12363386902625e-05,2.33762192726318e-05,2.57287255403217e-05,2.83159924934933e-05,3.11600258369831e-05,3.42859921063969e-05,3.77220792829817e-05,4.14978783337516e-05,4.56476876652612e-05,5.02051986268524e-05,5.52138776632811e-05,6.0712688973716e-05,6.67557463053945e-05,7.33880996659011e-05,8.06760963310784e-05,8.86711741075823e-05,9.74570941089132e-05,0.000107091815667318,0.000117674484222493,0.000129270926499207,0.000142010885249751,0.000155969936769241,0.000171298941313097,0.000188082013453428,0.000206511309595914,0.000226680918700767,0.000248827058863003,0.000273056837818677,0.000299653185963602,0.000328736472602812,0.000360666763579754,0.000395554330830023,0.000433826609636011,0.000475664216147907,0.00052153610272279,0.00057167859168193,0.000626591522132739,0.000686606148608476,0.000752303089223433,0.000824083094905587,0.000902603463275822,0.000988373550501632,0.00108213955718533,0.00118453101309517,0.00129639108578251,0.00141848491365859,0.00155175811545818,0.0016971663547477,0.00185580140583111,0.00202883072168106,0.00221741879424863,0.00242296606254578,0.0026468022083363,0.00289067209174786,0.00315600247708661,0.00344486587548883,0.00375884589041695,0.00410049851413402,0.0044714794916894,0.00487481158740329,0.0053122737470837,0.00578748925058383,0.00630219318675961,0.00686075824407902,0.00746507774860485,0.00812032322434164,0.00882797813926595,0.00959395534534213,0.0104199850764004,0.0113136442461179,0.0122760218408408,0.0133154277629322,0.0144327464135675,0.0156381660553155,0.0169312309271114,0.0183238401944816,0.0198155929877684,0.0214178895042236,0.0231315168371228,0.0249667403806903,0.0269254491271252,0.0290177138950999,0.0312456533534209,0.0336180942117708,0.0361369825959957,0.0388106703249149,0.0416406652468297,0.0446323644275531,0.0477866248106251,0.0511071943664061,0.0545942775498207,0.0582466039324478,0.0620626924524086,0.0660361313595813,0.0701631235465695,0.0744312038326684,0.0788344175463561,0.0833498305538756,0.0879677479552951,0.0926573611465814,0.097405594333978,0.102165966770486,0.106919565169681,0.111607986546174,0.116210210359791,0.120653102546895,0.124912313073014,0.128896355587683,0.132573923393885,0.135841031182448,0.138676404782666,0.140960288985151,0.142671297047453,0.143690255401779,0.144020155573423,0.143537837026648,0.142261638909445,0.140077626151533,0.137055942029096,0.133106060064837,0.128310067682864,0.122655769017736,0.116244742539117,0.109133123096218,0.101444327402206,0.0932876449433072,0.0848192247276373,0.0761883101853059,0.0675527744430402,0.0590814671435196,0.0509185023307811,0.0432204895955634,0.0360778852005643,0.0296072619256808,0.0238448846200281,0.0188507568974108,0.0145882908808563,0.0110620661776954,0.00819335872655837,0.00593915222035204,0.00419283333696614,0.00289077700646606,0.00193682477760044,0.00126529689084107,0.000800884920435079,0.000492205064610672,0.00029346236392281,0.000169272457134334,9.57267290517333e-05,5.16761672673506e-05,2.78800966230114e-05,1.3946313111985e-05,7.067033415313e-06,3.17675970968756e-06,1.68060087311966e-06,5.87414373157078e-07,3.19994792861587e-07,6.43376563835858e-08,5.02368126847744e-08,-1.51002178928811e-09,0
4.61160612707836e-09,0,9.47238299956763e-07,7.79144208490443e-08,1.09912323243791e-06,1.48223475663819e-07,1.23249285127176e-06,3.66199698505766e-07,1.27276992586353e-06,6.62451152127405e-07,1.37995199296496e-06,9.38392160202664e-07,1.5636376892649e-06,1.26566360276851e-06,1.77371060671292e-06,1.66841256487822e-06,2.04739704206883e-06,2.12009054760839e-06,2.42593385538248e-06,2.62456493036349e-06,2.92228678141597e-06,3.20928068431752e-06,3.54503716553262e-06,3.9065999542901e-06,4.30795248026902e-06,4.74898552630462e-06,5.23512018140514e-06,5.77098860315712e-06,6.35977815623463e-06,7.00958543672481e-06,7.72366465354527e-06,8.51126718902443e-06,9.3768439365291e-06,1.03308076257066e-05,1.13796413866376e-05,1.25344610043045e-05,1.38039786337754e-05,1.52023870845411e-05,1.67403334230961e-05,1.84321845447499e-05,2.02910315891382e-05,2.23361597499639e-05,2.4585551240102e-05,2.70599556484553e-05,2.97792118764968e-05,3.27670889472496e-05,3.60519654980084e-05,3.96629581839996e-05,4.36312494839862e-05,4.79883525600676e-05,5.27774269097292e-05,5.80361972838416e-05,6.38161482983169e-05,7.01604724825613e-05,7.71298510931982e-05,8.47723572828767e-05,9.3174403772528e-05,0.000102393497083088,0.000112515871035728,0.00012360320190361,0.000135790225563337,0.00014914968614649,0.000163814415287872,0.000179865219755342,0.000197497081227473,0.000216799546087272,0.000237989130426595,0.000261168950654226,0.000286617513205948,0.000314452919430151,0.00034501747287843,0.000378410691343553,0.000415039684679108,0.000455086555797659,0.00049900463366571,0.000547013388882249,0.000599588529885949,0.000657053584717405,0.000719969480583018,0.000788717292154827,0.000863924512840624,0.000946080916871456,0.00103590308843266,0.00113399981148021,0.00124118333941989,0.00135818317121991,0.00148590680955418,0.00162527809383968,0.00177734435403755,0.00194322325812909,0.00212404098193522,0.00232115023602892,0.00253582198090981,0.00276972971890666,0.0030242631301418,0.00330141596408151,0.0036026936216839,0.00393056327836615,0.00428663581204417,0.00467380512304577,0.0050938069251097,0.00555016668552877,0.0060445218811069,0.00658102867407098,0.00716156276968871,0.00779117373805957,0.00847130710269306,0.00920761185026874,0.0100017062611422,0.0108609172777526,0.011786415843613,0.0127862161635123,0.0138611425289554,0.015021050500629,0.0162655394358753,0.0176060342736977,0.0190422227972869,0.0205852297404478,0.0222357799825972,0.0240036838835302,0.0258909584056441,0.0279074372099368,0.0300549968066666,0.0323422255063295,0.034771184355752,0.0373498764569854,0.0400797854793244,0.0429663713783705,0.0460105145414937,0.0492156877826865,0.0525820589805842,0.0561086584674166,0.059794117896706,0.0636320167085151,0.0676188083606948,0.0717429324499454,0.0759985514415656,0.0803629408709153,0.0848266733942847,0.089360481854804,0.0939519349461238,0.0985556930610642,0.103153149480729,0.107687781660039,0.112139497732089,0.116437838804628,0.120559033485154,0.124413545762357,0.127971167859042,0.131132078452887,0.133875580682133,0.136084864752346,0.137739587916663,0.138724529297281,0.139042500401859,0.138574253344013,0.137337730863467,0.13522274160977,0.132297865578432,0.12847478203553,0.123833323616046,0.118363685173192,0.112164301549054,0.105287166886929,0.0978528154659755,0.0899704456972071,0.0817894079940496,0.0734512282589166,0.0651107074415518,0.0569339296469227,0.0490574526383563,0.0416299064379341,0.0347404041181538,0.0285031556901121,0.0229500571803298,0.0181372371203441,0.0140313678946671,0.0106377088413304,0.00787748514324311,0.00570792554905549,0.00402767496767074,0.00277593954111132,0.00185948860805988,0.00121490537048617,0.000768975615874952,0.000471852109069794,0.000280831491112648,0.000162375186183089,9.21514626125452e-05,4.94894041163816e-05,2.64870448772356e-05,1.33332439547094e-05,6.84620365875533e-06,3.05544218620374e-06,1.58247926900739e-06,5.49312384773398e-07,3.1055563900524e-07,6.90621214043735e-08,4.88035315694165e-08,-4.39464090137162e-09,0
4.50611173335665e-09,0,9.04609320169195e-07,7.42358448399025e-08,1.04937648970598e-06,1.42011356011899e-07,1.17641912849251e-06,3.49618801304802e-07,1.21562793741137e-06,6.32221150500228e-07,1.31754556433026e-06,8.96023384596786e-07,1.49304085627421e-06,1.20780244771128e-06,1.69384469794523e-06,1.5928585381455e-06,1.95442983166502e-06,2.02406167420643e-06,2.31590184942646e-06,2.5052712574018e-06,2.78996473369056e-06,3.06369934530153e-06,3.38395095594707e-06,3.72924999303626e-06,4.1123223733927e-06,4.53347406989574e-06,4.99750052530962e-06,5.50873466109147e-06,6.07079423879866e-06,6.69149340013734e-06,7.37337905762437e-06,8.12474598180635e-06,8.95063202595207e-06,9.86203075271843e-06,1.0864019721793e-05,1.19661322765342e-05,1.31776956053896e-05,1.45132648114017e-05,1.59820530495929e-05,1.75970382825331e-05,1.93720699109998e-05,2.13261882191967e-05,2.34746177751392e-05,2.5836261678399e-05,2.8432630400175e-05,3.12881612665467e-05,3.4427230412346e-05,3.78755071580836e-05,4.16655291197111e-05,4.58295970898728e-05,5.04066090948352e-05,5.54310899863498e-05,6.09534027655783e-05,6.70152379582437e-05,7.36756447402405e-05,8.09819527288113e-05,8.90135763152855e-05,9.78230669253455e-05,0.000107498333931271,0.000118101395408122,0.000129753918589335,0.000142522953190388,0.000156543856478077,0.000171894613666944,0.000188752964288523,0.000207207781925163,0.000227477324034496,0.000249654748299674,0.000273992881077541,0.000300609361448527,0.000329845552756642,0.000361798645666845,0.00039685221529359,0.000435172194772024,0.000477186874755613,0.000523119328549965,0.000573441608661885,0.000628456135559278,0.000688683770958656,0.000754487954016491,0.000826482383307276,0.000905152939311485,0.0009911807630383,0.00108512072953344,0.00118775285584405,0.00129982358937828,0.00142221886396644,0.0015557706481576,0.00170145075018854,0.00186038221021573,0.00203369057538451,0.00222264389049878,0.00242843605669592,0.0026526975654169,0.00289677954825678,0.00316258910496161,0.00345156035440539,0.00376605553158639,0.00410767447933789,0.00447923930054739,0.00488233518235184,0.00532030631491723,0.00579487038200728,0.00631008558146496,0.0068676132530032,0.00747224714536014,0.00812553904748346,0.0088330210939317,0.00959616220466603,0.0104219319677913,0.011311536327724,0.0122727912121256,0.0133065098320539,0.0144220871500266,0.0156191488050627,0.0169088957018091,0.0182910570861612,0.0197761488522587,0.0213649778031578,0.0230672144626998,0.0248847383718399,0.0268269807065126,0.0288958472833343,0.0310997660214713,0.0334408472117038,0.0359266452470898,0.0385583715697832,0.0413416493193568,0.0442777868244952,0.047369995158477,0.050618011742563,0.0540209014457122,0.057577797853416,0.0612829171264634,0.0651326222453192,0.0691151363957078,0.0732248527829257,0.0774408253590138,0.0817540849661236,0.0861350237447861,0.0905715250741143,0.0950211551294639,0.0994658558530506,0.103849810892496,0.108153580219367,0.112309392369615,0.116294497970556,0.120022255014246,0.123462889381197,0.126519365803506,0.129172106472519,0.131308290800652,0.132908398823872,0.13386036292923,0.134166446962507,0.133711801384002,0.132515038058692,0.130468633409705,0.12763885305527,0.123941643078246,0.119453860892392,0.114164625910805,0.108171448041981,0.10152674213104,0.0943448103595419,0.0867297981805059,0.0788282630818291,0.0707790849532853,0.0627302751749835,0.0548401652022741,0.0472410644406988,0.040078562069547,0.0334381129130784,0.0274277855849531,0.0220771892776091,0.01744183464577,0.0134898240875882,0.0102242251077854,0.00756809971431925,0.00548148516014535,0.00386690478379898,0.00266461738401949,0.00178410059511289,0.00116467265547869,0.00073672926049745,0.000452247112668899,0.000269207372297631,0.000155305397979998,8.79769536866157e-05,4.73771411192849e-05,2.54157944948207e-05,1.27186129957963e-05,6.50432440806045e-06,2.92334025463238e-06,1.51939573764376e-06,5.26402039801342e-07,3.00268608917414e-07,6.0251039728101e-08,4.21871597171654e-08,-1.37187396117088e-09,0
4.40303061318867e-09,0,8.66110005362766e-07,7.17684935183967e-08,1.00488775604646e-06,1.34438244104334e-07,1.12866314354002e-06,3.33408006848058e-07,1.16346431974316e-06,6.06606497442411e-07,1.26049931232208e-06,8.57265250295263e-07,1.42995539672236e-06,1.15606142512393e-06,1.62024799855866e-06,1.52558313798101e-06,1.86914586423947e-06,1.93756790216776e-06,2.21556478926854e-06,2.39746544241955e-06,2.66869451335895e-06,2.93111984428829e-06,3.23681770708325e-06,3.56748887276431e-06,3.93338120845724e-06,4.33592088439787e-06,4.77938045329055e-06,5.2682859205118e-06,5.80582858460287e-06,6.39873376119866e-06,7.04998181505407e-06,7.76876414627332e-06,8.55892618688112e-06,9.42952962303781e-06,1.03861398713032e-05,1.14399654370349e-05,1.25991298841366e-05,1.38754595514334e-05,1.52783249608527e-05,1.68221059458158e-05,1.85194003137986e-05,2.03867163238711e-05,2.2439586557744e-05,2.46975638939292e-05,2.71797748860538e-05,2.99082898297234e-05,3.29080106847932e-05,3.62047703884235e-05,3.98282448860977e-05,4.38081703422389e-05,4.81826428895942e-05,5.29854516583516e-05,5.82638130069186e-05,6.40571595360826e-05,7.04237822583468e-05,7.74097730654921e-05,8.50884088514634e-05,9.35093780825806e-05,0.000102760442123772,0.000112900652587889,0.000124041651674108,0.000136248429137947,0.000149654844457509,0.000164336347762701,0.000180461182993608,0.00019810985615131,0.000217488624715719,0.000238696533027226,0.000261986002931575,0.000287459805742211,0.000315427589277702,0.000345987919063175,0.000379522511555539,0.000416191116771797,0.000456403563231646,0.000500371108219649,0.000548533627503364,0.000601181513945156,0.000658827183418565,0.000721827001936802,0.000790762052848961,0.000866080410212659,0.00094844383200308,0.00103842093068613,0.00113675470497169,0.00124410370165197,0.00136130126005496,0.00148921440214329,0.00162882911840899,0.00178117428812874,0.00194726612038774,0.00212834720340785,0.00232561832466217,0.00254063662608364,0.00277466336668013,0.00302953028308392,0.00330666029009259,0.00360834996867837,0.00393609086649208,0.00429256476360983,0.00467937313081124,0.00509974884807189,0.00555524820820607,0.00604978157307068,0.00658509781071977,0.00716583129602613,0.00779330971347548,0.00847277505962022,0.00920585843823961,0.00999942129152185,0.0108544764193728,0.0117784243047404,0.0127721527594953,0.0138448017337132,0.0149960582138176,0.0162366327317855,0.0175662282647396,0.0189951514570799,0.0205242990456101,0.0221628689030826,0.0239125851484104,0.0257826600878828,0.0277751860999019,0.0298981922167718,0.0321534021367125,0.0345485117674379,0.0370852667395325,0.0397685924104597,0.0425990350740499,0.0455802165403293,0.0487127695662658,0.051995673990372,0.0554274447118588,0.0590024447484484,0.0627175017189773,0.0665615244215,0.070529119238253,0.074599590825112,0.0787641712191304,0.0829952419909169,0.0872811251802041,0.0915793803568873,0.0958726907637797,0.100108548036345,0.104267957762639,0.10828403371198,0.112134611618652,0.115736929717305,0.119062709135363,0.12201690099791,0.124580251969939,0.126644521458847,0.128190434993806,0.129109010366319,0.129403932261821,0.12896386558892,0.127805619825611,0.12582575549972,0.123089338004623,0.11951473117803,0.115177270086062,0.110066827001665,0.104276234341225,0.0978569877739119,0.0909217760425572,0.0835701126891512,0.075942528614185,0.0681752741315429,0.0604111567134531,0.0528014942223958,0.0454740345594649,0.0385703915112236,0.0321725117857008,0.0263832379509515,0.0212303133028685,0.0167679296388898,0.0129651868746809,0.00982404347596456,0.00726956016043931,0.00526366526025773,0.00371234036386155,0.00255695842479984,0.00171093477614908,0.00111708278841998,0.000706985886678269,0.000433217218037791,0.000257202505430987,0.000148824075632038,8.47063552672438e-05,4.52506683676612e-05,2.40340697259515e-05,1.22496849833085e-05,6.36365537986152e-06,2.72964783735247e-06,1.39749072897136e-06,5.44501232334169e-07,3.02121113072394e-07,3.82101502846787e-08,3.97383257356548e-08,4.11998618375073e-09,0
4.30230756089914e-09,0,8.26061959346895e-07,6.77888286859686e-08,9.59089357473223e-07,1.29579994377657e-07,1.07446198152379e-06,3.18851296633333e-07,1.11174893140661e-06,5.773109964407e-07,1.20198525555166e-06,8.20812675634627e-07,1.36325759036077e-06,1.10204050397035e-06,1.55015017667368e-06,1.45317548679292e-06,1.78574887756887e-06,1.8502487123166e-06,2.11471297355289e-06,2.2896836714605e-06,2.54908362584937e-06,2.79810655720818e-06,3.09231336844165e-06,3.40705220215364e-06,3.75699851705139e-06,4.14208223181329e-06,4.5653329815234e-06,5.03309076829156e-06,5.54673537845165e-06,6.11327359148755e-06,6.73595032980301e-06,7.42259116821015e-06,8.17797920032715e-06,9.01042992498064e-06,9.92507428670613e-06,1.09325882966317e-05,1.20402832980791e-05,1.32597843543634e-05,1.46007881106563e-05,1.60773431237995e-05,1.77008041874995e-05,1.9486145256765e-05,2.14486210044878e-05,2.36072754064822e-05,2.59806352959646e-05,2.85893786883097e-05,3.14573479787222e-05,3.46103912267908e-05,3.80768409601464e-05,4.18824610397063e-05,4.60636923932785e-05,5.06566309891322e-05,5.57077220569486e-05,6.12511923705445e-05,6.73393860012348e-05,7.40178823352823e-05,8.13626505761186e-05,8.94214627522728e-05,9.82697886329496e-05,0.00010796508816499,0.00011862683439572,0.000130312610321554,0.000143134105789245,0.000157171509166142,0.000172601520201779,0.000189495035546915,0.000208045221651331,0.000228347682272076,0.000250626559343755,0.000274985189858189,0.000301761374313845,0.000331040464221662,0.000363135074306031,0.000398215389920068,0.000436720447876865,0.000478828877544046,0.000524937383307169,0.000575350929359144,0.000630563344269227,0.000690893312566816,0.000756911441473974,0.000829070201484067,0.000907983315430448,0.000994170763810362,0.00108837059787825,0.00119124682712321,0.00130357322592223,0.00142614992192724,0.00155995958016633,0.00170602139579167,0.00186525750586537,0.00203882510736213,0.00222795187614222,0.00243419486014988,0.00265869810361314,0.00290313929789502,0.00316894420844902,0.0034584219768647,0.00377296121405687,0.00411500561269446,0.00448614649658443,0.00488969202240931,0.00532710251416964,0.0058019091896423,0.00631588188483377,0.00687367450765863,0.00747642570286512,0.00812912659181733,0.0088335683738275,0.00959624264334134,0.0104179096447787,0.0113058917237344,0.012261333830031,0.0132929913457848,0.0144001979838798,0.0155930123746336,0.0168718130239546,0.0182472208699639,0.019719249211768,0.0212957332577023,0.0229793880206734,0.0247802638672206,0.0266993275117918,0.0287435876101606,0.0309157873457489,0.033223632893627,0.0356679910756501,0.0382535653020468,0.0409815027588032,0.0438556493403387,0.0468762629617624,0.0500420737461273,0.0533520078576722,0.0568004366550808,0.0603840096034585,0.0640932118377009,0.0679230201051117,0.0718516856576312,0.0758709829126457,0.0799560812108189,0.084094897648576,0.0882448080073976,0.0923902445814248,0.0964818976485182,0.100500028686934,0.104378550638652,0.108097596572894,0.111578313386589,0.114791462714177,0.117644161530186,0.120119889382999,0.122114247958281,0.123606699447726,0.124492051552845,0.124775773104837,0.124349723643789,0.123228632319827,0.121312950935686,0.118667774199786,0.115213956065836,0.11102310809616,0.106085911807225,0.100493072642431,0.094294533115795,0.0875994446311507,0.0805042636004923,0.0731444822251394,0.0656518346729606,0.0581635674307063,0.0508261512382573,0.0437642969087958,0.0371130456791305,0.0309488853146074,0.0253729469107015,0.0204128373126892,0.0161187938501248,0.0124598404825894,0.00943817064268854,0.00698193462755189,0.00505409161646891,0.00356334397605281,0.00245378761423808,0.00164178148841325,0.0010710754403174,0.000677062098814356,0.000415296539541914,0.000247001194409614,0.000142400710042223,8.06214418648234e-05,4.33468897407097e-05,2.32457954466766e-05,1.16414403326389e-05,5.94654835768282e-06,2.66362545971129e-06,1.38631624941885e-06,4.8227395590433e-07,2.74121643685531e-07,5.31203118572822e-08,4.03758235059931e-08,-9.46857787081115e-10,0
4.20388863368929e-09,0,7.88162819491063e-07,6.46328742458246e-08,9.14515452178299e-07,1.2413739051151e-07,1.02459875534502e-06,3.04489834530198e-07,1.06050731277639e-06,5.50516373294395e-07,1.147624333914e-06,7.81779628737868e-07,1.30175267793511e-06,1.05140065060463e-06,1.47805531905028e-06,1.38817684043795e-06,1.70235504273843e-06,1.76669177608569e-06,2.01721474203627e-06,2.18484179525541e-06,2.43257167322214e-06,2.67034174561938e-06,2.95087754257034e-06,3.25123243238709e-06,3.585267789077e-06,3.95294835790875e-06,4.35693846683971e-06,4.80312638139607e-06,5.29374735893891e-06,5.8345831456024e-06,6.42865933984565e-06,7.08414324574637e-06,7.80568472752548e-06,8.60018226055713e-06,9.47253049206262e-06,1.04343027708752e-05,1.14928395128308e-05,1.265768137685e-05,1.39373709521455e-05,1.53463915321543e-05,1.68964448720424e-05,1.86012381141814e-05,2.04750478866498e-05,2.25368163756753e-05,2.4804034611689e-05,2.72955503488842e-05,3.00342039065696e-05,3.30448865668151e-05,3.63551217533639e-05,3.99907757351308e-05,4.39862443069162e-05,4.83737297945929e-05,5.31972640942039e-05,5.84921798961352e-05,6.43109438881246e-05,7.06955693937824e-05,7.77133767511707e-05,8.54101739849006e-05,9.38664466297168e-05,0.000103136441835379,0.000113323198559803,0.000124487134457228,0.000136748459647277,0.000150173198244178,0.000164920407045569,0.000181070273177978,0.00019880450117915,0.000218206988674123,0.000239516383460717,0.00026282965064357,0.000288425167545954,0.000316399756510947,0.000347108107532808,0.000380685459861238,0.000417504798146663,0.000457774780047449,0.000501899627773078,0.000550132487672568,0.000602946690833132,0.000660684468044503,0.000723879461659171,0.000792932300483521,0.000868448758563634,0.000950956447599029,0.00104113910120468,0.00113960979110338,0.00124715401681596,0.00136456812518884,0.00149272424452471,0.0016325603650999,0.00178506802243096,0.00195142106257462,0.00213266233804566,0.00233018724295953,0.00254523596627997,0.00277955629201598,0.00303441645715896,0.00331189740100687,0.00361340120659714,0.00394139976436319,0.00429737393690772,0.00468437288538627,0.00510388272697529,0.00555946621553405,0.00605268897190969,0.00658785100319864,0.00716630928465568,0.0077929826117961,0.00846927900612711,0.00920146918298394,0.00999064939085909,0.0108437420000896,0.011761510915294,0.0127524631109116,0.0138164531502621,0.0149633789281037,0.0161929481834883,0.0175147208862614,0.0189296257113143,0.0204464210328942,0.0220668115428658,0.0237991762289089,0.025645338207991,0.0276130099370148,0.0297041594923708,0.0319258179425749,0.0342793900625203,0.0367699405177985,0.0393982461794265,0.0421671642825648,0.045077221955022,0.0481281294242604,0.0513187017539136,0.0546435316610297,0.0580995184694935,0.0616762802847924,0.0653691407896845,0.0691591889957379,0.0730378059905713,0.0769788961291485,0.0809720642590706,0.0849780357870081,0.0889802184778025,0.092929178263343,0.0968072945225794,0.100552483775007,0.104144237581213,0.107504557332298,0.110606530294471,0.113361642162418,0.115752480776505,0.117677691445638,0.119118920053602,0.11997358877447,0.120246200013702,0.119833950267701,0.118751190428839,0.116899877686888,0.114344691805085,0.111010898616262,0.106964999694853,0.102196629817512,0.0967978756785784,0.0908187580694352,0.084360029948231,0.0775140699521873,0.0704159771341042,0.0631933320716132,0.0559759661169246,0.0489049310641332,0.0421008155355952,0.0356947365780557,0.0297600019256651,0.0243926300942654,0.0196193556564117,0.0154886770471976,0.0119693674717502,0.00906410616178782,0.00670385480088068,0.00485153789652828,0.00341928076693883,0.00235397371806994,0.00157464749787698,0.00102692554358937,0.000648920423070243,0.000397919271104776,0.000236595697770557,0.000136322521319118,7.71553307229468e-05,4.15024291089018e-05,2.22403139864626e-05,1.11172522106019e-05,5.69161140892445e-06,2.54911298107689e-06,1.3209883526942e-06,4.60878162729847e-07,2.64073583886486e-07,4.99265291792558e-08,3.71327036063914e-08,-5.17510051489062e-10,0
4.10772112274758e-09,0,7.52834870647716e-07,6.14141999301392e-08,8.73885623895574e-07,1.18438541168998e-07,9.78848680522334e-07,2.90395279158027e-07,1.01262802419889e-06,5.26624142127954e-07,1.09512854609316e-06,7.46119433489044e-07,1.24507453782104e-06,1.00129052099039e-06,1.41322786522415e-06,1.32501694864217e-06,1.62490666859134e-06,1.68811814433133e-06,1.92527156860515e-06,2.08675918913318e-06,2.32255095504315e-06,2.54989553225715e-06,2.81777607259281e-06,3.10489020671946e-06,3.42371590805388e-06,3.77508942781748e-06,4.16109719602838e-06,4.58749241028024e-06,5.05578438620398e-06,5.57236311017578e-06,6.14081803440049e-06,6.76749866463042e-06,7.45604981226585e-06,8.21500017473131e-06,9.05002655244053e-06,9.96981144305031e-06,1.09800831450208e-05,1.20925264586642e-05,1.3317008960532e-05,1.46653129989481e-05,1.6146757319226e-05,1.77758063176988e-05,1.95670216522661e-05,2.15373924377273e-05,2.37042304673986e-05,2.60870750349336e-05,2.87065688055491e-05,3.15849452138019e-05,3.47490283957643e-05,3.82242506049555e-05,4.20442144948714e-05,4.62399700921272e-05,5.08519513719935e-05,5.59144721176746e-05,6.14803328022347e-05,6.75857477900563e-05,7.42907082696742e-05,8.16475371046242e-05,8.97402743122613e-05,9.86105040620768e-05,0.000108348399151751,0.000119020797465894,0.000130751204505209,0.000143596105614718,0.000157698576246383,0.000173141293404156,0.000190109942843898,0.00020868034351992,0.000229064907694817,0.000251357311713182,0.00027584469298172,0.000302625655961656,0.000332021652532595,0.000364154566472401,0.000399387164641415,0.000437922195058797,0.000480152429996189,0.000526326635458025,0.00057689772639965,0.000632181807748194,0.000692679476324516,0.000758789157799288,0.000831104432704583,0.000910118236655913,0.000996482334670266,0.0010908040192257,0.00119384393182049,0.00130634299762927,0.00142911673003485,0.00156307842884598,0.00170920238698301,0.00186862206494314,0.00204235396600725,0.0022317343994802,0.00243790700502981,0.0026625460323685,0.00290690905161333,0.00317297343838675,0.00346210138410686,0.00377675554984494,0.0041183017907382,0.00448954874151068,0.00489203319954891,0.00532928994703966,0.00580271480431443,0.00631635813844428,0.00687161397020565,0.0074733131273396,0.0081228130821037,0.00882603351215152,0.00958397044117867,0.0104033981677303,0.0112852302792627,0.0122375451345397,0.0132600195248255,0.0143623470965838,0.0155444159293031,0.0168153150105761,0.0181759762795797,0.0196347784446767,0.0211932660884511,0.0228597777245366,0.0246362188776568,0.0265299170351881,0.0285427868993548,0.0306815550040171,0.0329474699440376,0.0353454743409708,0.0378766014536914,0.0405439714485442,0.0433478553220323,0.0462874144625077,0.0493617256187565,0.0525661220470973,0.0558975457920657,0.0593457827810211,0.0629063097942919,0.0665612001865416,0.0703023257189318,0.0741036943472157,0.0779548884326454,0.0818192179094562,0.0856812497093665,0.0894923340847529,0.0932346214782415,0.0968481526263777,0.100314254438977,0.103558162755998,0.106552321281617,0.10921060144321,0.1115177828241,0.113375619313887,0.114765559700272,0.115589889615976,0.115852620484841,0.11545236180959,0.114405183838976,0.112618376442488,0.110151579937572,0.106931293986992,0.103025153807462,0.0984247128992978,0.0932166234975613,0.0874470295028328,0.0812158413419736,0.0746161378323219,0.067774978353033,0.060811682765858,0.0538548937402035,0.0470439089379668,0.0404923588530706,0.0343238617983326,0.0286097835753588,0.0234446783947378,0.0188532978820683,0.014880488068691,0.0114962122398896,0.00870361290213639,0.00643562093101361,0.00465620708668178,0.00328073530320628,0.00225791518577525,0.00150992440151554,0.000984502917034687,0.000621888634652091,0.00038113700699759,0.000226614970234201,0.000130583993292036,7.38191853810067e-05,3.96667867962966e-05,2.12974002658017e-05,1.06532370565926e-05,5.42941759254507e-06,2.42736018440584e-06,1.27113978944293e-06,4.43510838047212e-07,2.47722754541739e-07,4.71005283769937e-08,3.7879788750977e-08,-5.77883811072385e-10,0
4.01375352502113e-09,0,7.19116101047454e-07,5.90206131109552e-08,8.3482589292213e-07,1.12559846199253e-07,9.35815808782452e-07,2.76774583598017e-07,9.67712177247543e-07,5.0317625149461e-07,1.04508674672992e-06,7.14730388402145e-07,1.18718437552878e-06,9.57846426390533e-07,1.34929846289735e-06,1.26553529348598e-06,1.55236583377101e-06,1.61214178280784e-06,1.83921756475636e-06,1.99287831630445e-06,2.21855156852267e-06,2.43523044622321e-06,2.69149592153194e-06,2.96532683830072e-06,3.26988969379382e-06,3.60555575931477e-06,3.97440971539942e-06,4.38155931529459e-06,4.82834360031783e-06,5.32177477178263e-06,5.86539024827948e-06,6.46397452867858e-06,7.12073164452006e-06,7.84540085517214e-06,8.64398944725082e-06,9.52286618659742e-06,1.04869213763441e-05,1.1549226855803e-05,1.27194965852765e-05,1.40072662506856e-05,1.54214716117767e-05,1.6978041442694e-05,1.86908393252524e-05,2.05732965865341e-05,2.26413081839968e-05,2.49167213692933e-05,2.74209302712727e-05,3.01722201314672e-05,3.31941095504236e-05,3.65133540639918e-05,4.01636236960761e-05,4.41731563913568e-05,4.85803686608556e-05,5.34178550327099e-05,5.8735508884382e-05,6.45710072273359e-05,7.09823688428892e-05,7.80132884636756e-05,8.57434316830784e-05,9.42212431220217e-05,0.000103533380786283,0.00011373417473546,0.000124944010928219,0.000137228460619082,0.000150716890550768,0.000165474147006738,0.000181690845891027,0.000199455510348434,0.000218957868121912,0.000240275424901345,0.000263689148857305,0.000289294656796033,0.000317403602898699,0.000348148426227809,0.000381869236679652,0.00041873220489,0.00045911925627103,0.000503297202206601,0.000551695587841651,0.000604600606629159,0.000662492965938876,0.000725763017577958,0.000794986416190451,0.000870629358923572,0.00095330589608898,0.00104359914266384,0.00114224320322925,0.00124996113784341,0.00136755435117473,0.00149588990932558,0.00163585363997962,0.00178851109702558,0.00195490381132119,0.0021363806542181,0.00233398493183007,0.00254924238942274,0.00278341184875668,0.00303845294534304,0.00331562068533753,0.00361727986482653,0.00394481024978506,0.00430082730521725,0.00468673844121497,0.00510609095265107,0.00556034840866304,0.00605328055133285,0.0065860558545244,0.00716336896279518,0.00778676361506624,0.00846190242008258,0.00918954125954586,0.00997631406760756,0.0108233119610303,0.0117381183178658,0.0127201841963795,0.0137790227381802,0.0149149392959757,0.0161365847909857,0.0174444934237557,0.0188467898085862,0.0203451285320605,0.0219476071752445,0.0236562189027312,0.0254778619058582,0.0274142170718532,0.0294721505789009,0.0316529978955863,0.0339610556788223,0.0363973046010664,0.0389653668488248,0.0416656424766656,0.0444968180453484,0.0474577606872688,0.0505444168260712,0.0537543178874654,0.0570775174843961,0.0605089979600107,0.0640312547463759,0.0676374124220137,0.0713028560432894,0.0750163990929704,0.0787424247663986,0.08246690502319,0.0861426164952302,0.0897522094725695,0.0932381093627503,0.0965815592330049,0.0997105904306093,0.102599679392168,0.105164764927126,0.107390344343023,0.109182053046517,0.110522305319676,0.111317243775846,0.111570785720356,0.111183468083981,0.110171541152413,0.108447081973471,0.106066491388791,0.102958700870384,0.0991912870825366,0.094754238383325,0.0897297103724365,0.0841663837554834,0.0781610195274335,0.0717995132574803,0.0652054558132502,0.0584969982874933,0.0517973926148782,0.0452389180670329,0.0389304694434065,0.0329928101018887,0.0274951102100661,0.0225269900473431,0.0181110809459747,0.0142908773991715,0.0110380714946028,0.00835512007205119,0.00617625018862298,0.00446717482212831,0.00314681909419089,0.00216522660586457,0.00144744108989077,0.000943471491346967,0.000595830289210921,0.000365074267005144,0.000216958612497455,0.000124929775738151,7.06372255149226e-05,3.79846251769761e-05,2.03555715003741e-05,1.01513794346303e-05,5.19737969165559e-06,2.33504646926787e-06,1.20764545647573e-06,4.16138757760802e-07,2.41413143602867e-07,4.71307104410928e-08,3.34751959964948e-08,-9.87350867992878e-10,0
3.92193551563299e-09,0,6.85460376125307e-07,5.61093223300083e-08,7.96212983727498e-07,1.07512724393451e-07,8.9142863663578e-07,2.65092122505247e-07,9.22025460415493e-07,4.79855808913484e-07,9.97961113746334e-07,6.79101651023931e-07,1.13522969362479e-06,9.11342980164516e-07,1.28834627072239e-06,1.20753981368247e-06,1.47996916940614e-06,1.53918717490245e-06,1.75369359576763e-06,1.90211483489425e-06,2.11683694734994e-06,2.3238712581162e-06,2.56848963487236e-06,2.82995558937621e-06,3.12083473872808e-06,3.44137464892835e-06,3.79299987630056e-06,4.18194717089156e-06,4.60937884051856e-06,5.08085546130666e-06,5.59896576831409e-06,6.16992171203754e-06,6.7984038005148e-06,7.49138377104687e-06,8.25262575840583e-06,9.09091728614582e-06,1.00132635953195e-05,1.10295262071519e-05,1.21463317060616e-05,1.33750219093901e-05,1.47264973516683e-05,1.62138503745782e-05,1.78486523151477e-05,1.96467741823145e-05,2.16249164896232e-05,2.38000036756291e-05,2.61898905379663e-05,2.88156259768576e-05,3.17037843661952e-05,3.48782084911411e-05,3.83668584429587e-05,4.21965586588736e-05,4.64069063499283e-05,5.10299579596197e-05,5.61111983136005e-05,6.16859753646275e-05,6.78134848797845e-05,7.45362664724625e-05,8.19246802180589e-05,9.0023837967243e-05,9.89236784087934e-05,0.000108679251463231,0.000119397600563249,0.000131134180835552,0.000144023774346935,0.000158142290322596,0.000173656668486967,0.000190631421435322,0.000209265297039582,0.00022965653879623,0.000252062273299304,0.000276556252992703,0.000303440076486209,0.000332840205698447,0.00036508303654411,0.00040034977540292,0.000439006325773079,0.000481280562403368,0.000527580480690274,0.00057819529302751,0.000633597942794937,0.000694166089261322,0.000760430167496418,0.000832822083703722,0.000911952583504742,0.000998407475067094,0.00109287911722258,0.00119602306937392,0.00130860095720911,0.00143147904363256,0.00156554236555138,0.00171181600399816,0.00187124691162287,0.00204507681484401,0.00223436107492843,0.00244063939153729,0.00266507484671325,0.0029095094448523,0.0031751997489268,0.00346437611297474,0.00377833078056663,0.0041197288250274,0.00448994516566109,0.00489216331974794,0.00532774585911879,0.00580051109671296,0.0063117618353566,0.00686591220995703,0.00746413427971888,0.00811197144828247,0.00881058048893522,0.00956613751578307,0.010379248098332,0.0112574904400323,0.0122008947598078,0.0132184278194871,0.0143098005761712,0.0154833360576965,0.016740015982579,0.0180878825980192,0.0195285157586734,0.0210693903943548,0.0227121429359243,0.0244638586877823,0.0263265198104033,0.0283062215350617,0.0304040086100988,0.0326248612211512,0.0349701015275011,0.0374421479703776,0.0400408616258917,0.0427662118690622,0.0456177707793869,0.0485907197187417,0.0516822765067304,0.0548833045615902,0.0581890609042187,0.0615827630843418,0.0650576955236122,0.0685899346780964,0.072169258005833,0.0757612569952132,0.0793514418436243,0.082894504767207,0.0863743852750019,0.0897356485838014,0.0929601877891757,0.0959773144607055,0.0987620793500569,0.101235273395618,0.103381574976425,0.105108601234974,0.106401106433633,0.107167577490168,0.107409626573494,0.107034209632575,0.106058540105059,0.104394912575963,0.1020984076635,0.0991008587238733,0.0954657151698831,0.0911870093672195,0.086346734189637,0.0809857520567664,0.0751953002676529,0.0690650137553872,0.0627160422277377,0.0562570362397196,0.0498040836787848,0.0434888679309553,0.0374194171390916,0.0317086731981307,0.026419611465044,0.0216399981817703,0.0173939945886658,0.0137232853972497,0.010598221808108,0.00802026806180265,0.00592683201080225,0.00428540058370186,0.0030184568576006,0.00207719238708315,0.00138793303366005,0.000903753180544869,0.000570916282474191,0.00035012575353713,0.00020773570342837,0.000119441802533887,6.76879003847584e-05,3.6364065162459e-05,1.94132875155484e-05,9.7334426916769e-06,4.98319791190452e-06,2.19954908831331e-06,1.15902353892537e-06,4.12411004861193e-07,2.20597283434546e-07,4.05582492187113e-08,3.79631888314761e-08,-7.16610005022262e-10,0
3.83221792093037e-09,0,6.54867222971846e-07,5.33902268265369e-08,7.59940707705358e-07,1.04098164439756e-07,8.50332357361938e-07,2.52927965924443e-07,8.82317311205469e-07,4.57151922340005e-07,9.53014900559786e-07,6.5095803397297e-07,1.08163252490225e-06,8.72723977236327e-07,1.23052074515382e-06,1.1526942922617e-06,1.41544135234435e-06,1.46907553627486e-06,1.67650892911302e-06,1.81680958150563e-06,2.02272134617744e-06,2.21998849608238e-06,2.45417293208429e-06,2.70362031527563e-06,2.98169649634397e-06,3.28778876056817e-06,3.62381262376156e-06,3.99533959038904e-06,4.40348257680795e-06,4.85424627840581e-06,5.34907140397863e-06,5.89398779372726e-06,6.49467796556855e-06,7.15736681727368e-06,7.88424664357631e-06,8.68421119503427e-06,9.56563859626665e-06,1.05374533842816e-05,1.16041636166184e-05,1.27770633604469e-05,1.40681964761558e-05,1.54898295946756e-05,1.70518496539512e-05,1.87698342239571e-05,2.0660141147539e-05,2.27382316484712e-05,2.50216935902013e-05,2.75315299165588e-05,3.02918519598399e-05,3.3324691312536e-05,3.66582846260557e-05,4.03189712767022e-05,4.4343541565276e-05,4.87616108532951e-05,5.3617141769267e-05,5.89463501540355e-05,6.48061643785175e-05,7.12331832712941e-05,7.82934890946199e-05,8.60350827167439e-05,9.45455890933988e-05,0.000103873865895354,0.000114120953346532,0.000125341713084019,0.000137666402381941,0.000151167708300717,0.000166002705841441,0.000182231313350165,0.00020005004652574,0.0002195583804923,0.000240991126011271,0.000264409834174665,0.000290116100494212,0.000318237840316767,0.00034907787165366,0.000382814483147962,0.000419805067797107,0.000460251143373371,0.000504533186266067,0.000552951229483989,0.000605973359552351,0.000663934253233984,0.000727325970890665,0.000796599441420006,0.000872360246199294,0.00095512347766536,0.00104551827922168,0.00114421868156505,0.00125200566097891,0.00136967790713849,0.00149803621068049,0.00163809163931011,0.00179078647118276,0.00195727493379709,0.00213854634466053,0.00233611137349118,0.00255110514216183,0.00278529566306226,0.00303990373997361,0.00331704368141246,0.00361790606565971,0.00394506689518947,0.00429991205033526,0.00468550820518231,0.00510314609137868,0.0055564938979433,0.00604678123685216,0.00657821025362139,0.007151991300707,0.00777350273016176,0.00844377654552807,0.00916876325334894,0.00994912311927089,0.0107920607789699,0.0116975987083849,0.0126744244410025,0.0137223422980534,0.0148493841035349,0.0160563777129337,0.017351034363902,0.0187350399396226,0.0202156633757639,0.021794483676077,0.0234781995517813,0.0252685881318177,0.0271717185086274,0.0291888790000785,0.0313248672289445,0.0335808459151944,0.0359590274701478,0.0384591684611884,0.0410814010757579,0.0438256106971605,0.0466873135913904,0.0496636374676705,0.052745420301316,0.0559283006537571,0.0591965548256406,0.0625433201587157,0.0659454300111042,0.0693937504451303,0.0728547798903747,0.0763135767098132,0.0797270957129077,0.0830809820401957,0.0863209974734214,0.0894282712508936,0.0923353806458895,0.0950199200956039,0.0974045329649776,0.0994729583476109,0.10113701516982,0.102382824863633,0.103121100008417,0.103353648241452,0.102991823384845,0.102051642431759,0.100446903761585,0.0982317398413764,0.0953427646957944,0.0918409167221941,0.0877175865428232,0.0830521109901822,0.0778878406122236,0.072312754222103,0.0664090070599755,0.0602935936329658,0.0540761276398563,0.0478685058924743,0.0417925026997169,0.0359506899178861,0.0304568927324605,0.0253736276749584,0.0207805405432658,0.0166985381463928,0.0131708994526758,0.0101694815819365,0.0076938604498499,0.00568445429100346,0.004109867777283,0.00289356583497613,0.00198975201939782,0.0013295995522692,0.000866268449101497,0.00054669307385695,0.000334735495842622,0.000198773049047771,0.000114408905300031,6.471006143044e-05,3.47382076793202e-05,1.85747410551935e-05,9.28876050263758e-06,4.76447445421356e-06,2.12131844405929e-06,1.09837260956131e-06,3.84527488313242e-07,2.21029949897812e-07,4.04795727045944e-08,3.09307377617094e-08,-1.98943121599307e-10,0
3.7445526921494e-09,0,6.25748546696277e-07,5.08475246683567e-08,7.26273757067794e-07,9.93439376933213e-08,8.12592382511314e-07,2.41408783642264e-07,8.43184092607542e-07,4.36476305854069e-07,9.10314071342661e-07,6.22183931948323e-07,1.0329591299082e-06,8.33605328638571e-07,1.175972294418e-06,1.10016252287289e-06,1.35245573132555e-06,1.40332702109933e-06,1.6011021620099e-06,1.73555587448045e-06,1.93200542578413e-06,2.12015759439093e-06,2.34436442698432e-06,2.58216071151016e-06,2.84799341251086e-06,3.14035834457622e-06,3.46115904834274e-06,3.81636988555695e-06,4.20622429711839e-06,4.6364134885217e-06,5.10891729949652e-06,5.63003637226677e-06,6.20422252356086e-06,6.83648415021679e-06,7.53053057663878e-06,8.29569080837997e-06,9.13818852709559e-06,1.00656231884256e-05,1.10840627500529e-05,1.22055351397501e-05,1.34398758931685e-05,1.47976778740423e-05,1.62897398650709e-05,1.79315371626369e-05,1.97375066923807e-05,2.17223175858444e-05,2.39038659140973e-05,2.63024876598616e-05,2.89404022597062e-05,3.18379107838281e-05,3.50224694001098e-05,3.85199703468509e-05,4.23651626885516e-05,4.65865233728013e-05,5.12269596017724e-05,5.63197822524861e-05,6.19176812446079e-05,6.8057877892183e-05,7.48060014596892e-05,8.22053098062038e-05,9.033737606079e-05,9.92512472999543e-05,0.000109043838228973,0.00011976672691656,0.000131547035362046,0.000144453415072256,0.000158631748449225,0.000174143769279368,0.000191181932807259,0.000209832106705026,0.000230315349865065,0.000252703928611742,0.000277286711245013,0.000304176039363878,0.000333668231515178,0.000365935004651485,0.000401305155727034,0.000439977881131804,0.000482333216111873,0.000528654604988384,0.000579376702710975,0.000634820417084113,0.000695468431252482,0.000761751865189453,0.000834238434594983,0.000913425435826959,0.000999936787261937,0.00109442028529241,0.00119759427806027,0.00131021501090956,0.00143308749354802,0.00156718958622572,0.00171338246644084,0.00187277345079845,0.00204636348938893,0.00223560851218046,0.00244156041794276,0.00266589733141312,0.00290979176487971,0.00317529048806592,0.00346358322487169,0.00377714003853268,0.00411724718054617,0.00448685501228589,0.00488722562090999,0.00532186983722028,0.00579198500482896,0.00630161256996098,0.00685190434299556,0.00744805159362472,0.00809109867037212,0.00878671127999971,0.00953547431558339,0.0103444280259762,0.0112136891205447,0.0121514662330358,0.0131574686729183,0.0142395462060976,0.0153986895579825,0.0166422837160619,0.0179718251532619,0.0193942863586657,0.0209112410673737,0.0225292304052134,0.0242500527203791,0.0260795697808502,0.0280190245901718,0.0300729410828662,0.0322422493208558,0.0345292895268698,0.0369342842640795,0.0394572381197622,0.0420977353105547,0.0448516498607968,0.0477161220559603,0.0506821183663062,0.0537459777458302,0.0568928708092444,0.0601156164473507,0.063391633683485,0.0667124449868531,0.0700459731073691,0.073377687295599,0.0766659106194685,0.0798969752884523,0.0830187254700273,0.0860126649809232,0.0888136916135673,0.091400494873884,0.0936984601476292,0.0956919541170692,0.0972957159094837,0.0984956248060395,0.0992062298422179,0.0994310984894196,0.0990830855684545,0.0981752607696249,0.0966272362528601,0.0944943015252226,0.0917120187867218,0.0883363518203973,0.0843628571896597,0.0798708554089382,0.0748986004345644,0.0695287137904034,0.063843792128597,0.0579583298108551,0.0519754384955506,0.0460016813196655,0.0401560060151663,0.0345375943864704,0.0292553414191809,0.0243683650503229,0.0199529537119432,0.0160302398752556,0.0126419596340782,0.00975904837584538,0.00738107648005982,0.00545216418803319,0.00394159582895119,0.00277448347185742,0.00190695502310364,0.00127374647695687,0.000830009209857245,0.000523882913739031,0.000320368188984394,0.000190046217193558,0.000109606694112648,6.20232226618983e-05,3.31013266781108e-05,1.76971654836975e-05,8.95102815399688e-06,4.57110145657107e-06,1.98439200955795e-06,1.04821869822646e-06,3.84721202975383e-07,2.04842537182707e-07,3.17174285689601e-08,3.39146140661608e-08,1.08440422077838e-09,0
3.65889287968237e-09,0,5.97612873475483e-07,4.90719602928682e-08,6.94332546736116e-07,9.39043654255853e-08,7.7669651857532e-07,2.31400514234829e-07,8.05282078398755e-07,4.17053104350811e-07,8.69996289265144e-07,5.95207592789625e-07,9.86300763588674e-07,7.97574050857003e-07,1.12362256026325e-06,1.05133899747125e-06,1.29346399618115e-06,1.34061130102866e-06,1.53089501782147e-06,1.65881506970998e-06,1.84686908953737e-06,2.02651279284423e-06,2.24115208786413e-06,2.46819483810011e-06,2.72267843655014e-06,3.00174474752685e-06,3.30830585192529e-06,3.64826906384684e-06,4.02096011512748e-06,4.43176920359137e-06,4.88313776025382e-06,5.38182262265675e-06,5.93100627435946e-06,6.53446019221638e-06,7.19720340366501e-06,7.92905381601494e-06,8.73473216650381e-06,9.62047677393024e-06,1.05933601935242e-05,1.16656727566955e-05,1.28453214289141e-05,1.41417540119758e-05,1.55670073990389e-05,1.7136813733539e-05,1.88631944844989e-05,2.07588100528723e-05,2.28422602669765e-05,2.51344499089005e-05,2.76557363009686e-05,3.04244125493075e-05,3.34669962649276e-05,3.68090110717321e-05,4.04840256747989e-05,4.45183986026401e-05,4.89518448751189e-05,5.38175212945722e-05,5.91682531639562e-05,6.50378816408259e-05,7.14857282308546e-05,7.8555674969049e-05,8.63300750605558e-05,9.48521332033387e-05,0.000104208699326804,0.000114455016959606,0.000125720746558079,0.000138063146576465,0.000151610943569355,0.000166433016107532,0.000182725064519247,0.000200561000906576,0.000220145163559795,0.000241552507212067,0.000265057993500456,0.00029076579446567,0.000318967951503866,0.000349831660640186,0.00038366055537503,0.000420643253483188,0.00046115441295868,0.000505467181809176,0.00055398937880278,0.000607027324208403,0.000665048141187069,0.000728466271965868,0.000797825929909848,0.000873607337775694,0.000956405804607837,0.00104682514549104,0.00114555460287491,0.00125335588883333,0.00137101088077367,0.00149940612808722,0.00163934451677841,0.00179194936177371,0.00195821785277142,0.00213947969829587,0.00233670728488357,0.00255157291981506,0.0027852155415996,0.00303955064371832,0.00331576977244868,0.00361630151017279,0.00394228299773395,0.00429645334096995,0.00468014501767569,0.00509686810358128,0.00554768539459655,0.00603631176326867,0.00656393383253011,0.00713573649899664,0.00775263905833247,0.0084198436811186,0.009138074180915,0.00991438558189483,0.0107487376005958,0.0116487410712675,0.0126142379490906,0.0136530083434041,0.01476604564147,0.0159603208209547,0.0172371410044515,0.0186032385684035,0.0200603893478951,0.021615058361243,0.0232686645883334,0.0250266222391013,0.0268905668978767,0.0288650805513382,0.0309505644683404,0.0331491589259273,0.0354617188335497,0.0378884920632393,0.0404284440182768,0.0430771670837158,0.0458324338051682,0.0486863216034234,0.0516350821579935,0.0546635658696637,0.0577648998761788,0.0609181952231802,0.0641151947047161,0.0673243113198022,0.0705319425384575,0.0736983257197634,0.0768096042875141,0.0798155663630056,0.0826989917812044,0.0853965626575594,0.0878875369034007,0.0901005967687379,0.0920204588395739,0.0935647604403716,0.0947203021506337,0.0954040804114774,0.0956193720660894,0.095283381594826,0.0944090733647078,0.0929179051442564,0.0908624551959076,0.088181064423241,0.0849302227127041,0.0811061104080657,0.0767810276251055,0.0719914137936803,0.0668225909570959,0.0613548141710519,0.0556927889621155,0.0499351817291026,0.0441882315321933,0.038567698079265,0.0331675902561025,0.0280904087084781,0.0233924895390489,0.0191495821167427,0.0153821738429703,0.0121286813090269,0.0093609656261601,0.0070784742552274,0.00522675017454018,0.00377703541044898,0.00265815608394998,0.00182725028000051,0.00122039867913307,0.0007942601231406,0.00050040404345991,0.000306297457383399,0.000182375299331668,0.000104921139855988,5.87491726116933e-05,3.14272922957228e-05,1.71681541532944e-05,8.62173206930132e-06,4.20535723867308e-06,1.86414444943056e-06,1.07387772339765e-06,3.66108631260049e-07,1.66292534509262e-07,3.72158160918319e-08,4.09030408815535e-08,-2.28296339808873e-09,0
3.5751926079336e-09,0,5.69316047026659e-07,4.64860479589658e-08,6.61600665887244e-07,8.98275668675114e-08,7.39538559157616e-07,2.20525911891362e-07,7.67284460719081e-07,3.97493067194293e-07,8.28527772961321e-07,5.67102000849769e-07,9.4014234993688e-07,7.59028332118093e-07,1.07100656967317e-06,1.00220580861387e-06,1.23102651846784e-06,1.2792871069915e-06,1.45682960615819e-06,1.58164199345566e-06,1.7594729003717e-06,1.93121448894318e-06,2.13589485381966e-06,2.35199055884433e-06,2.59471587371912e-06,2.86115779502045e-06,3.15325044651497e-06,3.47727566179248e-06,3.83249005398156e-06,4.2249809892404e-06,4.65594175297779e-06,5.13073059067114e-06,5.65385770116624e-06,6.23054195573452e-06,6.86401688539622e-06,7.56154775111766e-06,8.32930121354734e-06,9.17543083049984e-06,1.01050344969978e-05,1.11280076489512e-05,1.22535367028596e-05,1.349232604865e-05,1.48535750223799e-05,1.63508537343004e-05,1.79988089307452e-05,1.98114071808383e-05,2.1802586440046e-05,2.39899221910847e-05,2.6396730923695e-05,2.90429831756324e-05,3.19510111805863e-05,3.51434118678148e-05,3.86540801406517e-05,4.25096456152473e-05,4.67473830134392e-05,5.13965903650068e-05,5.65073661616872e-05,6.21162163624696e-05,6.8281431048286e-05,7.50398119713093e-05,8.24675119755455e-05,9.06118206857776e-05,9.95610571389628e-05,0.000109359877214574,0.000120122321138786,0.000131915942703059,0.000144879834095033,0.000159062806920625,0.000174630961645176,0.000191671712073911,0.000210402297347573,0.000230884623308037,0.000253371050884227,0.000277963949585324,0.000304933743836315,0.00033443991597745,0.000366795712910253,0.000402187601518871,0.000440955452632984,0.000483345471593352,0.000529757315707891,0.000580513256233389,0.000636056722212428,0.000696742457347601,0.000763089501174927,0.000835607953582898,0.000914887800339594,0.00100147056591214,0.00109598377527852,0.00119916018383988,0.00131176798910525,0.00143469088276236,0.00156872768558185,0.00171491113659765,0.00187413289881415,0.00204771544413187,0.00223665416877492,0.00244249470968249,0.00266631022704037,0.00291000340221976,0.00317467934564669,0.00346262675049906,0.00377504833218766,0.00411460649515756,0.00448243833362638,0.00488181696578036,0.00531391490898762,0.0057825210815547,0.0062886304036116,0.00683693495507015,0.00742850529107614,0.00806859750291414,0.00875772451626587,0.0095024270315115,0.0103028539676291,0.011166652360144,0.0120935767668366,0.0130907080619952,0.0141590178112449,0.0153054830996721,0.0165315433044565,0.0178436744579852,0.0192432381033476,0.0207363609254827,0.0223250245990333,0.0240145227997163,0.0258055749580942,0.0277025451024432,0.0297069354880865,0.0318210353663679,0.0340446011924796,0.036377535887066,0.0388196622231207,0.0413671882737887,0.0440177477802633,0.0467632870432334,0.0495997068554108,0.0525130961726475,0.0554979269560331,0.0585329889314259,0.0616091098912355,0.0646973543916043,0.0677856398127056,0.0708343308718507,0.0738291217237419,0.0767223969710926,0.079498956366564,0.0820973517983734,0.0844955010142464,0.086625254627192,0.0884739219832647,0.0899611411067232,0.0910735931649314,0.0917321402636029,0.0919386084732676,0.0916133019611634,0.0907715269560819,0.0893362839389794,0.0873558651848842,0.0847733743118928,0.0816444628505747,0.0779627152840894,0.0737985131998849,0.0691894621454896,0.0642165942018219,0.0589560021048713,0.0535088162555926,0.0479705340143104,0.0424443906759883,0.0370420423569238,0.0318519109793871,0.0269713395633885,0.0224564406681715,0.0183816697671056,0.014764160810837,0.0116393696094776,0.00898185349719652,0.00679104869454056,0.00501352205425541,0.00362270033790713,0.00255010341913789,0.00175256691243649,0.00116940415044871,0.000761233612994151,0.000480561677928476,0.000294090250818218,0.000174371028469032,0.00010025971978455,5.66095130169965e-05,3.04059998282319e-05,1.63620988450187e-05,8.10881367602509e-06,4.07415943290107e-06,1.87763345978738e-06,1.01113697947273e-06,3.09223885854813e-07,1.73394611592888e-07,5.3288930496915e-08,3.11976271682999e-08,-6.45577451617546e-09,0
3.49340705075046e-09,0,5.44062770281803e-07,4.43550343034869e-08,6.32124135445776e-07,8.61427227187153e-08,7.06171058323902e-07,2.11149501503223e-07,7.33306057144326e-07,3.78924631908388e-07,7.92723999095361e-07,5.41884242973825e-07,8.97179403168221e-07,7.27224522393594e-07,1.02204379705604e-06,9.57631942548418e-07,1.17760351526183e-06,1.22076174754736e-06,1.39362516511039e-06,1.51075290563562e-06,1.68128923480212e-06,1.84545822148767e-06,2.04119786503776e-06,2.24715457974932e-06,2.47970718752997e-06,2.73373849375233e-06,3.01333909561556e-06,3.32260456148866e-06,3.66198305700263e-06,4.03713915750351e-06,4.44864793636818e-06,4.90263147407374e-06,5.40264310635933e-06,5.95341234967277e-06,6.55864811872681e-06,7.2252477096367e-06,7.95890033973818e-06,8.76713236834048e-06,9.65523346661392e-06,1.06329127752628e-05,1.17086716456313e-05,1.28921568918568e-05,1.41925802794337e-05,1.56235492980466e-05,1.71984465677618e-05,1.89305205730256e-05,2.08335674385005e-05,2.29233397153337e-05,2.52220496145569e-05,2.77518297120811e-05,3.05334378214851e-05,3.35832837549387e-05,3.69347032709747e-05,4.06191923893137e-05,4.46716055330465e-05,4.91153392390915e-05,5.39989069126336e-05,5.93591681750406e-05,6.52513078050175e-05,7.17114486672724e-05,7.88128352960176e-05,8.65960131583669e-05,9.51434925042915e-05,0.000104507277965697,0.000114802274671613,0.000126080687352827,0.00013846570852647,0.000152015962746669,0.000166900965682633,0.000183197329235294,0.000201106491572045,0.00022068727268124,0.000242174797913619,0.000265675515704932,0.000291473918792559,0.000319707587278095,0.000350635426740703,0.000384454833074569,0.000421533405186048,0.000462090608051615,0.000506471724185587,0.000554993954128184,0.000608116423849412,0.000666177233954749,0.000729646021553322,0.000799017690444794,0.00087486971905233,0.000957694417561718,0.00104809016582118,0.00114681919004469,0.00125463583264594,0.00137229513446537,0.00150050956721151,0.00164037858508305,0.00179284695203359,0.00195906720829103,0.00213988896328597,0.00233691639817083,0.00255128599101053,0.0027847000681654,0.003038127692808,0.00331386928933806,0.00361314261725696,0.00393841111280341,0.00429075773123295,0.00467344764697982,0.00508755770848575,0.00553655100962563,0.00602156528914873,0.00654726158209839,0.00711433336830197,0.00772779250410462,0.00838862325534388,0.00910305118979184,0.00987071478483059,0.0106990009885819,0.0115881647250168,0.0125449859958775,0.0135700317088118,0.0146701656620647,0.0158470412684039,0.0171066051446234,0.0184500620423002,0.0198835938113208,0.0214091361672835,0.0230316470600533,0.0247519130734181,0.0265742559518027,0.0285000243751081,0.0305312408056748,0.0326677235671997,0.0349097863886317,0.0372573983440156,0.0397064135102718,0.0422541718520966,0.04489350349729,0.0476213418168943,0.050423826790302,0.0532943219759441,0.056212771952797,0.0591716903756896,0.0621431366978097,0.0651146161980876,0.0680477723538425,0.0709292409100171,0.0737133933486163,0.076385028297833,0.0788852075964175,0.0811936916187856,0.0832435674324643,0.0850217972411259,0.0864531454983842,0.08752436777017,0.088156995215237,0.0883550444688341,0.0880429181981542,0.0872319460831744,0.0858480640218125,0.083942143480482,0.0814586131402279,0.0784470070996046,0.0749023683720495,0.0708960118983438,0.0664635252229904,0.0616805374073348,0.0566204713996684,0.0513826470414543,0.0460594381932974,0.0407483623587133,0.0355559279108384,0.0305682761964944,0.0258803787200724,0.0215451404938207,0.0176326337124388,0.0141595013394729,0.0111600758223463,0.00860973757849626,0.00650869962748878,0.00480489643435021,0.00347090890630047,0.00244166418764052,0.00167768130603098,0.00111991424495022,0.000728844977613313,0.000459548024465373,0.000281132133434204,0.000166773241213029,9.58564944048748e-05,5.41373031583903e-05,2.90421580896665e-05,1.55408990999572e-05,7.75184670062244e-06,3.96328824274434e-06,1.76882561211027e-06,9.20354714949915e-07,3.17724602295528e-07,1.82764882168009e-07,3.44690213412642e-08,2.60297800842041e-08,-5.64792270529625e-10,0
3.41349240741652e-09,0,5.18885993682916e-07,4.21576138942261e-08,6.03003760721916e-07,8.33720469202662e-08,6.73867053191779e-07,1.99167822201295e-07,7.02118214874941e-07,3.62143661985298e-07,7.54932365253497e-07,5.17793959024347e-07,8.58241696671664e-07,6.92344508981886e-07,9.75302418514244e-07,9.1768443129392e-07,1.12008542527331e-06,1.16903681479959e-06,1.32959781168077e-06,1.44140163031294e-06,1.6081445030904e-06,1.76001460203617e-06,1.9509795510205e-06,2.14508927233007e-06,2.36849064356813e-06,2.61096137426412e-06,2.87858098773874e-06,3.17326790151448e-06,3.49706956428785e-06,3.85597921028307e-06,4.24979714254844e-06,4.68363835084275e-06,5.15909903718612e-06,5.68689227990319e-06,6.26605650821374e-06,6.90301823505913e-06,7.60105356155445e-06,8.37384022321213e-06,9.22381191072364e-06,1.01582702320058e-05,1.11841891004922e-05,1.2315470511924e-05,1.3558855075834e-05,1.492495017321e-05,1.64279434353162e-05,1.80840756347714e-05,1.99044732195928e-05,2.19019289047493e-05,2.40967835397728e-05,2.65112137700656e-05,2.91678112391947e-05,3.20841694518453e-05,3.52884270613604e-05,3.88083743843743e-05,4.26790722263876e-05,4.69248959377686e-05,5.15921016318535e-05,5.67169265894761e-05,6.23496960613771e-05,6.85213020280439e-05,7.53041313194516e-05,8.27439827873736e-05,9.09192932044096e-05,9.9870859682686e-05,0.000109702481921846,0.00012047562649009,0.000132324696579465,0.000145294249972654,0.000159519773488183,0.000175081767564235,0.000192200928385299,0.000210933328996629,0.000231487829683182,0.000253963969962369,0.000278627040557027,0.000305608896003545,0.000335186431476514,0.000367548407892018,0.000403011747847611,0.000441791462337314,0.000484242161869826,0.000530664950508186,0.000581491125145523,0.000637035840898982,0.000697743650967076,0.000764096949422805,0.000836667772216957,0.000915943182939273,0.00100247993148487,0.00109697110974983,0.00120012580249707,0.00131270419093396,0.00143544347220934,0.00156936648261256,0.00171531035068908,0.00187444275372735,0.00204764371905325,0.00223631493058714,0.00244148936416413,0.00266501026270049,0.00290786291615532,0.00317202797922187,0.00345864774447154,0.00377027512464462,0.00410793547995867,0.00447461049731488,0.00487140405396645,0.00530178754352687,0.00576673854288948,0.00627059403857422,0.00681423315575392,0.00740255091309924,0.00803623603686619,0.00872123767644839,0.00945738501353068,0.0102517961458328,0.0111047900665101,0.0120229386957772,0.0130066556598499,0.0140622910289826,0.0151914372334886,0.0164002353068845,0.0176899585448143,0.0190662155559488,0.0205310394640506,0.022089373044466,0.0237413986215832,0.0254910268404692,0.0273403964293658,0.0292922341526659,0.0313456670126398,0.0334998851616672,0.0357552335671245,0.0381086055472065,0.0405575192164762,0.0430949714664748,0.0457175191430614,0.0484114161791767,0.0511712074804731,0.0539780385753235,0.0568237787409809,0.0596815615842622,0.0625396280065653,0.0653605769983667,0.0681319706840941,0.0708105275295173,0.0733812169526659,0.0757864867424486,0.0780065981950142,0.0799786207563243,0.0816904313190562,0.0830666557022129,0.0840952059765156,0.0847044964572869,0.0848957887255162,0.0845928144944452,0.0838111165200456,0.082481077351829,0.080646813884963,0.0782554190542223,0.0753582649020349,0.0719485685570747,0.068094373723833,0.0638325274257912,0.0592338259532841,0.0543673339538233,0.0493317783357672,0.0442167886099241,0.0391135366291809,0.0341241507686747,0.0293327539629205,0.0248308556056122,0.0206684444598463,0.016912757593281,0.0135791687355576,0.0107001657548533,0.00825341747325308,0.00623895188579258,0.00460499130799227,0.00332562130477132,0.00233887046054107,0.00160652462428137,0.00107231154807247,0.000698170814455918,0.000440136387977226,0.000268779160171289,0.000159274534093146,9.18135930340935e-05,5.20453390990893e-05,2.77632617688473e-05,1.46859297287869e-05,7.41153960359442e-06,3.88304353605079e-06,1.68019516898193e-06,8.42716995869745e-07,3.14896231583954e-07,1.86428754190603e-07,2.72915050765408e-08,2.09785486921223e-08,1.15560018238605e-09,0
3.33540587919382e-09,0,4.96965871810307e-07,4.00710930301941e-08,5.77231728382714e-07,7.94139998633342e-08,6.45655034292132e-07,1.89910623471276e-07,6.7245769198324e-07,3.44970573922222e-07,7.22039472061263e-07,4.99195781954432e-07,8.13811266446912e-07,6.64134167756154e-07,9.39815965486482e-07,8.65357247802948e-07,1.07633508334056e-06,1.12298799908772e-06,1.25869835002991e-06,1.38664866745947e-06,1.53566523589558e-06,1.67517113724884e-06,1.87199439695381e-06,2.0458526259206e-06,2.2620809229745e-06,2.49772771262327e-06,2.74618539075298e-06,3.03256636126468e-06,3.34159305574156e-06,3.68193354401285e-06,4.05982656688283e-06,4.47264979013734e-06,4.92808351161327e-06,5.43171032657636e-06,5.98216098358641e-06,6.59147335937874e-06,7.26033721092068e-06,7.99756528943355e-06,8.80783010249882e-06,9.6990270373216e-06,1.06798926368811e-05,1.17593526114106e-05,1.29459597731992e-05,1.42519169608186e-05,1.56879279563149e-05,1.72673882988399e-05,1.90039858423655e-05,2.09112133402269e-05,2.3006873010782e-05,2.53126616484437e-05,2.78501685049694e-05,3.0635290485838e-05,3.36947286030552e-05,3.70554281364093e-05,4.07517131889258e-05,4.48073160232309e-05,4.92637700282142e-05,5.41550124592536e-05,5.95339836192375e-05,6.54324568535546e-05,7.19130239837712e-05,7.90150363967771e-05,8.6818189011431e-05,9.53686114895987e-05,0.000104766694631019,0.000115062507794244,0.000126374013969371,0.000138754795458159,0.000152354220217731,0.000167237415104445,0.000183586048198212,0.00020146416249092,0.00022110165372691,0.000242590189892828,0.000266172923636327,0.000291976168186681,0.0003202418079536,0.000351148861476739,0.000385039211960636,0.000422124163827731,0.000462718877622492,0.000507102396801105,0.000555697299418554,0.000608830586423197,0.000666910809387019,0.000730349339069477,0.000799712593022008,0.00087553346604059,0.000958347563171782,0.00104876038441385,0.00114744753970482,0.00125518354139877,0.00137264502237203,0.00150076739263962,0.00164039754855701,0.00179268186214848,0.00195846316163444,0.00213914513324941,0.00233568854433723,0.00254968414236139,0.00278206223352255,0.0030349336775516,0.00330948614014818,0.00360804720462952,0.00393153480974338,0.00428280831435552,0.00466286111652683,0.00507509192579555,0.00552065642332604,0.00600363159808808,0.00652463010425546,0.0070884986531368,0.00769603783851515,0.00835273548408554,0.00905851395412411,0.00982043184426267,0.0106385532503397,0.0115190248932434,0.0124624622846264,0.0134751554766606,0.014558701613439,0.0157188465935064,0.0169566615227781,0.0182774224665768,0.0196829245519537,0.0211784705094925,0.0227650978795168,0.0244461572987165,0.0262223312171526,0.0280959050427857,0.0300674199399988,0.0321370377874941,0.0343044089614259,0.0365661812941779,0.0389199125244365,0.0413581131267416,0.0438778851848513,0.0464673363239687,0.0491208672439276,0.0518196221489329,0.0545557633003854,0.0573030486565394,0.0600508702192518,0.0627645601490151,0.0654308761210169,0.0680062909391491,0.0704776199440064,0.0727917932667166,0.0749288839876388,0.0768254159292189,0.0784703973546341,0.0797945605999962,0.0807854865721644,0.0813709279511559,0.0815536935589136,0.081263172177019,0.0805115968541672,0.0792301630243579,0.0774652899715012,0.0751666481056178,0.0723804846599903,0.0691012364419722,0.0653953511330022,0.06129649871352,0.0568750002467968,0.0521992982120976,0.0473603913460168,0.0424435642204407,0.0375402942025103,0.0327486741581303,0.0281467064512957,0.0238231105771827,0.0198271342021312,0.0162218239149056,0.013021912005279,0.010260058345724,0.00791295008686966,0.00597983563093242,0.00441280190507302,0.00318657088659259,0.00224078198226664,0.00153906617269442,0.00102692134403957,0.000668000778199191,0.000421083609535879,0.000257500457400851,0.000152615916777981,8.76772748954308e-05,4.95310231416007e-05,2.65572292521108e-05,1.41908379270763e-05,7.07368254584292e-06,3.62450111054482e-06,1.61563743236751e-06,8.37797315209536e-07,2.89725124505863e-07,1.67231163638286e-07,3.15192797280346e-08,2.35742811854645e-08,-7.65230104330252e-10,0
3.25910564640175e-09,0,4.74091815657855e-07,3.96630826545014e-08,5.51829532796937e-07,7.34204881655425e-08,6.16651638409078e-07,1.84754527888517e-07,6.38672547182072e-07,3.30306662830704e-07,6.9171826548288e-07,4.72873323129768e-07,7.80932202868076e-07,6.355944735004e-07,8.90286022577888e-07,8.34587446447845e-07,1.02765567969206e-06,1.06297445619076e-06,1.21586134530034e-06,1.31684619692764e-06,1.46592593960925e-06,1.60873992903751e-06,1.7795883245763e-06,1.9581698432961e-06,2.16273906045866e-06,2.38248275107032e-06,2.62770388750355e-06,2.89694581758169e-06,3.19217702816001e-06,3.51941074475507e-06,3.87833191437967e-06,4.27504763342491e-06,4.71012592689934e-06,5.1900750328116e-06,5.71846417705969e-06,6.30044251236127e-06,6.9393115070586e-06,7.64350209878953e-06,8.41859702995134e-06,9.27214232646631e-06,1.02091013768645e-05,1.12405266954074e-05,1.23755816528573e-05,1.36247630880064e-05,1.4997192965666e-05,1.65055364775214e-05,1.81649446959371e-05,1.99916651823771e-05,2.19998169422377e-05,2.42029899155121e-05,2.66243195092313e-05,2.92867929313025e-05,3.22157062750213e-05,3.54296781219261e-05,3.89611173445683e-05,4.28392592229358e-05,4.71053550820846e-05,5.1783968866269e-05,5.69237983084757e-05,6.25618785500699e-05,6.87610795515753e-05,7.55550158229163e-05,8.30197517447515e-05,9.12016135170979e-05,0.00010019314314118,0.000110035264093883,0.000120845548079798,0.000132687473973762,0.000145702579456166,0.000159944693361702,0.000175591544217018,0.000192699515166041,0.0002114771048878,0.000232023235986621,0.000254577942208623,0.000279256821498952,0.000306311060973498,0.000335911570682829,0.000368340766567767,0.000403803223764469,0.000442647068148888,0.000485127936706536,0.000531606135979607,0.000582416583643709,0.000638021690934356,0.000698806324537494,0.000765210331965749,0.000837719515075421,0.000916946594649226,0.00100352242212061,0.00109801790489961,0.00120112183835434,0.00131355810488458,0.0014362777713669,0.00157001837173324,0.00171581895846674,0.00187452518632309,0.00204749782205103,0.00223565000416267,0.0024406309438659,0.00266343464179333,0.00290581887062343,0.00316864527306149,0.00345440792896816,0.00376433865897193,0.00410111181817161,0.0044655014640088,0.00486060661348286,0.00528749221469031,0.00575032277226841,0.00624977942347513,0.00679031184538857,0.00737280184478439,0.00800272310121518,0.00867969797680124,0.00941014704828252,0.0101944515165852,0.0110390550846735,0.0119445177376471,0.0129163271962627,0.0139556703235026,0.0150683874020545,0.0162562388860637,0.0175244860597052,0.0188739538780857,0.0203090279863333,0.0218314884874507,0.0234454496128341,0.025151204318812,0.026950540689853,0.0288441956049592,0.030832176112506,0.0329135805872137,0.0350853471575152,0.037346219127879,0.0396894947492853,0.0421113850245154,0.0445994514802297,0.0471486648866927,0.0497419727530668,0.0523722540948525,0.0550135652184872,0.0576546696467509,0.0602622517091723,0.0628251682312086,0.0653024803137395,0.0676791394315915,0.0699021866391246,0.0719555442149309,0.0737804671780699,0.0753633918741183,0.0766353058706508,0.077585859323517,0.0781481202382095,0.0783246067737585,0.0780440690160219,0.0773194421097817,0.0760884073406341,0.0743914263210999,0.0721771472219551,0.0694975435312254,0.0663480644706396,0.0627850591201999,0.0588428651647517,0.0545942540418409,0.0501019745136587,0.0454519593873502,0.0407287714472126,0.0360196386089193,0.0314180653456159,0.0269997687117096,0.0228493484523956,0.0190134729101605,0.0155536581546337,0.0124841780483857,0.00983501373935122,0.00758353363297942,0.00572996698334381,0.00422779191489528,0.00305238443516426,0.00214613519217687,0.00147377739236981,0.000983066475465338,0.000639423044339572,0.000403036606871863,0.000246382151267158,0.000146000836454072,8.38712035394961e-05,4.73585493110707e-05,2.53777655857695e-05,1.35771160291085e-05,6.76608052024922e-06,3.45150805429161e-06,1.54700637416052e-06,8.06076343782087e-07,2.7130751446857e-07,1.60193729860656e-07,3.23127598100199e-08,2.11077043749258e-08,-9.93447711152594e-10,0
3.18455084602031e-09,0,4.52212497227586e-07,3.77708255198415e-08,5.24342239410829e-07,7.03886052111696e-08,5.87385682668721e-07,1.77492361659755e-07,6.07735843810095e-07,3.13133780032953e-07,6.60947971301998e-07,4.50791638995901e-07,7.4298514272146e-07,6.05563092386515e-07,8.50674818224498e-07,7.92954114489223e-07,9.80975923251324e-07,1.01339152414796e-06,1.15743791597557e-06,1.25718540440363e-06,1.39533770500379e-06,1.53515205713526e-06,1.69580251178286e-06,1.86703244331585e-06,2.06175339711151e-06,2.271402018652e-06,2.50457244325267e-06,2.76155316644052e-06,3.04392856990778e-06,3.35615578749334e-06,3.69660542395101e-06,4.07457913601952e-06,4.49168622794396e-06,4.94943598374281e-06,5.45075083563498e-06,6.00499038709018e-06,6.6174108722802e-06,7.28929028057916e-06,8.02554381782823e-06,8.83842403199398e-06,9.73475904059785e-06,1.0718975166681e-05,1.17990984046915e-05,1.29898912724674e-05,1.43012506408392e-05,1.57407292939914e-05,1.73216528052262e-05,1.90620362371503e-05,2.09782621041152e-05,2.30821166495957e-05,2.53926228958937e-05,2.79314828269552e-05,3.07255179602351e-05,3.37925695637509e-05,3.71618734124568e-05,4.08615355230498e-05,4.49325872936516e-05,4.93976909714927e-05,5.43017832717993e-05,5.96815678548931e-05,6.56001558273085e-05,7.20888630555786e-05,7.92127375733192e-05,8.70132225116557e-05,9.55932924771535e-05,0.000105000680457429,0.000115327060170757,0.000126621740006683,0.000139043772593633,0.00015264944068698,0.000167583357448266,0.000183911239364142,0.000201857798190144,0.000221489341382567,0.000243015917640661,0.000266584512476383,0.000292439975467235,0.000320708571525441,0.000351668207085865,0.000385549473002411,0.000422676770605395,0.00046326772545807,0.000507677615317811,0.000556243664423898,0.000609376993027493,0.000667433011364361,0.000730898250914131,0.000800263670535538,0.000876022980866594,0.000958727794677856,0.00104903914645894,0.00114770222065981,0.00125527716699399,0.00137255961355648,0.00150038799453252,0.00163988063833813,0.00179176643290287,0.00195729009575798,0.00213733755061041,0.00233338535995405,0.0025463963495861,0.00277834958283751,0.00303013916669719,0.00330380119685289,0.00360035262998686,0.00392258384624548,0.00427145694533531,0.00464991423654057,0.00505873434180997,0.0055018708624923,0.00598033518153863,0.00649833576454464,0.00705615556533487,0.00765924159782786,0.00830803564398509,0.00900852243194662,0.00976023462294563,0.0105693155436835,0.0114369486888879,0.0123687746569353,0.013365720798067,0.014432863069378,0.0155716392093268,0.0167875345137514,0.0180819835497263,0.0194590623475259,0.0209198865152367,0.0224685390616975,0.0241055794858348,0.0258322276617044,0.0276491801363341,0.0295574769742344,0.0315565578272824,0.0336424655841445,0.0358131196923963,0.0380626010169168,0.040388508453001,0.0427789834942269,0.0452281566825026,0.0477194453523863,0.0502464897950617,0.0527841992947177,0.0553220335381622,0.0578285062609061,0.0602917333451651,0.0626718303060635,0.0649564866178782,0.0670946706872381,0.0690679592169057,0.0708205044274604,0.0723424358004013,0.0735669693941145,0.0744812988202751,0.0750201885785222,0.0751892714175579,0.0749219327714915,0.0742259433095582,0.0730399022600886,0.0714097752311103,0.0692854553808835,0.0667088384904727,0.0636793323561394,0.0602587264485977,0.0564743264402387,0.0523903262391167,0.0480733092787592,0.0436101584921351,0.0390770147886651,0.034553909937718,0.0301342246579241,0.0258943646138148,0.0219133653886299,0.0182321993266535,0.0149111342642928,0.0119669225353826,0.00942741772118382,0.00726807505874316,0.00548999637185174,0.00405046321044118,0.00292443709294944,0.00205541533060948,0.00141094005565273,0.000941308855621505,0.000612330211218653,0.00038570814252206,0.000235611910062623,0.000139646321413414,8.02690104632877e-05,4.53004574292186e-05,2.42367629940595e-05,1.29643802799396e-05,6.48157376056768e-06,3.3065327630058e-06,1.45730122518583e-06,7.63953584306749e-07,2.74412937203718e-07,1.53296904339193e-07,2.16053597392332e-08,2.1373354761114e-08,1.75666081538321e-09,0
3.11170154980565e-09,0,4.31922103185738e-07,3.54114353225978e-08,5.02177802395125e-07,6.79004862867973e-08,5.60635747047282e-07,1.68411970125384e-07,5.82076022752855e-07,2.9967466454145e-07,6.30735977683216e-07,4.30592113122846e-07,7.10748030684848e-07,5.78609624627526e-07,8.1227953833932e-07,7.57557877902984e-07,9.38010189577713e-07,9.67949063909126e-07,1.10579773914896e-06,1.20189546958079e-06,1.33265148170239e-06,1.46700005134943e-06,1.62033197603138e-06,1.78386980727995e-06,1.97015594039599e-06,2.17002165715652e-06,2.39359275467671e-06,2.63915859583845e-06,2.90813194928318e-06,3.20626690578629e-06,3.53282551248168e-06,3.89483551697362e-06,4.29165822741377e-06,4.72841738896276e-06,5.2098411990641e-06,5.74045899323043e-06,6.32326122789697e-06,6.9641181639257e-06,7.67010710956281e-06,8.44835629691114e-06,9.30330127527112e-06,1.02433371344083e-05,1.12775626814494e-05,1.2415815431695e-05,1.36668620254294e-05,1.50424406865269e-05,1.65558645064174e-05,1.82201421485644e-05,2.00495248353722e-05,2.20586902385995e-05,2.42677793515211e-05,2.66948874954817e-05,2.93641023456807e-05,3.22953893763646e-05,3.55179178749504e-05,3.90545253261929e-05,4.29426334927887e-05,4.72087972091659e-05,5.18982615022595e-05,5.70413557913577e-05,6.26956938838148e-05,6.88938917928161e-05,7.5702976771935e-05,8.31651636441717e-05,9.13694870937786e-05,0.000100352850014972,0.000110218552869042,0.000121025664851179,0.000132904045676054,0.000145897786812987,0.000160171607194274,0.000175790037480635,0.000192941689341125,0.000211703390055799,0.000232296439009322,0.0002548310014338,0.00027953068499671,0.000306557266310898,0.000336183529381381,0.00036859040241686,0.00040407449579973,0.000442877411607197,0.000485355841838951,0.000531801600906941,0.000582601897798903,0.000638131502198937,0.000698849831845618,0.000765187086390468,0.000837632720654291,0.000916765651115695,0.00100318393344278,0.00109752291458583,0.00120037343600343,0.00131261582926704,0.00143500707070858,0.00156849174406411,0.00171378204168033,0.00187213546455317,0.00204441686818455,0.00223209567396128,0.0024360778411485,0.00265809162077421,0.00289900014117445,0.00316096247928843,0.00344497616356025,0.00375356743010753,0.00408759578294291,0.00444995211898462,0.00484154966649855,0.00526613380180689,0.00572438434776346,0.00622041113668995,0.00675495655303886,0.00733315896072645,0.00795480884119634,0.00862569067977509,0.00934609485520831,0.010122003807596,0.0109539996210382,0.0118472632761874,0.0128028776192883,0.0138260510133099,0.014918313051876,0.0160846560016766,0.0173262957471488,0.0186474562047469,0.0200492421142161,0.0215348870816937,0.0231049767756244,0.0247620825934052,0.0265070328290681,0.0283390816836871,0.0302572453913276,0.0322592138516559,0.0343435863576615,0.036503935520391,0.0387375201222478,0.0410332084438642,0.0433856676324686,0.045778584474137,0.0482055415518148,0.0506434335284017,0.0530823478557226,0.0554904234918281,0.0578564203321473,0.0601437055791988,0.0623396804244361,0.064393943764954,0.0662899293992897,0.0679748202772264,0.0694380494910611,0.0706141027372452,0.0714915068476824,0.0720098742263868,0.0721734307258785,0.0719151878721562,0.0712455151091685,0.0701075705470743,0.0685406932717019,0.0664967151936188,0.0640223902091308,0.061114345582075,0.0578254658378568,0.0541873863677428,0.0502678592458068,0.0461249689861273,0.0418367876262849,0.0374817810327969,0.0331417193973635,0.0289019866889606,0.0248317530846123,0.0210100299167916,0.017478971031617,0.0142946798566394,0.0114707687656671,0.00903444180507672,0.00696417896365117,0.00526053206288896,0.00388052340782997,0.00280085251211072,0.00196849378458109,0.00135139120660377,0.000901298903451402,0.000586049182043913,0.000369142908079884,0.000225551014426842,0.000133662549508249,7.67537825918906e-05,4.33012775270558e-05,2.31923503514174e-05,1.24020915838062e-05,6.18287659899008e-06,3.15697675941075e-06,1.40417484778452e-06,7.34876223028901e-07,2.52081885783334e-07,1.43528464592795e-07,2.83266875437048e-08,2.12720238320682e-08,-1.23254117333824e-09,0
3.0405187429063e-09,0,4.1167636446186e-07,3.44178547211964e-08,4.7703263732847e-07,6.45236434745938e-08,5.35541783680575e-07,1.60463860957378e-07,5.52960119481023e-07,2.86749312738794e-07,6.02520167345044e-07,4.07415021306984e-07,6.79500842028948e-07,5.52393689311188e-07,7.72044784878418e-07,7.24614364169886e-07,8.93677991673612e-07,9.22049826126942e-07,1.05642596320489e-06,1.14495962038503e-06,1.27160181582858e-06,1.39951704296025e-06,1.54469944768685e-06,1.70258579622595e-06,1.87912751709694e-06,2.0701651146978e-06,2.28346663511913e-06,2.51742675455522e-06,2.77507343376167e-06,3.05878705151993e-06,3.37029718337817e-06,3.71622275409296e-06,4.09535997793066e-06,4.51200379102664e-06,4.97028625243501e-06,5.47697635568218e-06,6.03409633186292e-06,6.64586211220364e-06,7.31921113051717e-06,8.06219470287892e-06,8.87892160205302e-06,9.77589436156341e-06,1.07625965467117e-05,1.18497052630724e-05,1.30449085214611e-05,1.43576934314351e-05,1.58014048932774e-05,1.73911901281758e-05,1.91407515862375e-05,2.10604431099941e-05,2.31686378869032e-05,2.54858536655806e-05,2.80358419226137e-05,3.08362623341376e-05,3.39156687608332e-05,3.72949621988805e-05,4.10070738884343e-05,4.50810673960817e-05,4.95661265263174e-05,5.44852429072176e-05,5.98856075202553e-05,6.58054942312753e-05,7.23150278392097e-05,7.94472171422256e-05,8.72859314868793e-05,9.58742807397496e-05,0.00010530799780803,0.000115636623225583,0.000126990452667359,0.000139414534532331,0.000153058996932355,0.00016798819326709,0.000184389035908749,0.000202329782112422,0.000222019497592286,0.000243569432572447,0.000267190629303164,0.000293029327539494,0.000321351898140505,0.000352345538754656,0.000386293485456307,0.000423409688110153,0.000464027949163611,0.000508444248586172,0.000557046259668771,0.000610178183335088,0.000668254622271879,0.000731704301851933,0.000801023748933581,0.000876742688508482,0.000959408226062816,0.00104966506347349,0.00114811022671215,0.00125554551409884,0.00137265619982016,0.00150038494553627,0.00163946062021965,0.00179106385718772,0.00195597801019099,0.00213561989238467,0.00233090224154369,0.00254347614631207,0.00277413796755536,0.00302498211059775,0.00329698963407934,0.00359255548355904,0.00391249525180567,0.00425956579115531,0.00463463739687339,0.00504138214151634,0.00548049717003671,0.00595580851662243,0.00646796569687818,0.00702199709327727,0.00761781162029207,0.00826094955035537,0.0089515451168149,0.00969526536808672,0.0104928680482595,0.01134940839272,0.0122657669641317,0.0132469155915932,0.0142944034701496,0.0154130391899422,0.0166039890220506,0.0178713064911659,0.0192161094932087,0.0206415939776678,0.0221481860155107,0.0237381159154884,0.0254123632340927,0.0271706405597509,0.0290119768431554,0.030933757060903,0.0329344911490342,0.0350082760723743,0.0371527167019713,0.0393570031511898,0.0416158973919214,0.0439139339325074,0.0462448181753626,0.0485858295661856,0.0509277470766778,0.0532408877095401,0.055514111296303,0.0577109338626534,0.0598194174635194,0.0617926301417742,0.0636146870284645,0.0652330855668284,0.0666375146795325,0.0677669265222614,0.0686102410884051,0.0691074929265118,0.069263346010041,0.0690147587617441,0.06837070409502,0.0672760523886723,0.0657703038824893,0.0638071771319136,0.061429737793699,0.0586351141485201,0.0554759956944515,0.0519823865336939,0.0482183407969941,0.0442403506565865,0.0401237496484261,0.0359431712559965,0.031777339352713,0.0277090675998037,0.0238041045912979,0.0201377462288337,0.0167509293670546,0.0136974729299321,0.010989914984599,0.00865436107475521,0.00667008486848655,0.00503753106921888,0.00371540830644742,0.0026812386513501,0.00188405075419675,0.00129311889499606,0.000862252158994391,0.000560576022009715,0.000353010307219978,0.000215625853482277,0.000127766010016908,7.33379757061866e-05,4.13500453049483e-05,2.21631314374817e-05,1.18534659514769e-05,5.89141411351552e-06,3.01427563122213e-06,1.34603636403388e-06,6.97921159324445e-07,2.4011962292454e-07,1.39272959454013e-07,2.54033016496008e-08,1.98230273058671e-08,-4.18142409846066e-10,0
2.97096430296856e-09,0,3.93504359100203e-07,3.24924310696309e-08,4.5784177210023e-07,6.12500733934633e-08,5.10835849034401e-07,1.54687749552185e-07,5.29537695993935e-07,2.72744320220847e-07,5.76203691862323e-07,3.9129253394491e-07,6.47771308362722e-07,5.29065018926919e-07,7.3788465889166e-07,6.92519808374526e-07,8.54519050857408e-07,8.81321494987121e-07,1.01000235599067e-06,1.09389135608248e-06,1.21532835324587e-06,1.33774724295928e-06,1.4763335857516e-06,1.62714761271821e-06,1.79548186225024e-06,1.97802043966258e-06,2.18245615779665e-06,2.4057448842244e-06,2.65144984188925e-06,2.92224849528998e-06,3.22058141012836e-06,3.5513453977084e-06,3.91229532736051e-06,4.30975624978392e-06,4.7488433595671e-06,5.23397625342971e-06,5.76501029961009e-06,6.34794468102209e-06,6.99160782595824e-06,7.7021324678928e-06,8.48177841812512e-06,9.33817891840315e-06,1.02815526147633e-05,1.13201548166201e-05,1.24604200537343e-05,1.37140772978058e-05,1.50946930334028e-05,1.66132022914447e-05,1.8281956449643e-05,2.01148837978655e-05,2.21299830281231e-05,2.43432925923996e-05,2.67778155568869e-05,2.94534038129874e-05,3.23960686930495e-05,3.5622635707994e-05,3.9166211593568e-05,4.30572965807184e-05,4.73406664057453e-05,5.2037579283501e-05,5.71960777206131e-05,6.28508678340573e-05,6.90670418439921e-05,7.58799575884323e-05,8.33677284369024e-05,9.15656277351241e-05,0.000100571792398582,0.000110442688369019,0.000121293375362171,0.000133155653099882,0.000146181192205131,0.000160441486211878,0.000176112226074983,0.000193255680830208,0.000212069511516237,0.000232652416969856,0.000255207715124187,0.000279894142145974,0.000306971785312308,0.000336594131161653,0.000369018425564564,0.000404477549776486,0.000443313514836766,0.000485782634416536,0.000532219105014776,0.000582975072775067,0.000638501162754147,0.000699191405324254,0.000765459969839143,0.000837828865180328,0.000916879443014843,0.00100320412961296,0.00109732287454943,0.00120004423166816,0.00131206995945588,0.00143425451317324,0.00156726454992508,0.00171227295723056,0.00187005562148356,0.00204193821822437,0.00222875043007975,0.00243210115130995,0.00265283867372027,0.00289295821161417,0.00315332204792803,0.00343617898549306,0.00374230181936651,0.00407446825072036,0.00443366236861482,0.00482320586064914,0.00524352696290972,0.00569850801486549,0.00618905251273117,0.00671978043837325,0.00729035164103672,0.00790627224445252,0.00856789960071519,0.00928048812086739,0.0100446153857882,0.0108652683933778,0.0117434161105755,0.0126838450243846,0.0136879254010047,0.0147600873935051,0.0159016844300293,0.0171169419490298,0.0184066054037572,0.019773412100352,0.0212181885171589,0.0227434062821209,0.024349634168258,0.0260363166194072,0.0278028081948722,0.0296468443548558,0.0315668652806484,0.0335570849363863,0.0356151979355449,0.0377310067734415,0.0398996754698062,0.0421058766929124,0.0443431405249772,0.046590531597113,0.0488399176132904,0.0510618343773194,0.0532445322012996,0.055353364381618,0.0573783128301676,0.0592747027066951,0.0610253608081837,0.0625788436822625,0.0639273201265825,0.0650128351977145,0.0658231917442359,0.0663009071966671,0.0664513177982038,0.066212759101408,0.0655933102218829,0.0645415881966325,0.0630964947097642,0.0612121217453592,0.0589285767192892,0.0562440764489537,0.0532112585775715,0.0498585604522788,0.0462452068424428,0.0424257096574577,0.0384744355141649,0.0344632998523378,0.0304666560736207,0.0265634607704753,0.0228171816911666,0.0193004938384806,0.0160526393770534,0.013125155220363,0.0105294843221321,0.00829040447976454,0.00638849236949241,0.00482434459228592,0.00355787113612188,0.00256714230132189,0.00180339236974533,0.00123754080822724,0.000825214256675264,0.000536456593535929,0.000337699508371342,0.000206202161998423,0.000122178380448634,7.01499346306282e-05,3.95570789035468e-05,2.11810723374267e-05,1.13142447206342e-05,5.63407159470863e-06,2.89189779621925e-06,1.28316748720983e-06,6.62491615581827e-07,2.32459742478645e-07,1.33804844640245e-07,2.29928045133972e-08,1.96162102910965e-08,-1.77376538227764e-10,0
2.90300097971981e-09,0,3.77082193709528e-07,3.29620507971545e-08,4.36832034842297e-07,5.63018828511524e-08,4.91988471141667e-07,1.48900193333285e-07,5.04265948573644e-07,2.60957238742276e-07,5.53189368450947e-07,3.74372580079958e-07,6.18415838500701e-07,5.06255391635566e-07,7.07076315808012e-07,6.6141555634643e-07,8.17891214199773e-07,8.41903464744317e-07,9.66774059661479e-07,1.04634381840667e-06,1.16145132616673e-06,1.27964238318508e-06,1.4109003870868e-06,1.55619611473551e-06,1.71653694320626e-06,1.89082049785078e-06,2.08686195780177e-06,2.2996759688324e-06,2.53424170281126e-06,2.79320661579467e-06,3.07890722142227e-06,3.39452592738881e-06,3.73872945776823e-06,4.11968158604382e-06,4.53975574999707e-06,5.00207612411585e-06,5.5087382412745e-06,6.06720104563118e-06,6.68362550729367e-06,7.36171297376571e-06,8.10551073412726e-06,8.92371956261171e-06,9.82533764267531e-06,1.08183271653824e-05,1.19085734260118e-05,1.31056369985993e-05,1.44242755974954e-05,1.58772666504965e-05,1.7472435258181e-05,1.92213115902032e-05,2.11464520396997e-05,2.32643962338506e-05,2.55916865057959e-05,2.81452227857332e-05,3.09545291986237e-05,3.40408840155421e-05,3.74331231957141e-05,4.1151198767527e-05,4.52380772403452e-05,4.97259986267567e-05,5.46624298725737e-05,6.00687480066679e-05,6.60061332769625e-05,7.25176367958244e-05,7.9677911496558e-05,8.75158975868496e-05,9.61243693067927e-05,0.000105554240267352,0.000115920138532889,0.000127270837574087,0.000139746476874029,0.000153380334903927,0.000168336841069234,0.000184709252148275,0.00020270055351257,0.000222399120375887,0.000243987685073291,0.000267593204361631,0.000293461153552263,0.00032177708361994,0.000352805156451586,0.000386724349334773,0.000423829798095283,0.000464421520493226,0.000508883786065943,0.000557497556481574,0.000610582078208796,0.000668540385490519,0.000731907813583326,0.000801206720264891,0.000876871179499205,0.000959425651071722,0.00104945634475048,0.0011477659265795,0.00125496808241315,0.00137185608507908,0.00149907721194479,0.00163778644505069,0.00178880906178276,0.00195345029923762,0.00213238763771975,0.00232700133997432,0.00253811732040069,0.00276782677887812,0.00301712009558114,0.00328818198932381,0.00358149825478682,0.00389938355891615,0.00424306907515035,0.00461626768481878,0.00501901517570407,0.00545456790208061,0.00592437698163168,0.00643318858598643,0.0069799106883629,0.00756955714296565,0.00820333321915504,0.0088866080825214,0.00961913101410061,0.0104053502069809,0.0112467909501186,0.0121482617745672,0.0131110315912318,0.0141393779384529,0.0152339387925962,0.0163983553559461,0.0176343516384883,0.0189455497671527,0.0203322357421763,0.021795495639916,0.0233355916202888,0.0249530602014686,0.0266477238747835,0.0284168559629552,0.0302592663553307,0.0321697305369009,0.0341451271611318,0.0361751825803331,0.0382556995558095,0.0403727922383999,0.0425212323759793,0.0446800432267178,0.0468389040976329,0.0489700325957458,0.051065782540794,0.0530928106054274,0.0550368701993011,0.0568550013854198,0.0585362642354841,0.0600308493139758,0.061325322781685,0.0623650495035609,0.0631435042891808,0.0636036792114025,0.0637468101806176,0.06351649412375,0.0629236812551802,0.061914493407041,0.0605236293212376,0.058713220646117,0.0565236790852721,0.0539467057763148,0.0510328038703821,0.0478150920447958,0.0443487608819165,0.0406818766511773,0.0368887846666641,0.0330415834208308,0.029208387069012,0.0254628864932647,0.0218686663606867,0.0184972977770921,0.0153839509776934,0.0125761650396739,0.0100872341528472,0.0079422059291484,0.00611992229825359,0.00462013844842817,0.00340643497804242,0.00245826068138318,0.0017270945036846,0.00118459159956721,0.000789414605622401,0.000513218585444122,0.000323310736059625,0.000197486632488769,0.00011680421995121,6.69118093309206e-05,3.78366004503494e-05,2.03464345393713e-05,1.08102964633869e-05,5.33465449367203e-06,2.76524456084223e-06,1.25130377484574e-06,6.30388835407407e-07,2.08932950040309e-07,1.28121352791562e-07,2.68343950993309e-08,2.04518209932505e-08,-1.07196440485838e-09,0
2.83659237501898e-09,0,3.59635322966623e-07,2.9976278985007e-08,4.18180561299743e-07,5.51209543152834e-08,4.68165477459875e-07,1.40466964523211e-07,4.82907852686102e-07,2.50427656368779e-07,5.25886889546226e-07,3.56609153420559e-07,5.91868566088727e-07,4.8328089667045e-07,6.73219041106178e-07,6.32377243870593e-07,7.80422045709516e-07,8.03795114151945e-07,9.22065718883504e-07,9.98732296057195e-07,1.10860616435778e-06,1.22162153459599e-06,1.34649683912131e-06,1.48523577409624e-06,1.63841819353168e-06,1.80500522639261e-06,1.99165708814412e-06,2.19442559941536e-06,2.41933735463341e-06,2.66692683851921e-06,2.93877816112652e-06,3.23950111162478e-06,3.56901742830828e-06,3.93329390722233e-06,4.33333024561887e-06,4.77420128761443e-06,5.2589840479565e-06,5.79290338457095e-06,6.38037436758311e-06,7.02687383692427e-06,7.73795422615867e-06,8.5205821849008e-06,9.38133967898963e-06,1.03280963501979e-05,1.13690854795442e-05,1.25142393892243e-05,1.37740612873985e-05,1.51591343535172e-05,1.66818085730539e-05,1.83548424319853e-05,2.0194493892603e-05,2.2215304477409e-05,2.44375948464015e-05,2.687836804794e-05,2.95621154998581e-05,3.25076688997182e-05,3.57458205850805e-05,3.92992007024748e-05,4.32063900223513e-05,4.74917516788242e-05,5.22019031954104e-05,5.73661207056146e-05,6.30425106866232e-05,6.9262116023661e-05,7.60959200364985e-05,8.35818967240287e-05,9.18106616626037e-05,0.000100822972131592,0.000110724223760671,0.000121560357324605,0.000133467763986481,0.000146492771636819,0.000160800103042132,0.000176458383846026,0.000193641394792034,0.00021244398143541,0.000233063638167569,0.000255628321984112,0.000280359501322902,0.000307416555496631,0.000337053329581397,0.000369468629470927,0.000404959239868844,0.000443774958487848,0.00048623923983423,0.000532654505696437,0.000583404958764034,0.000638872974222235,0.000699480735929456,0.000765686038017858,0.000837971386699014,0.000916910574584265,0.0010030353930501,0.00109703789813564,0.00119950681137814,0.00131128095965467,0.0014330120553741,0.00156573636186873,0.00171016578661462,0.0018675400632338,0.00203859159940538,0.00222477888255209,0.00242690962996383,0.00264682272641329,0.00288530920787183,0.00314445484957342,0.00342499338173826,0.00372942499280741,0.0040585646933598,0.00441551938220937,0.00480089142930757,0.00521823746032815,0.00566812219875675,0.00615474690707482,0.00667809148895052,0.00724328185905917,0.00785047729867154,0.00850449599839066,0.00920588063947496,0.00995916805608848,0.010765430950823,0.0116291849950337,0.0125515694788504,0.0135365993280939,0.0145854731117769,0.0157020698648394,0.0168872555884754,0.0181437698332342,0.0194723853652665,0.0208750744221499,0.0223521532933694,0.0239034267309661,0.0255285696575749,0.0272254057351653,0.0289925356631905,0.0308246011374565,0.0327191380097741,0.0346667730005206,0.036663380557535,0.0386951589470133,0.0407563392714427,0.0428269489977522,0.04489859294045,0.0469449142949071,0.0489564215224004,0.0509005106546642,0.052766418169469,0.0545131396106582,0.0561264168208016,0.0575589211365501,0.0588016840842892,0.0598011672207943,0.0605481216641348,0.0609887454719625,0.0611259030537134,0.0609047327516593,0.0603348588791206,0.0593657939392415,0.0580319218555728,0.0562943238669341,0.054190984327472,0.0517178691732291,0.0489235199569022,0.0458354609839157,0.0425080480217,0.038991493831303,0.0353548564145795,0.0316639954667941,0.0279867604176442,0.0243965321439136,0.0209518611809483,0.0177190426688123,0.0147341561536465,0.0120446041742276,0.00966028511517079,0.00760419408763694,0.00585848474214355,0.00442297338137484,0.00326076362256997,0.00235226367336569,0.00165221579310708,0.00113338143099629,0.000755383468112898,0.000490950616021156,0.000309009892630972,0.000188593466338075,0.00011166855296916,6.40919779345782e-05,3.61403440766207e-05,1.93428929441914e-05,1.03295338078946e-05,5.13603890934511e-06,2.63235568696464e-06,1.17479034435823e-06,6.06175923118266e-07,2.07314020930234e-07,1.23148778194955e-07,2.21943525687144e-08,1.63076162477805e-08,-1.59957151841556e-10,0
2.77170292336326e-09,0,3.43171161454979e-07,2.80546199063078e-08,3.98719461145171e-07,5.43863509541089e-08,4.45834466446022e-07,1.33419817760907e-07,4.61784836391422e-07,2.39258332216881e-07,5.02132001736931e-07,3.39887109901863e-07,5.66225007145745e-07,4.6142078612606e-07,6.42650751557424e-07,6.04766369906428e-07,7.45608809160591e-07,7.67607179905345e-07,8.81693174391234e-07,9.54191480835902e-07,1.05951304332828e-06,1.1676937044198e-06,1.28662503145883e-06,1.41976139131762e-06,1.56607558589163e-06,1.72520387973891e-06,1.9038085364281e-06,2.09746454092019e-06,2.31261765786426e-06,2.54908174240325e-06,2.80899908702919e-06,3.0964655296526e-06,3.41138711685246e-06,3.75957699988287e-06,4.14174079239856e-06,4.56312554269819e-06,5.02631924492019e-06,5.53650715620875e-06,6.09801412742145e-06,6.71586803883958e-06,7.39528794595557e-06,8.14304654034351e-06,8.96546806634591e-06,9.86988894484087e-06,1.08643718621391e-05,1.1958417485774e-05,1.31621576631813e-05,1.4485951429903e-05,1.59406078278504e-05,1.75377080062506e-05,1.92947936989201e-05,2.1226899281963e-05,2.33509275548575e-05,2.56817107674905e-05,2.82449265141304e-05,3.10599633857193e-05,3.4154569111602e-05,3.7549293908665e-05,4.12818759568351e-05,4.53761494171382e-05,4.9877009220203e-05,5.48129225682894e-05,6.02379702562678e-05,6.61802142818931e-05,7.27090536491003e-05,7.9863318706618e-05,8.77293545822302e-05,9.63436757192749e-05,0.000105804993697632,0.000116158180036732,0.000127537546215217,0.000139989339062093,0.00015366732705912,0.000168632573078652,0.000185052380292909,0.00020302505529835,0.000222742162385805,0.000244315090748874,0.000267950709237608,0.000293815002542266,0.000322156318210379,0.000353151595721115,0.000387078259090372,0.000424187272405029,0.000464796111828614,0.000509184041696859,0.000557713272690439,0.000610759646836216,0.000668728089905707,0.000732045054049567,0.000801175041056604,0.000876686239238869,0.00095908665171061,0.00104901038980665,0.00114701959298775,0.00125395433854033,0.00137044144559644,0.00149742960521422,0.0016356000685648,0.00178619177951025,0.00194991387119736,0.00212811013993907,0.00232154203695496,0.00253202074908915,0.00276031407890233,0.00300838788748998,0.00327696666727291,0.00356844381763934,0.00388352897536764,0.00422524583580476,0.00459430440368909,0.0049940276777367,0.00542480725963991,0.00589079454716769,0.00639212379850206,0.00693356026646506,0.00751514950688477,0.00814167695190353,0.00881371486310411,0.00953545448933482,0.0103079240095031,0.0111355907523581,0.0120195848387405,0.0129637053272067,0.0139690552973915,0.0150393518824288,0.0161754819928393,0.0173800892974314,0.0186538968055801,0.0199988658804749,0.0214153001100577,0.0229028765988876,0.0244613357197048,0.0260888264710424,0.0277839782552782,0.02954140983855,0.0313586900799011,0.0332270124578114,0.0351426287782492,0.0370922188102273,0.0390700085922825,0.0410568149821879,0.0430446557626639,0.0450082877639821,0.0469388236750393,0.0488050395665558,0.0505961030113437,0.0522721897037478,0.0538202753129285,0.0551957627600639,0.0563891685366259,0.0573478854701686,0.0580642120474678,0.0584877323188165,0.0586197103285298,0.0584064076237388,0.0578589841179836,0.0569297218621996,0.0556495538467947,0.0539806655185281,0.0519616092239752,0.049588722673609,0.0469073946818091,0.0439441015962006,0.0407511477652415,0.0373769886179436,0.0338886259885605,0.0303488598310274,0.0268219976541793,0.0233788875013078,0.0200760034322357,0.0169767366888111,0.0141156215909314,0.0115378225052299,0.00925254478283352,0.00728230688319839,0.00561005345861062,0.00423507588443174,0.00312178719337062,0.0022516071490995,0.00158130834441285,0.00108467034961361,0.000722853830959419,0.000469796595489919,0.000295692212493865,0.000180364573493285,0.000106722813575863,6.13012825414716e-05,3.4613385527723e-05,1.85059507854538e-05,9.86716938169988e-06,4.90728013853014e-06,2.50603112441421e-06,1.11656281055456e-06,5.87347403754543e-07,2.02519081660013e-07,1.13861619332592e-07,1.97053838389865e-08,1.66645560525462e-08,-3.0977707166129e-10,0
2.70829787284084e-09,0,3.27096511857947e-07,2.72712047863718e-08,3.80121937122249e-07,5.15417746673067e-08,4.24064830614034e-07,1.28784845726226e-07,4.4045328741811e-07,2.26624545404234e-07,4.79499554271453e-07,3.2521027765638e-07,5.38260504839425e-07,4.40826583979795e-07,6.13054901204323e-07,5.76220106253605e-07,7.11611455345435e-07,7.31479036396782e-07,8.41625867100342e-07,9.09178470292993e-07,1.01121296746906e-06,1.11326866308717e-06,1.22725018280655e-06,1.35429825061493e-06,1.49363168591063e-06,1.64569945679519e-06,1.81613131124439e-06,2.00060092256698e-06,2.20605250699847e-06,2.43180950247801e-06,2.68008976085092e-06,2.95406005333776e-06,3.25444340461965e-06,3.58726948406144e-06,3.95225642354916e-06,4.35412026648248e-06,4.79596059743183e-06,5.28360672095093e-06,5.82010811180702e-06,6.40960597944627e-06,7.05793489878014e-06,7.77214229794142e-06,8.55764237496984e-06,9.42115509272614e-06,1.03710437286348e-05,1.14165243080275e-05,1.25666649378095e-05,1.38304337977165e-05,1.52184632236213e-05,1.6743702596775e-05,1.84232364567082e-05,2.02696425005242e-05,2.22982243721453e-05,2.45241133587495e-05,2.69727834926706e-05,2.96626182695674e-05,3.2619319860149e-05,3.58619705491529e-05,3.9427219275256e-05,4.33392743562753e-05,4.76406744851475e-05,5.23567538760161e-05,5.75397058456372e-05,6.32174323628765e-05,6.94551786711652e-05,7.62909398555562e-05,8.3809362515199e-05,9.20420970948078e-05,0.000101080847419216,0.0001109743891283,0.000121853096772976,0.000133753740515474,0.000146822489970412,0.000161122951195333,0.000176816749257358,0.00019399919134274,0.000212849126282706,0.000233466601882448,0.000256055706338121,0.000280780772611284,0.000307873255986051,0.000337500995851144,0.000369935003555493,0.00040541742236727,0.000444247017951389,0.000486683268314082,0.00053307182240883,0.000583779798788476,0.000639206433058111,0.000699762419688291,0.000765873868196552,0.000838074393061923,0.000916868700091678,0.00100287118253512,0.00109660286807851,0.00119886513728036,0.0013102712328804,0.00143173216747598,0.00156390653059449,0.00170797886699945,0.00186459417173965,0.00203503905389092,0.00222009093452472,0.00242147385350165,0.00263989286900569,0.00287725861075102,0.00313427541921623,0.00341320229953064,0.00371472743227829,0.00404179742720531,0.00439509365263511,0.00477773584664492,0.00519009806836836,0.00563619052429769,0.00611613688961346,0.00663453350224613,0.00719149376850069,0.00779155262292756,0.00843514205547176,0.00912630952260352,0.00986619594651266,0.0106591312312009,0.0115061094348725,0.012410640976623,0.0133737511616705,0.0143991804593406,0.0154879368055323,0.0166424930119032,0.017863427173515,0.0191525292144848,0.0205100804690229,0.0219360599176373,0.0234303054631656,0.0249905935432422,0.0266156470898666,0.0283009480852686,0.030043985078296,0.0318355420974842,0.0336721798906277,0.0355419873944236,0.0374395215602557,0.0393454934113809,0.0412519161029883,0.0431354131921527,0.0449877195898832,0.0467780001489435,0.0484959095820794,0.0501042506197506,0.0515901637458322,0.0529094841985779,0.0540534359742601,0.0549732226509705,0.0556615300710444,0.056067837723219,0.0561929575947165,0.0559880072273349,0.0554640678174162,0.0545721967254879,0.053342403305273,0.0517413072564409,0.049804867614067,0.0475279676485972,0.0449559960645897,0.0421145753088928,0.0390518998325773,0.0358151584803273,0.0324705275126738,0.0290774952411538,0.0256960914712576,0.0223950481115109,0.0192296853517515,0.0162599108037297,0.0135180810765715,0.0110481366499533,0.00885895935227794,0.00697186460759901,0.00537045784534995,0.00405372970555084,0.00298754151202405,0.00215447487925372,0.00151304179517736,0.00103782783289849,0.000691476367244238,0.000449150284305752,0.000282641444216311,0.000172545635202536,0.000102131967548901,5.85648249340358e-05,3.301967411668e-05,1.76740695793753e-05,9.43529660269163e-06,4.69119124336387e-06,2.40265114762286e-06,1.06976369280587e-06,5.5399107952971e-07,1.90680117001067e-07,1.11296094400415e-07,1.93570308146651e-08,1.55398839891034e-08,-4.51156066742829e-11,0
2.6463432665193e-09,0,3.1244933113069e-07,2.62013052575449e-08,3.62800927623575e-07,4.901899107881e-08,4.05403187675845e-07,1.23009799847748e-07,4.20139211834157e-07,2.16777400898493e-07,4.58078406031688e-07,3.10049481400107e-07,5.14533075583892e-07,4.20705788932941e-07,5.85493042537533e-07,5.50258195576907e-07,6.79696720501161e-07,6.98256866401356e-07,8.03977857533818e-07,8.68140823793522e-07,9.65441872703506e-07,1.06354865242579e-06,1.17142952842462e-06,1.29367956742189e-06,1.42611996842008e-06,1.57153442190257e-06,1.73442539952292e-06,1.91025031060068e-06,2.10676351796046e-06,2.32208521581998e-06,2.55933229531953e-06,2.82095043922495e-06,3.10768878653101e-06,3.4256109345558e-06,3.77407566399838e-06,4.15792560145188e-06,4.57975008450893e-06,5.04543460400779e-06,5.55780207716893e-06,6.12072841520977e-06,6.73979863989726e-06,7.4217673870936e-06,8.17191017620738e-06,8.99649341825599e-06,9.90354189963362e-06,1.09019114834097e-05,1.2000324742076e-05,1.3207315136485e-05,1.45328495551108e-05,1.59893125908621e-05,1.7593236668996e-05,1.93566920667268e-05,2.12941128232652e-05,2.34199098392398e-05,2.57584737841444e-05,2.83274654078184e-05,3.11515286800843e-05,3.4248830521643e-05,3.76541859839245e-05,4.13907054472716e-05,4.54992917154839e-05,5.00042481211905e-05,5.49552027105558e-05,6.03788467214392e-05,6.63377259729608e-05,7.28680365023081e-05,8.00505966834664e-05,8.7915938520281e-05,9.65515062593004e-05,0.000106003656313224,0.000116397540965889,0.000127768550551378,0.000140255680733144,0.000153919838995443,0.000168915884257811,0.000185334772528683,0.000203347799290342,0.00022305067362213,0.000244638090455089,0.0002682675719791,0.000294160522970233,0.000322476915536207,0.000353476200885304,0.000387390845951767,0.000424507012503625,0.000465072715754319,0.000509417985173885,0.000557893797408323,0.00061088260039962,0.00066877813190501,0.000731988231900515,0.000801023010272776,0.000876365808755149,0.000958605308902929,0.00104824085458914,0.00114603981524898,0.00125258821309028,0.0013687550118892,0.00149517090102796,0.00163297611600527,0.00178279282358111,0.00194584664489586,0.00212287937447622,0.00231554901389586,0.00252453204718201,0.00275165108022649,0.00299758246479151,0.00326449437758444,0.00355305213271192,0.00386608148035959,0.00420423922617296,0.00457050928006096,0.00496524172538967,0.00539228401074976,0.00585176510883763,0.00634807529249737,0.0068813438713787,0.00745594393565368,0.008072276470851,0.00873419754161231,0.00944280156052596,0.0102022604384462,0.0110135568883581,0.0118800522936761,0.0128027070402131,0.0137851209259009,0.0148282949616397,0.0159345991348954,0.0171045746591069,0.0183399710660696,0.0196410505183484,0.0210077175327841,0.022439885468714,0.0239355975199662,0.0254935479612681,0.0271092100769067,0.0287802814072306,0.0304981072541143,0.0322592517542985,0.0340521396065581,0.0358717116226857,0.0376996133965238,0.0395280294066115,0.0413343981981519,0.0431109333020917,0.0448281482631477,0.0464759235483008,0.0480184598746562,0.0494436452052002,0.0507093007199986,0.0518068682668926,0.0526890321695233,0.0533488055765164,0.0537385183614431,0.0538588843581568,0.0536620017001617,0.0531588049580823,0.0523032857573425,0.0511239508949537,0.0495880381446423,0.0477304014008566,0.0455465330657816,0.0430798007388088,0.0403551012432561,0.0374188631822511,0.0343156664205338,0.0311088641725927,0.0278561541341932,0.0246151401349445,0.0214514576812311,0.0184181194119066,0.0155725123668961,0.0129455076967513,0.0105793469619212,0.00848240833053235,0.00667492656027777,0.00514127030430641,0.00388045078187742,0.00285958114842588,0.0020620178537596,0.00144800319090669,0.00099311891533671,0.000661626367553998,0.00042974347065012,0.000270412141581938,0.000165059431051312,9.76829736993531e-05,5.60026605599658e-05,3.15734971208998e-05,1.68994699349668e-05,9.02220179432478e-06,4.48626899270453e-06,2.29596846185827e-06,1.02091265802882e-06,5.30170155774871e-07,1.82558062213239e-07,1.05954411218524e-07,1.88320021885018e-08,1.51350320725931e-08,-1.40732948365361e-10,0
2.58580592425979e-09,0,2.98729216582844e-07,2.48293346444091e-08,3.47835559821033e-07,4.58723848429511e-08,3.88361599546179e-07,1.17492208715772e-07,4.01336976647542e-07,2.07429221159846e-07,4.38065004480232e-07,2.95858305473261e-07,4.91801192495668e-07,4.02425792489055e-07,5.58955054286296e-07,5.25759503927084e-07,6.498885501501e-07,6.66431198473296e-07,7.68532037062236e-07,8.28887536964018e-07,9.22243707718652e-07,1.01611909101172e-06,1.11891849070465e-06,1.23574158155647e-06,1.3619924162213e-06,1.50114636872293e-06,1.6566525062383e-06,1.824438220376e-06,2.01253437243504e-06,2.21803211231965e-06,2.4447274748713e-06,2.69450157186562e-06,2.96854916931253e-06,3.27241195230701e-06,3.60513321433758e-06,3.9720139401539e-06,4.37521749680367e-06,4.82013821633727e-06,5.30941988600173e-06,5.84753264508781e-06,6.43971043055072e-06,7.09154322754796e-06,7.80806898341125e-06,8.59583992165723e-06,9.46302359445393e-06,1.04177755062711e-05,1.14672752012503e-05,1.2619823159173e-05,1.38871379282367e-05,1.52809875124364e-05,1.68140835937839e-05,1.84977207145588e-05,2.03490694131712e-05,2.23827436645557e-05,2.46184808302088e-05,2.70713130321845e-05,2.97684427097755e-05,3.27302850938753e-05,3.59869419382451e-05,3.95569690971472e-05,4.34815387839345e-05,4.77864600575104e-05,5.25178899117111e-05,5.770007340794e-05,6.33943612604561e-05,6.96363528474006e-05,7.65002331462052e-05,8.40136754432474e-05,9.22637770428388e-05,0.000101295311131362,0.000111226337074159,0.000122093922443483,0.000134030893430792,0.000147090586075848,0.000161419189935379,0.000177103296392753,0.000194309731603697,0.000213140785244395,0.000233782206899847,0.000256365661469386,0.000281100014275867,0.000308162165728143,0.000337803493339643,0.000370216487773447,0.000405668492755161,0.000444434126219978,0.000486847868112234,0.000533209660439678,0.000583849668981907,0.00063916448747182,0.000699586805496615,0.000765600303689235,0.000837633625230461,0.000916254038986115,0.00100196338631606,0.00109548714958739,0.00119737148505354,0.00130846386481,0.00142936949321154,0.00156113747257911,0.00170437607069515,0.00186035281086703,0.00202978213343825,0.00221413283254417,0.00241402035250987,0.00263125338786167,0.00286652200224243,0.00312195261092127,0.00339816775642302,0.00369772960732997,0.00402125349094743,0.00437175952843968,0.00474961305013641,0.00515835940340208,0.00559815070411482,0.00607337642192429,0.00658404222119721,0.00713407972105188,0.00772405595613129,0.0083579460411306,0.00903670786957899,0.00976409106432087,0.0105409275560196,0.0113707342219599,0.0122548013648889,0.0131962545028452,0.0141955075777799,0.0152551103213991,0.0163761785893321,0.0175602454132297,0.0188071075321998,0.0201167698489457,0.0214894713601175,0.0229232717851731,0.0244166364880275,0.0259652039396808,0.0275670707268644,0.0292142523947641,0.0309032201801125,0.032622205614016,0.0343664656860697,0.0361192913940076,0.0378732332849031,0.0396057750124301,0.0413091452007124,0.0429557733923258,0.0445366582221055,0.0460167296278716,0.0473831819316713,0.0485963577002307,0.0496493902984199,0.0504960199713373,0.0511283722962815,0.0515014570540614,0.0516170692898826,0.0514283421516093,0.0509444351300753,0.0501227664060154,0.048992643153344,0.047520415800866,0.0457373618559916,0.0436416755279098,0.0412769165544081,0.0386646969340343,0.0358486241638344,0.0328731994692737,0.0297990502323135,0.0266810893907203,0.0235750638906864,0.0205430781298442,0.017635783134582,0.0149096119029147,0.0123936754478817,0.0101271271818888,0.0081184870259215,0.00638776496565434,0.00491941998997205,0.00371246387508205,0.00273558932391591,0.00197233858448088,0.00138454264605126,0.000949382254135303,0.000632565749854022,0.000410857395137911,0.00025838143317683,0.00015763304678524,9.33101450469393e-05,5.3524270318169e-05,3.01666872436796e-05,1.61211970790311e-05,8.60721481882569e-06,4.29428443687987e-06,2.19524845811488e-06,9.69640393781652e-07,5.07322017293741e-07,1.75703058716432e-07,1.00225356805732e-07,1.82460613943418e-08,1.45671691284128e-08,-4.02054083228266e-10,0
2.52665342494723e-09,0,2.85547975710336e-07,2.41572804417489e-08,3.32939394707122e-07,4.25955048233671e-08,3.72464532575842e-07,1.12707335309481e-07,3.82448355157834e-07,1.9948028375304e-07,4.18671170146849e-07,2.81901109986754e-07,4.71635825444227e-07,3.83752216958308e-07,5.34275327850856e-07,5.04072396154663e-07,6.19009544681368e-07,6.39128947656874e-07,7.33197636950878e-07,7.92260560509138e-07,8.82560241667994e-07,9.70137749149747e-07,1.0700384874644e-06,1.18084872521471e-06,1.30139573825201e-06,1.43516848531606e-06,1.58209736256772e-06,1.74406024087585e-06,1.92392969046375e-06,2.11948162381204e-06,2.33522991152534e-06,2.57421771118026e-06,2.83775421965865e-06,3.12696764512991e-06,3.44368534601868e-06,3.79487788193694e-06,4.18155998659803e-06,4.60567256097398e-06,5.0709385766045e-06,5.58520220800977e-06,6.15204987123144e-06,6.7742623749565e-06,7.45759418342352e-06,8.21098541308003e-06,9.04108298866635e-06,9.95236919164805e-06,1.09509063833112e-05,1.20487264095027e-05,1.3261400083527e-05,1.45962626783573e-05,1.60591696755277e-05,1.76634320088505e-05,1.94308055675974e-05,2.13743936608661e-05,2.35109246375444e-05,2.58548436097496e-05,2.84299733429234e-05,3.12547049331891e-05,3.43634487538826e-05,3.77764272549685e-05,4.15261153126032e-05,4.56355414633109e-05,5.01546516287464e-05,5.51063720971426e-05,6.05468455313637e-05,6.65116470050963e-05,7.30700957052829e-05,8.02472995500365e-05,8.81303756026611e-05,9.67585980712793e-05,0.00010623984309358,0.000116622401172301,0.00012804034240441,0.000140529983983102,0.000154221882706906,0.000169201274462698,0.00018564000772989,0.000203646036440183,0.000223377309412847,0.000244950056480824,0.000268597217978163,0.000294498494848177,0.000322853075306819,0.000353814366179622,0.000387660538349427,0.000424707011336352,0.000465291565736024,0.000509657995642761,0.000558083366838111,0.000610954842925519,0.000668716867841172,0.00073184664820598,0.000800722074970104,0.000875873901091021,0.000957841745114275,0.00104733880214624,0.00114482754775063,0.00125107954356019,0.00136666935421735,0.00149263496994753,0.001629666245305,0.00177898247022003,0.0019410952801238,0.00211738728158029,0.00230859651386371,0.0025164319313009,0.00274151536437456,0.00298597751944606,0.00325035226097087,0.00353703191930906,0.00384671544783574,0.0041821432341121,0.00454353281139324,0.0049347141021075,0.00535603311583376,0.00581112683940614,0.00629974171076224,0.00682604177311166,0.0073908710926581,0.00799805976135759,0.00864827701405882,0.0093447327655267,0.0100882449467393,0.0108827033221482,0.0117297574237252,0.0126319794183338,0.0135891107049966,0.0146037539576028,0.0156773777146592,0.0168116227012209,0.0180065504052893,0.0192619499854909,0.020577390331281,0.0219510357225018,0.0233819188227428,0.0248659580514348,0.0264011607091338,0.0279799978467198,0.0295994849901375,0.0312479432572198,0.0329196277965374,0.0345989595462562,0.036280626105836,0.0379425690942819,0.0395754978206252,0.0411538922767304,0.0426705591176381,0.0440900550704345,0.0453991093535797,0.0465621469583507,0.0475730746107216,0.0483851874067036,0.0489906692829253,0.0493477667867404,0.0494591032031638,0.0492789481238585,0.0488142117101231,0.0480253713996129,0.0469422704425428,0.0455302207889042,0.0438198289258758,0.0418117966335018,0.0395446643113927,0.0370381561258259,0.0343386576455099,0.0314886805175493,0.0285422010059111,0.0255525711706541,0.0225760740875977,0.0196716702368834,0.0168866359515185,0.014275093234577,0.0118647523681347,0.00969330224071883,0.00776990778116449,0.00611388806397573,0.0047083391269156,0.00355178636937346,0.00261640904771064,0.00188669211785635,0.00132458277643118,0.000908075602626366,0.00060472720298109,0.000392469267864797,0.000246729185402313,0.000150741062964632,8.94603871452569e-05,5.11740223644599e-05,2.85745107127589e-05,1.53157139817505e-05,8.3398810364471e-06,4.13557134874199e-06,2.03627069612679e-06,9.14675004291057e-07,5.11771158759237e-07,1.67065865059474e-07,8.37608440780261e-08,2.09160651217392e-08,1.77717839462459e-08,-2.19978100615775e-09,0
2.46885408912699e-09,0,2.71968036950449e-07,2.24653612087988e-08,3.15645091115634e-07,4.25512654616367e-08,3.53681489229469e-07,1.06133482226749e-07,3.651511386101e-07,1.89898388963011e-07,3.97852023000958e-07,2.6897345410058e-07,4.48879914720184e-07,3.6593343985777e-07,5.08331851220502e-07,4.80543959855817e-07,5.89657044711017e-07,6.08487338137952e-07,6.99814691333869e-07,7.5444065513799e-07,8.41686251614522e-07,9.24269918076293e-07,1.02048245415742e-06,1.12569325899416e-06,1.24091270494676e-06,1.36850012087048e-06,1.50903509015059e-06,1.66321013613853e-06,1.83424956023106e-06,2.02143765504239e-06,2.22774560569769e-06,2.45530475821719e-06,2.70629573092336e-06,2.98246727403194e-06,3.28503975971114e-06,3.61960153275823e-06,3.98800807993897e-06,4.39323054324444e-06,4.83784778976938e-06,5.32813402117689e-06,5.86828522333576e-06,6.46219761690587e-06,7.11482465481424e-06,7.83334219813267e-06,8.62380015744823e-06,9.49254422505471e-06,1.04479269544347e-05,1.14990313344085e-05,1.26552222004074e-05,1.39253914021065e-05,1.53218627788726e-05,1.6856242661288e-05,1.85434897863026e-05,2.03962573245883e-05,2.24341417606892e-05,2.46720674896823e-05,2.71323702370926e-05,2.98312465533375e-05,3.27987098542857e-05,3.60546291651498e-05,3.96351003968189e-05,4.35617239265449e-05,4.78754950037992e-05,5.25994983725871e-05,5.77950159453429e-05,6.34934672407939e-05,6.97530436148664e-05,7.66013619197809e-05,8.41312209099558e-05,9.23800661377209e-05,0.000101440848008602,0.000111351040679912,0.000122240801870321,0.000134155829254363,0.000147236701805747,0.000161566250369482,0.000177275304406549,0.000194450842131729,0.000213286588342418,0.00023391606140841,0.000256513510023504,0.000281218394932111,0.000308271132248651,0.000337878530012057,0.000370277388570895,0.000405680071944161,0.000444394335234746,0.000486740494417765,0.000533030845318821,0.000583586573390192,0.00063879218201525,0.000699119625857914,0.000764951635233867,0.000836780598706176,0.000915098649517527,0.00100060425251718,0.00109377484721249,0.00119536354004575,0.00130591253980733,0.0014263779849246,0.00155737295293641,0.00170007299157172,0.00185504262423156,0.00202362178761138,0.0022064697916778,0.00240527916961427,0.00262063562417704,0.00285437417610325,0.00310709075910679,0.00338132247967683,0.0036775899425365,0.00399845220023721,0.00434431003155986,0.00471864514084147,0.0051216106497139,0.0055569658897961,0.00602462632578328,0.00652844567141192,0.00706910549364924,0.00765018442683671,0.00827241279779036,0.00893916274489265,0.00965134045140967,0.0104122116336562,0.0112228066839402,0.0120860799434022,0.0130028073441638,0.0139753723271972,0.0150041105576449,0.016090113507107,0.0172340273945456,0.0184364531019329,0.0196970440573911,0.0210135049428871,0.022384435416678,0.0238060448111461,0.0252772402652902,0.026790706719782,0.0283422336415925,0.0299212440632996,0.0315241547805433,0.0331348349944317,0.03474608470848,0.0363382342855576,0.0379042622672047,0.0394179914682236,0.0408707386309368,0.0422306708217028,0.043486995307015,0.0446029144204662,0.0455709323331781,0.0463489691698792,0.0469302735443423,0.0472727080631661,0.0473787808180422,0.0472061429588851,0.0467614461848695,0.0460048626984619,0.0449653526456224,0.0436126359274571,0.0419745819161048,0.0400487082075203,0.0378747511655285,0.0354740559049571,0.0328877409517537,0.0301552088469871,0.0273317920190882,0.0244688673504916,0.0216172780224537,0.0188343297681705,0.016166961367788,0.0136658864752409,0.0113572736081361,0.009278322478923,0.00743716676990483,0.00585095504743632,0.00450492926516602,0.00339881305241447,0.0025039223103644,0.00180495436435275,0.00126690350517353,0.000868582980291819,0.000578468302333809,0.000375574137060131,0.000236201115794652,0.000144097855391393,8.52575441780469e-05,4.88653129271105e-05,2.75244163534208e-05,1.47238632728208e-05,7.86824002356218e-06,3.91044032909569e-06,1.99682958955421e-06,8.88114572791288e-07,4.63758019923062e-07,1.58656405085632e-07,9.12557829821662e-08,1.70175467858691e-08,1.34218054192683e-08,-5.22894365437663e-10,0
2.41237696203877e-09,0,2.60052912672718e-07,2.1256242602788e-08,3.01398787703061e-07,4.1826921419739e-08,3.37283618896599e-07,1.00963164285076e-07,3.50332043270956e-07,1.81068958548175e-07,3.79605420077216e-07,2.57951484299694e-07,4.29718295755285e-07,3.48284534236135e-07,4.87641733025184e-07,4.58493090657236e-07,5.63957594780927e-07,5.8191918628535e-07,6.6906748748167e-07,7.21038440391724e-07,8.04859092936001e-07,8.83594220468251e-07,9.75453632729142e-07,1.076214532487e-06,1.18598009925081e-06,1.30826872626163e-06,1.44231449397659e-06,1.58956870330243e-06,1.75319747467814e-06,1.93191800573622e-06,2.12909109716711e-06,2.3465665189489e-06,2.58633181980832e-06,2.85007437012253e-06,3.13928137852685e-06,3.45910991342342e-06,3.81093323046211e-06,4.19790583169946e-06,4.62275432691601e-06,5.09149597367901e-06,5.60777103192368e-06,6.17516366030138e-06,6.79860564526681e-06,7.48483672599711e-06,8.23985851376337e-06,9.07028826868013e-06,9.9832896908168e-06,1.09867264347771e-05,1.20909989848204e-05,1.33057819209785e-05,1.46411574783374e-05,1.61064346307732e-05,1.77170735697728e-05,1.94871283868775e-05,2.14346885877451e-05,2.35725533272256e-05,2.59227612653551e-05,2.85019242200821e-05,3.13379482266293e-05,3.44487173298581e-05,3.78687227588801e-05,4.16184135635584e-05,4.57378337998547e-05,5.02525905729385e-05,5.52206993609982e-05,6.06657293317992e-05,6.66423448130833e-05,7.31833702113123e-05,8.03784209240714e-05,8.82580708831857e-05,9.69142305010995e-05,0.00010638809630527,0.000116796286887644,0.000128181178611478,0.000140684914672904,0.000154375204500401,0.000169372239220798,0.000185785164292034,0.000203803347597054,0.000223524555610718,0.000245109802709591,0.000268718410072791,0.000294586681942802,0.000322883610637824,0.00035382441931585,0.000387651828214474,0.000424687150008745,0.000465196960257403,0.000509436388591811,0.000557735817846716,0.000610503450008388,0.000668173946374627,0.000731086621236559,0.0007997462435102,0.000874659177050217,0.000956453558368149,0.00104552836313879,0.00114261614076218,0.00124828749574915,0.00136347915807613,0.00148876763047597,0.00162525007065318,0.00177344779891965,0.00193466218830006,0.00210954395157723,0.00229968836592459,0.0025056490733573,0.00272925068689413,0.00297109189888865,0.00323345564589323,0.00351675626525245,0.00382365561047678,0.00415470257527787,0.00451298933126404,0.00489845420525105,0.00531497675801197,0.00576269810574291,0.00624495612868238,0.00676218195030583,0.00731822201941062,0.00791408058210566,0.0085525511674798,0.00923398055553803,0.00996186904318862,0.0107380829433473,0.0115654438378168,0.012443520024735,0.0133739294584895,0.0143582294179917,0.0153987619911261,0.016495139081859,0.0176465577352868,0.0188534508543604,0.0201146053007229,0.02142802753355,0.0227895879707238,0.0241988102239524,0.0256489089160622,0.0271355303674686,0.0286484466011808,0.0301842574934798,0.0317275949890474,0.0332717058278873,0.0347975363615903,0.0362979741929856,0.0377482991947312,0.039141078942222,0.040445257809405,0.0416489153543311,0.0427173147150306,0.0436453443767699,0.0443922164134333,0.0449491390674661,0.0452761363451501,0.0453779792182716,0.0452131632107095,0.0447860630443103,0.0440603436027079,0.0430651044695589,0.0417686236433962,0.0401975247356169,0.0383524365655996,0.0362701036432112,0.0339685149936743,0.0314899293779488,0.0288734617047295,0.0261686599206243,0.0234249304919701,0.0206939954585731,0.0180294745318105,0.0154743737664337,0.0130791440638784,0.0108695464133416,0.0088791900252708,0.00711603042241043,0.0055980098984896,0.00431018031695199,0.00325142478896871,0.00239495648202335,0.00172636737161959,0.00121170985422535,0.000830611231633221,0.00055305717069453,0.000359037600843386,0.000225811619690171,0.000137752745431646,8.14695113615322e-05,4.66788037759476e-05,2.63079171181369e-05,1.40724716772449e-05,7.50798948410757e-06,3.73251770632689e-06,1.9099058098893e-06,8.48146319522207e-07,4.41875050188766e-07,1.51015831082521e-07,8.77130868537941e-08,1.63591365428738e-08,1.23713886409711e-08,-4.42384719130333e-10,0
2.35719179703862e-09,0,2.48580999312746e-07,2.06467385929363e-08,2.87234162421473e-07,3.97474158210913e-08,3.23063755144719e-07,9.60749362430716e-08,3.33759950816364e-07,1.73788099662308e-07,3.62918141211079e-07,2.45143412258072e-07,4.1092915572427e-07,3.32793070140215e-07,4.64913586095201e-07,4.38354619501366e-07,5.38551862200696e-07,5.55143428379604e-07,6.39143554371685e-07,6.88337226440293e-07,7.68304210134172e-07,8.43710046981897e-07,9.31197962257524e-07,1.0276719585469e-06,1.13227007277441e-06,1.24902751833651e-06,1.37722410927286e-06,1.51772443947472e-06,1.6736737140996e-06,1.84460791411289e-06,2.03334427764452e-06,2.24055463532642e-06,2.46915894785417e-06,2.72156242467234e-06,2.99820173672392e-06,3.3030948569464e-06,3.63868050502294e-06,4.0090491787982e-06,4.41556382229424e-06,4.86278158086076e-06,5.35517131542173e-06,5.89747090891573e-06,6.49348400067013e-06,7.14887773356881e-06,7.8700336654909e-06,8.66357147567362e-06,9.53642438288401e-06,1.04957197799093e-05,1.15501886636974e-05,1.27093887929507e-05,1.39849145473824e-05,1.53861919787328e-05,1.6926381902161e-05,1.86176344050192e-05,2.0477954783819e-05,2.25207748620189e-05,2.47668521184308e-05,2.72314091350644e-05,2.99415363246253e-05,3.29146669338119e-05,3.61833275005794e-05,3.9768068324636e-05,4.37083387552561e-05,4.80242924163858e-05,5.27674811936942e-05,5.79683628392488e-05,6.3686773669021e-05,6.99446027546331e-05,7.68189570423167e-05,8.43489539162388e-05,9.26260937787691e-05,0.000101679798577602,0.000111627153963493,0.000122512915413508,0.00013445961199009,0.000147542776076949,0.000161893550687153,0.000177588934040969,0.000194794395264794,0.000213635385968652,0.000234279475691606,0.000256853328299689,0.000281571386566856,0.000308622086082779,0.00033822798479204,0.000370585186731467,0.000405967579514937,0.00044466417559273,0.000486969617452058,0.000533182220527648,0.000583638243392755,0.000638767720035278,0.00069895182840515,0.000764645968993203,0.000836261955041629,0.000914429527007218,0.000999613209178811,0.00109250748593537,0.00119361162062004,0.00130380860978368,0.00142362016458267,0.00155410825815439,0.00169586520121405,0.0018501373392013,0.0020174607459579,0.00219936280430188,0.00239641317902335,0.00261033301094149,0.00284166661386098,0.00309268133106939,0.00336388406274591,0.00365770517425811,0.00397447444110587,0.00431727137632459,0.00468624445165021,0.00508496889488878,0.00551345941861815,0.00597515764139076,0.00647054107899954,0.00700288448947372,0.00757301220024495,0.0081841570828048,0.00883708873104066,0.00953464226034033,0.0102777774128848,0.0110693445904825,0.0119099943982676,0.0128018306277403,0.0137454250842418,0.0147419042717005,0.0157914681658567,0.0168944947489486,0.0180510253805968,0.0192592140011845,0.020517741967248,0.0218229259622782,0.0231733832457022,0.0245624975388504,0.025986984257141,0.0274370580524172,0.0289090707152954,0.0303884226887294,0.0318684097300565,0.0333306402745146,0.0347690651278291,0.0361597553491623,0.0374942603918705,0.038743525717613,0.0398979797095762,0.0409232876331718,0.0418122203739694,0.0425266374591622,0.0430610761634011,0.0433762370609461,0.0434729240145918,0.0433129925396853,0.0429047414288342,0.0422101986405535,0.0412542466401596,0.0400109308595692,0.0385065151845967,0.0367368898075501,0.0347393785671566,0.0325353072804295,0.0301611748279418,0.0276521268072297,0.0250599759227056,0.0224323263150341,0.0198154954756004,0.0172622509081074,0.0148155731176178,0.0125216301936125,0.0104046456033687,0.00849896783446749,0.00681133357378893,0.00535745900698998,0.0041243096141964,0.00311125714036505,0.00229160580538197,0.00165155775842095,0.00115902384229952,0.000794460149615774,0.000528990568993544,0.000343373152381741,0.000215894610883276,0.000131682675385568,7.78973698213345e-05,4.46340781948597e-05,2.51339360317685e-05,1.34415885278157e-05,7.18243453335276e-06,3.56682708086928e-06,1.82186229721381e-06,8.11568143363578e-07,4.22129727113954e-07,1.44025066057802e-07,8.42166913688875e-08,1.5140523060649e-08,1.1904051528229e-08,-1.78892504086698e-10,0
2.30326903940018e-09,0,2.37755675814982e-07,2.05026887071419e-08,2.75775484978457e-07,3.56627509455352e-08,3.11016218323288e-07,9.25723162772872e-08,3.17698841033989e-07,1.67077944838752e-07,3.47709729118407e-07,2.33922624624544e-07,3.93049615393527e-07,3.18997781095066e-07,4.43926859373669e-07,4.19464191573556e-07,5.15103974972801e-07,5.30415140697234e-07,6.11169279897863e-07,6.57936335161191e-07,7.34550010652117e-07,8.06396353280432e-07,8.89771493205816e-07,9.82048933686273e-07,1.08205449309812e-06,1.19340421668727e-06,1.31566330605899e-06,1.45027473896127e-06,1.59933572043398e-06,1.76196261430824e-06,1.94205190739645e-06,2.14049051490104e-06,2.35900406223825e-06,2.59936175562021e-06,2.86334176848591e-06,3.1552549691098e-06,3.47582047444305e-06,3.82853578181505e-06,4.21640320277133e-06,4.64434487164903e-06,5.11491208952727e-06,5.63204337380672e-06,6.20078470610205e-06,6.82730774210483e-06,7.51662011203252e-06,8.27356554978378e-06,9.10512033735888e-06,1.00209575614806e-05,1.10302362154452e-05,1.21383408797597e-05,1.33544331486284e-05,1.46907888463595e-05,1.61621743521117e-05,1.7778250091052e-05,1.9554295699199e-05,2.15036416773168e-05,2.36473233023362e-05,2.60002059921673e-05,2.85876411708323e-05,3.14261067808522e-05,3.45468350065207e-05,3.79688559340635e-05,4.17296923059782e-05,4.58504413190904e-05,5.03811743413026e-05,5.53472948889521e-05,6.08033260663559e-05,6.67750655028112e-05,7.33387940306875e-05,8.05285591953194e-05,8.84342962177818e-05,9.70851111643361e-05,0.000106584403388334,0.000116974517249893,0.000128377627313824,0.00014086604471363,0.000154572364862159,0.000169574159215614,0.000186011113494574,0.000203993597491346,0.000223705866827891,0.000245281716240193,0.000268894975228497,0.000294703066527975,0.000322955442915916,0.000353886760990545,0.000387730179723966,0.000424690572036116,0.000465052837028191,0.000509176109472409,0.000557407733444259,0.00061010079387236,0.000667582305368938,0.00073033929136889,0.000798803231669931,0.000873517833263044,0.000954882608155092,0.00104360905737002,0.00114021834218984,0.00124555416555318,0.0013601236492215,0.00148490471275533,0.00162038401775587,0.00176778480626482,0.00192771216595879,0.00210162295057079,0.00229005415561214,0.00249465003808976,0.00271586639764093,0.00295588822287785,0.00321521597220843,0.00349609909501516,0.0037989810633902,0.0041269745038673,0.00448003694840041,0.00486136099860214,0.00527103392484883,0.00571258920621259,0.00618661543920134,0.00669610954845886,0.0072416309153028,0.00782620482615975,0.00845079902722515,0.00911849097604779,0.00983000426834099,0.0105875121721082,0.0113917846041814,0.012245323492989,0.013148652297625,0.0141027347018307,0.0151077851666177,0.0161639468982022,0.0172710524370808,0.0184275758329777,0.0196326835680457,0.0208827942488046,0.0221761706047795,0.0235066384005863,0.024871327865686,0.02626024926418,0.0276695830780288,0.0290864052857767,0.0305049262233193,0.0319062104810829,0.0332835751487913,0.0346157257020634,0.0358953458881347,0.0370924474346066,0.0381974525249545,0.0391797609950871,0.0400325165844756,0.0407173505914661,0.0412288404303781,0.0415303965856846,0.0416235205353199,0.0414705832524106,0.0410789216753116,0.0404141684438561,0.0394991811288139,0.0383061911658087,0.036863927578513,0.0351714745966003,0.0332593860062216,0.0311455672800536,0.0288705159997299,0.0264694240775458,0.0239872839971928,0.0214696435632025,0.0189641521354338,0.0165206986457224,0.0141781081490256,0.0119813326691107,0.00995511808432057,0.00813130706079414,0.00651579996197042,0.00512497255160128,0.00394566914984282,0.00297588085348883,0.00219097130876916,0.00157901829165808,0.00110862816047436,0.000759854343484695,0.000505527267926789,0.000328147243387761,0.000206441509976447,0.000125802397661969,7.44037265917096e-05,4.27114566263732e-05,2.40038900669744e-05,1.28146937546358e-05,6.9064115944971e-06,3.41102662613767e-06,1.69975529421058e-06,7.85868827170938e-07,4.25138296305509e-07,1.24502911612283e-07,7.51277525889884e-08,2.30036179040629e-08,1.03404243441132e-08,-2.80517743643968e-09,0
2.25057981048647e-09,0,2.25747987629725e-07,1.8523856931719e-08,2.63441388207927e-07,3.55459823765281e-08,2.92342634025773e-07,8.90813107506174e-08,3.04637576954867e-07,1.5648984016429e-07,3.30504462957178e-07,2.25293265305225e-07,3.71634618786652e-07,3.03917151835079e-07,4.23738793851406e-07,3.98007381208773e-07,4.90361453856723e-07,5.06321373893767e-07,5.80455242022877e-07,6.27755984298165e-07,6.98841266754756e-07,7.67665533648464e-07,8.48256248245272e-07,9.3466828915036e-07,1.03112353737886e-06,1.13658251995115e-06,1.25391321534703e-06,1.38178689248748e-06,1.52349241770149e-06,1.67867740054508e-06,1.8512751557115e-06,2.03991568259522e-06,2.24841750510855e-06,2.47719276158542e-06,2.72977951890777e-06,3.00764624841612e-06,3.31287066866477e-06,3.64948858346529e-06,4.01987019540399e-06,4.4284183613749e-06,4.87673825698574e-06,5.37022989607911e-06,5.91284287448469e-06,6.51033153612728e-06,7.16704100398211e-06,7.88921062414393e-06,8.68447550877147e-06,9.55990082961254e-06,1.05215851979302e-05,1.15764400573367e-05,1.27369667010876e-05,1.40138234066126e-05,1.54186321895648e-05,1.69611107505013e-05,1.8656925965962e-05,2.05172182081154e-05,2.25617349075048e-05,2.4808089499614e-05,2.72810331405865e-05,2.99921183297169e-05,3.29699688422202e-05,3.62368443198526e-05,3.98292616633391e-05,4.37637317428781e-05,4.80870203165085e-05,5.28267463885021e-05,5.80374681719095e-05,6.37438662360506e-05,7.00173590198942e-05,7.68860753545988e-05,8.44315715195706e-05,9.26861973670089e-05,0.000101755312743098,0.000111679523221875,0.000122577031647184,0.000134516547476867,0.000147611562745662,0.000161930563913216,0.000177626757469229,0.000194816925072419,0.000213652580097235,0.000234245311584554,0.000256793414521647,0.000281482664782695,0.000308524544377372,0.000338077249406887,0.000370361932669982,0.000405654846251836,0.000444262709723261,0.000486469244068464,0.000532564677004561,0.000582918147895513,0.000637873876933486,0.000697871153963622,0.000763289593128432,0.000834677859408859,0.000912466109129749,0.00099733114321939,0.0010897438732861,0.00119048507722094,0.00129999477323856,0.00141922535786437,0.00154875674533464,0.00168979136343044,0.00184281742637175,0.00200917122582249,0.00218932573845826,0.00238489041729172,0.00259649472726312,0.00282619718643217,0.00307423598474809,0.00334289978177683,0.00363284085925972,0.00394673376115904,0.00428426593176709,0.00464892627526871,0.0050412010308872,0.00546406395823146,0.00591759823975775,0.00640489699450642,0.00692692673597324,0.00748666839622989,0.00808479917197211,0.00872388811217233,0.00940467489690247,0.0101297206507525,0.0108999087727061,0.0117174238534378,0.0125825499529859,0.0134960062229946,0.0144581040744085,0.0154693791830142,0.0165297863298027,0.0176376268698042,0.0187918498794784,0.0199891468819262,0.0212282432489692,0.0225028929339657,0.023809714223272,0.0251399004564991,0.0264907763145603,0.027848879525293,0.0292073473572627,0.0305492518549521,0.0318696214675542,0.0331464997421278,0.0343716266540588,0.0355185522049123,0.0365788182938183,0.0375201663077457,0.0383361222513031,0.0389925275668368,0.0394832812201492,0.0397717967965893,0.0398606830412692,0.0397146924425144,0.0393397896301594,0.0387015451311241,0.0378236485301102,0.0366824850105828,0.035302048128498,0.0336778191744059,0.0318446220851753,0.0298223705807193,0.0276436495591352,0.0253411496066161,0.0229634903567888,0.0205541916455559,0.0181546391697087,0.0158129707178786,0.0135698779584163,0.0114680944293229,0.00952807910839995,0.00778124740369479,0.00623535858691287,0.00490428985572383,0.00377485313762116,0.00284692319162688,0.0020965218714542,0.00151092414727548,0.00106039351086311,0.000726643304402849,0.000483537344576646,0.000313902785316523,0.000197512211707683,0.00012039767758316,7.10956085572099e-05,4.07749247307853e-05,2.30288415567088e-05,1.2275881369104e-05,6.52256261964271e-06,3.2650330324266e-06,1.68120115204263e-06,7.34881457551115e-07,3.78534874935809e-07,1.35132259426526e-07,7.92359619520384e-08,1.18475206985905e-08,1.00729829405432e-08,5.22104823912713e-10,0
2.19909589228376e-09,0,2.15802346556752e-07,1.86249132291133e-08,2.50779102067839e-07,3.27891274362872e-08,2.81509707115073e-07,8.43392541330396e-08,2.89805784101193e-07,1.51038754247673e-07,3.15233886875128e-07,2.14596557641133e-07,3.55623260635376e-07,2.90341152444846e-07,4.04078858016379e-07,3.81184478796548e-07,4.67606153857938e-07,4.84063807018461e-07,5.54262651030448e-07,5.99413007267747e-07,6.67695924972248e-07,7.33113919250344e-07,8.10433266793739e-07,8.92644677275878e-07,9.85122429468073e-07,1.08552796106185e-06,1.19791438988853e-06,1.3194614702448e-06,1.45533684932065e-06,1.60354883478623e-06,1.76839358610271e-06,1.94850011773339e-06,2.14749114001916e-06,2.36653328011101e-06,2.60734856320632e-06,2.87299031462861e-06,3.16454713687619e-06,3.48646953463877e-06,3.84001826178585e-06,4.2300261822535e-06,4.65827529744166e-06,5.12978712366761e-06,5.64814743542313e-06,6.2186915676312e-06,6.84616290970126e-06,7.53633480024583e-06,8.29631199540483e-06,9.13197464858313e-06,1.00499646044693e-05,1.10578593524868e-05,1.21671599897244e-05,1.33870265390265e-05,1.47286800395559e-05,1.62014553888007e-05,1.7820699544818e-05,1.95985584270615e-05,2.15531911974751e-05,2.36987403722415e-05,2.60597568964687e-05,2.86504251139214e-05,3.14962837529025e-05,3.46155006088573e-05,3.80457802303692e-05,4.18063306566814e-05,4.59389974893336e-05,5.04669628645906e-05,5.54446582147476e-05,6.08977378447961e-05,6.68921102154246e-05,7.34535082170928e-05,8.06609770625465e-05,8.85465874402448e-05,9.72144169362391e-05,0.000106702844048075,0.000117117923861166,0.00012852376439401,0.000141034436002737,0.000154717634555555,0.000169715929638481,0.000186139499905005,0.000204138739576532,0.000223824734253269,0.000245381732236894,0.000268975709780889,0.000294806383239192,0.000323040637791807,0.000353903262912062,0.000387648186140339,0.000424552963904147,0.000464889620388401,0.000508942009574374,0.000557063799163748,0.00060958587567362,0.000666931196390545,0.000729460814644704,0.00079770156155065,0.000872073357243357,0.000953213793181959,0.00104154915723911,0.00113782596867357,0.00124249148996719,0.00135647819912863,0.0014803329351363,0.0016151775429973,0.0017614792368937,0.00192052987937452,0.00209278520823264,0.00227980740900152,0.00248216452060112,0.00270176582328313,0.00293896348458984,0.00319601248185958,0.00347330528541273,0.00377337329956162,0.00409623111898189,0.0044451932011622,0.00482042835014758,0.00522485878828932,0.00565881702373117,0.00612518428682928,0.00662465812297702,0.00716011223779072,0.00773240198820114,0.00834402915058657,0.00899557357491482,0.00968951135008624,0.0104267767381171,0.0112093143050587,0.0120372781412012,0.0129115536938718,0.0138325965230612,0.0148007954026016,0.0158160225495114,0.016876794018924,0.0179821539590544,0.0191286908291376,0.0203149175575987,0.0215351074730553,0.0227867013222251,0.0240611952569168,0.0253550925086785,0.0266553352653122,0.02795618251717,0.0292417277329289,0.0305066223638264,0.0317294418731193,0.0329027880340793,0.0340016492861442,0.0350172140145843,0.0359185077636002,0.03670011893794,0.037328985000426,0.0377988483763314,0.0380752099145335,0.0381604612234009,0.0380203162788193,0.0376608091415697,0.0370494186409413,0.0362087707642171,0.0351154539195942,0.03379269784601,0.032237498281003,0.0304822183672685,0.0285446045565645,0.0264575861137897,0.024253537125706,0.0219773806990088,0.0196700087165359,0.0173723716035794,0.0151311318013656,0.0129840239291848,0.0109717269128733,0.00911498512225244,0.00744373912879246,0.0059643404957737,0.00469036227120763,0.00360985370464227,0.00272245040866608,0.00200473164060739,0.00144443187251463,0.00101341126460161,0.000694461051949888,0.000462226927271386,0.000299945915710039,0.000188568180512911,0.000114971937611902,6.79574664303029e-05,3.89251702451045e-05,2.19308640435422e-05,1.17210184080542e-05,6.25048538498292e-06,3.10507078790302e-06,1.59181641844618e-06,7.06334086607228e-07,3.64251576433508e-07,1.26504536242621e-07,7.46305208716021e-08,1.1855237863675e-08,1.01299775194441e-08,1.93578624126325e-10,0
2.1487897122893e-09,0,2.06005411891957e-07,1.65800328687071e-08,2.40977446252884e-07,3.25351962499141e-08,2.6691473872476e-07,8.12399155014628e-08,2.77898352203761e-07,1.43128182188391e-07,3.02196978913543e-07,2.05177451789917e-07,3.39303326616828e-07,2.77886292338216e-07,3.86780942515007e-07,3.63248711008969e-07,4.48129132358064e-07,4.62272241113025e-07,5.2993065557112e-07,5.73474315201482e-07,6.381431205342e-07,7.01163264056201e-07,7.74958766765234e-07,8.53294653397269e-07,9.42314675924289e-07,1.03800076132377e-06,1.14586284832313e-06,1.26217858561145e-06,1.39202103182935e-06,1.53392301898038e-06,1.69142647082342e-06,1.86402502583192e-06,2.05453237594258e-06,2.26416744572565e-06,2.49468142919447e-06,2.74899974046953e-06,3.0280679171504e-06,3.33630869857634e-06,3.67462500295477e-06,4.04801377478514e-06,4.45782142024472e-06,4.90937694398321e-06,5.40564995090498e-06,5.95182407761369e-06,6.55209725873868e-06,7.21232541196873e-06,7.93941226320617e-06,8.73944114323693e-06,9.61822118550865e-06,1.05826299601724e-05,1.16437569694174e-05,1.28106591332564e-05,1.40943418677653e-05,1.55039390470263e-05,1.70526159581916e-05,1.87515563453417e-05,2.06205247214882e-05,2.26738701757681e-05,2.49320319744615e-05,2.74081995577228e-05,3.01302225410882e-05,3.31154396141193e-05,3.63954139217083e-05,3.99880234637179e-05,4.39381114283879e-05,4.82689380252851e-05,5.30280429144522e-05,5.82399767214525e-05,6.3971876846478e-05,7.02471750592704e-05,7.71389428776066e-05,8.46776119850745e-05,9.29603605668022e-05,0.000102026108578794,0.000111983438542104,0.000122891357992366,0.000134851100593044,0.000147930374890891,0.000162271352861578,0.00017797291732249,0.000195172580407106,0.000213984202649292,0.000234593527151488,0.000257156564591545,0.000281854019163819,0.000308840929054801,0.000338337190480833,0.000370591161340983,0.000405868825410479,0.000444432272687303,0.000486557616393625,0.000532576441290936,0.000582788514332441,0.000637599477967809,0.00069737615700164,0.000762625302733823,0.000833732560321373,0.000911312238838434,0.000995781510064335,0.00108784020909674,0.00118791938174239,0.00129692854999314,0.00141537701015425,0.00154432632121966,0.00168422458220775,0.00183630528033831,0.00200103286983431,0.00217990695184,0.00237345156706933,0.00258350552160084,0.0028103698026868,0.00305618148467268,0.00332142079092311,0.00360852108115952,0.00391737497592492,0.00425116415303691,0.00461012411640144,0.00499698457674404,0.00541206120959308,0.00585825335333521,0.00633624736363339,0.00684868173502583,0.00739627499003036,0.00798142774531502,0.00860487970060948,0.00926899025747135,0.00997443447479087,0.0107232462490573,0.0115158582188035,0.0123529187223029,0.0132345314219617,0.0141610567903616,0.0151326166133614,0.0161480673509769,0.0172064539289059,0.0183041087540457,0.0194396266980565,0.0206080438273024,0.0218067210583336,0.0230268273736182,0.0242652788958695,0.0255104495365514,0.0267567641904137,0.0279879476506719,0.0291987486300718,0.0303698208388782,0.0314940116065989,0.0325461190896262,0.0335184278059479,0.0343823290801432,0.0351311569363574,0.0357325951429728,0.0361825678777509,0.0364482227738541,0.0365297840821214,0.0363944068027452,0.0360502281313806,0.0354658757881099,0.0346602288417093,0.0336117031993438,0.0323455791635683,0.030857540082744,0.0291759399400115,0.0273193368513131,0.0253215527312479,0.0232122364671326,0.0210323449258009,0.0188226091153849,0.0166239840378997,0.0144791850720163,0.0124229769367152,0.010496481517681,0.00872048393850913,0.00712166699260235,0.00570541036346489,0.00448604534051908,0.00345262864233614,0.0026041084726813,0.0019174850459536,0.00138113898691059,0.000968788822349716,0.000664165968471922,0.000442246709943449,0.000286683744572709,0.000180078477422833,0.000110045652791795,6.50865551529932e-05,3.70509027304288e-05,2.0881098734552e-05,1.13318364075666e-05,6.0421684206816e-06,2.8993066623485e-06,1.47488994511024e-06,7.11973649106649e-07,3.80194159461266e-07,9.99673050837516e-08,5.46140412129566e-08,2.54085964049877e-08,1.68512595922593e-08,-5.28933335079067e-09,0
2.09963432874465e-09,0,1.97173288915548e-07,1.76175193764377e-08,2.27043935098747e-07,3.05841030050727e-08,2.5706923825751e-07,7.6770005287693e-08,2.64003649385391e-07,1.37779140667822e-07,2.87936228384488e-07,1.9503553829845e-07,3.24599561629181e-07,2.64701181571614e-07,3.68785461202755e-07,3.4709660425636e-07,4.27214825427511e-07,4.40769506651522e-07,5.05832197742265e-07,5.46424798581992e-07,6.08750744307409e-07,6.6891262619565e-07,7.38767676147549e-07,8.1451754427196e-07,8.97987667362193e-07,9.90408984976971e-07,1.09221098087967e-06,1.20306744245216e-06,1.32709072247626e-06,1.46248103622629e-06,1.61301189289898e-06,1.77657268710237e-06,1.95842228358696e-06,2.15786222625891e-06,2.37761983466823e-06,2.61925149295249e-06,2.8854093192296e-06,3.17923667052565e-06,3.50177010483873e-06,3.85701746793839e-06,4.24714574679169e-06,4.67704286429473e-06,5.14933413168476e-06,5.66953536982119e-06,6.24194717427286e-06,6.87214844703677e-06,7.56572167389812e-06,8.32679827271798e-06,9.16173080047442e-06,1.0080386869991e-05,1.10937946457658e-05,1.22075952273896e-05,1.34306153142557e-05,1.47726984867758e-05,1.62489128055058e-05,1.7869744514025e-05,1.96520739371354e-05,2.16101480244041e-05,2.37648822499986e-05,2.61268244490831e-05,2.87212695279423e-05,3.15672914681694e-05,3.46961897700436e-05,3.81237802041741e-05,4.18936292839638e-05,4.60297801765631e-05,5.05759263523576e-05,5.55504345112639e-05,6.10150572961934e-05,6.69971440762338e-05,7.35726079404037e-05,8.0773088014023e-05,8.86886726902758e-05,9.73471442209696e-05,0.000106852059700718,0.000117269839346453,0.000128688168493991,0.000141161257742809,0.000154847295167282,0.00016985465395869,0.000186291978649451,0.000204256045439659,0.000223939859129516,0.000245498187774936,0.000269083682304704,0.000294836420060491,0.000323000093378618,0.000353834017432131,0.000387559716707247,0.000424398721460663,0.000464630839844777,0.00050859532719953,0.000556575096397653,0.000608940840458297,0.000666049060996389,0.000728414418728226,0.000796401141809475,0.000870557287047911,0.000951277716160509,0.00103923954011728,0.00113484920859575,0.00123904028130036,0.00135235106459691,0.00147568593996875,0.00160938886066315,0.00175471695579641,0.00191218234225786,0.0020832318646095,0.00226833465190745,0.00246919729968145,0.002686166867392,0.00292131508337868,0.00317495196842119,0.0034493684024229,0.00374469471242703,0.00406412007832638,0.00440766919838711,0.00477774118142547,0.00517470605245797,0.00560148237481776,0.0060588168502285,0.00654920566933431,0.00707314116835046,0.00763288789143966,0.00822938369103144,0.00886505956975237,0.00954048056645163,0.0102572711616188,0.0110156291158365,0.0118163679132581,0.0126599089969541,0.0135468340574147,0.014477369809815,0.0154499905926766,0.0164630875651766,0.0175133591029755,0.0186002962315785,0.0197191922745369,0.0208669119317442,0.0220349867819548,0.0232209786781735,0.0244135512912928,0.0256067828038116,0.0267855752681201,0.0279453295143976,0.0290667004147219,0.0301430434007888,0.0311512407417942,0.0320827271613333,0.0329091122246473,0.0336258799930644,0.0342029060709039,0.0346344132361103,0.0348878455400504,0.0349652142533796,0.034836969970978,0.0345081894081824,0.0339463112581723,0.0331742977523899,0.0321733990859181,0.0309611809022813,0.0295329965108517,0.0279227350470752,0.026147795350158,0.0242353493575933,0.0222143835994303,0.020127548885886,0.0180131537057441,0.0159081704769954,0.0138546696504193,0.0118875497007485,0.0100443608786582,0.00834396760316047,0.00681373353064513,0.00545900843513807,0.00429242315494535,0.00330345440441546,0.00249129708817847,0.00183429851214132,0.0013215215063196,0.000927138871660699,0.000635313043797857,0.000422826295114992,0.000274316198143088,0.000172443306690963,0.000105168920504174,6.21480649117838e-05,3.55667081809437e-05,2.00404681535583e-05,1.0724319570808e-05,5.71286537371356e-06,2.82617116675461e-06,1.45225286229948e-06,6.48887443442379e-07,3.31879402304788e-07,1.12888112595169e-07,6.80176520827965e-08,1.20067238832641e-08,8.93948457702257e-09,-3.13747104771214e-10,0
2.0516034162069e-09,0,1.87966775950265e-07,1.37874489937119e-08,2.1803810229735e-07,3.30456547606905e-08,2.41459621330352e-07,7.13508539586195e-08,2.56330557374044e-07,1.29851454499029e-07,2.72848823843129e-07,1.88463154789641e-07,3.0924250922549e-07,2.51506819791023e-07,3.53097985561439e-07,3.31471329513737e-07,4.07251721812919e-07,4.21306378672064e-07,4.82196866148147e-07,5.2185974640295e-07,5.81620333298708e-07,6.39491513574944e-07,7.05641539458994e-07,7.77166080152243e-07,8.57565318919007e-07,9.45871532333769e-07,1.04326461271491e-06,1.14957001197459e-06,1.26769907048969e-06,1.3968353974643e-06,1.54096065178902e-06,1.69694057670806e-06,1.87029530829814e-06,2.06132724966754e-06,2.27213144769429e-06,2.50249567193573e-06,2.75620222997376e-06,3.03702729560992e-06,3.34579753405387e-06,3.68528753286746e-06,4.05689671408621e-06,4.46737855984236e-06,4.92022093086967e-06,5.41849863341926e-06,5.9648384827071e-06,6.5653369955004e-06,7.22495991153963e-06,7.95141736989297e-06,8.7549069653417e-06,9.63694802852175e-06,1.05988654691213e-05,1.16556371461924e-05,1.28286212185247e-05,1.41181438150394e-05,1.55242362916276e-05,1.70658365549045e-05,1.87739722829088e-05,2.06525274439146e-05,2.27069315994463e-05,2.49547278345547e-05,2.74289889902614e-05,3.01466151828668e-05,3.31431414513538e-05,3.64332713900979e-05,4.00372957202022e-05,4.39692213246575e-05,4.82941724003512e-05,5.30489590050833e-05,5.82816090554444e-05,6.40039589549608e-05,7.02873478004743e-05,7.71581982265229e-05,8.47115601128989e-05,9.29959699406491e-05,0.000102081687375985,0.000111994089817471,0.000122880642298311,0.000134849495012422,0.000147965772277732,0.000162264518390016,0.000177928017754695,0.000195115090084928,0.000213945332438831,0.000234508183702405,0.000257018296641165,0.000281666761534084,0.00030860493718391,0.000338021469883042,0.000370225973916587,0.000405493299737937,0.000443955608245804,0.000485851561648693,0.000531643179723221,0.000581815797251032,0.000636480201708341,0.000695961877899998,0.000760845655793634,0.000831817562338764,0.000909007460913468,0.000992926126496972,0.00108427314400942,0.00118408230981386,0.00129246776174733,0.00141012168067425,0.00153778784710902,0.00167680838183708,0.00182740331230179,0.00199102163198133,0.00216814030498505,0.00235994002518723,0.00256690411622859,0.00279186319282902,0.00303493441242915,0.0032973401073162,0.00357938367200633,0.00388479812012801,0.00421332884536973,0.00456705706412436,0.00494680240229356,0.00535530945988671,0.00579268627374825,0.00626125858753549,0.00676213786885698,0.00729796414896376,0.00786917453041807,0.00847717331752027,0.00912258146423943,0.00980806217188872,0.010533990027042,0.0113002806419881,0.0121075509669808,0.0129568723383293,0.0138472880359614,0.0147768058578549,0.0157457744046966,0.0167521064753854,0.0177935045590569,0.0188636561452547,0.0199606827601009,0.0210787770204565,0.022215557387968,0.0233580191959705,0.0244992338714405,0.0256260627578716,0.0267362576833197,0.0278110865869093,0.028842401384922,0.029807263848123,0.0306974888242988,0.0314876225422861,0.0321756831965918,0.0327300891027252,0.0331412089547872,0.0333816656529809,0.0334577113270532,0.0333356693760764,0.0330177988573326,0.0324806882244196,0.0317456474498674,0.0307848033457375,0.0296192599146634,0.0282544959210329,0.0267169635637688,0.0250161843391258,0.0231833235478394,0.021249505099915,0.0192528086916921,0.017228913848957,0.015214248132574,0.0132499281403021,0.0113682547743279,0.00960398240697348,0.00797694678278072,0.00651406006323831,0.00521858767640909,0.00410249457757985,0.00315680783890225,0.0023806504011175,0.00175267876187373,0.00126243427218917,0.000885553508745647,0.000606807883310067,0.00040379520253751,0.000261930354439717,0.000164640709066566,0.00010037128093271,5.9317213053796e-05,3.39706269849388e-05,1.91227953161688e-05,1.02152359911121e-05,5.46007997405525e-06,2.70958624845827e-06,1.38059435651394e-06,6.17090407172657e-07,3.20593312449638e-07,1.07892906713839e-07,6.46960157678618e-08,1.13912771266821e-08,8.41538904341668e-09,1.07158900573664e-10,0
2.00467125144996e-09,0,1.78853247609168e-07,1.44845564667699e-08,2.15179454090152e-07,2.50852963130942e-08,2.29336547515569e-07,7.70353840980515e-08,2.44314742249893e-07,1.15789701387994e-07,2.71382635872242e-07,1.80116914232084e-07,2.89963336749288e-07,2.49490386133914e-07,3.33443023569598e-07,3.18299153989954e-07,3.93016982411735e-07,3.99229420594549e-07,4.66678211602582e-07,4.98368995795798e-07,5.56878358515943e-07,6.13753132791162e-07,6.73638987729802e-07,7.47256265537472e-07,8.1986739802835e-07,9.05142548752469e-07,9.99162650256567e-07,1.10023418801393e-06,1.21498803773837e-06,1.33599799035554e-06,1.47499568931852e-06,1.62498659343263e-06,1.79055824037214e-06,1.97280740979901e-06,2.1733923725577e-06,2.39597833277229e-06,2.63878352382842e-06,2.90655520982433e-06,3.20039913383231e-06,3.52523995883231e-06,3.88278576718095e-06,4.27623621312584e-06,4.70821566933942e-06,5.1833169335159e-06,5.70665012830605e-06,6.28232313911344e-06,6.91448112276098e-06,7.61003073795124e-06,8.37521417266813e-06,9.21473862346114e-06,1.01389291892359e-05,1.11557918535301e-05,1.22721142322985e-05,1.34969305713676e-05,1.48472233870792e-05,1.63323595543041e-05,1.79623594337672e-05,1.97457597921054e-05,2.17051835473501e-05,2.38590866995164e-05,2.62328004172145e-05,2.88370157293518e-05,3.16981908608739e-05,3.48334719191758e-05,3.82743914676271e-05,4.20396310428806e-05,4.61847833087336e-05,5.07265049335156e-05,5.57087937493125e-05,6.11694882062635e-05,6.71842770283046e-05,7.37652711303223e-05,8.09949656129984e-05,8.88987874403722e-05,9.75499070854725e-05,0.000107029538241057,0.000117477269094344,0.000128916310386438,0.000141402820219253,0.000155058113840065,0.000170060941265176,0.000186482640225912,0.00020444251864982,0.000224082591103206,0.000245604233979207,0.000269177708549947,0.000294964798416353,0.00032312070141348,0.000353854583728277,0.0003874287084242,0.000424136812691671,0.000464286035337572,0.000508118319620472,0.00055597979546242,0.000608211867250015,0.000665232842764618,0.000727280125262436,0.000794852381721196,0.000868463919297139,0.000948918304665259,0.00103650630075844,0.00113173870204799,0.00123504606628385,0.00134758581770005,0.00146983657339556,0.00160281908602669,0.00174683742287452,0.00190305136402402,0.00207196942454775,0.00225560862227452,0.00245430621740292,0.00266919560476553,0.00290057716338783,0.00315156801960861,0.00342208086266641,0.00371404202776917,0.0040279553126057,0.00436672607192886,0.0047301193030874,0.00512037418950438,0.00553840577864102,0.00598663490345681,0.00646586649296626,0.00697856915836726,0.00752532016345936,0.00810761261593778,0.00872520073961424,0.00937974624955559,0.0100732915111125,0.0108077072480443,0.0115816814283542,0.0123940433850648,0.0132453588102984,0.0141349800507194,0.0150624187222123,0.016025542398401,0.0170221045316395,0.0180460963998451,0.0190971253918944,0.0201687112049258,0.0212557403435667,0.0223474306830134,0.0234406112960102,0.0245212886290364,0.0255844388846556,0.0266123878938838,0.0275981746473935,0.0285209319715868,0.0293754563476321,0.0301356181314259,0.0307932110845026,0.0313193311517801,0.0317129449650312,0.031947020318904,0.0320195609430862,0.0318995855212751,0.0315965877826164,0.0310851250347067,0.0303783682635185,0.0294553038111078,0.0283431564953483,0.027038933640926,0.0255629681888049,0.0239332715872942,0.0221813907359853,0.0203310934508232,0.0184188053944124,0.0164812001239769,0.0145537950484976,0.0126738814327558,0.0108723539288968,0.00918537029181764,0.00762941462484405,0.006228625908294,0.00498939294968548,0.0039228274646855,0.00301828064318855,0.00227557218619003,0.00167519622370447,0.00120677714272122,0.00084643275694793,0.000579821455765609,0.000385867729744221,0.00025038535376927,0.000157304685413509,9.58387968363519e-05,5.66959837162192e-05,3.24930731071626e-05,1.82745326669199e-05,9.74155992728218e-06,5.20683568567628e-06,2.61598434908706e-06,1.32700115688493e-06,5.69862195689486e-07,3.07860742441665e-07,1.12656947874828e-07,6.05321314977199e-08,7.07575738570145e-09,8.16313650005343e-09,1.81287952983824e-09,0
1.95881269968829e-09,0,1.71602335725505e-07,1.48040553805781e-08,1.98322675055723e-07,2.64999491017451e-08,2.23380729110471e-07,6.75332585006527e-08,2.29706483012404e-07,1.19131535033645e-07,2.51875562271181e-07,1.69561324522107e-07,2.82334981471037e-07,2.30984375532153e-07,3.21195885880945e-07,3.01942519261313e-07,3.72634230556565e-07,3.83611542084297e-07,4.4072525086652e-07,4.75977441679213e-07,5.30384892601215e-07,5.82816793178604e-07,6.43721721542027e-07,7.0930669729396e-07,7.82388559768842e-07,8.62587123534808e-07,9.51392979034322e-07,1.04829616270674e-06,1.15640798830163e-06,1.27387114477678e-06,1.40491361042017e-06,1.54779093209913e-06,1.70598659807288e-06,1.87966324993741e-06,2.07137811089761e-06,2.28226789351651e-06,2.51392097204026e-06,2.76979055540071e-06,3.05047398581172e-06,3.36026474371778e-06,3.69997693104756e-06,4.07443992551684e-06,4.48630268473985e-06,4.94034735085316e-06,5.43896857111557e-06,5.98709788681489e-06,6.5891103131295e-06,7.25064473934655e-06,7.98074935522456e-06,8.78528538512984e-06,9.66673582581292e-06,1.0631504893387e-05,1.16955554560101e-05,1.28684458774192e-05,1.41563474683115e-05,1.55662730514118e-05,1.71172347403015e-05,1.88233200715233e-05,2.07007531177567e-05,2.27584779500108e-05,2.50174204063125e-05,2.74929746524689e-05,3.02176245077864e-05,3.3209630823595e-05,3.64989181192997e-05,4.00977060995204e-05,4.40491215100509e-05,4.83785244907757e-05,5.31416867275467e-05,5.83599413734866e-05,6.40948113734315e-05,7.03651775311576e-05,7.72503350544143e-05,8.47954383734637e-05,9.30908029054453e-05,0.000102157640592153,0.000112081359096238,0.000122963697215574,0.000134925654177707,0.000148001728413222,0.00016230275876493,0.000177962279885518,0.000195132380512465,0.000213906435249756,0.000234444862007795,0.000256924855700167,0.000281520185147078,0.000308384167414332,0.00033775609153427,0.000369906117402745,0.000405022456293462,0.000443323365245165,0.000485128945793835,0.000530860985771541,0.000580752015267046,0.000635127446995487,0.000694373579952747,0.000759092573469973,0.000829569493938116,0.000906312727886123,0.000989773843329682,0.00108081269726095,0.00117973400942818,0.00128728042340783,0.00140397001540099,0.00153098988564064,0.00166859059648354,0.00181795907291456,0.00197967034761894,0.00215517764202357,0.00234459848872339,0.0025499328453049,0.00277171924303929,0.00301176499088244,0.00326993071263233,0.00354907105562756,0.00384930806788216,0.00417279601888812,0.00452000486777462,0.0048934911531089,0.00529360798811198,0.00572237132952974,0.00618054873436402,0.00667049045640357,0.00719283348894553,0.00774929447160553,0.0083403303215517,0.00896764231709747,0.00963154943924303,0.0103327343674904,0.0110718019550757,0.0118493605738599,0.0126646669922995,0.0135158439901714,0.014402904803543,0.015323994658011,0.0162773715669722,0.0172578246406634,0.0182635265506463,0.0192877429747555,0.0203276586592776,0.0213733049544631,0.0224201084713471,0.0234541565806983,0.024470703827148,0.0254538222228603,0.0263986070617399,0.027283829780072,0.0281007285196359,0.0288247423568001,0.0294535161693781,0.0299607675848969,0.0303394311407302,0.0305609177232293,0.0306291095265686,0.0305164686543307,0.030226297576204,0.0297342896337922,0.0290597504998001,0.0281797115335789,0.0271128730531742,0.0258622542679878,0.0244531955873992,0.0228950295274604,0.021215866643428,0.0194454119002765,0.017617700633711,0.0157637637629178,0.013918862345178,0.0121212941449494,0.0103988082650634,0.00878390893114192,0.00729535031135638,0.00595667559128367,0.00477133656464043,0.00375078283786016,0.00288586794018023,0.00217582573855197,0.00160170812746156,0.0011536787418062,0.000809145520595474,0.000554337623483123,0.000368838783686301,0.000239232754047387,0.000150352141667286,9.16535249146006e-05,5.41553668138906e-05,3.0997779618265e-05,1.74538547640071e-05,9.32857483700233e-06,4.97751716643967e-06,2.47187275019135e-06,1.26299373387785e-06,5.59771126744423e-07,2.9265617224518e-07,1.00263871912139e-07,5.75195001494644e-08,1.05532954164744e-08,8.41740651865764e-09,-3.60108278543103e-10,0
1.91400320111585e-09,0,1.64064077991859e-07,1.40327693822451e-08,1.89250327286589e-07,2.56536524180748e-08,2.13595509142234e-07,6.40190013915957e-08,2.19635163746853e-07,1.14170949010958e-07,2.40253591335546e-07,1.61935392918452e-07,2.70218415280414e-07,2.20177481553234e-07,3.07041548709665e-07,2.88597878540817e-07,3.55711860038473e-07,3.66734819576827e-07,4.20858434114279e-07,4.54736203241541e-07,5.06732652059641e-07,5.56699634539099e-07,6.15108289052389e-07,6.77356994410767e-07,7.47628729891922e-07,8.2380256736795e-07,9.08998957576401e-07,1.0012960104181e-06,1.10474665121282e-06,1.21687825195919e-06,1.34198474750644e-06,1.47865185829104e-06,1.6294641530713e-06,1.79562412041293e-06,1.97851921880967e-06,2.18023307967995e-06,2.40128565989754e-06,2.64579042318439e-06,2.91383563236833e-06,3.20983456989881e-06,3.53434426766492e-06,3.89193720713776e-06,4.28555709343793e-06,4.7193336809973e-06,5.19575582243174e-06,5.71920399093259e-06,6.29422809332825e-06,6.92613761626654e-06,7.62415547220814e-06,8.39317710721835e-06,9.234919684793e-06,1.01560609018286e-05,1.11729086634817e-05,1.22941946038158e-05,1.35246655872778e-05,1.48712297865895e-05,1.63530202236132e-05,1.79837226453144e-05,1.97779492554403e-05,2.17437942750117e-05,2.39014531240944e-05,2.6266294013692e-05,2.88700845558888e-05,3.17301649640559e-05,3.48737654893891e-05,3.83115712139541e-05,4.20858580441805e-05,4.62225792167409e-05,5.07748786811858e-05,5.57615276550603e-05,6.1241057391351e-05,6.72318966582993e-05,7.3810285848961e-05,8.10211491240117e-05,8.89493585686624e-05,9.76101571987967e-05,0.000107088459227201,0.000117489358918315,0.000128924114963611,0.00014141720183856,0.000155078400802208,0.0001700422942255,0.000186451092450255,0.000204388784500311,0.000224012697923271,0.000245496852921815,0.000269001359637776,0.000294668577127061,0.000322735825668646,0.000353465733518935,0.000387026866541056,0.000423621074897526,0.000463568012972184,0.000507282186247617,0.000554972843625988,0.000606937739280842,0.000663558416367862,0.000725423830547161,0.00079279400697032,0.00086614018881323,0.0009459076295933,0.00103293654532481,0.00112750771960801,0.00123031702917455,0.00134186849562357,0.00146330063274337,0.001594852938721,0.00173767606100314,0.00189230913980649,0.00206009947359647,0.00224117621305042,0.00243752666235556,0.00264966142738447,0.00287922809539247,0.00312610438040589,0.00339308384131081,0.00368024236935412,0.00398960215781644,0.00432169252790379,0.00467899025022367,0.00506175429457394,0.0054718736415612,0.00591013769643369,0.00637889768743493,0.00687877845579004,0.00741126546955692,0.007976658637659,0.0085767218638566,0.00921202486707035,0.00988321679943768,0.0105905762262564,0.0113345281563887,0.012114633397771,0.012929378269898,0.0137785180247843,0.0146599824655154,0.0155724114929773,0.0165110252321284,0.0174737026537136,0.0184538754396269,0.0194492181553692,0.0204503168560896,0.0214524975510936,0.0224421818730561,0.0234150480659112,0.0243563661509723,0.0252612751224115,0.0261085415175633,0.0268897728696294,0.0275826749089301,0.0281852676068583,0.0286710639497058,0.0290328080264519,0.0292443068128616,0.0293098193212396,0.0292021361279151,0.028923965373414,0.0284524066537818,0.0278062548805794,0.026963801650857,0.0259429637357008,0.0247456580472846,0.0233958090156459,0.0219039818270501,0.0202976740880058,0.0186034492830386,0.0168534587142258,0.0150791202531476,0.0133141683174472,0.0115940538256367,0.00994571641073256,0.00840084736526181,0.00697685063634815,0.00569612108711827,0.0045623380611757,0.00358633838777973,0.0027591195558236,0.00208004725542701,0.00153108566630101,0.00110274283491554,0.000773336247870687,0.000529730164336916,0.000352426398578917,0.000228568856070704,0.000143631089169845,8.7536813307516e-05,5.17160395390453e-05,2.96044138538853e-05,1.66664971077875e-05,8.90270848156222e-06,4.75187712660406e-06,2.3596236705093e-06,1.20390983619002e-06,5.34769539138178e-07,2.79904246707271e-07,9.48209841214653e-08,5.50678399281887e-08,1.03371277972126e-08,7.79059283287179e-09,-3.77513210863994e-10,0
1.87021875775293e-09,0,1.40205896650847e-07,-8.38392968106798e-09,2.32819839716285e-07,4.15371695772202e-08,1.2264857593996e-07,8.52139117718628e-08,2.74486388355787e-07,4.50178695985649e-08,2.20244012124634e-07,2.07235108803919e-07,2.22776368967227e-07,2.03955115782273e-07,3.16908240489547e-07,2.59515215139074e-07,3.38104002614829e-07,3.59316709759292e-07,3.9360730894858e-07,4.35594036144413e-07,4.86251031325557e-07,5.27332637110759e-07,5.8797262620438e-07,6.48772514422166e-07,7.09803620979344e-07,7.90531666709933e-07,8.6539671802019e-07,9.5642653421635e-07,1.0564096749017e-06,1.15944339018894e-06,1.2851122735759e-06,1.40951789226782e-06,1.55952853659179e-06,1.71380561039288e-06,1.8910493081844e-06,2.08341143933191e-06,2.29381720473691e-06,2.53006521048888e-06,2.782654095104e-06,3.07003080240468e-06,3.37619483554925e-06,3.72237420339782e-06,4.09489713013265e-06,4.51103893480189e-06,4.96613317019935e-06,5.46719151980454e-06,6.01915609718042e-06,6.62131757557283e-06,7.28933066588993e-06,8.02012022494318e-06,8.82932225793033e-06,9.71037255224972e-06,1.06830404407671e-05,1.1750919419714e-05,1.29281655007467e-05,1.42171750707094e-05,1.56317388397461e-05,1.7188918685103e-05,1.89040445518427e-05,2.07866881305533e-05,2.28482963870027e-05,2.51092758816751e-05,2.75934739696396e-05,3.03212539465562e-05,3.33223463582569e-05,3.66128261225997e-05,4.02256230180434e-05,4.41795070251844e-05,4.85246653560598e-05,5.32823862820748e-05,5.851662464138e-05,6.4246127032175e-05,7.05382641012829e-05,7.7419375714428e-05,8.49816494394633e-05,9.32674330097661e-05,0.000102344178799732,0.00011226813927488,0.000123168778344585,0.000135116186198367,0.000148189975313824,0.000162474019459448,0.000178134396742952,0.000195298401938306,0.000214074750231868,0.000234575606987337,0.000256997629895387,0.000281541781137237,0.000308395450837646,0.000337746968651176,0.000369797938623592,0.000404795799170448,0.00044298558095453,0.00048471936445967,0.000530274114752576,0.000579971712193337,0.000634099784021958,0.000693190955404758,0.000757561358967698,0.000827702338038921,0.000903984638801291,0.000987134303218371,0.00107747146218288,0.00117576602731984,0.00128243407962294,0.00139848248493768,0.00152421611388866,0.00166070703631723,0.00180843949240912,0.00196895115415379,0.00214233564627688,0.00232996609423258,0.00253236599624998,0.00275182541501211,0.0029882433102022,0.00324356361408878,0.00351779273596589,0.00381350493329977,0.00413133451663794,0.00447306512724024,0.00483873549501593,0.00523079511192027,0.00565030347787468,0.00609873512279949,0.00657620296013307,0.007085069127832,0.00762647078291735,0.00820103529815886,0.00880813295029333,0.00944939081470001,0.0101262400088607,0.0108383627143612,0.0115844663300469,0.0123635233009533,0.0131759790448764,0.0140196004378087,0.0148924313926276,0.0157902221379454,0.0167115953093108,0.0176496979543857,0.018601583850891,0.019558953835218,0.0205183140092919,0.0214662112025374,0.0223972827452632,0.0232972936479066,0.0241626505793546,0.0249738809425364,0.0257226171349119,0.026385980612032,0.0269614271236365,0.0274256613265932,0.0277730920652757,0.027976255927445,0.0280377921095067,0.027934480398499,0.0276699177041803,0.0272185099582458,0.0265980039788796,0.0257922133134004,0.0248176946294371,0.0236716147344368,0.0223782312273807,0.0209512249273955,0.0194153972078429,0.0177944113379505,0.0161200329597759,0.0144225586148644,0.0127338800059444,0.01108849425914,0.00951230308325946,0.0080347240044066,0.00667232342010294,0.00544745119883646,0.00436346064435289,0.00342999658126029,0.00263871405502308,0.00198934343846525,0.0014644154575956,0.00105473738135681,0.000739648425493695,0.000506652058776819,0.000337135004488204,0.00021868308554749,0.000137368561622826,8.37160053010185e-05,4.94987108876714e-05,2.83307573440478e-05,1.59305259179013e-05,8.51863845578182e-06,4.54975321390018e-06,2.25336713142915e-06,1.15109829283199e-06,5.13100763544137e-07,2.66921997328148e-07,9.03238194771685e-08,5.32054864658869e-08,9.1567233654182e-09,7.88890331820856e-09,-1.26348685210447e-09,0
1.82743592059396e-09,0,1.47573499537278e-07,1.28064210238329e-08,1.75161957500249e-07,2.11716459099372e-08,1.90592512113973e-07,6.22930108415018e-08,1.99256882610558e-07,1.00628211639378e-07,2.19683263944992e-07,1.48186885672684e-07,2.43167426820882e-07,2.0110816112044e-07,2.78551692100735e-07,2.62182272344892e-07,3.22417023285596e-07,3.340817594544e-07,3.81395599425129e-07,4.13852730719961e-07,4.60111070137153e-07,5.06197534260456e-07,5.58681917021352e-07,6.15990823101629e-07,6.7945905558069e-07,7.49220430568611e-07,8.26566215732194e-07,9.10773779121195e-07,1.00509129660996e-06,1.10694265385983e-06,1.22140327850494e-06,1.34525316372462e-06,1.48350940897961e-06,1.63441584541409e-06,1.80156576554046e-06,1.98525035857522e-06,2.1868795932576e-06,2.4098607968781e-06,2.65389110730688e-06,2.92448084665939e-06,3.21988558376499e-06,3.54709545043512e-06,3.90541805219354e-06,4.30133990138185e-06,4.73507659267734e-06,5.21319168461416e-06,5.73809225059949e-06,6.31577376284274e-06,6.95236271324527e-06,7.65177300225849e-06,8.41919176038033e-06,9.26107836753454e-06,1.01900109208314e-05,1.12106015801932e-05,1.23317112759102e-05,1.35610467682225e-05,1.49159600690824e-05,1.6403276847845e-05,1.8036932367627e-05,1.98277225497225e-05,2.1798017916387e-05,2.39590937493252e-05,2.63368924840533e-05,2.89460945583366e-05,3.18120120292961e-05,3.49451481877881e-05,3.83874653905069e-05,4.21659622440926e-05,4.6324113256193e-05,5.08737878918548e-05,5.58715373223477e-05,6.13396994990388e-05,6.73459979675021e-05,7.39257983567072e-05,8.11528484150274e-05,8.90533280156483e-05,9.77165462729133e-05,0.000107221005593869,0.000117648688930777,0.000129038439056694,0.000141510001303064,0.000155177360417556,0.000170156850575646,0.000186528025976924,0.000204439560559362,0.000224050302888869,0.000245515261799831,0.000268966601499031,0.000294592442188769,0.000322619721487384,0.000353247241430804,0.000386691418358167,0.000423198779576075,0.000463103141016947,0.000506637267886947,0.000554120031212301,0.000605856436838333,0.000662331943881477,0.000723832358846281,0.000790864428490323,0.000863796747472175,0.000943293382937283,0.00102962802965529,0.00112354610168541,0.0012255017877704,0.00133646436440207,0.00145671190479217,0.00158731065636149,0.00172859963223568,0.00188185940702017,0.00204743366804387,0.00222702652021284,0.00242088288058745,0.00263068346310998,0.00285646035056769,0.00310054073857872,0.00336300394553505,0.00364599904536623,0.00394985828265721,0.0042765393326083,0.00462648716992743,0.00500166861122985,0.00540266329196403,0.0058314209384676,0.00628856048975261,0.00677573625359582,0.00729317198565005,0.00784205442476896,0.00842319670979279,0.00903781332034456,0.00968559303828581,0.0103661107522618,0.0110796079896603,0.0118255481276589,0.0126032436419648,0.0134102779749351,0.014245604280473,0.0151048515472636,0.0159861817006232,0.0168840815288005,0.0177960344207878,0.0187124326857847,0.0196294298791353,0.0205360661907582,0.021428304937822,0.022290838488451,0.0231186182178158,0.0238938878761556,0.024610210814635,0.025246100478371,0.0257979848066327,0.0262416916940385,0.0265726861113142,0.0267676508130697,0.0268282135915592,0.0267284651797843,0.0264732496214408,0.0260422485789872,0.0254501877794956,0.0246772834528349,0.0237427358801475,0.022647254530324,0.0214102721721794,0.0200435219970125,0.018573578246089,0.0170223090020164,0.0154191991016941,0.0137952582260379,0.0121805150717434,0.0106056817884078,0.00909648543045375,0.00768330223466283,0.00638095706966475,0.00520895223157029,0.00417141509379416,0.00327881334661616,0.00252249136937458,0.00190152674430506,0.00139944150026623,0.0010077743761434,0.00070674864549438,0.000484118681136911,0.000322011813487435,0.000208817492614472,0.000131225388387179,7.99598907177485e-05,4.7221433547189e-05,2.70323507010348e-05,1.52197586536852e-05,8.1258114209087e-06,4.33636204672758e-06,2.15314552792688e-06,1.09768024266634e-06,4.88386023043859e-07,2.55442570368665e-07,8.58457699213669e-08,5.05537511080987e-08,9.12184598874593e-09,7.09904625045684e-09,-5.55332224859241e-10,0
1.78563177704918e-09,0,1.41541295650953e-07,1.2426631587423e-08,1.65224833985133e-07,2.05895768057854e-08,1.85503718045343e-07,5.63965656818545e-08,1.87982915327582e-07,1.0154136182203e-07,2.06904058109134e-07,1.39072245483266e-07,2.36636132617497e-07,1.89222138842863e-07,2.65185089810449e-07,2.52467106119705e-07,3.0564616685235e-07,3.19331758071851e-07,3.64315542537303e-07,3.9388073752169e-07,4.3985417860979e-07,4.82300140348003e-07,5.32941173485146e-07,5.87526476589226e-07,6.48038668995089e-07,7.14789430581072e-07,7.87864162114605e-07,8.68902378971521e-07,9.58148380445358e-07,1.05616984872924e-06,1.16418092229493e-06,1.28308729937074e-06,1.41396862014258e-06,1.55843232552125e-06,1.7175695859939e-06,1.89259810526093e-06,2.08492114453233e-06,2.29685599216443e-06,2.53037097778761e-06,2.78732020874513e-06,3.06958773580161e-06,3.38045036747305e-06,3.7228216683776e-06,4.09922585509704e-06,4.5129159477149e-06,4.96810239768644e-06,5.46862409702654e-06,6.01924016762396e-06,6.62595693409687e-06,7.2925401140899e-06,8.0237171413843e-06,8.82696706470176e-06,9.71227828675719e-06,1.06849723415436e-05,1.17532537720338e-05,1.29268612143189e-05,1.42198612198236e-05,1.5637661763789e-05,1.71922359840952e-05,1.8897561317904e-05,2.07777451510964e-05,2.28427682517666e-05,2.51123808900461e-05,2.75992416535166e-05,3.03293298178322e-05,3.33145699259979e-05,3.65984709669875e-05,4.0205870349364e-05,4.41717051981256e-05,4.85078006448968e-05,5.32769858223174e-05,5.84969913418551e-05,6.42267511942145e-05,7.05037671991828e-05,7.73960532007726e-05,8.49273489995325e-05,9.31961273739045e-05,0.000102274016288644,0.000112224301387426,0.000123088581619656,0.000134991412662057,0.000148036311936893,0.000162326932945178,0.000177945508786095,0.000195042476865932,0.000213764649885198,0.000234256878349117,0.000256649224228605,0.000281112867668679,0.000307851078513827,0.000337058683064266,0.000368969069654088,0.000403835901479244,0.00044195625300526,0.000483519516019671,0.000528832741171944,0.000578207403042192,0.000632110680141474,0.000690817748896794,0.000754840628727631,0.000824524622718843,0.000900420813657455,0.000982787156350189,0.00107245798594078,0.00116987887171326,0.00127586633360137,0.00139067163366446,0.00151536826573724,0.0016502892893434,0.00179664634154074,0.00195478290200676,0.00212633987094634,0.00231151077001937,0.00251186896165834,0.00272753919891582,0.00296079212374495,0.00321153105246409,0.00348176860817767,0.00377202416802121,0.00408420641279377,0.00441860598788851,0.00477708172573878,0.0051603163842814,0.00557009807007664,0.00600674134319878,0.00647216076062215,0.00696713644774119,0.00749214100797009,0.00804702223585351,0.00863389636898803,0.00925376560664183,0.00990517363766636,0.0105869024214674,0.0112993411896478,0.0120430991375227,0.0128152220112047,0.0136138382664543,0.0144353230682956,0.0152784103648358,0.0161371930137993,0.0170091201374045,0.0178857932707876,0.0187634544636337,0.0196306685883763,0.0204835011164311,0.0213082836897714,0.0221007422163729,0.0228430532436784,0.0235280817380562,0.0241358642580547,0.0246641631360114,0.0250894995696621,0.0254062717975922,0.0255921208836162,0.0256496894721025,0.0255546611161426,0.0253112024976089,0.0248994470627448,0.0243331276017139,0.023593044249179,0.022698828855849,0.0216521276436297,0.0204696181635029,0.0191614464189575,0.0177553062858524,0.0162731080169508,0.0147405604820629,0.0131863416767039,0.0116419057653216,0.0101375414613512,0.00869502935726481,0.00734288041327687,0.00609770182405646,0.00497816022627651,0.00398654705770741,0.00313305425006852,0.00241015747727272,0.00181685393180309,0.00133711490697421,0.000962827303006311,0.000675150287157984,0.000462451664822387,0.000307599405375897,0.000199434543931539,0.00012530573408481,7.63761335429923e-05,4.51171569658455e-05,2.58107783499826e-05,1.45282977324258e-05,7.76354983030978e-06,4.14236868965118e-06,2.05545753674842e-06,1.04939693017661e-06,4.658236321318e-07,2.43639021202983e-07,8.2685567007734e-08,4.80718928041242e-08,8.81067931715142e-09,6.80090458136575e-09,-1.83489638573554e-10,0
1.74478393867376e-09,0,1.35953468226221e-07,1.13911578943478e-08,1.58173491818907e-07,2.11380775820522e-08,1.76975049369154e-07,5.30540514773696e-08,1.82368917801613e-07,9.62220617948634e-08,1.97777297381155e-07,1.34700788693062e-07,2.25897799872216e-07,1.81130481144038e-07,2.55105377156663e-07,2.4110764783796e-07,2.93120923542784e-07,3.06367164107505e-07,3.48894206129658e-07,3.77623226277574e-07,4.21179009429593e-07,4.61655888163421e-07,5.10923969757941e-07,5.62882954439311e-07,6.20503553342553e-07,6.84815681519123e-07,7.54906316250451e-07,8.32401782449574e-07,9.17268231010332e-07,1.01119178953556e-06,1.1148717744245e-06,1.22906393454608e-06,1.35444476837807e-06,1.49246644010646e-06,1.64464348880041e-06,1.81230238956874e-06,1.99647209440213e-06,2.19924786322448e-06,2.42265812080315e-06,2.66884338020407e-06,2.93932497833848e-06,3.23655533630652e-06,3.56383780437866e-06,3.92438993581434e-06,4.32037736682969e-06,4.75540401696444e-06,5.23487204635572e-06,5.76262797896474e-06,6.3418951976523e-06,6.97833816472559e-06,7.67920320113942e-06,8.44886585152183e-06,9.29502042954765e-06,1.02255582784949e-05,1.12483097978522e-05,1.23687349278319e-05,1.36013704342801e-05,1.49577450923056e-05,1.64501225227313e-05,1.80856762469247e-05,1.98843829221397e-05,2.1856538942132e-05,2.40196637592879e-05,2.63892424151483e-05,2.90020689619743e-05,3.18701907340679e-05,3.50162539537284e-05,3.84571514627531e-05,4.22440342424648e-05,4.6393322682191e-05,5.09511987408576e-05,5.59374333293588e-05,6.14145184301125e-05,6.74089409875843e-05,7.40002742590964e-05,8.12257630039194e-05,8.91359416268823e-05,9.77776289672629e-05,0.000107270631147164,0.000117681936283528,0.000129075326872782,0.00014152176353414,0.00015516883868069,0.000170127639206644,0.00018649663325408,0.00020436886663239,0.00022391191516593,0.000245303517002358,0.000268702853649942,0.000294278038024691,0.000322229700128625,0.000352771194802957,0.000386079272278849,0.000422447621697036,0.000462156157193407,0.000505510046579685,0.000552728969843519,0.000604263793099381,0.000660427009904039,0.000721639416449827,0.000788168173984515,0.000860673643712076,0.000939519426925994,0.00102535639358196,0.00111845489405023,0.00121970417681295,0.00132943693186835,0.00144860097539111,0.00157763088335372,0.00171779322360622,0.00186905702409824,0.00203285627841632,0.00220987301982259,0.00240169155108016,0.00260791035920344,0.00283077259820618,0.0030706650323359,0.00332924896660967,0.00360668818612397,0.00390515998222425,0.00422513686197814,0.00456817457606133,0.00493467477366012,0.00532647327850975,0.00574426855242558,0.00618945353687052,0.00666244116459241,0.00716487180375677,0.00769686884320464,0.0082585157191117,0.00885014726956289,0.00947255468796393,0.0101257190077289,0.0108082965270769,0.0115195955691281,0.0122576850036378,0.0130219086943122,0.0138085637556244,0.014615299597126,0.0154363494519612,0.01627036912999,0.017109573916741,0.0179496332778371,0.0187793159190777,0.0195952973560645,0.0203847860315415,0.0211429493552144,0.0218526398868756,0.0225084699401219,0.0230906735566838,0.0235952466236599,0.0240015121984048,0.0243056402828021,0.0244835778814248,0.0245373797225833,0.0244469693940661,0.0242153582130556,0.023819348190395,0.0232750123407391,0.0225694574081808,0.0217161000008927,0.0207112336924994,0.0195778882136221,0.0183286182176284,0.0169835121922749,0.0155635717912287,0.0140979190590214,0.0126126326717446,0.0111341578456245,0.00969302846423428,0.00831416628674497,0.00702295805931962,0.00583108865023697,0.00475880152526339,0.00381110801731327,0.00299559307478772,0.00230417417519604,0.00173693054828709,0.00127807793064259,0.00091987555086847,0.000645159229756472,0.00044230478237748,0.000294071863238894,0.000190318616227316,0.000119633359930408,7.31048276949311e-05,4.31233104444789e-05,2.45935263931818e-05,1.38899695341798e-05,7.43709077510667e-06,3.94816597460713e-06,1.95842263309929e-06,1.00144115778652e-06,4.47899021880987e-07,2.35035118462172e-07,7.54926769052085e-08,4.57868598591155e-08,1.04614010091086e-08,5.72461539722898e-09,-7.03572195301843e-10,0
1.70487052917745e-09,0,1.2984174222943e-07,1.10429587766408e-08,1.50634104983899e-07,2.02811606603998e-08,1.69023985986102e-07,5.0669092628258e-08,1.73956633875733e-07,9.18199463557387e-08,1.88930377887295e-07,1.28566747313154e-07,2.15413476829228e-07,1.73190704290442e-07,2.43435628438754e-07,2.29877530197397e-07,2.80229062834599e-07,2.92156648754168e-07,3.33177296022593e-07,3.60579181061147e-07,4.01869000972515e-07,4.40813969159064e-07,4.87665392252585e-07,5.37313912204429e-07,5.92453891419278e-07,6.53640408373457e-07,7.20638307381076e-07,7.94518561346473e-07,8.75553266603295e-07,9.65340514796173e-07,1.06432212017809e-06,1.17334166067665e-06,1.29287986373361e-06,1.42458306814533e-06,1.56987320693825e-06,1.72980410925725e-06,1.90541656238937e-06,2.09898733774354e-06,2.31253720408186e-06,2.54767349338979e-06,2.80571322006851e-06,3.08922828808478e-06,3.40146686380637e-06,3.74546053892309e-06,4.12351722237822e-06,4.53918436751612e-06,4.99728179690965e-06,5.50105634671228e-06,6.0534995567798e-06,6.66048384560515e-06,7.32970311646999e-06,8.06522918304625e-06,8.87322476142467e-06,9.76125571584347e-06,1.07380516432687e-05,1.18083185104622e-05,1.29848406064021e-05,1.42798007482302e-05,1.57055299464593e-05,1.72671569930387e-05,1.89836167794331e-05,2.08668802871621e-05,2.29338899442897e-05,2.51972773535042e-05,2.76911815612824e-05,3.04289497078969e-05,3.34343855677642e-05,3.67224077313776e-05,4.03387187741924e-05,4.42992008580239e-05,4.86512429297528e-05,5.34140769959969e-05,5.86444585805146e-05,6.43677887205383e-05,7.06625090123723e-05,7.75638017595447e-05,8.51182571034634e-05,9.3370512867965e-05,0.000102436800576046,0.00011238147911516,0.000123262916191041,0.000135148715076458,0.000148182493661798,0.000162472263285225,0.000178110473649363,0.000195179856849083,0.000213840420617428,0.000234270324757901,0.000256622196718278,0.000281049924238815,0.000307744921739453,0.000336918835081678,0.000368745402599963,0.000403493136515852,0.000441416769007535,0.000482820243113258,0.000527926710222568,0.000577158744403718,0.000630815283829887,0.000689308594663485,0.000752877104777325,0.000822134938115067,0.000897455563728405,0.000979480921945305,0.00106844644591427,0.00116518124516865,0.00127001739909492,0.00138388571760693,0.00150719008968321,0.00164111733134184,0.00178566819796675,0.00194224337604816,0.00211145020433239,0.00229474390371694,0.00249178597387144,0.00270482388777667,0.00293419276293424,0.0031813801817607,0.00344655093159197,0.00373182962847382,0.00403771358798269,0.00436570784383225,0.00471614626202306,0.00509072498215849,0.00549008992377912,0.00591571510163907,0.00636807859350775,0.00684848724552876,0.00735697143937559,0.00789394471332592,0.00845980402662335,0.00905503092325169,0.00967959017362715,0.0103323207175456,0.0110124933524561,0.0117183386636955,0.0124493041740037,0.0132015631579356,0.0139728982007367,0.014758290635062,0.0155563444570958,0.0163589225666959,0.0171619621825256,0.0179555551500723,0.0187364835461127,0.0194916039662476,0.0202163913054892,0.0208953166420175,0.0215229661237062,0.0220798113319073,0.0225624671344011,0.022951141828927,0.0232416034063537,0.0234117149422342,0.0234639997394429,0.0233777051355913,0.0231551458902655,0.0227758616727662,0.0222561136330534,0.0215819322303615,0.020764878646599,0.0198029170524625,0.0187195458365559,0.0175254663082324,0.0162384776010416,0.0148796625579532,0.0134781856249418,0.0120583702678994,0.0106446242989777,0.00926651178008017,0.00794789744969029,0.0067129461838112,0.00557347214070105,0.00454869917758034,0.00364279096059345,0.00286317923061126,0.00220201249244904,0.00165941768220292,0.00122123088180888,0.000879561167877705,0.000616607780054545,0.000422034140050119,0.000280726543278636,0.00018218344496505,0.00011444168299025,6.96224657033927e-05,4.10944206475066e-05,2.35766099528563e-05,1.33038987747264e-05,7.06325196345301e-06,3.74417143214266e-06,1.88706363248876e-06,9.75712767286984e-07,4.14761544146415e-07,2.13499085299759e-07,8.22732651153491e-08,4.64897804135341e-08,4.19152031441444e-09,5.76215367755259e-09,1.0740252134549e-09,0
1.66587017270868e-09,0,1.23995325621389e-07,1.0576155289766e-08,1.44119444948361e-07,1.89096974910717e-08,1.61594965270041e-07,4.86815483038067e-08,1.65917605797613e-07,8.73744579832952e-08,1.8093990424566e-07,1.22658333872356e-07,2.05275734761735e-07,1.66047654214833e-07,2.32043597510205e-07,2.19501974067602e-07,2.67880538797106e-07,2.78421968965281e-07,3.18416370399729e-07,3.44154791849296e-07,3.83694682260934e-07,4.2096019885334e-07,4.65373987896989e-07,5.12962092928422e-07,5.65562475708823e-07,6.23792927099843e-07,6.87844458278032e-07,7.58382708858089e-07,8.35758354433316e-07,9.21336907678046e-07,1.01561250339571e-06,1.1196372974406e-06,1.23380031708639e-06,1.35954300675014e-06,1.49806942171414e-06,1.65068069771726e-06,1.81838868465645e-06,2.00304547567474e-06,2.20658350450185e-06,2.43079113985664e-06,2.67719619237897e-06,2.9480439074955e-06,3.24613439908775e-06,3.57443385012663e-06,3.93538387215277e-06,4.33213883815804e-06,4.7692541338534e-06,5.25055430020785e-06,5.77888968076017e-06,6.35869151088607e-06,6.99734206214773e-06,7.69995456130318e-06,8.47222802778993e-06,9.32037499955847e-06,1.02533451616932e-05,1.12766936751143e-05,1.24014116444271e-05,1.36376159647023e-05,1.49984323895807e-05,1.64902606636773e-05,1.81303414973377e-05,1.99301679133314e-05,2.19068106980512e-05,2.40701352490822e-05,2.64507528465131e-05,2.90643857473387e-05,3.1936743959237e-05,3.50799154723477e-05,3.85356095421518e-05,4.23207216735002e-05,4.64804760101011e-05,5.10323399486904e-05,5.60328415097165e-05,6.15040419800415e-05,6.75153269624001e-05,7.41069941588577e-05,8.13340381928301e-05,8.92295440126038e-05,9.78900055536075e-05,0.00010738727896662,0.000117793212197639,0.000129163023067234,0.000141617729907865,0.000155267042981847,0.000170218022394309,0.000186550094788231,0.000204396861908616,0.000223922625855846,0.000245287577136949,0.000268641403694964,0.000294158537103652,0.000322049561081332,0.000352489528198143,0.000385719742065652,0.000421974232632528,0.000461562541634719,0.000504703529549051,0.000551775508640107,0.000603061356789917,0.000658989220767202,0.000719793966607251,0.0007860259854917,0.000858028363113752,0.000936452976282517,0.00102154646846945,0.00111407096430705,0.00121433293551195,0.00132322303119533,0.00144109089570772,0.00156912884675427,0.00170744643121918,0.00185725734453649,0.00201898985108863,0.00219422121691258,0.0023827630357328,0.00258655638954761,0.00280587810422707,0.0030423339283187,0.00329601224263491,0.00356880609952933,0.00386128765442039,0.00417501823021761,0.00451030413662325,0.00486866309424691,0.0052506748969339,0.00565780194506284,0.00609047516457072,0.00654995739774435,0.0070364217370369,0.0075502616072419,0.00809164004550549,0.00866093009934368,0.00925835374449656,0.00988297902552456,0.0105337865705718,0.0112088439693852,0.0119080815963883,0.0126282109739825,0.0133665184697669,0.0141176254907911,0.0148808401727356,0.015649082209443,0.01641782354429,0.0171768828858073,0.0179238190256516,0.0186467363580817,0.0193406295742412,0.0199898479257826,0.0205899565138887,0.0211231653010699,0.0215853253288328,0.0219567580773677,0.0222344658766842,0.0223974245757387,0.0224470022880571,0.0223638398853202,0.0221512731769357,0.0217888612837287,0.0212906174333902,0.0206443166978858,0.0198632044106968,0.0189436774394613,0.0179060071178675,0.0167627442443277,0.0155323529802629,0.0142323338062092,0.0128901323719885,0.011531797393599,0.0101806454986992,0.00886224344427512,0.00759963262578746,0.00641851150901003,0.0053297472797178,0.0043495311045235,0.00348244094750728,0.0027370443130202,0.0021052844633952,0.00158647868773813,0.0011672508302587,0.000840495494331822,0.000589320109696834,0.000403496932595175,0.000268298037324643,0.000173960281495261,0.000109310446743656,6.65986781689286e-05,3.92798917541308e-05,2.24630194293194e-05,1.26929922001623e-05,6.7843513759951e-06,3.58559991449662e-06,1.77993391520619e-06,9.25580971219101e-07,4.07669379855367e-07,2.06708796128808e-07,7.25774191460623e-08,4.37041443794131e-08,6.80339683490894e-09,5.52244952480195e-09,1.42399113535108e-10,0
1.62776198240659e-09,0,1.1905684195741e-07,1.1341287455478e-08,1.35252035588286e-07,1.69297632845058e-08,1.57906613059073e-07,4.63961666033622e-08,1.54697305527567e-07,8.57578432853571e-08,1.75058313903742e-07,1.13700600684324e-07,1.97091776542741e-07,1.60776892309006e-07,2.19541774985942e-07,2.10238013824102e-07,2.57520683672044e-07,2.6449421337567e-07,3.05379913231113e-07,3.29113616151322e-07,3.66454084691841e-07,4.0305365475352e-07,4.44814939161794e-07,4.90483597095743e-07,5.41134636481496e-07,5.96366809055374e-07,6.57795759120738e-07,7.25106800413383e-07,7.99107395684112e-07,8.81085453994008e-07,9.71099005418531e-07,1.07046508191697e-06,1.17947620257137e-06,1.29971599173849e-06,1.43218062808321e-06,1.57790809178645e-06,1.73804645092307e-06,1.91451641077412e-06,2.10908215338406e-06,2.32320210996485e-06,2.55852586754148e-06,2.81734291771893e-06,3.10199285784394e-06,3.41518866781742e-06,3.75980975483733e-06,4.1390755935326e-06,4.55677702936637e-06,5.01606623642756e-06,5.51986656066969e-06,6.07291307454111e-06,6.68262762692369e-06,7.35369895100369e-06,8.0905841561895e-06,8.8990162516222e-06,9.78928973593933e-06,1.07674393030369e-05,1.18415490502597e-05,1.30199526827987e-05,1.43174490615603e-05,1.57413437987687e-05,1.73061958360797e-05,1.90229503143716e-05,2.09103718983919e-05,2.29768927326323e-05,2.52475115959707e-05,2.77380773645663e-05,3.04786519769562e-05,3.34803969946189e-05,3.67774251880695e-05,4.03862385705866e-05,4.43544905291348e-05,4.86984108331149e-05,5.34701520972093e-05,5.86916612534293e-05,6.44265542848382e-05,7.07115215304341e-05,7.76060467891842e-05,8.51438978990761e-05,9.34074862019358e-05,0.000102464110813149,0.000112392551743663,0.000123245767031332,0.000135128899822912,0.000148145126031427,0.000162406939135365,0.0001779965424855,0.000195033853867234,0.000213665721512348,0.000234049776407047,0.000256336415723497,0.000280685308815546,0.000307295478929402,0.000336348348008117,0.000368075992997691,0.000402686617561245,0.00044047423457093,0.000481653284447793,0.000526577239754396,0.000575525647634339,0.000628932816310716,0.000687000260867107,0.00075021088224898,0.000818921863073827,0.0008938045437595,0.000975075541865783,0.00106342890865008,0.00115916491029081,0.0012631462844983,0.00137567522919877,0.00149788314790268,0.00162996621943495,0.00177310094171131,0.00192756334344209,0.00209483708973129,0.0022748497444113,0.00246946254834594,0.00267891520122118,0.00290478842259597,0.00314713069077113,0.00340765626305614,0.00368692634475382,0.0039865104545547,0.00430678085870303,0.00464916706002609,0.00501407723362975,0.00540293265405654,0.00581625750055043,0.00625516486172633,0.00671981442255392,0.00721076558876294,0.00772818118853504,0.00827219100103285,0.00884285292526006,0.00943948879562632,0.0100615117267307,0.0107069625866703,0.0113750755160406,0.0120626549568948,0.0127681704372198,0.0134867108961657,0.0142163193602258,0.0149499157067929,0.0156844517063257,0.0164104921169284,0.0171245508844116,0.0178149618786006,0.0184780506998972,0.0190992232727948,0.0196731499740787,0.0201824824387688,0.0206241724704285,0.0209794954809267,0.0212451279398395,0.0214011837862026,0.0214488081262617,0.0213691359270999,0.0211660214458659,0.0208202212370397,0.020344289508875,0.0197262281638283,0.0189796176272494,0.0181014041266891,0.0171100622819608,0.0160170780230262,0.0148408283955993,0.0135988907209181,0.0123169854770282,0.0110185892863285,0.00972654862626428,0.00846710205738796,0.00726143843672631,0.00613242285025012,0.00509144726569392,0.00415523937682071,0.003327169425871,0.00261467893913641,0.00201084514602935,0.00151540785208153,0.00111507098688216,0.000802815100180247,0.000562770011523592,0.000385316421509508,0.000256269028809547,0.000166157777478804,0.000104331594892608,6.35455494485271e-05,3.75397124091138e-05,2.14763933185368e-05,1.20825523844888e-05,6.45254883022294e-06,3.44024517514668e-06,1.70579817342739e-06,8.73263666484515e-07,3.87771429814457e-07,2.01059709006021e-07,6.81634982571338e-08,4.0289055215774e-08,7.4693032309486e-09,5.63535768386811e-09,-3.09037608998422e-10,0
1.59052554921492e-09,0,1.1636775504716e-07,1.24291994271211e-08,1.24318329492076e-07,1.44726874125708e-08,1.62968593610506e-07,4.19865974179179e-08,1.36812849690514e-07,8.94595261521302e-08,1.81634718580545e-07,8.8336549981278e-08,1.93282828213197e-07,1.74982024116604e-07,1.83881263864763e-07,2.1243494669483e-07,2.59415429909379e-07,2.29678255430963e-07,3.1161640017585e-07,3.12663437483319e-07,3.41133096989817e-07,4.01251356448125e-07,4.15644344715455e-07,4.7422918153772e-07,5.21631029533233e-07,5.65073685958135e-07,6.35990534171063e-07,6.9170851650283e-07,7.66368386657267e-07,8.44953249006479e-07,9.2792893322817e-07,1.02750742195649e-06,1.12839302430605e-06,1.24456197992214e-06,1.37127644012904e-06,1.51019416757401e-06,1.66435054875385e-06,1.8332784732083e-06,2.01976087754262e-06,2.22350440545327e-06,2.4480805179469e-06,2.6950701145817e-06,2.96697530601071e-06,3.26746552299904e-06,3.59837526874977e-06,3.96188819835342e-06,4.36036121783109e-06,4.79690152696727e-06,5.27820241833599e-06,5.81017862347842e-06,6.39528228582694e-06,7.03383851748735e-06,7.73439521978271e-06,8.50948887094776e-06,9.36716714309494e-06,1.03034990506381e-05,1.13230713011785e-05,1.24452149375198e-05,1.36912703811363e-05,1.50587713578183e-05,1.65540611524736e-05,1.81908224954323e-05,1.99891006626514e-05,2.19605773227289e-05,2.41358361090676e-05,2.65288534601657e-05,2.91584585292955e-05,3.20217320476893e-05,3.51544158547077e-05,3.85995804525122e-05,4.24069275949149e-05,4.65647700866567e-05,5.11202683157053e-05,5.61147259616803e-05,6.16109197886436e-05,6.76193032142658e-05,7.41815236016703e-05,8.13701032454053e-05,8.93021478315438e-05,9.79996087570182e-05,0.000107482553002847,0.000117817232734369,0.000129150535024097,0.000141591011005724,0.000155236608115536,0.000170166962916837,0.000186467101140195,0.000204250785781943,0.00022372311367581,0.000245060476839965,0.000268340591747379,0.000293716327254732,0.000321436717647608,0.000351776268360232,0.00038490670714981,0.000421060368196829,0.000460401448631088,0.000503277224561251,0.000550018025174718,0.000601070008352153,0.000656582435469642,0.000716980588109368,0.000782624082269503,0.000854138144517423,0.000931777794470145,0.00101638420205092,0.00110806057085816,0.00120718882534892,0.00131443164453488,0.00143159629980642,0.00155834995756522,0.00169486720127199,0.00184195317385967,0.00200205463822315,0.00217453256651512,0.00236028907908651,0.00256030707664572,0.00277672928499307,0.00300883578659869,0.00325781142531886,0.00352455877480097,0.00381084005026387,0.00411687245375432,0.00444398501663596,0.00479331182806028,0.00516633984015793,0.00556190496120837,0.00598039131638645,0.00642374878084271,0.00689370720283231,0.00738937001800858,0.0079100084604264,0.00845602716526428,0.00902650753769363,0.00962067864593996,0.0102376136492132,0.0108769728312793,0.0115352022628286,0.0122102566297512,0.0128969941112249,0.0135942734004395,0.0142967469187228,0.0150008855111233,0.0156952490472246,0.0163765183130795,0.0170364676723502,0.0176719615717034,0.0182662699263087,0.0188143393469994,0.0193017940331258,0.0197252175081341,0.0200651477276895,0.0203185556836096,0.0204674752721465,0.0205133473186034,0.0204368665583661,0.0202418546320914,0.01991163808732,0.0194567256944273,0.0188643595096894,0.0181500592892966,0.0173104604789876,0.0163611581292287,0.0153152565400726,0.014191047206385,0.0130034355638518,0.011776837893758,0.0105341296137935,0.00929876262073704,0.00809552293384752,0.00694193192810315,0.00586173386796592,0.00486706083545786,0.0039718579544145,0.00318003079765674,0.00249912353628112,0.00192184276738674,0.00144821082857277,0.00106556061470335,0.000767210756551662,0.000537828710769657,0.000368139122449993,0.000244836256083811,0.000158796736518903,9.96716615647409e-05,6.06830394578701e-05,3.58925970277715e-05,2.05174429565319e-05,1.1527108749956e-05,6.17396469023796e-06,3.28245354082154e-06,1.63032995213544e-06,8.38890711335964e-07,3.63376245265862e-07,1.94437892776531e-07,6.87973532691041e-08,3.43245425183661e-08,9.1194116624858e-09,5.85265808949701e-09,-2.49893480615623e-09,0
1.55414093095187e-09,0,1.08459063272529e-07,1.046290868172e-08,1.23777182360303e-07,1.61426040625106e-08,1.43873564841019e-07,4.01574302389496e-08,1.44325382980755e-07,7.85620136356772e-08,1.55773166401833e-07,1.0731472307108e-07,1.79961629778362e-07,1.43878648047216e-07,2.02946087399646e-07,1.91165671445173e-07,2.3366069317495e-07,2.43029962923362e-07,2.77424954860701e-07,2.99756156695603e-07,3.34620040475146e-07,3.6696786841004e-07,4.05991705110597e-07,4.46658105609001e-07,4.93025512490491e-07,5.44021254610061e-07,5.99231627377746e-07,6.60588184502885e-07,7.27917396338336e-07,8.0306140348261e-07,8.85091489627675e-07,9.75361849767959e-07,1.07463201104318e-06,1.18404573888856e-06,1.30481132932731e-06,1.4379089903208e-06,1.58417564829717e-06,1.74489361382996e-06,1.92203303747447e-06,2.11709871124476e-06,2.33117294010878e-06,2.56664015495817e-06,2.82654157025335e-06,3.11282059176514e-06,3.42682508820813e-06,3.77179000753898e-06,4.15210123372301e-06,4.57052058853452e-06,5.03006977544363e-06,5.535259557729e-06,6.09132347888941e-06,6.70207306720412e-06,7.37364959015086e-06,8.11103011761e-06,8.92031672737626e-06,9.80942288280241e-06,1.07923159376319e-05,1.18730393020279e-05,1.30555306143877e-05,1.43484294369808e-05,1.57722600174171e-05,1.73358364568761e-05,1.90550296269996e-05,2.09433674415575e-05,2.3023163521874e-05,2.52951247055989e-05,2.77826975947578e-05,3.05160424345698e-05,3.35345363726157e-05,3.68321458575992e-05,4.04440441060747e-05,4.43974242324474e-05,4.87437490104287e-05,5.35119607734926e-05,5.87639945294165e-05,6.44977991848237e-05,7.07587528631098e-05,7.76313036532433e-05,8.51956413868515e-05,9.34591066466553e-05,0.000102498189631603,0.000112408132336672,0.00012328153730146,0.000135169296764338,0.000148153090202267,0.000162335970303341,0.000177872829489016,0.000194903930163526,0.000213541512835388,0.000233904610290114,0.000256138349193532,0.000280409760361462,0.000306879525259579,0.000335801730038111,0.000367399544348272,0.000401910562492205,0.000439511597562536,0.000480551865772748,0.000525255010362651,0.000573971757730428,0.000626973801858199,0.000684751873871926,0.000747482003495264,0.000815749721620226,0.000889940035829262,0.000970676766793031,0.00105808442976337,0.00115306778988634,0.00125602328503098,0.00136767266318379,0.00148803871049193,0.00161871031851689,0.00176010043235864,0.00191300556608045,0.00207736048106926,0.0022552676057935,0.00244669542045216,0.00265289284774366,0.0028743027259239,0.00311265715613995,0.00336817135141214,0.00364200873500513,0.00393460093350138,0.00424756816785783,0.00458120165670823,0.00493660060238039,0.00531467427211424,0.00571660196231257,0.00614167153049553,0.00659005882024768,0.00706289018783965,0.00756084653112532,0.00808328269676527,0.00862909475081235,0.00919799645213006,0.00978839512246874,0.0103997222751541,0.0110287817174743,0.0116738977479497,0.0123314635695462,0.0129999042922346,0.0136713041792926,0.0143427511433695,0.0150070643379793,0.015661211196901,0.0162933751836708,0.0168999649734962,0.0174684089419285,0.0179938466237241,0.0184598590622464,0.0188640317280715,0.0191893614699537,0.0194322711002323,0.0195751322929592,0.0196196177944797,0.0195469996489351,0.0193596461483827,0.0190424915772939,0.0186090425455062,0.0180442548552615,0.0173584691729815,0.0165543319811218,0.0156495455273266,0.014649639393689,0.0135722285673582,0.0124360772753611,0.0112638551098677,0.0100764856984436,0.00889459352696833,0.00774217001106673,0.0066395523482608,0.00560774109052194,0.00465614919954891,0.00379943908244196,0.00304163552496136,0.00239061863070035,0.00183914695109298,0.00138600112449911,0.00101955879206745,0.000733869489619607,0.000514481996658425,0.000352603971697233,0.000234663211308865,0.000151817483631816,9.51431768109754e-05,5.81815419653063e-05,3.45274223730642e-05,1.96417280314531e-05,1.09538089294491e-05,5.88557583818263e-06,3.16893944774128e-06,1.55823467840685e-06,8.06945814620426e-07,3.62001072520608e-07,1.64052597427721e-07,5.77634973220062e-08,5.32892880574866e-08,5.40756532145324e-09,-3.78899168238778e-09,1.53795363530693e-09,0
1.5185886416299e-09,0,1.03801130101779e-07,9.60532746450607e-09,1.1793058026601e-07,1.66075991141788e-08,1.36450932913637e-07,3.81574298270929e-08,1.38993624776684e-07,7.3961129568032e-08,1.49230859203362e-07,1.02794247865956e-07,1.71277270884418e-07,1.37817707809579e-07,1.93754721333141e-07,1.82370334714601e-07,2.23614959102638e-07,2.31734812051935e-07,2.65153568557447e-07,2.86217060478221e-07,3.19487070696374e-07,3.50592197486623e-07,3.8769635945447e-07,4.26606485617484e-07,4.70921050073091e-07,5.1943391981962e-07,5.72454036688852e-07,6.30944900829535e-07,6.95282186026187e-07,7.67030125408701e-07,8.4534717791314e-07,9.31520670498167e-07,1.02624684636594e-06,1.13108959624862e-06,1.24657777844091e-06,1.37351330393274e-06,1.51304617170859e-06,1.66665091611493e-06,1.83594632869128e-06,2.02215557216461e-06,2.22665857198686e-06,2.45182337635864e-06,2.70027135779016e-06,2.97361816160853e-06,3.2733755306629e-06,3.60293076476614e-06,3.96646812647632e-06,4.36630762499152e-06,4.80534793891897e-06,5.28802815780872e-06,5.81908174783391e-06,6.40220591880327e-06,7.04406057327092e-06,7.74944954178211e-06,8.5232784211739e-06,9.37277196682849e-06,1.03114945815895e-05,1.13433053599419e-05,1.24725568559303e-05,1.37084669973125e-05,1.50700970817918e-05,1.65649013630279e-05,1.8208457134907e-05,2.00130363983001e-05,2.1998304343448e-05,2.41672694606275e-05,2.65459264533464e-05,2.91606478949504e-05,3.20451905531095e-05,3.51953643876663e-05,3.86457389324817e-05,4.24214472117048e-05,4.65763738421139e-05,5.11388838956914e-05,5.61580844011938e-05,6.16321729403211e-05,6.76165763414703e-05,7.41891587424479e-05,8.14156839328148e-05,8.9307992237592e-05,9.79467878135614e-05,0.000107417332464583,0.000117804357790822,0.000129164345156407,0.000141578105740575,0.000155135473833154,0.000169979778553093,0.000186251788174485,0.000204064837206149,0.00022352601490886,0.000244766011790072,0.000267951062789328,0.000293246157261972,0.00032089068299919,0.00035108249944212,0.000384048929619481,0.000419979993448058,0.000459216580620313,0.000501951364600775,0.000548490690112634,0.000599082912040278,0.000654237697829497,0.000714191159118835,0.000779488684400754,0.000850417242859268,0.000927548125615425,0.00101102189051831,0.00110173886596421,0.00120011217995596,0.00130678486629227,0.00142176056019295,0.00154663875033043,0.0016817868093095,0.00182785851211211,0.00198482041648492,0.00215477288556574,0.00233771133795127,0.00253477980536557,0.00274634697278836,0.00297408774679607,0.00321822871058273,0.00347990000417012,0.00375952592385008,0.00405852969866853,0.00437721607659274,0.00471689365691002,0.00507835447426059,0.00546244590121503,0.00586855300147697,0.00629703486471448,0.00674896565677674,0.00722485017734869,0.00772404560911579,0.00824575407237803,0.00878974973691328,0.00935411487998312,0.00993820229627449,0.0105394214833693,0.0111563302419289,0.0117849827523411,0.0124237031945864,0.0130654259563649,0.0137074767349195,0.0143425619314183,0.0149677387739457,0.01557197440422,0.016151921101357,0.0166955398345055,0.0171979436416748,0.0176432336369226,0.0180294675222847,0.0183407267723111,0.0185733267684313,0.0187098918883168,0.0187518549432698,0.0186820558899123,0.01850342902185,0.0182004560692262,0.0177850518463969,0.0172444488909067,0.0165898269653299,0.0158217051377623,0.0149557739651717,0.0139992045376755,0.0129695934581317,0.011883686163922,0.0107628211461387,0.00962765673213254,0.0084983331307657,0.00739723728070089,0.00634307283094765,0.00535647537283772,0.0044472179101418,0.00362884050823326,0.00290474336554304,0.00228295813350527,0.00175637286038334,0.00132306946392272,0.000972689919918476,0.000700433611487438,0.000491343095153856,0.000336304225241817,0.000223648034148361,0.000145084310912762,9.0829313292836e-05,5.51658758088487e-05,3.28805273742224e-05,1.88842959401588e-05,1.03907240457696e-05,5.57030137234192e-06,3.09079200266258e-06,1.4592699752843e-06,7.15401703542553e-07,3.77026679500202e-07,1.81723958702264e-07,3.56325699530983e-08,4.26469052476068e-08,1.33746256566615e-08,-1.48003051115638e-09,-6.98919355733485e-10,0
1.48384964101995e-09,0,9.82419221407944e-08,5.29507805162889e-09,1.12652477480238e-07,2.0649271797368e-08,1.23060337558006e-07,3.50454572548387e-08,1.38240802107756e-07,6.34381706630681e-08,1.41659734970052e-07,1.02277138147639e-07,1.5490542933888e-07,1.33621933661179e-07,1.85276090414149e-07,1.66095503695081e-07,2.19363492037762e-07,2.1484352718701e-07,2.50874203471163e-07,2.74815869774978e-07,2.97666156731196e-07,3.35766069582665e-07,3.66579092666219e-07,4.04154198049118e-07,4.49505281014589e-07,4.90930667753514e-07,5.438939846522e-07,5.97970869456024e-07,6.599988756287e-07,7.30174453683863e-07,8.03009661242107e-07,8.84944765702425e-07,9.75110101870831e-07,1.07579202871898e-06,1.18549623239692e-06,1.30411812090022e-06,1.43776595138026e-06,1.58690289964098e-06,1.74893485666346e-06,1.92399905352577e-06,2.11713845269674e-06,2.33261821481286e-06,2.56874568921732e-06,2.82707651121934e-06,3.11390861833709e-06,3.43357805450378e-06,3.78326938696524e-06,4.15907568185433e-06,4.56979871522592e-06,5.03046008719999e-06,5.54377012669595e-06,6.10254104860124e-06,6.71070127993698e-06,7.37957788557919e-06,8.11904630988117e-06,8.93205718951991e-06,9.82617005823697e-06,1.08084473688628e-05,1.18864454504623e-05,1.30648175378512e-05,1.43600913866891e-05,1.57842143090722e-05,1.73549947353695e-05,1.90769070363008e-05,2.09601740533782e-05,2.30253366122014e-05,2.53198164215201e-05,2.78354446600367e-05,3.05638506565727e-05,3.35392884630813e-05,3.68308461596801e-05,4.0437285893753e-05,4.44126158690432e-05,4.87882292828942e-05,5.35711873159161e-05,5.87743352986368e-05,6.44938407833271e-05,7.07823575781784e-05,7.76758186166584e-05,8.51887066808007e-05,9.34010454190621e-05,0.000102424254607766,0.000112375374453697,0.000123273753154633,0.000135125309467893,0.000148009038772647,0.000162137560597119,0.000177701075235243,0.000194757598479733,0.000213332696011266,0.000233555006528175,0.000255674045328299,0.000279889454678181,0.000306294806336817,0.000335012662447652,0.000366456178816351,0.000400904205092399,0.000438484348597162,0.000479247534213489,0.000523553324182678,0.000571703580696432,0.000624330269765654,0.000681808442429078,0.000744433273565302,0.000812199203412382,0.000885737615718299,0.000965331353477952,0.00105189398915679,0.00114574897245744,0.00124759208765802,0.00135793898399155,0.00147789463684247,0.00160650908411667,0.00174496124069774,0.0018948886635435,0.00205805367304706,0.00223327192980042,0.00242156771784567,0.00262357391222608,0.00284085486298944,0.00307396931070423,0.00332438289425102,0.00359172523451151,0.00387645287230444,0.00418042202984419,0.00450675601912946,0.00485395164065711,0.00521992752864575,0.00560604069425449,0.00601556604158009,0.00644839297819509,0.00690325596426657,0.00738056873198142,0.0078798605707257,0.00839960128397573,0.00893859452114304,0.00949701814657736,0.0100712963843867,0.0106607544958152,0.0112628869737081,0.0118741404452174,0.0124867983236991,0.0131003042421224,0.013707937640802,0.0143051739117721,0.0148816812883752,0.0154365866953269,0.0159580022702196,0.0164377485231306,0.0168621149942136,0.0172330135412922,0.0175313991693429,0.0177517298019121,0.0178821793827699,0.0179232239473983,0.0178559987976033,0.0176855785300228,0.0173961239550315,0.0169986902887079,0.016483242205587,0.0158575087097369,0.0151209939888259,0.014293115366126,0.013380430948741,0.0123961249980938,0.0113576493390309,0.0102873667876032,0.00920207394537312,0.00812115274978747,0.00706919948829581,0.00606279450009123,0.00511941955732093,0.0042495250829542,0.00346837926557892,0.00277725681730766,0.00218145498788729,0.00167770150945991,0.00126491948852032,0.000930285907049397,0.000669586026388869,0.000469582157216333,0.000321492142956678,0.000213738108202434,0.000138556195606489,8.70725473117326e-05,5.30205838076625e-05,3.12685238949079e-05,1.79262617048278e-05,1.00873395764125e-05,5.3653802508703e-06,2.87267818626773e-06,1.42325605091769e-06,7.26878307512662e-07,3.239034200987e-07,1.64614327174013e-07,6.03290901317387e-08,3.26860279438664e-08,4.85945449318612e-09,6.75120995403503e-09,-1.28920865982657e-09,0
1.44990532445431e-09,0,9.31120071125231e-08,6.99259194103976e-09,1.10043481949334e-07,1.56837011032139e-08,1.18527959853968e-07,3.7775938669841e-08,1.27811199635572e-07,6.25493364128168e-08,1.37644755772041e-07,9.38639291265794e-08,1.536233063582e-07,1.24784221003289e-07,1.77549352886765e-07,1.63103097106338e-07,2.03865724433184e-07,2.09975322666284e-07,2.40071950084314e-07,2.60532568827178e-07,2.8959737937968e-07,3.17993909585714e-07,3.51963505598228e-07,3.87211716273539e-07,4.27538631359079e-07,4.71392592149322e-07,5.20111821892861e-07,5.73350517951628e-07,6.31551195724435e-07,6.96408055570723e-07,7.67805463016005e-07,8.46612246739914e-07,9.32833089818693e-07,1.02807191012494e-06,1.13301686416364e-06,1.24858093136092e-06,1.37549495527114e-06,1.51507147843324e-06,1.6688905826753e-06,1.8385474385442e-06,2.02531927774811e-06,2.23063404220928e-06,2.45643882041053e-06,2.70462082189156e-06,2.97720372656911e-06,3.27702191901571e-06,3.60807905524378e-06,3.97309869603265e-06,4.37357474072081e-06,4.81221336462205e-06,5.29458078071658e-06,5.82545228853398e-06,6.41043315518843e-06,7.05336853449901e-06,7.75939175122412e-06,8.53360700137195e-06,9.38511691454523e-06,1.03205859134892e-05,1.13507586322494e-05,1.24817945349615e-05,1.37244182376064e-05,1.50859560522424e-05,1.65826979634766e-05,1.82240092833784e-05,2.00292972585651e-05,2.20069182256287e-05,2.41783557708048e-05,2.65586786189176e-05,2.91818735927431e-05,3.20549117469593e-05,3.52058730628308e-05,3.86508400781902e-05,4.24388470376109e-05,4.65876566070369e-05,5.11463687847381e-05,5.61432077098969e-05,6.16236731519562e-05,6.76152712704037e-05,7.41842622310074e-05,8.13820788542028e-05,8.92692266349279e-05,9.78910133614836e-05,0.000107336940893135,0.000117687096527419,0.000129029606935559,0.000141432628746468,0.000154982865746772,0.000169792620737942,0.000186001343508896,0.000203735191578681,0.000223109287516743,0.000244268594012052,0.000267363632343671,0.000292604759894077,0.000320156507315992,0.000350221135887106,0.000382974134114412,0.000418726425065062,0.000457691532512945,0.000500199539708844,0.000546423104476249,0.000596738250039678,0.00065140390775649,0.000710980973616322,0.00077570718950401,0.000846138713510471,0.00092241551713713,0.00100518052828253,0.00109480353034863,0.00119221948806634,0.001297422462547,0.00141138001999205,0.00153453941652631,0.00166803475892149,0.00181151479068317,0.00196648046872319,0.0021334430432882,0.00231368404625938,0.002507046243873,0.00271486985111448,0.0029376072511384,0.00317656027652378,0.00343214022062717,0.00370550366380291,0.00399686530089865,0.00430715552312742,0.00463687652207348,0.004987377639985,0.00535880309273203,0.00575105780937754,0.00616415997643245,0.00659859759112272,0.00705443303601721,0.0075310220761249,0.0080281550457571,0.00854421480242849,0.00907819759750081,0.00962762938263901,0.0101915592253053,0.0107660156226852,0.0113494650423178,0.0119362311924162,0.0125234647357425,0.0131037466825931,0.0136751039762057,0.0142278396475634,0.0147577865595372,0.0152539321818117,0.0157134762024451,0.0161215269501004,0.0164742950890718,0.0167578568431326,0.0169704335875488,0.0170954741981194,0.0171335905349821,0.0170695942471591,0.016906772906721,0.0166301718253647,0.016249275649354,0.0157544350598443,0.0151574237723386,0.0144554284530678,0.0136626479035204,0.0127885420409758,0.0118480327424842,0.0108554275837305,0.00983117342231102,0.00879378782068864,0.00776164451479936,0.0067555619200443,0.00579267251072389,0.00489166544652134,0.00406085454964498,0.00331335165079539,0.00265258786979549,0.00208432433905543,0.00160272176348939,0.00120776386818925,0.000888561429644859,0.000639449253596844,0.000448151545002259,0.000306973679395319,0.000204194969613558,0.000132224293596404,8.29425546517307e-05,5.0604094853412e-05,2.99310397270499e-05,1.70851555484909e-05,9.60124397838592e-06,5.133427984325e-06,2.74060579973141e-06,1.35861683405863e-06,6.91329896634222e-07,3.079682173797e-07,1.61833382229149e-07,5.49813175216551e-08,3.12762218107145e-08,5.06151322375499e-09,5.33592624130098e-09,6.29122478786436e-11,0
1.4167375128628e-09,0,8.55960966806459e-08,1.8417406384883e-08,1.10006165244997e-07,-1.22966797090644e-08,1.20460739433506e-07,6.78705932920526e-08,9.19910475666117e-08,4.78464020834305e-08,1.66471847460286e-07,7.31107253853167e-08,1.34283780286916e-07,1.37437395997714e-07,1.61562901926789e-07,1.54391642202501e-07,1.97636881707141e-07,1.97380606534153e-07,2.33146159494609e-07,2.44700124960101e-07,2.77103923969196e-07,3.06150838758309e-07,3.32609865245492e-07,3.70639560646354e-07,4.07660896307024e-07,4.49797091470373e-07,4.98044135465685e-07,5.46681410810924e-07,6.01664789938956e-07,6.64825390585816e-07,7.33047129083097e-07,8.07443061471188e-07,8.90181383774416e-07,9.81642757479209e-07,1.08201477500448e-06,1.19120818037032e-06,1.31186356822553e-06,1.44465511023395e-06,1.59164078433088e-06,1.75557879433943e-06,1.93452132173771e-06,2.1287835012247e-06,2.34235496736044e-06,2.58050372972477e-06,2.8431571097704e-06,3.12834373779889e-06,3.44118601055945e-06,3.78997781935875e-06,4.17588789304631e-06,4.59477720147361e-06,5.05133604846719e-06,5.55738124986745e-06,6.1216931928877e-06,6.73983294877221e-06,7.40825765900133e-06,8.13807787016738e-06,8.95185207481035e-06,9.85373696324556e-06,1.08378293197812e-05,1.19105477208609e-05,1.30985181372712e-05,1.44075884194777e-05,1.58364736691224e-05,1.73940837000971e-05,1.91148566429349e-05,2.10077053651216e-05,2.30786367872956e-05,2.53431663331959e-05,2.78442006500652e-05,3.05846203088299e-05,3.35968863551653e-05,3.69055698183028e-05,4.05273226547529e-05,4.44566586694628e-05,4.87804050343231e-05,5.35647863084059e-05,5.88264116083082e-05,6.45446576484084e-05,7.07924914540266e-05,7.76545292416621e-05,8.51837541563273e-05,9.34113344031802e-05,0.000102433318906661,0.000112326189592486,0.000123160595950654,0.000135002306759132,0.000147938176026187,0.000162060114335051,0.000177500947050487,0.000194420241741838,0.000212943510664967,0.000233155885928431,0.000255182573693311,0.000279318208368183,0.000305736615233732,0.000334450841515429,0.000365563643079689,0.000399616792068207,0.000436942332616134,0.000477605001079458,0.00052164940736178,0.000569672328502873,0.00062198872661853,0.000678983404940601,0.000740865618713192,0.000808019795945231,0.0008805066334705,0.000959564609787254,0.00104579533441791,0.00113901292505512,0.00123871984757149,0.00134729660626016,0.00146588892692233,0.00159369885828269,0.00172969657426818,0.00187769854704015,0.00203851298829853,0.00221061758712765,0.00239392101426059,0.00259241779082694,0.00280640438614593,0.00303477129407698,0.00327817225433089,0.00353993628259145,0.00381942678033685,0.00411490624549612,0.00442834689717154,0.00476405550619376,0.00512059450715811,0.00549526041036905,0.0058892913016916,0.00630455460977251,0.00674021362434785,0.00719551639096223,0.00767088349944751,0.00816429252905538,0.00867486343809834,0.00920076703591765,0.00973967518681498,0.0102873131749606,0.0108449086149163,0.0114072965266683,0.0119686255520929,0.0125220187678287,0.0130683893097268,0.0135980196187009,0.0141049211506919,0.0145786941200569,0.0150175942326032,0.0154075501481805,0.0157449203774409,0.0160162231349144,0.0162191431726425,0.0163381489264043,0.0163750124354041,0.016314667365506,0.0161583442474721,0.0158920452023499,0.0155280127156052,0.0150571876956481,0.0144858982738769,0.0138118886777943,0.0130548193775857,0.0122214351043723,0.0113210564958786,0.0103706187857383,0.00939250628445838,0.00840234899530175,0.00741519968993265,0.00645246954855867,0.00553335865521572,0.00467288838635647,0.00387804513896952,0.00316426394745171,0.00253356471439513,0.0019905008646537,0.00153041922592142,0.00115314879343487,0.000848461005307649,0.000610780719767976,0.000427961552743948,0.000292984610808023,0.000194981236778578,0.000126416427762227,7.92592051502407e-05,4.82981861887383e-05,2.85989756613539e-05,1.63526140906313e-05,9.19121135279439e-06,4.89985019635329e-06,2.61664626264561e-06,1.30991370616554e-06,6.70377949073927e-07,2.95319666885412e-07,1.47037946753228e-07,5.3036249121472e-08,3.64798800295355e-08,2.16196105223365e-09,3.47026565295023e-09,1.8071663413438e-09,0
1.38432844303685e-09,0,9.01598319344814e-08,3.42055357065254e-09,9.03026808157563e-08,2.54269737329107e-08,1.23241751389956e-07,1.05381981876766e-08,1.1885731314725e-07,8.40903664579455e-08,1.05282300706066e-07,7.99450058432425e-08,1.6795902043569e-07,9.74054911239064e-08,1.58684988966566e-07,1.71263755728945e-07,1.69777895350833e-07,1.97891298804403e-07,2.29906652951809e-07,2.28240109749583e-07,2.75305843872285e-07,2.91687556107673e-07,3.20591465251906e-07,3.6321242250555e-07,3.89693650601239e-07,4.34942034999722e-07,4.79583553249924e-07,5.2658777317209e-07,5.84076488931289e-07,6.39925276313419e-07,7.05710471202817e-07,7.79013614879825e-07,8.57450854107456e-07,9.45921025115006e-07,1.0410799894375e-06,1.14779161466164e-06,1.26460936034127e-06,1.3919331365908e-06,1.53226796199056e-06,1.68715424914967e-06,1.85927906009391e-06,2.04740115050012e-06,2.25328828293869e-06,2.48125002613185e-06,2.73283602847886e-06,3.00916881124789e-06,3.31083861488809e-06,3.64103434606481e-06,4.00642114262457e-06,4.41189286142234e-06,4.85745409765387e-06,5.34140350046654e-06,5.87103561574608e-06,6.45918102402374e-06,7.11374271085858e-06,7.82737074091707e-06,8.59919409663679e-06,9.44585069604967e-06,1.03892003223801e-05,1.14308279013842e-05,1.2572102386386e-05,1.38159905548774e-05,1.51766090873395e-05,1.66686914622483e-05,1.83205631386613e-05,2.01453117039514e-05,2.2147980592107e-05,2.43122850218197e-05,2.66771406982096e-05,2.92946657797371e-05,3.21925163326267e-05,3.53556448584211e-05,3.88242726951536e-05,4.26084435395517e-05,4.67589056756333e-05,5.13279284268342e-05,5.6332735901794e-05,6.17767315698645e-05,6.77731955856492e-05,7.43823312961256e-05,8.15971838581797e-05,8.94484924388468e-05,9.80644573178105e-05,0.000107522291908791,0.000117866829963149,0.000129170006072796,0.000141561393694748,0.000155127637035246,0.000169921430319583,0.000186059332212462,0.000203727916812028,0.000223075973837668,0.000244161575615337,0.000267170919376081,0.000292358505582129,0.000319893286461609,0.000349796569136936,0.000382362686041698,0.000417896575630111,0.000456672417914415,0.000498817300096122,0.000544815173257227,0.000594943516322231,0.000649443253639934,0.000708371896261344,0.000772533922344329,0.000842231687895673,0.000917732088813358,0.000999439503046069,0.00108877782614182,0.00118532558421931,0.0012889277754282,0.00140057261060595,0.00152266771939737,0.00165445887706635,0.00179609000115943,0.00194820230089744,0.00211269695767233,0.00228941186829123,0.00247929104490821,0.00268275433325589,0.00290098736486504,0.0031340367075468,0.00338315725816244,0.00364977218573582,0.00393457981402472,0.00423592877548104,0.00455471210443318,0.0048931257360349,0.00525190004498903,0.00562978754547457,0.00602688650153654,0.00644401773261977,0.00687967458035463,0.0073327807631593,0.00780353189021759,0.00829213889730101,0.00879522363554356,0.00931082824105703,0.00983511785543616,0.010367463166387,0.0109040440023628,0.0114420478903927,0.0119726980814323,0.0124936001735812,0.0129981211063878,0.0134836046840652,0.0139376761442485,0.0143569070534637,0.0147298510092818,0.015053212356078,0.01531299832716,0.0155071929110776,0.0156201011367619,0.0156543418105698,0.0155978966057237,0.0154496594202149,0.0151944534754759,0.0148459470361198,0.0143959165169056,0.0138508634898917,0.0132074363935221,0.012481817208829,0.0116840986304511,0.0108254612614618,0.009918161954052,0.00898188440579403,0.00803322964419469,0.00709024498442244,0.00617207781636573,0.00529212343120418,0.00446817927217733,0.0037092888722927,0.00302672808025337,0.00242306404414441,0.00190396878339962,0.0014640618149606,0.00110299503739924,0.000811493327828861,0.000584308451947877,0.000409432735124732,0.00028023118042566,0.000186412719755166,0.000120829857107651,7.58184460141769e-05,4.61748514707318e-05,2.73003523609612e-05,1.55949009980574e-05,8.75606737375563e-06,4.69457860339064e-06,2.49367587131273e-06,1.23462784677524e-06,6.38099827288734e-07,2.74636976479204e-07,1.48432515764583e-07,5.14264540907112e-08,2.5864961624777e-08,8.0653914135562e-09,3.24625580413915e-09,-1.72000953631618e-09,0
1.35266075811632e-09,0,8.19792978165468e-08,9.97243062080379e-09,9.22779563707859e-08,9.03190314747119e-09,1.12639183013432e-07,3.08778821691805e-08,1.04525399137058e-07,6.23903670038068e-08,1.18965209010361e-07,7.73943515362511e-08,1.38306024662231e-07,1.09488097397521e-07,1.5017499051995e-07,1.48126199975722e-07,1.74056076254862e-07,1.84314995827515e-07,2.10176412777418e-07,2.2564709001023e-07,2.54042754240006e-07,2.77091182540095e-07,3.0680644204598e-07,3.38165716982541e-07,3.72566655442419e-07,4.11626264615375e-07,4.53103161573714e-07,4.99683892232597e-07,5.51069897732665e-07,6.07449376601066e-07,6.6996608125297e-07,7.37879330710733e-07,8.13226894064575e-07,8.96163031363954e-07,9.87617859320015e-07,1.08827668351616e-06,1.19877803579158e-06,1.32073232305314e-06,1.45501906000992e-06,1.60269156866528e-06,1.76459002101263e-06,1.94310228892723e-06,2.14014946751294e-06,2.35662408136852e-06,2.59426186883279e-06,2.85567155375681e-06,3.14365103798029e-06,3.46066178593261e-06,3.80941116359448e-06,4.19169238200964e-06,4.61141351588596e-06,5.07377304953267e-06,5.58369056462151e-06,6.14254877156504e-06,6.75543350782908e-06,7.43018734064375e-06,8.17555507402113e-06,8.99216158077117e-06,9.88554274375353e-06,1.08648747793562e-05,1.1944459003302e-05,1.31304452116296e-05,1.4436448492031e-05,1.58698623509795e-05,1.74423998131853e-05,1.91584424949689e-05,2.10447541966114e-05,2.31202964935205e-05,2.54057429001575e-05,2.79024453192002e-05,3.06442155123125e-05,3.36451380882441e-05,3.69424686531703e-05,4.05583943764417e-05,4.45299735366294e-05,4.88661232366091e-05,5.36246428207735e-05,5.88527719448574e-05,6.45848649041766e-05,7.0841064502465e-05,7.7697875110258e-05,8.52188243053357e-05,9.34586029811735e-05,0.000102459554968321,0.000112311373801329,0.000123099350166012,0.000134907095343514,0.000147821023951845,0.000161945854782768,0.000177388216658699,0.000194247272329529,0.000212655069601444,0.000232770122436158,0.000254772184834665,0.000278766665655884,0.000304938730130788,0.00033348083407355,0.000364645840623996,0.000398568633467761,0.000435562393026047,0.0004758632058543,0.000519776722972929,0.000567408355155764,0.000619260769537665,0.000675643079229576,0.000737006269998943,0.000803477214231918,0.000875724538881302,0.000953915479597253,0.00103866677235449,0.00113025803252988,0.00122979220127088,0.00133728014298752,0.00145346313435382,0.00157853213232623,0.00171394614604024,0.00185955819199544,0.00201650238224117,0.00218517298281804,0.0023666389755338,0.00256098528714683,0.00276936086657747,0.00299229147172927,0.00323087745665118,0.00348514321511599,0.00375595722111456,0.00404396870636311,0.00434996948748266,0.00467376434373082,0.00501586321311708,0.00537680478627682,0.00575657808670836,0.00615471983431476,0.00657077055266414,0.0070047849279703,0.00745554951543871,0.00792214154912351,0.0084019043836348,0.00889420243653875,0.00939642221232062,0.00990679861605675,0.0104193032828757,0.0109319342646818,0.0114391486152126,0.0119387100469771,0.012421644834456,0.012885059438228,0.013319125585561,0.0137202272856721,0.0140764519816745,0.0143858728624338,0.0146344152256948,0.0148194544638713,0.0149286215296585,0.0149628479469159,0.0149069785669058,0.014763909583739,0.0145227790981612,0.0141917458607852,0.0137589531227871,0.0132354639120026,0.0126229459184114,0.0119318765161622,0.0111675478330023,0.0103453925350377,0.0094789494121042,0.0085846289316965,0.00767835337399324,0.00677661005052216,0.00589830024016353,0.00505785301645265,0.00427073634941769,0.00354515422261331,0.00289276211231379,0.00231586385723492,0.00181976752373397,0.00139938937625172,0.00105450648930475,0.000775806603563907,0.000558360901030992,0.000391390819838854,0.00026809390205391,0.000178261880534824,0.000115502129184674,7.25640902401363e-05,4.41934060404423e-05,2.60544315137407e-05,1.49247223875217e-05,8.42528657511367e-06,4.47698885144686e-06,2.37305368083753e-06,1.19035562342997e-06,6.1133753099228e-07,2.61989098793774e-07,1.39017428794209e-07,5.12653581027226e-08,2.57955431323864e-08,4.04864047717121e-09,5.54148289422605e-09,-2.67403968486823e-10,0
1.32171749829394e-09,0,7.77816107911763e-08,1.04196599011794e-08,8.82501712097037e-08,7.26746923050108e-09,1.07137262733362e-07,3.19087076767961e-08,9.74332492954124e-08,5.90046673620525e-08,1.1612793573796e-07,7.11716921496874e-08,1.32403660548015e-07,1.05833629567927e-07,1.41281124478353e-07,1.42200778275113e-07,1.66531646419205e-07,1.74324944153201e-07,2.01841552325309e-07,2.14248389664951e-07,2.42228177562487e-07,2.64842121958922e-07,2.91933438853066e-07,3.23112562100675e-07,3.54924918656598e-07,3.92709542493942e-07,4.32219551319438e-07,4.76120054065042e-07,5.25661191648506e-07,5.79057015033181e-07,6.39182783125699e-07,7.03927468500949e-07,7.75610969591296e-07,8.54739523547873e-07,9.41847665270612e-07,1.03809605939708e-06,1.14330996744549e-06,1.25961244548003e-06,1.38789606302222e-06,1.52916847434916e-06,1.68372941847873e-06,1.85374484118928e-06,2.04173610195357e-06,2.24843524388102e-06,2.4752835301068e-06,2.72499912329336e-06,3.00005740474805e-06,3.3023727697578e-06,3.63517724780883e-06,4.00067143550978e-06,4.40134830017987e-06,4.8420488200995e-06,5.32879093290898e-06,5.8627484431301e-06,6.44758935781379e-06,7.09122032684993e-06,7.80361189392953e-06,8.58545080303327e-06,9.44010627404173e-06,1.03749616368114e-05,1.14040101905408e-05,1.25338495692613e-05,1.37797329049801e-05,1.51515304877324e-05,1.66578989945509e-05,1.8297040996055e-05,2.00951609374423e-05,2.20763728359884e-05,2.42608184277906e-05,2.6645341481552e-05,2.92630876667783e-05,3.21303432600863e-05,3.52803508544164e-05,3.87360125812466e-05,4.25353229517759e-05,4.66764205279166e-05,5.12118535775512e-05,5.62043209719372e-05,6.16910816104302e-05,6.76740426780153e-05,7.42204461831146e-05,8.14059702975818e-05,8.92896034909948e-05,9.78954080076649e-05,0.000107300564922983,0.000117603239372377,0.000128893995035314,0.000141244979019167,0.000154746372395004,0.000169505586029341,0.000185622653794712,0.000203211556685733,0.000222425007009342,0.000243460556654957,0.000266412191218579,0.000291423861404874,0.000318690275426749,0.000348482108716559,0.00038091036044728,0.000416252985451351,0.000454766421689244,0.00049676889638829,0.000542322599185241,0.000591866866452617,0.000645729623825802,0.000704374682527904,0.000767902348280504,0.000836983994285637,0.00091179901256561,0.000992812929233188,0.00108026412016565,0.00117538516578946,0.00127821410141023,0.00138927447202306,0.00150875556801433,0.00163822202819862,0.001777454129096,0.00192740270250906,0.00208861552169175,0.00226218778528615,0.00244799620501772,0.00264708555248154,0.00286009837480004,0.00308820487881962,0.00333137330012173,0.00359031751218772,0.00386570924042705,0.00415825779899408,0.00446765582980018,0.00479454820877529,0.00513963226745876,0.00550283411659008,0.00588355775062322,0.00628130340185043,0.00669616239991847,0.00712709594397874,0.00757330139667423,0.00803202553196374,0.00850248154085462,0.00898246552037693,0.00947057231207719,0.00996081344510003,0.010450906395333,0.010935636781603,0.0114132432844072,0.0118750274355477,0.012317974723376,0.0127330481273589,0.0131166820901201,0.0134568988415236,0.0137524545782841,0.0139903652995941,0.0141671757215308,0.0142710583316543,0.0143039150663418,0.0142507455324572,0.0141132706657836,0.0138819486676984,0.0135659658418903,0.0131528450184056,0.012651576158197,0.0120652372430269,0.0114047912949399,0.0106739706996445,0.00988803806700852,0.00906050421415776,0.00820543510092332,0.0073381942351557,0.00647624440198173,0.00563746612724357,0.00483443113006317,0.00408173014213977,0.00338790865193733,0.00276443534758391,0.00221342381755188,0.0017397168209632,0.00133765516449846,0.00100721763339434,0.000741021347262981,0.000534081399921744,0.000374446448553472,0.000255956353530298,0.000170064952434979,0.000110324081917846,6.9283686901811e-05,4.22411174715142e-05,2.49743715847306e-05,1.41560227909662e-05,7.89455444240495e-06,4.31367269073484e-06,2.32360887534428e-06,1.07789488022861e-06,5.55975656374938e-07,2.77609887497243e-07,1.2815110971715e-07,3.64695712273114e-08,3.21144278191199e-08,5.2751499124207e-09,5.39506241720311e-10,3.26604545502485e-10,0
1.29148209173241e-09,0,7.42747560412985e-08,5.92583574095294e-09,8.64526206217621e-08,1.18505431107949e-08,9.54987996599732e-08,3.06006527957112e-08,9.89366793781787e-08,5.08639570511774e-08,1.11122524932177e-07,7.12875352957523e-08,1.23189940851452e-07,1.01308007120348e-07,1.36112746429713e-07,1.34332295623315e-07,1.58672630305389e-07,1.6769283314809e-07,1.90746028572943e-07,2.05933177757437e-07,2.30541301693012e-07,2.51948886299643e-07,2.79225246977661e-07,3.07356612391933e-07,3.39281671676688e-07,3.73929768853218e-07,4.12517026914098e-07,4.54735201359321e-07,5.01548670134282e-07,5.52617108248232e-07,6.09293990927284e-07,6.71408226401712e-07,7.40167322472543e-07,8.15734522471043e-07,8.98947421840898e-07,9.90448559764541e-07,1.09121980272081e-06,1.20225881864283e-06,1.3244576909988e-06,1.45894863012671e-06,1.60697975536429e-06,1.7699209375632e-06,1.9490285577033e-06,2.14595824778019e-06,2.36279211533416e-06,2.60136770527654e-06,2.86386080390339e-06,3.15260681979612e-06,3.4702206143772e-06,3.81891169005306e-06,4.20241784050166e-06,4.62410188329159e-06,5.0879831362743e-06,5.59739141722335e-06,6.15798795494134e-06,6.77369321533509e-06,7.45013079130523e-06,8.191632684261e-06,9.00766367200195e-06,9.90469338613127e-06,1.08922022992232e-05,1.19751583445975e-05,1.31649388379064e-05,1.44672222177327e-05,1.58969340429694e-05,1.74644152445367e-05,1.91911845699033e-05,2.10846735874306e-05,2.31648201512293e-05,2.54420014675473e-05,2.79459503664354e-05,3.06849990036426e-05,3.36941829721898e-05,3.69895500020605e-05,4.06064873562765e-05,4.45684272373545e-05,4.89220493182816e-05,5.36874567397715e-05,5.89048975827346e-05,6.46156735910969e-05,7.08810804249545e-05,7.77391125091654e-05,8.52478596280828e-05,9.3467449856541e-05,0.000102475996566147,0.000112333525027418,0.000123110874339412,0.000134888080590921,0.000147764034155837,0.000161842241184071,0.000177227387995267,0.000194051672388595,0.000212436428652644,0.000232518611020985,0.000254413886137932,0.000278309787523598,0.000304360459065479,0.000332796693860533,0.000363777286870862,0.000397569258454161,0.000434322466406702,0.000474350488951908,0.000517858226419625,0.000565271697677998,0.000616757420037558,0.000672762095894933,0.000733455951589315,0.000799364184202643,0.000870665908938658,0.00094811297721973,0.00103189021260916,0.00112270379756583,0.00122065704427786,0.00132677624138611,0.00144110401149178,0.00156467444278756,0.00169756084069625,0.00184097779372111,0.0019949920710561,0.00216052111141427,0.0023379655962437,0.00252842049643851,0.00273207651127267,0.00294974281298847,0.0031817102120175,0.0034291156924029,0.00369229543762772,0.00397167606290992,0.00426731989298351,0.00457986829556991,0.00490955168804728,0.00525620504476285,0.00561970483078844,0.00599980134393485,0.00639629043112896,0.00680788088793818,0.00723389446282551,0.00767229429539139,0.00812241103340418,0.0085810701420195,0.00904659051274071,0.00951454322143937,0.00998338595288002,0.0104469465831412,0.010902767235714,0.0113435886561231,0.01176709033271,0.0121637263447667,0.0125301680813668,0.0128554317305888,0.0131374645353635,0.013364334285981,0.0135338643457615,0.0136330168396367,0.013662918245567,0.0136121329121454,0.0134825415252081,0.0132613376142056,0.0129570330765551,0.0125619029359726,0.0120847871388565,0.0115242619330873,0.0108916930856813,0.0101940184452151,0.00944335430687807,0.00865144556370896,0.00783444364340078,0.00700671523958459,0.00618338349631353,0.00538166938667484,0.00461420800345023,0.00389539690457178,0.0032332159519337,0.00263814876738904,0.00211172849843823,0.00165891986740792,0.00127549677727387,0.000960992014019216,0.000706838586899334,0.000508730223638443,0.000356547337827225,0.000244056026502666,0.000162247570213538,0.000105160708999565,6.60182967212173e-05,4.02049451244884e-05,2.37480397169677e-05,1.35740587373609e-05,7.63094110820008e-06,4.08104027011194e-06,2.17741574209907e-06,1.07527814338447e-06,5.50385139985657e-07,2.45995772159742e-07,1.27112123624501e-07,4.27406772244893e-08,2.56366373671428e-08,4.58075793859697e-09,3.46745041745714e-09,-6.12046906470775e-11,0
1.26193834568919e-09,0,7.05012961490837e-08,6.41169579031278e-09,8.25877865923267e-08,9.6580951099285e-09,9.19730136204274e-08,2.97405621464618e-08,9.34948992005393e-08,4.81706237499979e-08,1.06143543446807e-07,6.86075691984114e-08,1.16263105095424e-07,9.67314139188916e-08,1.30620181089814e-07,1.26653801791702e-07,1.52123343449062e-07,1.59381982988375e-07,1.81681001556569e-07,1.96504375516476e-07,2.19317372495726e-07,2.40325232085986e-07,2.66067672980866e-07,2.92976095286594e-07,3.23506077522717e-07,3.56453766565849e-07,3.93330783931359e-07,4.33531138287465e-07,4.78179854144515e-07,5.27077045750304e-07,5.81120966006916e-07,6.40592689492902e-07,7.06222948589789e-07,7.78303732528212e-07,8.57662755320265e-07,9.45108919553795e-07,1.04142689967606e-06,1.14744810964591e-06,1.26406860338334e-06,1.3924653408005e-06,1.53383565139523e-06,1.68935884713596e-06,1.86034106563282e-06,2.04851599941834e-06,2.25565071951235e-06,2.48341369481985e-06,2.73409623397572e-06,3.00970803504516e-06,3.31244238895563e-06,3.64515019941776e-06,4.01195463440675e-06,4.41514345813031e-06,4.85770434476448e-06,5.34350802419356e-06,5.87883139776946e-06,6.46686902990539e-06,7.11259373779022e-06,7.82129698036725e-06,8.60188504951302e-06,9.45820699412173e-06,1.03992891065706e-05,1.14321542612758e-05,1.25674312961267e-05,1.38096446991708e-05,1.51757042172851e-05,1.66766050469482e-05,1.83285592309128e-05,2.01355534754868e-05,2.21184347550925e-05,2.42892020724591e-05,2.66782746463584e-05,2.92965114463656e-05,3.21737200641537e-05,3.53189130899409e-05,3.87709963677787e-05,4.25574668402613e-05,4.67149401491444e-05,5.125958253186e-05,5.62387595261399e-05,6.16957080788819e-05,6.76837873494869e-05,7.42343086596263e-05,8.14056021855469e-05,8.92597310956984e-05,9.78590937694937e-05,0.00010725141360234,0.00011753223360819,0.00012879854198998,0.000141109659149819,0.000154544023746691,0.000169240198530287,0.000185330756467677,0.000202880905809461,0.000222018265111739,0.000242914666121464,0.000265770575376439,0.000290673835111726,0.000317799788566982,0.000347353698274026,0.000379656947004554,0.000414810681651265,0.000453038545170826,0.000494564555205761,0.000539862815772742,0.000589053836310685,0.000642498812038209,0.000700416376395598,0.000763383849971591,0.000831556385288595,0.000905613084849028,0.000985679303154447,0.00107237799250832,0.00116583428738064,0.00126715641378432,0.00137651755299905,0.0014947923430064,0.00162170143859368,0.00175842627078763,0.00190552936891509,0.00206390521764596,0.00223350277357601,0.00241536824322966,0.00260981271446338,0.00281777600151602,0.00303975667188303,0.0032763055309337,0.00352743251415636,0.00379441739447333,0.00407735010612889,0.00437569634594247,0.00469011216677229,0.00502186781131558,0.00537007018138541,0.00573302880573432,0.00611134715970361,0.00650477963450817,0.00691227005739267,0.00733167132785227,0.00776200823415646,0.00819961559471157,0.00864389921506646,0.00909194764999187,0.00954120096945441,0.0099839872340902,0.0104185083029869,0.0108399864963683,0.0112462545877395,0.0116254646281418,0.0119743028722411,0.012285379261919,0.0125561804132609,0.0127726008090043,0.0129342079667314,0.0130300649447741,0.0130590289245588,0.0130098605844778,0.01288594006695,0.0126745417790801,0.012383756172032,0.0120069157983817,0.0115510737493926,0.0110146194534197,0.0104101693713647,0.00974371435002092,0.00902596002669138,0.00826932436260824,0.00748900834625501,0.00669756973973145,0.00591013852735545,0.0051441265553445,0.00441103040555654,0.003723838506446,0.0030905863081194,0.00252196578877595,0.00201910175691513,0.00158614532219997,0.00121934312758919,0.000918758904214749,0.000676020747700068,0.000486596509138091,0.000340934351864208,0.000233389162087463,0.000155235533666557,0.000100610402341961,6.31528942349629e-05,3.84741491406875e-05,2.27203539854886e-05,1.29923455470625e-05,7.31291169525637e-06,3.90078720844864e-06,2.0792986024049e-06,1.03529492933753e-06,5.27313375074269e-07,2.31831853824508e-07,1.23115385103097e-07,4.20272446701682e-08,2.31830801201972e-08,4.59872969943198e-09,3.8778582566548e-09,-3.13800874935941e-10,0
1.23307043784446e-09,0,6.73527080791866e-08,5.80695999996809e-09,8.06992457091946e-08,9.67365316142376e-09,8.63397444921126e-08,2.9349376176049e-08,9.14247817726716e-08,4.44639021335206e-08,1.02218051167289e-07,6.7229153749071e-08,1.09757698729068e-07,9.42427220317639e-08,1.25454511361598e-07,1.20097606192919e-07,1.48020060984692e-07,1.51854574712068e-07,1.7443115524155e-07,1.89227075003769e-07,2.09286774332996e-07,2.31346025696553e-07,2.55017789614197e-07,2.8069883814704e-07,3.10414444469105e-07,3.41442331997116e-07,3.7724540879012e-07,4.1521638390084e-07,4.57891346564655e-07,5.04833376419916e-07,5.56557035651121e-07,6.13614099986447e-07,6.75804531673863e-07,7.44604551827656e-07,8.20721807538735e-07,9.04390404300711e-07,9.96181129280504e-07,1.09712930504536e-06,1.20864442724472e-06,1.3314417711153e-06,1.4661728065357e-06,1.61422984361816e-06,1.77753599151607e-06,1.95728501886354e-06,2.15447812094489e-06,2.37146910238247e-06,2.61082383266606e-06,2.87369106771299e-06,3.16248045088579e-06,3.48066835321007e-06,3.83072244886682e-06,4.21407237459693e-06,4.63603847899967e-06,5.10081055014704e-06,5.61106683907183e-06,6.16993715428683e-06,6.7868494898154e-06,7.4666328625611e-06,8.21234264483414e-06,9.02791378164594e-06,9.92580491911419e-06,1.09102765865753e-05,1.199035943791e-05,1.31777835885243e-05,1.44893971295673e-05,1.59233961835728e-05,1.74918289029322e-05,1.92120921975345e-05,2.11098882668092e-05,2.31866138478123e-05,2.54670332544471e-05,2.79634206212506e-05,3.07041165807134e-05,3.37083735293944e-05,3.70181895743382e-05,4.0634660963114e-05,4.4583830122896e-05,4.89172030811637e-05,5.36929242775317e-05,5.89142309836755e-05,6.46155657169392e-05,7.08600960623904e-05,7.77215197315522e-05,8.52294431208481e-05,9.34273366156896e-05,0.00010238864790141,0.000112213360817048,0.000122970603716154,0.000134724798326835,0.000147574436040156,0.000161625190787319,0.000176964882141215,0.000193688197465507,0.000211978901279896,0.000231973933276342,0.00025378462611804,0.000277525488043747,0.000303462281230952,0.000331746048178421,0.00036256605001472,0.000396075510556424,0.000432616851237939,0.000472343040689767,0.000515574886550765,0.000562491791496116,0.000613561388180908,0.000668918114183709,0.000729065132244759,0.000794260290711288,0.000865016886651695,0.000941273048618778,0.00102399901683884,0.00111359317628735,0.00121057133994556,0.00131474230337543,0.00142750517135041,0.00154895111408151,0.00167974303066782,0.00182017021084326,0.00197145722280426,0.00213365893886633,0.00230744820455565,0.0024931389229125,0.00269185641458406,0.00290389874191413,0.00312985871157976,0.00337009654256551,0.00362534823986932,0.00389542833732145,0.00418066426888064,0.0044815522134511,0.00479828627490503,0.00513057111889058,0.00547781509343415,0.00583986554783219,0.00621578123098772,0.00660515562135591,0.00700590927588426,0.00741688570670125,0.0078355125272166,0.00826100052112438,0.00868899473600607,0.00911745504370474,0.0095409024279328,0.00995748526439079,0.0103604625746242,0.0107474535964686,0.0111099578551352,0.0114450015546088,0.0117421255307844,0.0119998293210783,0.0122075572911403,0.0123625195578758,0.0124531723888477,0.0124815133316576,0.0124355561612276,0.0123159680678908,0.0121134580747403,0.0118372850026658,0.011477551087938,0.0110403081290451,0.0105274812679431,0.00995100029236821,0.00931405922928369,0.00862786280934436,0.00790498516415229,0.00715878273366828,0.00640213672243583,0.00565016086629468,0.0049183224522995,0.00421737938380654,0.00356034436134175,0.00295511069310591,0.00241171872782132,0.00193099294186176,0.00151707627278238,0.00116646444572899,0.000878943215645179,0.000646696827169611,0.000465715501673901,0.000326527694556418,0.000223444224835396,0.000148506813678576,9.6353178282905e-05,6.05844645804931e-05,3.68742095433653e-05,2.17507034149929e-05,1.24578882682295e-05,6.99774350403249e-06,3.72360208882231e-06,2.01151304628605e-06,1.00319124653094e-06,4.8766055924862e-07,2.15387288626179e-07,1.28314001929034e-07,4.1227776896762e-08,1.57836667267582e-08,5.3293692329386e-09,6.61117885230046e-09,-9.94073397209537e-10,0
1.20486290782737e-09,0,6.46594215391308e-08,1.11913571742053e-08,7.27316571343545e-08,2.12895944264217e-09,9.50874702673377e-08,2.51511395853647e-08,7.61641912683214e-08,5.74081466841252e-08,9.27752536728469e-08,5.58388244479124e-08,1.18282274007753e-07,8.19433153257588e-08,1.1865572315721e-07,1.23068621259745e-07,1.3214201955428e-07,1.50603473153423e-07,1.66993352490451e-07,1.76500040798457e-07,2.05381366717431e-07,2.17058125847443e-07,2.45452487579571e-07,2.68693603932974e-07,2.94411930142087e-07,3.28772763760644e-07,3.59195323798013e-07,3.97599169678169e-07,4.37004029351699e-07,4.8211436909494e-07,5.32641655974876e-07,5.85215284915738e-07,6.46046103560967e-07,7.11315612889687e-07,7.84139768463836e-07,8.63863049419005e-07,9.51897366376167e-07,1.04883640768628e-06,1.15503459278615e-06,1.27263970405929e-06,1.40126287250222e-06,1.54288315351708e-06,1.69901900472741e-06,1.87093447896517e-06,2.05907720524552e-06,2.2659705227643e-06,2.49579642598893e-06,2.74899430056548e-06,3.02516761522607e-06,3.32705700448e-06,3.66051998023902e-06,4.02886608788154e-06,4.43504110966967e-06,4.8800234905928e-06,5.36469735033336e-06,5.89384091959749e-06,6.48210742334708e-06,7.13663967479525e-06,7.85504381991862e-06,8.63530300487069e-06,9.49037422078705e-06,1.04293242407634e-05,1.14608713240623e-05,1.25921661977325e-05,1.38438176942378e-05,1.52190832427827e-05,1.67189588197628e-05,1.83578653177451e-05,2.01764932302589e-05,2.21708600933125e-05,2.43439820824392e-05,2.67172713514217e-05,2.93348998330266e-05,3.22061762898525e-05,3.53706423642907e-05,3.88409889392984e-05,4.26232336298896e-05,4.67468847610733e-05,5.12906434349621e-05,5.62779772853907e-05,6.1726769248034e-05,6.76905814891909e-05,7.4262380796574e-05,8.14795854796361e-05,8.93394404164806e-05,9.78553410022688e-05,0.00010715593098605,0.000117412217941975,0.000128695767637537,0.000141011567934984,0.000154452549275998,0.000169153023704751,0.000185149461176266,0.000202544186071838,0.000221555245801844,0.00024242172927304,0.000265210500516667,0.000290051285068988,0.000317073723909878,0.000346477935067393,0.000378430038948243,0.000413346684704278,0.000451379045205724,0.000492759229027367,0.000537658333700027,0.000586447950713438,0.000639206726887952,0.000696604219876002,0.000758993281550249,0.000826749619238388,0.000899697397834855,0.000978729472236803,0.00106429906890038,0.0011570062902798,0.00125666906151797,0.00136445540476837,0.0014803932241881,0.00160537503717699,0.00173970719884133,0.00188424680325249,0.0020391145488579,0.00220541616636614,0.00238335246549648,0.00257326837827778,0.00277539151539459,0.00299087686924392,0.00322046451286225,0.00346517956147047,0.00372417749372,0.00399648006982785,0.00428309355909425,0.00458553478570182,0.00490342752529527,0.00523577037699043,0.00558229641545991,0.00594154503329823,0.00631323919113304,0.00669625963336656,0.00708904632705049,0.00748888298830776,0.007896253276482,0.00830616339232522,0.00871475426213643,0.00911841129281753,0.00951736626485235,0.00990363907018259,0.0102735608541619,0.0106197799415595,0.010939939185182,0.0112237371734454,0.0114695187438123,0.0116678424718084,0.0118167891455332,0.0119037605639336,0.0119296691152335,0.0118857379956626,0.0117726442839412,0.0115777885578848,0.0113118011804975,0.0109691049267055,0.0105521450470738,0.010060474214261,0.00950929173658986,0.00890103560764589,0.00824354036113694,0.00755152575757818,0.00683957256655361,0.00611731655165509,0.00539728115691052,0.0046964726816574,0.00402758246330308,0.00340071126014398,0.00282156409460008,0.00230187003457827,0.00184313490830925,0.00144800597851023,0.00111298220921454,0.00083843556376923,0.000616894332545031,0.0004442117198198,0.000311309500841721,0.000212970861650113,0.000141615298063596,9.18894967485836e-05,5.77213216778289e-05,3.5150884008215e-05,2.07512491995838e-05,1.18680433374199e-05,6.67725157576528e-06,3.55786105863343e-06,1.92300594915633e-06,9.66050613064904e-07,4.66586214756027e-07,2.03736955920036e-07,1.22420080607482e-07,4.3077278555896e-08,1.7743302334063e-08,2.1756591694393e-09,5.10537240940788e-09,2.62778904224304e-10,0
1.17730064893612e-09,0,5.92495485830787e-08,9.03445504481111e-09,7.99319837048418e-08,-3.94458965881571e-09,8.18377574792616e-08,4.01841592066473e-08,6.70103191585368e-08,4.45234673590896e-08,1.06781928439241e-07,4.14068617005467e-08,1.12253403197576e-07,8.94452341307741e-08,9.96782651303325e-08,1.27260866756427e-07,1.24798702689225e-07,1.39056341355992e-07,1.6786778345726e-07,1.6245209727325e-07,1.99670526017284e-07,2.08015836942558e-07,2.32459780792078e-07,2.60722155048699e-07,2.78621889053279e-07,3.15759351825023e-07,3.43858934830555e-07,3.80566756650146e-07,4.19320685872548e-07,4.59841012026135e-07,5.10468009748411e-07,5.59940574397141e-07,6.18223083474068e-07,6.80496614419088e-07,7.49538502425681e-07,8.26539174410049e-07,9.10290221669113e-07,1.00292398637684e-06,1.10335269331331e-06,1.21588027011127e-06,1.33992560365767e-06,1.47542588249977e-06,1.62432363032589e-06,1.78839537948472e-06,1.96864814869976e-06,2.16539946558691e-06,2.38326321215913e-06,2.62468282646753e-06,2.88961628102186e-06,3.17933017090867e-06,3.49794499237883e-06,3.84869215159634e-06,4.23551568038765e-06,4.66203853141865e-06,5.12793650582576e-06,5.63149971421249e-06,6.18537076846327e-06,6.80549237532413e-06,7.49585943952925e-06,8.24813253063415e-06,9.06743472146018e-06,9.96406481975355e-06,1.09489919371888e-05,1.20249880735501e-05,1.32132670770839e-05,1.45298809353475e-05,1.59720994090001e-05,1.75312445975395e-05,1.92536442608195e-05,2.11604680733225e-05,2.32430325259031e-05,2.55096168403911e-05,2.80142396783889e-05,3.07534962496668e-05,3.37590131743464e-05,3.70763670639164e-05,4.07102388650398e-05,4.46447066364824e-05,4.89551480986242e-05,5.37058829766595e-05,5.89145137916246e-05,6.46010531197137e-05,7.08616644623749e-05,7.77643542516513e-05,8.53097957475573e-05,9.3467331625668e-05,0.000102314226041995,0.00011204309468002,0.000122787968712556,0.000134546106534017,0.000147370185265519,0.000161416752736861,0.000176731956681776,0.00019334797015943,0.00021144794192633,0.000231329363710104,0.000253092036535252,0.000276802791583243,0.0003025728145789,0.000330632697586309,0.000361108954953204,0.000394415369215384,0.000430773004928319,0.000470321063092484,0.000513165663327037,0.000559750999737537,0.00061006283833691,0.000664646236396223,0.000724093448891922,0.000788997120111732,0.000858900539836346,0.000934181106378429,0.00101552679251369,0.00110406602569793,0.00119943276168545,0.00130249218556565,0.00141333632065836,0.00153257710008008,0.00166057237139308,0.00179859280640544,0.00194654056723753,0.00210517890232175,0.00227500040659943,0.0024565861957488,0.00265020544302841,0.00285635474295429,0.00307486002439067,0.00330758028656188,0.00355533199645203,0.00381650729726162,0.00409033390928808,0.00437854715602695,0.00468195228299624,0.00499951208849892,0.00533065367491036,0.00567399434704518,0.00602887236859795,0.00639458879379526,0.00677041898522019,0.00715249535853241,0.0075406193133642,0.00793204086489493,0.00832314106818275,0.00870835566581482,0.00908844510356895,0.00945742929323929,0.00981131242939462,0.01014242487137,0.0104487734132736,0.0107203496245887,0.0109546906847889,0.0111427684343376,0.0112847411413417,0.0113689875761704,0.0113938343176401,0.0113510671536853,0.01124393777592,0.0110584190887278,0.0108022714943664,0.0104745446025807,0.0100787820140357,0.00960863733934561,0.0090797863827664,0.00849988749299324,0.00787361625263383,0.00721170453709317,0.00653007130817561,0.00584057388643289,0.00515449543446676,0.00448454339619973,0.00384434027411965,0.00324641415329395,0.00269393520411379,0.00219735051963802,0.001759077007439,0.00138169291321613,0.00106202679421685,0.000800065619100127,0.000588508695324644,0.000423584632927248,0.000296760382200275,0.000203040172587608,0.000134999941674255,8.75330867514633e-05,5.4897263386335e-05,3.34234257987119e-05,1.97622985889398e-05,1.1272220618166e-05,6.34997462144194e-06,3.39650161523088e-06,1.79868635424556e-06,8.99157433779172e-07,4.58308056469902e-07,2.01558522375154e-07,1.06846831883882e-07,3.52360096955929e-08,2.16735459029723e-08,3.45283574243059e-09,3.11737643649203e-09,2.32655619099349e-10,0
1.1503689000475e-09,0,6.01642332289939e-08,8.71554025405213e-09,6.43715802268646e-08,6.03793429528034e-09,8.57404057823082e-08,2.00337257086178e-08,7.40908870978248e-08,4.8923762656846e-08,8.47973158544675e-08,5.47988300040388e-08,1.02962388929705e-07,7.80101223973662e-08,1.08999945875875e-07,1.08441393588487e-07,1.2511687368037e-07,1.34854811813029e-07,1.51934224698881e-07,1.63632024384467e-07,1.84612822217176e-07,2.00342391871598e-07,2.23114241297234e-07,2.44836391703988e-07,2.70235155227762e-07,2.9860341803121e-07,3.28278635536476e-07,3.6210892443778e-07,3.99214665767626e-07,4.40267878168396e-07,4.85358040646829e-07,5.34472177067322e-07,5.8925754965807e-07,6.4912996765678e-07,7.15440519994551e-07,7.88345744887846e-07,8.68465072761667e-07,9.56530516076439e-07,1.05357525441614e-06,1.16062344582373e-06,1.27808745910924e-06,1.40737051367046e-06,1.54994375056553e-06,1.70669374307338e-06,1.87872978248939e-06,2.06832293449019e-06,2.27742315000118e-06,2.50659394087388e-06,2.75825593231023e-06,3.03561823416354e-06,3.34102869628793e-06,3.67592857404951e-06,4.04425524228453e-06,4.4486675892252e-06,4.89254851777748e-06,5.38115058622067e-06,5.92218632999147e-06,6.51574327189547e-06,7.16319140374974e-06,7.87146316019471e-06,8.6536703147842e-06,9.51246478157008e-06,1.04550147326151e-05,1.14921188317555e-05,1.26375212809142e-05,1.38865259450786e-05,1.52502494959066e-05,1.67490656664515e-05,1.8405400142028e-05,2.0215416531122e-05,2.22012621493307e-05,2.43776624192227e-05,2.67683332371053e-05,2.93876568225889e-05,3.22717476076005e-05,3.5419356212583e-05,3.88555323145674e-05,4.26334173991907e-05,4.68009909727502e-05,5.13512548289349e-05,5.6318366345518e-05,6.1765384431699e-05,6.77484709482676e-05,7.428086655536e-05,8.14028393112721e-05,8.91982278601842e-05,9.77733511300074e-05,0.000107177085122563,0.000117432678160046,0.000128619454098324,0.000140850615673265,0.000154209109614555,0.000168768551644844,0.000184696883061908,0.000202135038863163,0.00022117568498188,0.000241883542732,0.000264472467910891,0.000289089315052482,0.000315930151694736,0.000345159264190285,0.000377047809918917,0.00041166550217066,0.000449312152279348,0.000490196787451423,0.000534712021611854,0.000582983490387093,0.00063547882489159,0.000692355444760342,0.000753998368469132,0.0008204381406327,0.000892592430923423,0.000970719257680901,0.00105525833027011,0.00114615548979756,0.00124452778716581,0.0013503480844857,0.00146440680893955,0.00158701245739018,0.0017189954922313,0.00186041312521982,0.00201199452463689,0.00217396941210681,0.0023473114391734,0.00253229210531231,0.00272942208506779,0.00293911970725828,0.00316193258915001,0.00339740191256411,0.00364594080533939,0.00390845318469729,0.00418512882255625,0.0044753296452636,0.0047783672626838,0.00509411192205874,0.00542190004344391,0.00576165476917856,0.00611140605185502,0.00646997431284841,0.00683551081085472,0.00720719427839663,0.00758050287061989,0.00795398592083692,0.00832371789949562,0.00868773087039694,0.00903940425134545,0.00937688419419521,0.00969311787472813,0.00998544356165919,0.0102448655995012,0.0104701331566442,0.0106516395772888,0.0107867695777197,0.0108656457768341,0.0108902955573781,0.0108502295516732,0.0107455763879911,0.0105687008616172,0.0103283239925987,0.0100142440532649,0.00963126193545546,0.00918362791940787,0.00868203861671063,0.00812659722541596,0.00752618571838456,0.0068939825214909,0.00624395994099602,0.00558539065050086,0.00492836508677747,0.00428822638034256,0.0036766525938552,0.0031042144780897,0.00257704582046017,0.00210289256039148,0.00168202753451637,0.00132042938214115,0.00101638728763726,0.000766919922680169,0.000563034812635496,0.000403793374232127,0.000283381528127419,0.000194836535619118,0.000129307072929295,8.33902757116215e-05,5.23212320611958e-05,3.17001805338507e-05,1.86891258425497e-05,1.09687796096721e-05,6.11739381259639e-06,2.98999980905272e-06,1.66135473510541e-06,9.688175127395e-07,4.22503390037409e-07,1.3636302824549e-07,1.18685424541885e-07,4.54349231085259e-08,7.33536189228354e-09,5.21963000818212e-09,6.86145133756162e-09,-1.94963238738008e-09,0
1.1240532377115e-09,0,5.73561113206924e-08,7.419319166984e-09,6.3680300355205e-08,4.76222915195313e-09,8.04406743841713e-08,2.21667614709808e-08,7.06536666400161e-08,4.32268050123988e-08,8.50543058679088e-08,5.23095287116953e-08,9.56527493411247e-08,7.71766806324612e-08,1.04185729413589e-07,1.02615671392666e-07,1.20664414210038e-07,1.29171164219945e-07,1.44912889392168e-07,1.57112537641107e-07,1.76331574658104e-07,1.91994222680367e-07,2.13306310783378e-07,2.34251784437117e-07,2.585409619331e-07,2.85551381697487e-07,3.14219572770949e-07,3.46247184632402e-07,3.81857402745187e-07,4.20956305192955e-07,4.64059973812065e-07,5.11024766258435e-07,5.63383255343291e-07,6.2058713306196e-07,6.83883128000039e-07,7.53651867021638e-07,8.30155561163611e-07,9.14253355652982e-07,1.00703605065924e-06,1.1096150757139e-06,1.22197187720851e-06,1.34543813742521e-06,1.48163913130914e-06,1.63151609114054e-06,1.79599515350254e-06,1.97717980930327e-06,2.17695967558312e-06,2.39593512667508e-06,2.63667642813809e-06,2.90217479529079e-06,3.19404819284637e-06,3.51354834902876e-06,3.86552480900391e-06,4.25288987158523e-06,4.67743609842615e-06,5.14326429159946e-06,5.65911600808848e-06,6.22647484382518e-06,6.84604170927649e-06,7.52380434948055e-06,8.27285935582895e-06,9.09467962951935e-06,9.99381249960104e-06,1.098188182869e-05,1.20757973754268e-05,1.32711370889503e-05,1.45751979434422e-05,1.6006651795681e-05,1.75894440817518e-05,1.93203846262248e-05,2.12188488094925e-05,2.32988116667633e-05,2.55821634934983e-05,2.80821166889553e-05,3.08381677799059e-05,3.38501293938249e-05,3.71326170787291e-05,4.07358689665331e-05,4.47181114843583e-05,4.90698736385883e-05,5.38094292228047e-05,5.90053101236033e-05,6.47270350931159e-05,7.09770996326729e-05,7.77791199515997e-05,8.52205611918381e-05,9.34113164954349e-05,0.000102387248901105,0.000112164354705822,0.000122837111612557,0.000134530603819508,0.000147309625081862,0.000161220885279713,0.000176428372069698,0.000193080335020296,0.000211259339190019,0.000231021563369503,0.000252586693120309,0.000276106698092064,0.000301753162207053,0.000329667967516617,0.000360122164363662,0.000393187710820865,0.000429143811251692,0.000468204962615447,0.000510733094098784,0.000556804803847848,0.000606896776590307,0.000661229636216559,0.000720166992289997,0.000783652301728588,0.00085252455048827,0.000927134700088666,0.00100793497906962,0.00109475488490998,0.00118867990384288,0.001289784233011,0.0013987392236891,0.00151577756450778,0.00164180533460193,0.00177688949958232,0.00192166397525332,0.00207640312586454,0.0022420632794628,0.00241881027816079,0.00260700663876638,0.00280710375675951,0.00301990385359126,0.00324502648957665,0.00348257266225964,0.00373328883976482,0.00399752151800274,0.00427468883620789,0.00456402850438447,0.00486556048783043,0.00517883101854392,0.00550356753743064,0.00583771552461768,0.00618018179939932,0.00652918344201259,0.00688410344581983,0.0072407982650779,0.00759770955681362,0.00795094862161945,0.00829858797061778,0.0086343650800505,0.00895690209535783,0.00925932461802047,0.00953838042786874,0.009785680287147,0.0100007984401327,0.0101744072905481,0.0103032625920317,0.0103780418245634,0.0104016388263004,0.0103638311114233,0.0102634817811102,0.0100935191587158,0.00986366032490144,0.00956423814982572,0.00919858601565068,0.00877018755917339,0.00829018496413711,0.00775944473534207,0.00718642931409975,0.00658315214232092,0.00596173392918579,0.00533159628528847,0.00470425032175117,0.00409389794401856,0.00351031353266195,0.0029632820648384,0.00245901593966314,0.00200628369515567,0.00160597699958765,0.00126155827302199,0.000969816712452519,0.000730592023786263,0.000537420678878798,0.000386780898369658,0.000270993778678384,0.000185495888361048,0.000123334925985747,7.99089758440781e-05,5.01637867922568e-05,3.05528064858796e-05,1.80179979167117e-05,1.03028946443538e-05,5.81690823610095e-06,3.09808165999516e-06,1.6320072933118e-06,8.13507597685222e-07,4.28043173542738e-07,1.85988431252805e-07,9.16052136022669e-08,3.39099910305901e-08,2.05967065396634e-08,2.20040375582119e-09,2.59037018858773e-09,3.72793691559617e-10,0
1.09833956842673e-09,0,5.32224587037237e-08,6.90550320403933e-09,6.55634187065019e-08,1.79311362880545e-09,7.29775035500281e-08,2.71691285385649e-08,6.5327012444735e-08,3.88624719933066e-08,8.61078769754091e-08,4.53327757016597e-08,9.27734946142701e-08,7.6407319873429e-08,9.43807444120785e-08,1.02164340611953e-07,1.14372745625106e-07,1.21290173234137e-07,1.41518792620097e-07,1.479113119152e-07,1.69127045599518e-07,1.83522095347364e-07,2.03004330640246e-07,2.24687382943639e-07,2.46166561926957e-07,2.73073063633864e-07,3.00396151316944e-07,3.3081131543809e-07,3.64924997909706e-07,4.01772805687936e-07,4.43464899594661e-07,4.88244205666202e-07,5.38225710116952e-07,5.92940767968717e-07,6.53087970609093e-07,7.19882173970698e-07,7.92970677012561e-07,8.73361392299488e-07,9.61660460483026e-07,1.05942913982299e-06,1.16703759816797e-06,1.28480937431728e-06,1.41451149520731e-06,1.5574857176639e-06,1.71470909237907e-06,1.88730697478873e-06,2.07769626268201e-06,2.28677378893646e-06,2.51617631653788e-06,2.76915316197339e-06,3.04825613409071e-06,3.35394067462829e-06,3.68936260462507e-06,4.05835160014104e-06,4.46326811729626e-06,4.90584791271085e-06,5.39463073027878e-06,5.9362486036945e-06,6.53257627332272e-06,7.18264716537468e-06,7.89561168764299e-06,8.67781348716727e-06,9.5352792202272e-06,1.04742755512373e-05,1.15140990386992e-05,1.26594228830322e-05,1.39107989971595e-05,1.5273580111878e-05,1.67774136210826e-05,1.84290328461129e-05,2.02405584395133e-05,2.22245306833225e-05,2.44068603299986e-05,2.67910090395793e-05,2.94163997302912e-05,3.23002226436445e-05,3.54429756471178e-05,3.88656664573464e-05,4.26411417941132e-05,4.67941932448574e-05,5.13336749992231e-05,5.6295893634586e-05,6.17520624419103e-05,6.77310361558199e-05,7.42452107312431e-05,8.13324321454066e-05,8.90969029196059e-05,9.76359529194256e-05,0.000106991547192941,0.000117205671432092,0.00012837083651942,0.000140577187013469,0.000153865644917195,0.000168354379458112,0.000184209171997654,0.000201571036051618,0.000220474615375833,0.000241068130214578,0.000263507630294481,0.000287975306985813,0.000314590121288483,0.000343666093262395,0.00037531861630121,0.000409721425199883,0.000446993269345348,0.000487521773056388,0.000531444593078074,0.000579218718453371,0.000631092276516196,0.000687512073268975,0.000748287671400031,0.000813944976637321,0.000884990613837908,0.000962183347702952,0.00104522754243923,0.00113497849524725,0.00123155943366247,0.00133557205355088,0.0014472323003075,0.00156754374870984,0.00169661175923212,0.00183504972965844,0.00198294126290967,0.00214098682517912,0.00230971838319028,0.00248963130084868,0.00268073813193348,0.00288397179728974,0.00309928500968323,0.00332636370898722,0.0035655695162583,0.00381762511432719,0.00408250046680935,0.00435938787579842,0.00464782163031577,0.00494699155328252,0.00525688930829653,0.00557630478177403,0.00590400256067132,0.00623739406089757,0.00657621866252258,0.00691718847413611,0.00725835393706944,0.00759570605363148,0.00792794915417174,0.00824921367430653,0.00855768428415248,0.00884671821759642,0.00911366912778608,0.00935031493536285,0.00955543489477613,0.00972090358854756,0.00984505402007592,0.00991747412519506,0.00993922458692269,0.0099027545022884,0.00980831150882326,0.00964598898476754,0.00942463034095874,0.00913906524281278,0.00879169351434189,0.0083818575550343,0.00792183175303123,0.00741496559015248,0.00686810571450135,0.00629167873882079,0.0056974065926623,0.00509518634064132,0.00449602325370599,0.00391240595680562,0.0033544982174027,0.00283202277464736,0.00235005545395275,0.00191733117719687,0.0015347339395243,0.00120548047712218,0.000926757293538083,0.000698152716824025,0.000513506003764232,0.000369577950362416,0.000258912588886128,0.00017718444145084,0.000117824277874359,7.63397343780562e-05,4.78869910485709e-05,2.91724844590658e-05,1.72204243621922e-05,9.83052493896957e-06,5.53596659543764e-06,2.95219942760628e-06,1.56892601833891e-06,7.81456822887596e-07,3.98505322832492e-07,1.74944502447485e-07,9.25892103199401e-08,3.15706025035755e-08,1.77832900883531e-08,3.56830187573496e-09,2.73045998153975e-09,-4.2053224225865e-10,0
1.07321412109258e-09,0,4.6122587274706e-08,8.1207763062095e-09,7.27447762617151e-08,-9.47425837758113e-09,5.82915775925149e-08,5.24093141014929e-08,4.58843990618196e-08,2.2137874971284e-08,1.14770206150955e-07,1.69988422626457e-08,8.80735213503666e-08,9.50589585089941e-08,6.02221773580641e-08,1.15232013515338e-07,1.06041165450699e-07,1.01513947591982e-07,1.51563583394493e-07,1.25082723058459e-07,1.6781043188644e-07,1.73689298863336e-07,1.8710419575687e-07,2.20008032437207e-07,2.26169817948449e-07,2.62610452147584e-07,2.82228021988774e-07,3.14859760850609e-07,3.47918238014103e-07,3.78939405910945e-07,4.20615907868703e-07,4.59982227322264e-07,5.11894484763806e-07,5.62831066226915e-07,6.21655032544497e-07,6.85414933681331e-07,7.55654989167378e-07,8.31804367977232e-07,9.13054973961168e-07,1.00631967525577e-06,1.10936841878151e-06,1.22231183015121e-06,1.34389645624235e-06,1.48066684816087e-06,1.63325055456546e-06,1.80023543756008e-06,1.97960273133653e-06,2.17433019472389e-06,2.39395340075618e-06,2.63791862682188e-06,2.90344775197474e-06,3.19205303240395e-06,3.51053439101328e-06,3.86367205082643e-06,4.25661006091601e-06,4.68574943907761e-06,5.14729933131075e-06,5.65158711248255e-06,6.21541139500104e-06,6.84052667940108e-06,7.52413868674981e-06,8.27164703527727e-06,9.09647686782895e-06,9.99906953199802e-06,1.09862946968634e-05,1.20713464555927e-05,1.32678341765474e-05,1.45676758066208e-05,1.59878900821263e-05,1.75536098923342e-05,1.92882248670295e-05,2.1197861365736e-05,2.33020837649751e-05,2.55755874576395e-05,2.80532241481338e-05,3.0797833279631e-05,3.38191546940964e-05,3.71099577458423e-05,4.07187571757829e-05,4.46683976882756e-05,4.89908217981421e-05,5.3716042965541e-05,5.89012539020096e-05,6.46012704529956e-05,7.0849904581306e-05,7.76782981768409e-05,8.51248372829225e-05,9.32455903006966e-05,0.000102159268858455,0.000111926028629037,0.000122561147765396,0.000134167957212349,0.000146847111212858,0.000160719632424315,0.000175945692599461,0.000192639959512151,0.000210750338752655,0.000230359443677887,0.000251661013238088,0.00027491508002921,0.000300307925018222,0.000328161722030234,0.000358485549377783,0.000391348785487572,0.000426989721046031,0.000465859909020254,0.000507858713971646,0.00055328523112151,0.000602634113241173,0.000656695468278093,0.000715172892697048,0.000777854892301651,0.000845215576077583,0.000918888605866633,0.000998391369765993,0.00108392508606509,0.00117641292658706,0.00127650685183969,0.00138314035242097,0.00149745533763523,0.00162061205285465,0.00175301995331221,0.00189418690254436,0.00204489883568198,0.00220648589885381,0.00237949037037456,0.0025622608616612,0.00275524815069977,0.0029599761089377,0.00317700086961445,0.0034064570887322,0.00364821320540533,0.0039013218325584,0.00416509274832091,0.00444009120295795,0.00472614032714755,0.00502253345311024,0.00532737325184456,0.00563994616107028,0.00595847737772083,0.00628261887303971,0.00660914672104181,0.00693604146613117,0.0072583354902452,0.00757452603588983,0.00788058664298702,0.00817531268634221,0.00845113776001671,0.0087055844533057,0.00893215852946654,0.00912944728464657,0.00928775194095732,0.00940472303416059,0.00947263266533351,0.00949448342594764,0.00946057003445244,0.00936930514828867,0.00921395371209436,0.00900202031512681,0.00872695631404755,0.00839595752736323,0.00800713424404101,0.00756635164297387,0.0070802176012304,0.00655828683066129,0.00600806506430398,0.00544026849007506,0.00486454355829732,0.00429233806412408,0.0037354996628876,0.00320211186376985,0.00270288139959637,0.00224312734493245,0.00182987953603627,0.00146437213095648,0.00115026826287278,0.000884371959384723,0.000665869767226078,0.000489783248018074,0.00035262056562108,0.000246842666960444,0.000169019353596159,0.000112371514693313,7.28191692573764e-05,4.57434369719495e-05,2.77487091170494e-05,1.64732645089121e-05,9.42491266323766e-06,5.24459117310011e-06,2.85093912847722e-06,1.5014226030984e-06,7.4015288834365e-07,3.89778155647856e-07,1.63843672585391e-07,9.10938371504965e-08,2.91808856300407e-08,1.83597495769196e-08,3.94479187785141e-09,3.21733565503588e-09,5.9453253353277e-10,0
1.04866343963402e-09,0,4.81738339433262e-08,3.40038906573983e-09,5.92598017562837e-08,7.85831790430062e-09,5.99835130020066e-08,2.15317014274898e-08,6.77720366497512e-08,3.03428434629554e-08,7.34891620894755e-08,4.9634738462303e-08,7.83580903441047e-08,6.77553807542794e-08,9.08169547242049e-08,8.67660433561123e-08,1.05804948756938e-07,1.10337631806791e-07,1.25501701831131e-07,1.36235878268455e-07,1.51484643843893e-07,1.66468075669989e-07,1.84022574284225e-07,2.02606721043964e-07,2.2361450320705e-07,2.4677376232498e-07,2.72257591563118e-07,2.99609110767996e-07,3.30430094283225e-07,3.64175666787853e-07,4.01915757620786e-07,4.42893871924621e-07,4.88209012419937e-07,5.37871869274822e-07,5.92662839153855e-07,6.53091921765178e-07,7.19538926262158e-07,7.92586061119467e-07,8.7325820658971e-07,9.6239173102682e-07,1.06012228382979e-06,1.16708445743141e-06,1.28488027032093e-06,1.41497058472874e-06,1.5581569802996e-06,1.71539449848662e-06,1.88866934702843e-06,2.07947215557887e-06,2.28874936973636e-06,2.51813916250089e-06,2.77090283705099e-06,3.04940316089592e-06,3.35605288370964e-06,3.69235747576804e-06,4.06115231944028e-06,4.46547174615715e-06,4.91155560683463e-06,5.4034547270623e-06,5.94464732495805e-06,6.53642210185263e-06,7.18586423611636e-06,7.89834930902901e-06,8.68194563365678e-06,9.5412792211482e-06,1.04879167387868e-05,1.15251900839794e-05,1.266196976616e-05,1.39090554735756e-05,1.52870362461213e-05,1.67940399849901e-05,1.84432107527386e-05,2.02483051653603e-05,2.22329350925769e-05,2.44055243120713e-05,2.68003193319118e-05,2.94277386981836e-05,3.22987892073722e-05,3.54346766940149e-05,3.88817236034474e-05,4.26599454320363e-05,4.6795949039385e-05,5.13232492201608e-05,5.62929143275589e-05,6.17388156875521e-05,6.7698566440374e-05,7.42026216682922e-05,8.13031774902038e-05,8.90773043261339e-05,9.76024777965972e-05,0.000106934095924883,0.000117126897833593,0.000128255240733578,0.000140397299773688,0.000153665658654421,0.000168150411410146,0.000183961135444917,0.00020118925349189,0.000220001503495531,0.000240513225887053,0.000262885367706769,0.000287217841908086,0.000313739061010788,0.000342556323257834,0.000373929566015492,0.000408025093928854,0.000445134991983946,0.000485294317885268,0.000528910419309707,0.000576227261110462,0.000627636353698225,0.000683063065395814,0.000743135891813037,0.00080818274006389,0.000878637321669408,0.000954263708454242,0.00103610955605619,0.00112441355910007,0.00121955667124507,0.0013215291350385,0.00143129654718414,0.00154911168440729,0.0016755102585371,0.00181062929457097,0.00195515130163959,0.00210919400472527,0.00227320062249024,0.00244764663571157,0.00263339454825533,0.0028301596172569,0.00303763513127536,0.00325616503403476,0.00348626543799345,0.00372782872637299,0.0039804455294545,0.00424401478282927,0.00451755108613353,0.00480053584316616,0.00509180854391902,0.00539084281675123,0.00569561209825216,0.00600536484333911,0.00631672264306984,0.00662812660056245,0.00693611734225788,0.00723954461257663,0.00753284066194407,0.00781413983123971,0.00807788565173827,0.00832196023990658,0.00853824337939564,0.00872546395541078,0.00887623981053698,0.0089890430092223,0.00905528823185105,0.00907556021111725,0.0090414706326652,0.00895465481187689,0.00880737223148898,0.0086052100661733,0.00834286555097409,0.00802565248430984,0.00765260401876863,0.00723198638321506,0.00676808921070823,0.0062691356689887,0.0057430592852263,0.00519981480118433,0.0046497967471858,0.00410330055993467,0.00357062688222928,0.00306074512923752,0.00258376624759268,0.0021442147735526,0.0017491066343853,0.00139992491669372,0.00109963301473591,0.000845090050877544,0.000636436949497427,0.000468264207237899,0.000337090244117708,0.000235931005287982,0.000161297333494635,0.000107336853187126,6.9609787521271e-05,4.36503851474986e-05,2.6573207552579e-05,1.56459847749334e-05,8.90149943699533e-06,5.049246531499e-06,2.73067341962256e-06,1.43023173424836e-06,6.85101081494131e-07,3.58759663357053e-07,1.69746036154428e-07,8.63966692609152e-08,2.60370187873407e-08,1.47535906261066e-08,4.06370625559901e-09,3.46742616436657e-09,-7.41224638013839e-10,0
1.02467437579512e-09,0,4.54292087809241e-08,1.1952523815202e-08,5.55419874405205e-08,-6.9603360315069e-09,6.86332366709954e-08,2.87255716996682e-08,4.87951615260383e-08,3.58029786263837e-08,7.70626677705728e-08,3.67291036200432e-08,8.20314753841311e-08,6.5229676295845e-08,8.15464716558138e-08,9.0250426382417e-08,9.7985844739245e-08,1.04420739583789e-07,1.24902566155993e-07,1.2696663582356e-07,1.46715666175781e-07,1.59755359001697e-07,1.75662341021728e-07,1.95766882888153e-07,2.13479367828436e-07,2.36647960709198e-07,2.61083665530341e-07,2.87506790077758e-07,3.168567789949e-07,3.48547859427985e-07,3.85592550748408e-07,4.24378145968286e-07,4.67442556840511e-07,5.1530568203478e-07,5.68023729729979e-07,6.25609639457732e-07,6.8879615344236e-07,7.59188552237746e-07,8.36305038930627e-07,9.21184099163303e-07,1.01447287064859e-06,1.11694915472354e-06,1.22995417102174e-06,1.35456599498531e-06,1.49157625668885e-06,1.64185993556465e-06,1.8070816848843e-06,1.98812117626107e-06,2.18783685660055e-06,2.40953641069007e-06,2.65299047236816e-06,2.91679168128534e-06,3.20677779565773e-06,3.53049934898544e-06,3.88762975442544e-06,4.27217711570284e-06,4.69138680495496e-06,5.16020607003882e-06,5.68398615785223e-06,6.25389244664341e-06,6.87099772807574e-06,7.5464577025529e-06,8.294751403697e-06,9.11701094514921e-06,1.00205093125902e-05,1.10150201333001e-05,1.2106708919783e-05,1.32900387928861e-05,1.45916032477061e-05,1.60340477517238e-05,1.76234911708301e-05,1.93496315586157e-05,2.12361032846742e-05,2.33037075413571e-05,2.55924167093281e-05,2.81102691370941e-05,3.08486941712551e-05,3.38259204410559e-05,3.71168286277128e-05,4.07419623784748e-05,4.46906248508824e-05,4.89922310662465e-05,5.37294486237352e-05,5.89410717650607e-05,6.46365853049792e-05,7.08362354645327e-05,7.76005349361834e-05,8.50081068742647e-05,9.3141342741642e-05,0.000102056198187883,0.000111792923138885,0.00012241505536536,0.00013399434615249,0.000146645851620972,0.000160469687403334,0.000175551649888858,0.000191961923521899,0.000209913433141557,0.000229554282276601,0.000250933489159242,0.000274055995023498,0.000299287852067769,0.000326869570994798,0.000356881507384956,0.00038936791064112,0.000424774053046622,0.000463111290102831,0.000504600296392599,0.000549729635892968,0.00059908413093859,0.000652094246864277,0.000709067412968733,0.00077095796047661,0.00083854533867821,0.000911011098939082,0.000988967536821156,0.00107304125010779,0.0011639517839506,0.00126146481107136,0.00136620558305556,0.00147860474960557,0.00159943926849806,0.00172854181564717,0.00186633497435612,0.00201346783989594,0.00217048130037309,0.00233696467914495,0.00251380940381551,0.00270188478009205,0.00290063698418813,0.00310923521614283,0.00332859267982787,0.00355949283071098,0.00380112598955626,0.004052870614289,0.00431395140438178,0.00458429772629465,0.00486307288094286,0.00514896364669437,0.00543923588982386,0.00573460879571124,0.00603318586901605,0.00633168127033122,0.00662504716493099,0.00691385643618194,0.00719465692534826,0.00746451036807513,0.00771660549560432,0.00794941282485792,0.00815560919913474,0.00833400710952199,0.00847870887080495,0.00858790692704835,0.00865064668402675,0.00866818522871235,0.00863637027993876,0.00855539268209152,0.00841354183458171,0.00821864686492251,0.00796974125536788,0.00766809448164186,0.00730952927614041,0.00690670749214898,0.00646570165278914,0.00598969799679939,0.00548547020917089,0.004966127382498,0.00444191779168793,0.00392022292582105,0.00341055035816706,0.0029231837054723,0.00246814217907142,0.00204868612659606,0.00167102432798165,0.00133709578240218,0.00105048003728602,0.000807790371190712,0.000608408140471632,0.00044746046184198,0.000322169950870293,0.000225759976097101,0.000154489973781154,0.000102798204355939,6.66734289970137e-05,4.1812057991687e-05,2.54744478303654e-05,1.50784495208854e-05,8.61039953609462e-06,4.84784463139776e-06,2.60902415383e-06,1.38291959600399e-06,6.73246147300814e-07,3.52787005944933e-07,1.65303955856191e-07,7.97939744396606e-08,2.25136024008327e-08,1.72355939214619e-08,4.87129343617446e-09,1.55688520187319e-09,-5.43546430412292e-10,0
1.00123408209746e-09,0,4.26980016950653e-08,1.46242842922334e-09,5.70323117721103e-08,9.11263044110242e-09,4.99227464384368e-08,1.88248077703537e-08,6.60765100259375e-08,2.69265780450972e-08,6.32399808355387e-08,4.73260101058966e-08,7.27564004349825e-08,5.91309113307958e-08,8.33874715100959e-08,8.00732455990204e-08,9.5074718280629e-08,1.00370769262713e-07,1.15321270720611e-07,1.22908479597859e-07,1.37883804172219e-07,1.51754497843479e-07,1.67950295344677e-07,1.84517525565911e-07,2.02778221361596e-07,2.24624297104271e-07,2.4849266536084e-07,2.73056860398665e-07,3.00396560671075e-07,3.31389390603283e-07,3.66178261809583e-07,4.03376500077739e-07,4.44710599942626e-07,4.89964105803874e-07,5.39342907510052e-07,5.94590685036511e-07,6.56011916083683e-07,7.22259811217951e-07,7.94602392772801e-07,8.76178823893167e-07,9.66543863559537e-07,1.06360610078333e-06,1.16957534899101e-06,1.28850593503811e-06,1.42035922798121e-06,1.56316574085503e-06,1.71946173740631e-06,1.89375412511778e-06,2.08649481917387e-06,2.29577447443035e-06,2.52412021024898e-06,2.77644033490673e-06,3.05663906292101e-06,3.36538246566563e-06,3.7024903046878e-06,4.06863007991257e-06,4.47234887222457e-06,4.92214941993989e-06,5.41947789195172e-06,5.95903765865971e-06,6.5473259598851e-06,7.19588098019978e-06,7.91129007401395e-06,8.69172356553296e-06,9.55384748094413e-06,1.05069172859496e-05,1.15448223379341e-05,1.26719596362318e-05,1.39269786808569e-05,1.53077634354874e-05,1.68063164516862e-05,1.84483165317056e-05,2.02689106198823e-05,2.22469853914023e-05,2.44115714040786e-05,2.68128062469678e-05,2.94492269594363e-05,3.22939733116296e-05,3.54104624414077e-05,3.88641362424518e-05,4.2659177612355e-05,4.67832487055857e-05,5.12900749562698e-05,5.62429708166251e-05,6.16870420233487e-05,6.76280224055295e-05,7.40868181665003e-05,8.11480469634263e-05,8.89132570282855e-05,9.74266781562623e-05,0.000106723831709207,0.000116876087282686,0.000127939076148098,0.000140001916780985,0.00015318289331013,0.000167604833433542,0.000183319057539301,0.000200471748708057,0.000219175864381688,0.0002395242733646,0.000261629374443653,0.000285835509370335,0.000312189024337164,0.00034074510101776,0.000371755129325054,0.000405626269648317,0.000442203455194953,0.000481813622084619,0.000524989941391235,0.000572065893948478,0.000622533789957855,0.00067700951057303,0.000736373231703391,0.000800950401625845,0.000869765452033042,0.000943921540042191,0.00102457647908108,0.00111180299728366,0.00120461966352501,0.00130432621987579,0.00141191983656577,0.00152734848060401,0.00165026619293666,0.0017819842640236,0.00192293945476459,0.00207258812985745,0.00223100069491052,0.00240023921545445,0.00258044737516945,0.00276988790439006,0.00296855739415349,0.00317828324624726,0.00339906563890819,0.00362953363559039,0.00386974121927734,0.00411933212556854,0.00437765946045219,0.00464349766329435,0.00491614649381906,0.00519368826519394,0.00547634770062783,0.00576118197704022,0.00604521937335784,0.00632535268644641,0.00660238938122654,0.00687075683549382,0.00712705227712186,0.00736720654323565,0.00759036560282756,0.00778763648270296,0.00795764122199236,0.00809556691610076,0.00819938959415181,0.00825883949240493,0.00827583199809858,0.00824586309861348,0.00816829669275206,0.00803211361257628,0.00784540324653439,0.00760758758886136,0.00731976226617008,0.00697760201526051,0.00659280070942629,0.00617090470142131,0.00571546223836543,0.00523410129101736,0.00473951975309483,0.00423939080263619,0.00373981168298609,0.00325253073302182,0.00278854038220936,0.00235502338506067,0.00195381575016065,0.00159256312199432,0.0012745956907968,0.00100194701918822,0.000769948302245649,0.000579105341145384,0.000425839739874575,0.00030689567578614,0.000215026407734005,0.000146802178406434,9.74918618567168e-05,6.33333735371923e-05,3.97810071020532e-05,2.41848088933736e-05,1.43143027705499e-05,8.14423811216329e-06,4.52865069634897e-06,2.49974564834412e-06,1.37676512253796e-06,6.13374928699024e-07,3.0809476475153e-07,1.75804094587179e-07,7.84635252288542e-08,1.67096479522199e-08,1.90028627953167e-08,3.59654660027885e-09,9.83186992316318e-10,1.87064216078336e-10,0
9.7833000495952e-10,0,3.85346051041088e-08,6.37616229231003e-09,5.8895727909704e-08,-7.19799588238595e-10,4.45344244139654e-08,2.92731879997053e-08,6.16620885234582e-08,1.7473353228914e-08,6.39960210093482e-08,4.90985667654032e-08,6.63874933013308e-08,5.49134105961373e-08,8.16483937723087e-08,7.71645572549159e-08,8.83506294255442e-08,9.71606578159342e-08,1.11271387308476e-07,1.15308906704563e-07,1.32482343840822e-07,1.45297263231824e-07,1.60066130391901e-07,1.75298654823895e-07,1.9402523346278e-07,2.15229312270993e-07,2.36819890860294e-07,2.60406770631815e-07,2.86123790523684e-07,3.16996880109501e-07,3.5008631480512e-07,3.84945556074523e-07,4.23867571703292e-07,4.66874343084576e-07,5.15418762766155e-07,5.68375886959111e-07,6.25936063274391e-07,6.8849926030007e-07,7.5901384203633e-07,8.37764015179508e-07,9.22209475160327e-07,1.01306429124346e-06,1.11552238482084e-06,1.23163111304186e-06,1.3571973688941e-06,1.49116894148884e-06,1.6401090111081e-06,1.80812164297413e-06,1.9922049831562e-06,2.19103740958525e-06,2.40920512673982e-06,2.65075723589054e-06,2.91889114426655e-06,3.21392694912317e-06,3.53281142405249e-06,3.87932174335342e-06,4.27091993317131e-06,4.70895732860692e-06,5.17754421614254e-06,5.68049403615518e-06,6.2462408413733e-06,6.87534695707684e-06,7.55286771893953e-06,8.29222944056499e-06,9.12561153854394e-06,1.00388103101873e-05,1.10165451002294e-05,1.20910393365368e-05,1.33001804225962e-05,1.46211883874084e-05,1.60553862305382e-05,1.76206810370443e-05,1.93292958609257e-05,2.12099182574817e-05,2.33251941045332e-05,2.56354121079665e-05,2.80966360079328e-05,3.07913952738566e-05,3.38193862930317e-05,3.71375077459057e-05,4.07240086608758e-05,4.46492758850472e-05,4.89759579373593e-05,5.37219984312681e-05,5.89187653093041e-05,6.45573920598006e-05,7.06723249514353e-05,7.74155425262105e-05,8.49009531255475e-05,9.30885024682547e-05,0.000101947520960446,0.000111583260313869,0.000122115771012163,0.000133642663878138,0.000146242857349889,0.000159993969442459,0.000174963506490287,0.000191354761183748,0.000209266671699584,0.000228752315691995,0.000249935371105233,0.000273029653654627,0.000297964182365106,0.000325097227286649,0.000354934920799991,0.000387453173675164,0.000422138966570099,0.000459802417607666,0.00050140997339553,0.000546558822966947,0.000594184307379793,0.000646001987124484,0.000703402585553116,0.000765160209634208,0.000830170384124943,0.000901186944772969,0.000978867442956801,0.0010616595947625,0.00114956676783999,0.00124532875117225,0.00134882174875923,0.00145868426983833,0.00157570859926153,0.00170204369172712,0.00183659117125597,0.00197843491656745,0.00212988355553661,0.00229309111152021,0.00246542037427888,0.0026448996385347,0.002834246845589,0.00303564163918002,0.00324688652624761,0.00346643387095276,0.00369587402349947,0.00393481329517368,0.00418165468514373,0.00443504081355834,0.00469501652809773,0.00496093630752427,0.00523223772565932,0.00550368215386722,0.00577340631799618,0.00604170390600785,0.00630825875848383,0.00656434167846982,0.00680788984147638,0.0070379441087375,0.00725229693069563,0.00744044799946808,0.00760254494739207,0.00773463365523857,0.00783366441671406,0.00789095208687377,0.00790910085659075,0.00788082819209778,0.00780449401828094,0.00767429573218616,0.00749952328267024,0.00727323267364536,0.00699503181365579,0.00666793517417032,0.00630336660500212,0.00590082447436766,0.00546453290384019,0.00500468064387364,0.00453244742220986,0.00405430024079125,0.00357684201809275,0.00311175460875255,0.00266830490940377,0.00225297235242802,0.00186916604288938,0.00152437030361476,0.00122032915905625,0.000958796942624387,0.000736601546907111,0.000554599108824712,0.000408100034961282,0.000293593947268595,0.00020540457359071,0.000140583262827659,9.3494658600292e-05,6.04163128367735e-05,3.78522569037484e-05,2.31198203169866e-05,1.36086887753879e-05,7.68225984464106e-06,4.35173469514112e-06,2.37708937797469e-06,1.21579293242859e-06,5.70928058395863e-07,3.35625570688007e-07,1.5055959772685e-07,5.33745931668136e-08,2.68776593495781e-08,2.22014566479227e-08,-3.15722048100077e-09,3.8537428476461e-10,2.5484055888544e-09,0
9.55949877973621e-10,0,3.41946922441916e-08,1.32626989102592e-08,5.99015419840743e-08,-2.17478134527864e-08,5.39553268309505e-08,5.11438407701231e-08,1.86918878982562e-08,2.66912219835001e-08,9.719013970995e-08,-1.10356435507605e-09,8.0174098543064e-08,7.38495632927573e-08,4.0243922681754e-08,1.00905179030555e-07,7.83667064972248e-08,8.23509432375934e-08,1.23356758986854e-07,9.39527177387672e-08,1.37530341225366e-07,1.34632529553868e-07,1.49208616059415e-07,1.74849034687946e-07,1.78438225829789e-07,2.11760042148171e-07,2.2250602461831e-07,2.51196752080801e-07,2.74014356465845e-07,3.00770429486583e-07,3.35420756263787e-07,3.6534666711434e-07,4.08942777901105e-07,4.45908186703341e-07,4.95069577445954e-07,5.42941585766314e-07,5.99089385242679e-07,6.59788083682566e-07,7.2513088634772e-07,8.02469830117777e-07,8.81204236147296e-07,9.7133443132625e-07,1.0673427761549e-06,1.17877448381966e-06,1.29983800731195e-06,1.43011298827494e-06,1.57160741941372e-06,1.7271406103286e-06,1.90294534317827e-06,2.09610497321328e-06,2.30950739854011e-06,2.53974401580557e-06,2.79430483662759e-06,3.07562726446006e-06,3.38274851811641e-06,3.71712161473493e-06,4.08847991646082e-06,4.4996804967005e-06,4.94803967320033e-06,5.44112239678538e-06,5.98689609948016e-06,6.5833646844479e-06,7.23468684370396e-06,7.9491156363804e-06,8.73397602076216e-06,9.59127715269505e-06,1.05380311068677e-05,1.15851176045013e-05,1.27333301558888e-05,1.39785429370463e-05,1.53535503259679e-05,1.68677723065074e-05,1.85182630256471e-05,2.03148734417929e-05,2.22981626708565e-05,2.44822234585356e-05,2.68946974883739e-05,2.95366109116509e-05,3.23897976735929e-05,3.54833274417255e-05,3.88996696578115e-05,4.26742780482166e-05,4.68336823800965e-05,5.13863304740629e-05,5.63404904742278e-05,6.17351671451625e-05,6.76282848080109e-05,7.4086096393037e-05,8.11789596265214e-05,8.89313501199682e-05,9.73902155270812e-05,0.000106647019415371,0.000116741935253766,0.000127775851088033,0.000139875621199896,0.000153045832866658,0.000167286382571151,0.00018288568333094,0.000200002871811846,0.000218594763914054,0.000238717233051863,0.000260737695044886,0.000284776152440659,0.000310980198575341,0.000339467316313604,0.0003702688770178,0.000403316544243346,0.000439482176733993,0.000479214771387352,0.000522126318996115,0.000567880753278537,0.000617737382619353,0.000672123233555285,0.000730630303911132,0.000793171996691866,0.000861641876259378,0.000935828591793627,0.00101457129509935,0.00109832051574114,0.00118967045286416,0.00128863289746703,0.00139403958415193,0.00150597232281444,0.00162607046457332,0.00175456174109161,0.00189120729263829,0.00203616135546339,0.00219044793269559,0.00235410640314517,0.00252710446529201,0.00270959029865178,0.00290107657847944,0.00310143478206855,0.00331145092476712,0.003531180453177,0.00375928616223879,0.00399523318455124,0.00423764487001383,0.00448630939888193,0.00474026112643922,0.00499828103574193,0.00525756975525729,0.0055172441540862,0.00577336540999157,0.0060254943352393,0.0062701855426716,0.00650464710549256,0.00672403248961484,0.00692794511316848,0.00710919574342516,0.0072651590935436,0.007388985791163,0.00748167534183934,0.00753853792117405,0.00755715969577092,0.00752796822771971,0.0074548635156439,0.00733244269542682,0.00716403946222612,0.0069456169590439,0.00668196820368326,0.00637148279649462,0.00602100437479386,0.00563458841010998,0.00521897795576871,0.00478090170155396,0.00432926363424818,0.00387199175695792,0.00341618792657821,0.00297199397521721,0.00254851677714347,0.00215168949986267,0.00178503532260827,0.00145649462209545,0.00116596814326331,0.000915622926665629,0.000703955290023224,0.000530374189203655,0.000390128545609222,0.00028070345856826,0.000196675227877097,0.000134739080085086,8.95611320371856e-05,5.80330554891074e-05,3.64187574356746e-05,2.21887276105894e-05,1.3130771094366e-05,7.47816103345464e-06,4.22289258095857e-06,2.25520952675972e-06,1.19588992244017e-06,5.98298669486782e-07,3.0074935563909e-07,1.38790736049507e-07,6.79068423495697e-08,2.2899259571162e-08,1.59842333184269e-08,4.9436049960945e-10,2.53069572332921e-09,1.02260691377435e-09,0
9.34081715336527e-10,0,3.78887631921078e-08,1.75136444840067e-08,3.81792111430848e-08,-1.77855102082104e-08,8.01662722329658e-08,1.85383640765881e-08,1.3153900054956e-08,6.4615775259645e-08,5.34997613750221e-08,5.71693493965063e-09,1.0526895731281e-07,2.93105460008189e-08,6.63694558148985e-08,9.48994307376608e-08,5.40403227902491e-08,1.0659013798863e-07,9.51587902769481e-08,9.93184982783075e-08,1.346952188819e-07,1.17374987511706e-07,1.56279024137115e-07,1.55761226913456e-07,1.77836455605302e-07,1.99236484590839e-07,2.10533190938087e-07,2.42986430917426e-07,2.56770667879812e-07,2.93613847356578e-07,3.17392337367597e-07,3.53232916995732e-07,3.88310449436802e-07,4.25464606982963e-07,4.73855260655797e-07,5.16976086850953e-07,5.75164511099714e-07,6.28842723352269e-07,6.97322198444181e-07,7.65835943001419e-07,8.42070563456296e-07,9.28150566635491e-07,1.02110112993214e-06,1.12858897563973e-06,1.2391671300339e-06,1.3655173884824e-06,1.5008006859628e-06,1.65358525340481e-06,1.81923291441274e-06,2.00314239057147e-06,2.20676265424071e-06,2.42670160816075e-06,2.66957383467391e-06,2.93227587359115e-06,3.22373344784813e-06,3.54587777548084e-06,3.90642377880832e-06,4.29826959242146e-06,4.72339722194018e-06,5.19063718363453e-06,5.71013405524072e-06,6.27989277925e-06,6.89920361855936e-06,7.57995834841179e-06,8.3305215369135e-06,9.15306543435616e-06,1.00611862319104e-05,1.10568153683028e-05,1.21356352727001e-05,1.33182522128524e-05,1.46425465393842e-05,1.60912938357156e-05,1.76612808443552e-05,1.93782278195693e-05,2.12802989754589e-05,2.3375615908809e-05,2.56662882106983e-05,2.81438800393991e-05,3.08542049787145e-05,3.38409897632115e-05,3.71235525489496e-05,4.07334465844811e-05,4.47133757016541e-05,4.90550878035732e-05,5.37672267139771e-05,5.88875848874779e-05,6.44917768160381e-05,7.06670794266432e-05,7.74473638353157e-05,8.48453291567385e-05,9.29226704440936e-05,0.000101770306695515,0.000111453721811819,0.000122040901025623,0.000133555268692787,0.00014602797138865,0.000159588120960144,0.000174486690764313,0.000190780537427155,0.000208530375568024,0.000227895021725088,0.000249073108528222,0.000272030039467528,0.000296946961268447,0.000323950140333371,0.000353190772465913,0.000384909798329172,0.000419734016116908,0.000457569302281266,0.000498341301658888,0.00054224407103331,0.000590053801760271,0.000641687348835452,0.000697225619002447,0.000757276272454312,0.00082321748365724,0.000893752332310457,0.000968305057499611,0.00104870281341766,0.00113662612715937,0.00123080338208846,0.00133095648136093,0.00143797058548476,0.00155288261901029,0.00167548210291032,0.00180593597343466,0.00194486229044709,0.00209265789004554,0.00224882323617832,0.00241372306744494,0.00258752467886807,0.00277006322070033,0.00296199508787929,0.00316343175276092,0.00337352644454123,0.00359129677606526,0.00381632245313249,0.0040474534805349,0.00428497507581741,0.00452761106832191,0.00477423184164558,0.0050222004741467,0.00527009909793233,0.00551511926284139,0.0057567961084669,0.00598984585345072,0.00621274240026316,0.00642295801770817,0.00661841237373639,0.0067907260524473,0.00693888739325484,0.00705782702662,0.00714784518071922,0.00720207563877511,0.0072181210376071,0.00718984460210729,0.00712089061705728,0.00700386979726046,0.00684296759276292,0.00663470927273842,0.00638198467149553,0.00608442597510255,0.00575001863999165,0.00538159940460114,0.00498491238563065,0.00456612583957956,0.00413415111244353,0.00369698025827699,0.00326143761450253,0.00283793316667125,0.00243370652684349,0.00205385496536261,0.00170395307304063,0.00139060872228863,0.00111268456137045,0.000873623213733408,0.000671808235658912,0.000506047376470781,0.000372085816644455,0.000267753458516892,0.000187578551068784,0.000128458657070373,8.5418187243741e-05,5.52427333185888e-05,3.46889468671808e-05,2.11835951080884e-05,1.2461923070986e-05,7.12435207875018e-06,4.017870180006e-06,2.13708120476031e-06,1.1398861899519e-06,5.59627085424362e-07,2.94586550161435e-07,1.24292682972748e-07,6.54332153534135e-08,2.44214887585697e-08,1.21208865919986e-08,3.12033684063673e-09,2.30174130360172e-09,1.79078025382546e-09,0
9.12713805430396e-10,0,3.79595913686326e-08,1.1773627192937e-09,3.85878571729456e-08,1.27472504378063e-08,4.62856537577664e-08,6.61380526287052e-09,5.94125741460677e-08,2.11826305332652e-08,4.95646664076097e-08,4.55631818256007e-08,5.21409774232656e-08,5.37321424880551e-08,6.96154517157181e-08,6.15140315219539e-08,8.44883278177112e-08,7.93089469780613e-08,9.66677029019751e-08,1.02589910260237e-07,1.13575316452942e-07,1.27325939016075e-07,1.37819769661322e-07,1.54515537388629e-07,1.68731649056607e-07,1.86880149702601e-07,2.0589261156024e-07,2.26599855014345e-07,2.50908522337017e-07,2.75729736203389e-07,3.04861688040223e-07,3.35180381825808e-07,3.70272468400005e-07,4.07687155564042e-07,4.49408266034421e-07,4.94989386424368e-07,5.4551373884816e-07,6.01523932485385e-07,6.62400169475482e-07,7.29756779501867e-07,8.03723640781741e-07,8.8579257304304e-07,9.75540506824426e-07,1.07427899202488e-06,1.18282256664493e-06,1.3022116132087e-06,1.43364620274183e-06,1.57791964286437e-06,1.73716080636462e-06,1.9122332318172e-06,2.10451016027713e-06,2.31506944220973e-06,2.54746564273299e-06,2.80312140886726e-06,3.08414053642329e-06,3.39232265919859e-06,3.73116352812115e-06,4.10280811432929e-06,4.51182107229446e-06,4.96074801765953e-06,5.45352793147823e-06,5.99384585083652e-06,6.58962378936259e-06,7.24381569623589e-06,7.96241629139085e-06,8.7490323671443e-06,9.61250960701776e-06,1.05574697708148e-05,1.15981404647041e-05,1.27399845418908e-05,1.39927907120748e-05,1.53605242510259e-05,1.68663810684148e-05,1.85205467213755e-05,2.03368350231388e-05,2.23208427147043e-05,2.44953923262142e-05,2.68782053897808e-05,2.94940111825385e-05,3.23591773593997e-05,3.55003032690236e-05,3.89374668750992e-05,4.26981051176937e-05,4.68070458809347e-05,5.13078642922253e-05,5.62447121387598e-05,6.16554697825882e-05,6.75666406790905e-05,7.40201876845144e-05,8.10758382050886e-05,8.87896308766674e-05,9.72163560895873e-05,0.00010641836433522,0.000116483843373588,0.000127468542973743,0.000139453122880351,0.000152522750357878,0.000166796025217371,0.000182339959952441,0.000199285679381393,0.000217713416355907,0.000237787084290067,0.00025962032055695,0.000283423256070496,0.000309266026731439,0.000337386544097578,0.000367892266290858,0.000401026729435923,0.00043683903668506,0.000475705794940281,0.000517779114992028,0.000563445183661132,0.000612701899192302,0.000666064718584456,0.000723580538659819,0.000785691994302376,0.000852449904733109,0.000924614411076238,0.00100224143067595,0.00108561558334225,0.00117484102533496,0.00127062478770227,0.00137317357320247,0.00148285664462961,0.00159977347787279,0.00172442678052581,0.00185697189014511,0.0019977408211591,0.00214687967487465,0.00230456541805176,0.00247072318121625,0.00264549421351569,0.00282898172747932,0.00302080983087337,0.00322078353963353,0.0034284078321809,0.0036434328744946,0.00386485238389127,0.00409218601839302,0.00432374707642299,0.00455889097799273,0.00479535770786079,0.0050321389194803,0.00526626752958463,0.00549671077461159,0.00571965493685029,0.00593374847116807,0.00613409138348109,0.00631906867460018,0.00648330947733416,0.00662586123817942,0.00674076644943686,0.00682681836021653,0.00687700174573457,0.00689196629220116,0.00686620042806057,0.00680050897159662,0.00668860856400802,0.00653512365801169,0.00633566567199257,0.0060943506176465,0.00581108062589797,0.00549184316345472,0.00513950782309843,0.00476038127462898,0.00436083052692568,0.00394853553519588,0.00353074093539301,0.00311548530863786,0.00271121560106471,0.00232411605885003,0.00196181855338175,0.0016282112729509,0.0013282514328171,0.0010630126361468,0.000835047381584142,0.000641963800225193,0.000483566870719076,0.000355615821398942,0.000255940598255709,0.000179349889692068,0.000122728842098362,8.15813785167721e-05,5.28658492598493e-05,3.31905593153294e-05,2.02001327899472e-05,1.19180491576265e-05,6.82123440850656e-06,3.83207972329386e-06,2.04369984074403e-06,1.09154165116365e-06,5.4005812291444e-07,2.76232653294851e-07,1.22238022505319e-07,6.35903331588496e-08,2.20931189370643e-08,1.25297131105337e-08,2.22285362818597e-09,2.10466236752081e-09,-2.64729213287449e-10,0
8.91834704550565e-10,0,3.3922882271016e-08,4.2140968618108e-09,3.91014708017137e-08,3.06432794746281e-09,4.73890567181862e-08,1.37482110852161e-08,4.17944386844488e-08,2.92912805596922e-08,4.74230420459888e-08,3.33323557356768e-08,5.98810445675123e-08,4.32057779582117e-08,6.59999834212204e-08,6.10933912168514e-08,7.36031285860311e-08,7.84057441586351e-08,8.84225786741176e-08,9.54363545876204e-08,1.07624563067364e-07,1.16802356765161e-07,1.29797695449082e-07,1.43730756272378e-07,1.56956438457836e-07,1.75425818592892e-07,1.91546398648965e-07,2.12488983911647e-07,2.34236687645513e-07,2.57231316089424e-07,2.85848799343372e-07,3.13022743294121e-07,3.48233550784404e-07,3.81774918891686e-07,4.22641439152016e-07,4.65106932438273e-07,5.12857054054884e-07,5.65488679075071e-07,6.21928946159958e-07,6.86701953634817e-07,7.5538753369732e-07,8.33609167434269e-07,9.17327010504246e-07,1.01133670326276e-06,1.11329049815785e-06,1.22613798051824e-06,1.35043013966928e-06,1.48706582346191e-06,1.63855410420103e-06,1.80398181984064e-06,1.9865756932191e-06,2.18533354330477e-06,2.40479678651667e-06,2.64552969345139e-06,2.91148171413837e-06,3.2031699129984e-06,3.52449726535892e-06,3.87764557611817e-06,4.26630054917444e-06,4.69294969605715e-06,5.16200109953748e-06,5.67627416169334e-06,6.23936822092955e-06,6.85679931483287e-06,7.53751864534456e-06,8.28454538454412e-06,9.10528601452204e-06,1.00035204791766e-05,1.09876647006361e-05,1.20667665077608e-05,1.32601294323032e-05,1.45700579114463e-05,1.60082515983071e-05,1.75784284607412e-05,1.93019862192719e-05,2.11926201072841e-05,2.3266356788769e-05,2.55320416842974e-05,2.80120267534369e-05,3.07272598009985e-05,3.37100900883446e-05,3.69834170297022e-05,4.05785856625753e-05,4.45094032768898e-05,4.87972596172928e-05,5.3480684801687e-05,5.86148971388761e-05,6.42496866697331e-05,7.04206690209101e-05,7.71534251722358e-05,8.4494230860475e-05,9.25131181738466e-05,0.000101268545374083,0.000110850398079425,0.000121337318013492,0.000132793974709867,0.000145265623159249,0.000158859537742627,0.000173648217173991,0.000189771424127655,0.000207347379224746,0.000226553499780379,0.000247441834599936,0.000270161313308287,0.000294801628943686,0.00032159219261822,0.000350600603234947,0.000382136545221268,0.000416381116438232,0.000453617864218619,0.000493774426125062,0.000537210107209926,0.000584132037879961,0.000635106093092937,0.000690055880230856,0.00074940460632698,0.000813213467686688,0.000882073802798592,0.000956068035162641,0.00103561961193808,0.0011208227878204,0.00121228378312409,0.00131014032450452,0.0014147880832633,0.00152657695771992,0.00164588822386748,0.00177245568956611,0.00190660031377736,0.00204866822207315,0.00219916870345045,0.00235820468028178,0.0025254420617222,0.0027006846047388,0.00288374507576425,0.00307454902557522,0.00327279245577336,0.00347836696171546,0.00368991414166081,0.00390685110394267,0.0041281707998341,0.00435328091538087,0.00457943157921777,0.00480552931332005,0.00502901713533551,0.00524908480731831,0.00546196980729435,0.00566633828192235,0.00585785270719206,0.00603501199456149,0.0061922355024045,0.00632842382298179,0.0064379074745653,0.0065198186815803,0.00656806404814294,0.00658289965911026,0.00655821131834025,0.00649533272470814,0.0063885789892788,0.00624163022926209,0.00605081798266204,0.0058207773683544,0.00555065741962471,0.00524553536657645,0.00490870986927297,0.00454681492142349,0.00416521670071955,0.00377100094522631,0.00337182960874374,0.00297510222942797,0.00258868151811814,0.00221891338432312,0.00187279605222872,0.00155396724408593,0.00126754538310432,0.00101424167172402,0.000796472630837138,0.000612173473389391,0.000461060549723435,0.000339060976507353,0.000243942001982362,0.000170910223918512,0.000116992946324876,7.77485810627665e-05,5.0394396548497e-05,3.16293744049087e-05,1.9267272276833e-05,1.13815727586073e-05,6.50279274510066e-06,3.66799144621747e-06,1.95226249830852e-06,1.04329243677251e-06,5.17649457515588e-07,2.63854484994746e-07,1.17374866661584e-07,6.04419857208147e-08,2.09762227683424e-08,1.22779243641052e-08,2.45632930292998e-09,2.09185246480151e-09,1.39176268560625e-09,0
8.71433230776796e-10,0,3.28538206239927e-08,2.82238104561288e-09,3.92769185005752e-08,4.34866688713429e-09,4.33299339530624e-08,1.36669733895439e-08,4.3973294977624e-08,2.38652904962694e-08,4.83850135461352e-08,3.36029516545541e-08,5.46496548220882e-08,4.55386764407861e-08,6.22843303999322e-08,5.95402634581888e-08,7.26347666523297e-08,7.52531847707374e-08,8.66068106400747e-08,9.3144616479977e-08,1.04543000930095e-07,1.14176643301112e-07,1.26873940374394e-07,1.39407310698378e-07,1.54263956779467e-07,1.69877079403814e-07,1.87649947660135e-07,2.06803894441357e-07,2.28223777708007e-07,2.51560325623804e-07,2.77499551859984e-07,3.05899078946361e-07,3.37342159886106e-07,3.71824044197327e-07,4.09889630805546e-07,4.51715881305926e-07,4.97845779530478e-07,5.48559572240702e-07,6.04439612953517e-07,6.659322904683e-07,7.33640949725139e-07,8.08085321194665e-07,8.9001896160553e-07,9.80158394541254e-07,1.07937321647605e-06,1.18844753571996e-06,1.30841530884376e-06,1.44031795685679e-06,1.58548579559659e-06,1.74501805570527e-06,1.92047134242071e-06,2.11320408767171e-06,2.32519433212634e-06,2.55804767037326e-06,2.814204860825e-06,3.09543324874832e-06,3.40469712703808e-06,3.74412944145265e-06,4.1175511406307e-06,4.52734583298498e-06,4.97789010285763e-06,5.47184362160657e-06,6.01490817742922e-06,6.61017297409571e-06,7.26457371703111e-06,7.9818140753807e-06,8.77057247416406e-06,9.63466122275524e-06,1.05842258750502e-05,1.16239104619482e-05,1.27671689835751e-05,1.40185615185789e-05,1.53936634358556e-05,1.68990728635369e-05,1.85522645791955e-05,2.03626672878869e-05,2.23491657709249e-05,2.45244409171809e-05,2.69097757736905e-05,2.95206675562734e-05,3.23828505595506e-05,3.55162526664128e-05,3.89493469272649e-05,4.27063201759062e-05,4.68197090399791e-05,5.13198414344066e-05,5.62438305483626e-05,6.16291141304168e-05,6.75190697014798e-05,7.39600486569578e-05,8.09990134754877e-05,8.86921726984826e-05,9.70929988904575e-05,0.000106270889020916,0.000116286296454351,0.000127223299284167,0.000139146361615658,0.000152158559740914,0.00016633369137654,0.000181797031453599,0.000198624652134273,0.000216963313634714,0.000236893507464339,0.000258600472001259,0.000282173858381984,0.000307825625985817,0.000335628596753504,0.000365835195848303,0.000398537709008256,0.000434056447486025,0.000472457750487471,0.000514095790945148,0.000559037303128676,0.000607717911804043,0.000660154873563682,0.00071687681074791,0.000777903943985387,0.000843720255415366,0.000914397523582619,0.000990443873101658,0.00107199309264018,0.00115947667298697,0.00125300501572981,0.00135304673824313,0.00145978573410725,0.00157361797507358,0.0016945949153406,0.00182302129034266,0.0019590539644368,0.00210293909689535,0.00225467290573139,0.00241424484673958,0.00258169607557104,0.00275680724843786,0.0029393605774528,0.00312886524246884,0.00332519702554038,0.00352736488296653,0.00373480244296788,0.00394601606433902,0.00416050301120297,0.00437637368604543,0.00459272611954056,0.00480645381625994,0.00501647257022299,0.0052197121659856,0.00541512874353396,0.005598039267285,0.00576688416944074,0.00591683104528925,0.0060468524987658,0.00615121369592445,0.00622917225969747,0.00627493799646868,0.00628862050503361,0.00626470231816329,0.00620451884727427,0.00610218634362963,0.00596129626940225,0.00577870881526369,0.00555882286978448,0.00530018025510442,0.00500768018183649,0.00468554114516553,0.00433992953961904,0.00397517483873879,0.00359824667610858,0.00321692932044571,0.00283823158366959,0.00246919225226633,0.00211602735640484,0.00178582711390802,0.0014816386586317,0.00120819036535955,0.000966666150456092,0.000759117422047311,0.000583244924928025,0.000439130201073622,0.000322899815245057,0.000232283974052591,0.000162649026097823,0.000111271920153339,7.39518278731326e-05,4.79059145335979e-05,3.00566698835147e-05,1.82914837785591e-05,1.0800275993613e-05,6.18018532523737e-06,3.47481127931378e-06,1.85450839622444e-06,9.93257271286043e-07,4.92514567665091e-07,2.50434643736753e-07,1.12819794904857e-07,5.91274962829723e-08,1.91273768205919e-08,1.16087122827823e-08,2.50486640601473e-09,1.51568067481118e-09,-1.49580923730106e-10,0
8.51498457984742e-10,0,3.15201788559798e-08,2.67582020182892e-09,3.76796474906577e-08,4.20416932533096e-09,4.14752776901676e-08,1.31927948711322e-08,4.2087606997663e-08,2.28814342946475e-08,4.64504497933308e-08,3.21076297100757e-08,5.24627305418098e-08,4.36036096816359e-08,5.97027459854276e-08,5.70678309485598e-08,6.96041006163412e-08,7.2107613939496e-08,8.30166915905424e-08,8.92263738301591e-08,1.00219379604236e-07,1.09377873602113e-07,1.21607289858732e-07,1.33565895911578e-07,1.47833780901421e-07,1.62774125247069e-07,1.798163738107e-07,1.98164587531773e-07,2.18695838118613e-07,2.41047867867359e-07,2.65905728354563e-07,2.93101214480149e-07,3.23236895739923e-07,3.56261251991341e-07,3.92733576317719e-07,4.32788433599727e-07,4.76983583327e-07,5.25550373587054e-07,5.7906920855667e-07,6.37947622819406e-07,7.02785065342455e-07,7.74064043444507e-07,8.52511988184565e-07,9.38803951580851e-07,1.03378750953399e-06,1.1382019793324e-06,1.25304122371684e-06,1.37929390555866e-06,1.51823999831631e-06,1.67091865159522e-06,1.83882500850543e-06,2.0232626622397e-06,2.22612884274689e-06,2.44893068497002e-06,2.69398831141189e-06,2.96300610218896e-06,3.25884564362485e-06,3.58352071469269e-06,3.94064480504475e-06,4.33251359360266e-06,4.76335480964214e-06,5.23568908697447e-06,5.7549255511508e-06,6.32402752845953e-06,6.94962267278475e-06,7.6352123161533e-06,8.38909138695951e-06,9.21496451942844e-06,1.01225745191057e-05,1.11163324311001e-05,1.22089568028649e-05,1.34047743142021e-05,1.47188095932792e-05,1.61573710764726e-05,1.77369763918664e-05,1.94667127050534e-05,2.13647138937007e-05,2.34430164104391e-05,2.57220425226017e-05,2.82165418963183e-05,3.09508759377689e-05,3.39442705793771e-05,3.72240974380637e-05,4.08130883674079e-05,4.47421908880804e-05,4.90410623982545e-05,5.37455255782657e-05,5.88903663751579e-05,6.45160480569854e-05,7.06675361762503e-05,7.73909448361854e-05,8.47398327159202e-05,9.27638884191741e-05,0.000101528436850795,0.000111092435046972,0.000121538736368097,0.000132928072194544,0.000145353417716105,0.00015888422688739,0.000173648167387714,0.000189720930830666,0.000207233296060905,0.000226257406476622,0.000246979072774903,0.000269489812687688,0.000293984680851251,0.000320526280551586,0.000349362391928797,0.000380588007556705,0.000414502214880147,0.000451165371063165,0.000490923388153857,0.000533835084735908,0.000580302840464281,0.000630356247257895,0.000684523116079561,0.000742818207782418,0.00080567579659948,0.000873144569388743,0.000945717888805078,0.00102357198952396,0.00110715234514777,0.0011964971466154,0.00129196878429572,0.00139381247031873,0.00150253712359626,0.00161812793188046,0.00174071143392181,0.00187049891761278,0.00200790771305068,0.00215285209580009,0.0023051329838856,0.00246491890861986,0.00263220486227553,0.00280657969403475,0.00298731035653757,0.00317454480600068,0.00336771754793402,0.00356607131432292,0.00376771783892974,0.00397214133459633,0.0041779043427767,0.00438458028608039,0.00458911007640522,0.00478970708465614,0.00498329101423669,0.0051696336407949,0.0053444264586526,0.00550572191734782,0.00564896805752235,0.00577315892781775,0.00587243458256746,0.00594664891293363,0.00599095860174208,0.00600428276761103,0.00598048772391563,0.00592276081086385,0.00582636697157553,0.00569218194646876,0.00551644577311032,0.00530613599309262,0.00506050636808482,0.00478172986050319,0.00447323024392035,0.00414288375607294,0.00379539969445404,0.00343591801299305,0.00307143682934755,0.00270975521605815,0.00235770640690837,0.0020205220990174,0.001705146760061,0.0014148120730573,0.00115377520037534,0.000923132739536076,0.00072500801076912,0.000557060506046945,0.000419352180685507,0.000308390415960189,0.000221930846298647,0.000155388904569763,0.000106258271087131,7.06381839858046e-05,4.57969049075391e-05,2.87157283709277e-05,1.74466611381256e-05,1.0320444726352e-05,5.92497345799091e-06,3.3112815305466e-06,1.75703739762101e-06,9.56887131548124e-07,4.7558748313299e-07,2.32208862893731e-07,1.07377969660412e-07,5.94473556812156e-08,1.68237190621099e-08,1.04314121739543e-08,3.05170957179075e-09,1.24261448694487e-09,-2.596056994933e-10,0
8.32019709994399e-10,0,2.90963674025629e-08,3.30784591515564e-09,3.8666511735875e-08,1.61974727139819e-09,3.6611835305193e-08,1.76018139774425e-08,3.98535992601113e-08,1.72131110878453e-08,4.87603059976943e-08,3.00431048061764e-08,4.77779167258277e-08,4.40335757966258e-08,5.60012208340717e-08,5.42850120795157e-08,6.6694489954256e-08,6.88405943191832e-08,7.87490432016931e-08,8.55120064254276e-08,9.53956089561625e-08,1.04123731193304e-07,1.16204404530503e-07,1.27072909558895e-07,1.41003950260803e-07,1.55021173179888e-07,1.71255277750699e-07,1.89000151869943e-07,2.08358642080858e-07,2.29666072572003e-07,2.53311786751006e-07,2.79317172219228e-07,3.07969306945465e-07,3.39405427537505e-07,3.74127313654522e-07,4.12446410387177e-07,4.5461502939747e-07,5.00775259904353e-07,5.51651965774363e-07,6.07785113581666e-07,6.69749285723583e-07,7.37583593290323e-07,8.12250758578036e-07,8.94384648450122e-07,9.8495459314714e-07,1.08441438707825e-06,1.19390660673654e-06,1.314299025905e-06,1.4467754958036e-06,1.59200692298858e-06,1.75183061751866e-06,1.92788752286767e-06,2.12157862851408e-06,2.33363759569733e-06,2.56682017547186e-06,2.82337777215501e-06,3.1057925241123e-06,3.41542486232016e-06,3.75545537821574e-06,4.12835029472454e-06,4.53918754532537e-06,4.99060047722456e-06,5.48640843982741e-06,6.02866945363677e-06,6.62439140332387e-06,7.27757507783482e-06,7.99675434180583e-06,8.78584157596979e-06,9.65256727018061e-06,1.05995735731671e-05,1.16403672840349e-05,1.27815923894965e-05,1.40378102556164e-05,1.54117328640213e-05,1.69169046376188e-05,1.85655142931421e-05,2.03773459369633e-05,2.23612191322246e-05,2.45358508451965e-05,2.6917120538386e-05,2.95279378508397e-05,3.23836366118907e-05,3.55092088999087e-05,3.89325471892088e-05,4.26879044424118e-05,4.67957741647669e-05,5.12818585842502e-05,5.61854641220172e-05,6.15548775239662e-05,6.74286839573025e-05,7.38424245282734e-05,8.08538886801622e-05,8.85183471618637e-05,9.68860976277088e-05,0.000106005215974126,0.000115969951548024,0.000126846044190917,0.000138711968862127,0.000151629640617647,0.000165721161733027,0.000181062793703129,0.000197791640525997,0.000215967197905375,0.000235744140040847,0.000257232882288414,0.000280653020441759,0.000306021585751526,0.000333521838661527,0.000363296640176324,0.000395697404246505,0.000430731801347093,0.000468688566213808,0.000509689365678686,0.000554099733671183,0.000601840905253696,0.00065350191081591,0.00070923322331974,0.000769349061926992,0.000833756841338719,0.000902985373156856,0.00097733235878223,0.00105721236089439,0.00114256002912282,0.00123372190175479,0.00133097254221792,0.00143477438679971,0.00154515456955525,0.00166230983021528,0.0017863162985288,0.0019174212666041,0.00205573815951667,0.00220128668364458,0.00235398603263869,0.00251361172821015,0.00268008660059041,0.00285298138318444,0.00303205343640314,0.00321631004318469,0.00340534577120195,0.00359801688222605,0.00379382706033165,0.00399076145202344,0.0041879598071995,0.00438279930736497,0.00457429095337557,0.00475966714835944,0.00493818206138621,0.00510514464617073,0.00525859323262821,0.00539508471397015,0.00551464463343438,0.00561050850053315,0.00568060170061689,0.0057215243132153,0.00573509168921461,0.00571425118052301,0.00565831501660235,0.00556409011366736,0.00543669914133987,0.00527096232459322,0.00506968767913,0.00483347149394377,0.00456682274024479,0.00427296850909808,0.00395844978798456,0.00362627750843629,0.00328163320463729,0.00293327867386873,0.00258876779065842,0.00225309056934225,0.00193055765623826,0.00162836272874036,0.00135089529219899,0.00110281548279314,0.000883462960838961,0.000692873701128531,0.000530691440471389,0.000400228235887708,0.000296311756087178,0.000213039231553879,0.00014763286668354,0.000101019565893866,6.81618524440551e-05,4.42370146880783e-05,2.74174826783654e-05,1.67259442852957e-05,9.80812487875625e-06,5.56381965672912e-06,3.42171472949482e-06,1.84387560330135e-06,7.00767718970096e-07,4.01858794652987e-07,3.76832603350397e-07,8.56279350061427e-08,-8.63820488403205e-09,5.29608104994108e-08,1.79459743761061e-08,-1.66596345752533e-08,1.01302045991795e-08,3.8770111714326e-09,0
8.12986554852422e-10,0,2.85835761049348e-08,2.34714510298291e-09,3.40954370054767e-08,3.99733504358477e-09,3.74186320301638e-08,1.19567187644744e-08,3.81954501438841e-08,2.07685729362964e-08,4.19581853037866e-08,2.92692354344758e-08,4.74507257164812e-08,3.957472343111e-08,5.41542663446175e-08,5.17283181973917e-08,6.31686581974688e-08,6.54134554474527e-08,7.53243943552781e-08,8.10058662863347e-08,9.09533423198542e-08,9.93208923999401e-08,1.1042257686006e-07,1.21294487267611e-07,1.34304780034657e-07,1.4785319388863e-07,1.63411773858431e-07,1.80057654697726e-07,1.98796047751859e-07,2.19097813039612e-07,2.41759418421232e-07,2.66486551474912e-07,2.93943797045125e-07,3.23986017141496e-07,3.57208618559623e-07,3.9366981224534e-07,4.33937699720876e-07,4.78157281720632e-07,5.26901828531583e-07,5.80506724493619e-07,6.39573215120736e-07,7.04497774704877e-07,7.75971360077034e-07,8.54572884812793e-07,9.41091606118045e-07,1.03617857423531e-06,1.14078043949785e-06,1.25578847468709e-06,1.38238187119096e-06,1.52148932562644e-06,1.67446015545453e-06,1.84245530317047e-06,2.02724095657704e-06,2.23021053768818e-06,2.45346770846052e-06,2.69855259168423e-06,2.96809260229165e-06,3.26393347985906e-06,3.58937222090294e-06,3.94645285890558e-06,4.33903286474317e-06,4.76947384466409e-06,5.24268745609457e-06,5.76131115472683e-06,6.33142900624199e-06,6.95624710480176e-06,7.64332035430601e-06,8.39602605456274e-06,9.22321069514211e-06,1.01288330312467e-05,1.11245882601369e-05,1.22145522662092e-05,1.34123485900001e-05,1.47235777297478e-05,1.61632325517847e-05,1.77396297785809e-05,1.94694408082381e-05,2.13636450890618e-05,2.34407465558224e-05,2.57143207613563e-05,2.8206626057288e-05,3.09349470469925e-05,3.39242698233612e-05,3.71954353031503e-05,4.0776565231996e-05,4.46947400344845e-05,4.89825909622963e-05,5.36716704639164e-05,5.87988322638407e-05,6.44048774820815e-05,7.05321946454704e-05,7.72309963842197e-05,8.45460340976804e-05,9.25344415369873e-05,0.000101251264469938,0.00011077609637769,0.000121162578735198,0.000132489791406534,0.000144822724617713,0.000158285162582479,0.00017294564888082,0.000188914645339983,0.000206257079877978,0.000225151613529348,0.000245683681390914,0.000268023542545985,0.000292227917114112,0.000318526711204699,0.000347002723759667,0.000377927565093827,0.000411362683973708,0.000447626221642693,0.000486771069054673,0.000529162786390244,0.000574812823764675,0.000624192018718821,0.00067734483875662,0.000734706723365187,0.000796294180422448,0.000862484289226996,0.000933438471394967,0.00100966573537766,0.00109124409151144,0.00117838357856112,0.00127122041139738,0.00137035368237413,0.00147590663390938,0.00158784188868704,0.00170615459746595,0.0018314002200567,0.00196378536868801,0.00210294496107867,0.00224865344076438,0.0024010838417167,0.00256033468260998,0.00272560080313592,0.00289648066623526,0.00307246184208926,0.00325333143310227,0.00343762746268418,0.00362471543190306,0.00381269225621379,0.00400083149123012,0.00418723561611588,0.00437099647244464,0.00454819440281069,0.00471794163608241,0.00487747024501167,0.00502524714428113,0.00515609246041243,0.00526931986810435,0.00536030328840759,0.00542847244956898,0.00546907878038383,0.00548151469753537,0.00545998130278201,0.00540714193150388,0.00531947885024078,0.00519801199327805,0.00503800406577156,0.00484541777268183,0.0046209924124652,0.00436741275245122,0.00408667632597948,0.00378489146874058,0.00346703123103874,0.00313903762053408,0.00280686764126739,0.00247662565768162,0.00215497623841919,0.00184713152144559,0.00155903117957024,0.0012937317864798,0.00105530389471019,0.000844422699378683,0.000663186588574962,0.000509790393140936,0.000383937256139787,0.000282252017233939,0.000203076271090964,0.000142308288349597,9.73648581231859e-05,6.46612110776778e-05,4.18913950802018e-05,2.63075978077727e-05,1.60002709632222e-05,9.43143402708173e-06,5.39817435171536e-06,3.03191378670338e-06,1.60915240649208e-06,8.63260859820744e-07,4.31392208617411e-07,2.14368338359995e-07,9.45191671354207e-08,5.30361603187566e-08,1.69721369214342e-08,8.682941252733e-09,2.39492758093721e-09,1.76465093137927e-09,-3.34167960474051e-10,0
7.94388799245225e-10,0,2.73945713196907e-08,1.33026808075597e-09,3.28714309419578e-08,5.56516093679918e-09,3.34839908712221e-08,1.18383444554663e-08,3.82489174116476e-08,1.7781956768588e-08,4.12282628131357e-08,2.79231039574512e-08,4.4946095299121e-08,3.85364407938491e-08,5.08829995577666e-08,5.03759268536346e-08,5.97256102262516e-08,6.26795734814307e-08,7.21824545218934e-08,7.69647068481934e-08,8.72705362212624e-08,9.45982586995206e-08,1.05536664172918e-07,1.15801137903145e-07,1.28156756930474e-07,1.41200646303922e-07,1.55860838377813e-07,1.71901523409313e-07,1.89644866532432e-07,2.0919391158022e-07,2.30678741103429e-07,2.54326850366994e-07,2.8045290001904e-07,3.09200793737294e-07,3.40935438388253e-07,3.75668479252626e-07,4.14123488520372e-07,4.56375110826764e-07,5.02995507009159e-07,5.54043106133104e-07,6.10415850551362e-07,6.72396579914547e-07,7.40682128683149e-07,8.15646651852771e-07,8.98308408169653e-07,9.89225867834462e-07,1.08925588780371e-06,1.1989698621361e-06,1.31968106342624e-06,1.45244115503045e-06,1.59869688684892e-06,1.75935533445443e-06,1.93595122254463e-06,2.12970690039387e-06,2.34290425388382e-06,2.5770656797802e-06,2.83454365585787e-06,3.11688986762124e-06,3.42743383476378e-06,3.76845025185049e-06,4.14357078721853e-06,4.55463854198406e-06,5.00648647827546e-06,5.50191163740248e-06,6.04654791411499e-06,6.643258521886e-06,7.29933702713763e-06,8.01818221293921e-06,8.80835387650502e-06,9.67368369208585e-06,1.06250923270905e-05,1.16658746779187e-05,1.28094162829027e-05,1.40621464631006e-05,1.543828742286e-05,1.6944842057215e-05,1.85970310139636e-05,2.04061713779001e-05,2.23915233525973e-05,2.45651381769391e-05,2.69464481391589e-05,2.95521534289992e-05,3.24071671307939e-05,3.55322111357767e-05,3.89540085793096e-05,4.26980956761773e-05,4.67954245132913e-05,5.12750602813254e-05,5.6172872600805e-05,6.15306076269657e-05,6.73870022765936e-05,7.37856216983634e-05,8.07726683040241e-05,8.84075315923865e-05,9.67370235344694e-05,0.000105832020955147,0.000115751752579068,0.000126580470457479,0.000138373625792733,0.000151235181121011,0.000165231856784708,0.000180490215189673,0.000197078580041966,0.000215140643520712,0.000234744724217637,0.000256082586175141,0.000279225445167839,0.000304365922889727,0.000331563565379101,0.000361096976767664,0.000393042442867241,0.000427691297248545,0.000465087320298222,0.000505599875248004,0.000549231959085084,0.00059640131766953,0.000647162587945362,0.000701966963509142,0.000760828268795111,0.000824090141813312,0.000891899202316614,0.0009647013959857,0.00104258139314048,0.00112585208224153,0.00121464007048707,0.00130933577973113,0.00141003044838452,0.00151695409295778,0.00163018385478937,0.00174990194978751,0.00187614585564598,0.00200894938707121,0.00214832651818341,0.0022940877800409,0.00244608562552457,0.00260387201588183,0.00276728291324397,0.00293552199610425,0.0031081936273634,0.00328412084398533,0.00346283334657754,0.00364256283412394,0.00382257281806009,0.00400056099200533,0.00417562394095522,0.00434490706284372,0.00450757911455518,0.00465999557473305,0.00480072812066431,0.00492559092872449,0.0050340532094725,0.00512139423953667,0.00518642134287845,0.00522431565544054,0.00523599053205098,0.00521684074672368,0.005166911401948,0.00508128366488627,0.00496418793358124,0.00481307541377007,0.00463042156211139,0.00441480975715139,0.00417092074864758,0.00390285722287375,0.00361601351023984,0.00331279895678427,0.00299795207052337,0.00267958981774715,0.00236502106431843,0.0020583889102498,0.00176335893955975,0.00148724695939812,0.00123402145508062,0.00100692396923965,0.000805593581377014,0.000631548428356353,0.000484226366359816,0.000364864956540963,0.00026901351169555,0.000192922396496759,0.000133854681860786,9.14964147176054e-05,6.12870922248639e-05,3.94448644740601e-05,2.43618873727577e-05,1.48799691086815e-05,8.70092953447163e-06,4.81292315870076e-06,2.85732657952226e-06,1.56542498687472e-06,6.37422275540029e-07,3.29478721918908e-07,2.9556150229681e-07,8.09225509290787e-08,-6.89932306856821e-09,3.59380361849442e-08,2.11595379434392e-08,-1.34649629485586e-08,3.77861343549632e-09,4.43376631692189e-09,0
7.76216483039898e-10,0,2.59159474146136e-08,2.12371543363378e-09,3.08251302210796e-08,3.74343291540173e-09,3.3798177160678e-08,1.0969849369977e-08,3.4477428637023e-08,1.8997927328572e-08,3.79113385168961e-08,2.6642632941763e-08,4.29818198093681e-08,3.5953602001378e-08,4.90378180760529e-08,4.70915271331327e-08,5.70825004024443e-08,5.96619888323129e-08,6.80156690716535e-08,7.38646059845654e-08,8.22467007911619e-08,9.04170379134681e-08,1.00068119853661e-07,1.10221063170828e-07,1.21925910242656e-07,1.34212459668753e-07,1.48499041680283e-07,1.6338844014993e-07,1.80719324341244e-07,1.98850683039714e-07,2.19786515213785e-07,2.41950200267714e-07,2.67193004498843e-07,2.94274560935537e-07,3.24688843650022e-07,3.57705552545328e-07,3.94397050569206e-07,4.34551167333865e-07,4.78893601601646e-07,5.27680180898917e-07,5.81338963482446e-07,6.40463502385361e-07,7.05394335910003e-07,7.7700224735632e-07,8.55621036545799e-07,9.42242951154808e-07,1.03733696501813e-06,1.14206169531077e-06,1.25714217870108e-06,1.38376326071726e-06,1.52292305234389e-06,1.67589051609383e-06,1.84407479652982e-06,2.0288602189312e-06,2.23208892499077e-06,2.45525815492809e-06,2.70073053191903e-06,2.97013932387935e-06,3.26643036917859e-06,3.59146272051025e-06,3.94896612379794e-06,4.34103148887817e-06,4.77205055586974e-06,5.24437518278792e-06,5.7636688410194e-06,6.332713447223e-06,6.95846703485529e-06,7.64405543041164e-06,8.39747098793554e-06,9.22227611524489e-06,1.01294506968999e-05,1.11225912847491e-05,1.22137731444117e-05,1.34081931711629e-05,1.47196661460037e-05,1.61558183769286e-05,1.77319293531625e-05,1.94580493246524e-05,2.13510561274486e-05,2.34232074081212e-05,2.56947033127113e-05,2.81813021156981e-05,3.0905640332556e-05,3.38873161290679e-05,3.71522583366834e-05,4.07243540108101e-05,4.46329679527925e-05,4.89076386381245e-05,5.3582602861758e-05,5.86950058440335e-05,6.42821290242546e-05,7.03883449958859e-05,7.70565971028441e-05,8.43431239815397e-05,9.22957057655852e-05,0.00010097894603302,0.000110443171423744,0.000120773593935665,0.000132030935285058,0.000144310510057454,0.000157669953908879,0.000172231058291202,0.000188061286170163,0.000205301747821735,0.000224018463083804,0.000244385118442087,0.000266465854501764,0.000290458404346062,0.000316432200971527,0.000344643681014775,0.000375145886537551,0.000408218152900508,0.000443913935758969,0.00048258395333626,0.00052424453783106,0.000569311573573459,0.000617797060758437,0.000670084013552223,0.000726235820934836,0.00078666808468324,0.000851484131459159,0.0009209996258172,0.000995296799179801,0.00107479334146423,0.0011596528849357,0.00125013243970145,0.00134624316187038,0.00144829203250959,0.00155645267214948,0.0016708633169883,0.00179146060598401,0.00191828924014749,0.00205145126267012,0.00219072282018041,0.00233586882364079,0.00248654996532456,0.00264271132256403,0.00280351265423613,0.00296849311394302,0.00313651111540143,0.00330715170167595,0.00347890780397673,0.00365110477993045,0.00382120323826631,0.00398827108492754,0.00415001565825387,0.00430568621293949,0.00445134765475957,0.00458569714799275,0.00470508732697068,0.00480874737481584,0.0048920601848172,0.00495436779576243,0.00499086169856111,0.00500177114450623,0.00498314714876893,0.00493582049334757,0.00485452371927224,0.00474239327939107,0.00459752675223465,0.00442314967155777,0.0042176322414943,0.00398498076946313,0.00372885682112041,0.00345422039724104,0.0031643043578181,0.00286448513394226,0.00256111348724976,0.00225994625191225,0.0019664147818864,0.00168529939520725,0.00142244854581944,0.00118038852209427,0.000962671341615423,0.000770257822748038,0.00060497069681093,0.00046490068017449,0.000350025480588586,0.000257381211790255,0.000185166411862272,0.000129639595683039,8.8675590501519e-05,5.89321514849255e-05,3.81514093203972e-05,2.39141210946533e-05,1.45513800895748e-05,8.58384347038491e-06,4.89592171895858e-06,2.74829353573884e-06,1.46733219048244e-06,7.81063915610536e-07,3.84104219671716e-07,1.96488463435803e-07,8.87298167059081e-08,4.5306413011069e-08,1.43466157406607e-08,9.43399316949386e-09,2.07788930310293e-09,8.84067758338585e-10,-8.78168986205926e-11,0
7.58459873950003e-10,0,2.47134039354023e-08,2.21781737396789e-09,2.95183878282719e-08,2.99145653035391e-09,3.31405682102201e-08,1.02432693985839e-08,3.22149899837251e-08,1.92122142927268e-08,3.56432742520465e-08,2.525686807726e-08,4.16636812415975e-08,3.36640248668846e-08,4.72890642288312e-08,4.4685232536278e-08,5.45738834256821e-08,5.69351321054865e-08,6.48483690439019e-08,7.05345753427109e-08,7.83947923609579e-08,8.62929835675876e-08,9.54149606139516e-08,1.05158885778985e-07,1.16273965781068e-07,1.28029477718346e-07,1.41614753410451e-07,1.55843707278918e-07,1.72346266302163e-07,1.89646260184859e-07,2.09631044703374e-07,2.30737214704485e-07,2.54873841844937e-07,2.80628002067137e-07,3.09734861539885e-07,3.41152042630125e-07,3.76261810657469e-07,4.14485976963635e-07,4.56880959039557e-07,5.03364877032397e-07,5.54617325379476e-07,6.10996120595715e-07,6.72987096407027e-07,7.4130086439544e-07,8.16296449944041e-07,8.98927149778794e-07,9.8965466174005e-07,1.08962986903e-06,1.19941919147881e-06,1.32021170555936e-06,1.45290340843169e-06,1.5988078781526e-06,1.75920564329063e-06,1.93547335969532e-06,2.12929065989111e-06,2.34214581679365e-06,2.57625074547237e-06,2.8332079792723e-06,3.11589059759434e-06,3.42603258634862e-06,3.76705687567316e-06,4.14096207932382e-06,4.55205814880021e-06,5.00268754854234e-06,5.49832094241223e-06,6.04156378293255e-06,6.63896001573412e-06,7.29334289645672e-06,8.01245265296711e-06,8.79982338314976e-06,9.66580382310428e-06,1.06137131785557e-05,1.16553575117744e-05,1.27956915475399e-05,1.40477400147783e-05,1.54188475101704e-05,1.69234581729505e-05,1.85708373811103e-05,2.03773613060444e-05,2.23551687766549e-05,2.45234551782664e-05,2.68970415642641e-05,2.94976116151536e-05,3.23436644906793e-05,3.54596251164671e-05,3.88685659062359e-05,4.25988719225581e-05,4.66787867696864e-05,5.11407843641094e-05,5.60199720420264e-05,6.13523258183397e-05,6.71807617974789e-05,7.35455722655331e-05,8.04994981699724e-05,8.80885657678735e-05,9.63760827912509e-05,0.000105410633775624,0.000115270784254361,0.000126012777753035,0.000137731666351371,0.000150484501017567,0.000164381196326646,0.000179483673584469,0.000195935610683014,0.000213805170661068,0.000233248852192496,0.000254318799967613,0.000277208674458515,0.000301994245516212,0.000328920435318751,0.000358032531852726,0.000389595818476298,0.000423662777220448,0.000460566533607137,0.000500323871383318,0.000543335487802092,0.000589613695145964,0.000639523457123658,0.000693113595909896,0.000750768508664174,0.000812610176729279,0.0008789726701325,0.000949912436977162,0.00102577484702062,0.00110672175357778,0.00119306498315178,0.00128483229062136,0.00138224448008626,0.00148542172557199,0.00159455967254218,0.0017096579648447,0.00183071730984053,0.00195779353872238,0.00209069828915028,0.00222920204579108,0.00237294768115265,0.00252191492678021,0.00267533865943944,0.00283279027884155,0.00299321840913239,0.00315609987324288,0.00331976878085267,0.00348382793753373,0.00364631050273935,0.00380603960433171,0.00396026197461861,0.00410849535341464,0.00424744861841657,0.00437576078309738,0.00448974802102877,0.00458863677165067,0.0046679256950584,0.00472718267167379,0.00476217045246904,0.00477271285288108,0.00475451141844572,0.00470907711695054,0.00463206229419713,0.0045253367787763,0.00438623611691102,0.00421925365772706,0.00402387150065171,0.00380257270053381,0.00355771180944958,0.0032950246824325,0.00301858671426141,0.00273288713118623,0.0024434002323337,0.00215607459883038,0.00187619532447507,0.00160795735092956,0.00135715404696642,0.00112640370477937,0.000918760194936227,0.000735121898185771,0.000577528949432758,0.000444012025940463,0.000334336077400644,0.000245884583841002,0.000177042287614707,0.000124047531695796,8.48871761670786e-05,5.64926929826617e-05,3.66380591789148e-05,2.2983724365982e-05,1.40151496563359e-05,8.30285911719828e-06,4.74785600112414e-06,2.67162022336661e-06,1.43391558781532e-06,7.67219096501225e-07,3.83183532593257e-07,1.95647903184222e-07,8.48956360508471e-08,4.57266209104353e-08,1.66564717084272e-08,8.11321280304726e-09,1.62965365513366e-09,1.84541958911298e-09,-7.08057446414021e-11,0
7.41109462323394e-10,0,2.35430449661489e-08,2.1448384739721e-09,2.81244375797054e-08,2.8584527934111e-09,3.14430966170872e-08,9.65863443677739e-09,3.12008126798137e-08,1.7692092300348e-08,3.411859103281e-08,2.43604942283249e-08,3.91382946299524e-08,3.25006344188057e-08,4.47570663996058e-08,4.26415022676781e-08,5.19520439238531e-08,5.41829280368624e-08,6.1755649734048e-08,6.71788612876654e-08,7.45834063623869e-08,8.22720969043578e-08,9.07199672652929e-08,1.00286633221704e-07,1.10583586395898e-07,1.22063491587035e-07,1.34778946043551e-07,1.48525490748264e-07,1.64131096913952e-07,1.80702479280945e-07,1.99720564073343e-07,2.19860715176358e-07,2.42892216694966e-07,2.67445139759017e-07,2.95235354897085e-07,3.25185941901673e-07,3.58698985249757e-07,3.95153395338553e-07,4.35616213212232e-07,4.79983504826779e-07,5.28912711969047e-07,5.82732015659825e-07,6.41901543557102e-07,7.07118002370611e-07,7.78709362663043e-07,8.57597949168365e-07,9.44198750037907e-07,1.03965463486038e-06,1.14449375916015e-06,1.25985758854957e-06,1.38654278885248e-06,1.5258606003228e-06,1.67903492836379e-06,1.84741750262996e-06,2.03254917634748e-06,2.23590749296396e-06,2.45958850158874e-06,2.70513072120184e-06,2.97520395542763e-06,3.27158951962128e-06,3.59763911733642e-06,3.95525772139926e-06,4.34844514366843e-06,4.77943652234052e-06,5.253433353215e-06,5.77293703296496e-06,6.34436492625243e-06,6.97057981256117e-06,7.65879140068491e-06,8.41215972944403e-06,9.24075258118164e-06,1.01477793597801e-05,1.11443108997292e-05,1.22350969279377e-05,1.34327102356605e-05,1.47440652701304e-05,1.61831388859481e-05,1.77587936065335e-05,1.94863427631624e-05,2.13773536263523e-05,2.34504321416386e-05,2.57199542577463e-05,2.82064949169313e-05,3.09275798601018e-05,3.39068929186041e-05,3.71666880386976e-05,4.07339504273322e-05,4.4635569239858e-05,4.8902413414804e-05,5.35680011699037e-05,5.86675385421025e-05,6.42431759465854e-05,7.03323169800282e-05,7.69822432970194e-05,8.42373806242722e-05,9.21632261702612e-05,0.000100806602220925,0.000110235834596066,0.000120503192773286,0.00013170805422143,0.00014390841104399,0.000157200218554426,0.00017163636067012,0.00018736365957231,0.000204455090473648,0.000223051342803302,0.00024319685852254,0.000265085490310005,0.000288791058206838,0.000314540922256827,0.000342380647107368,0.000372568799294421,0.000405152962707919,0.00044044338333628,0.000478453176900442,0.000519574192861131,0.000563827240900502,0.00061156074189748,0.000662805304940026,0.000717905829025353,0.000776989625097018,0.000840434507034582,0.000908313322489899,0.000980862183684154,0.00105816974150184,0.0011406488997518,0.00122843968908843,0.00132162731818185,0.0014201756285833,0.00152441452781054,0.00163453846201477,0.00175038115736467,0.00187172678238535,0.00199855666596321,0.00213099926413299,0.00226857817478426,0.00241092137852045,0.0025574467227299,0.00270799595736128,0.00286135879924017,0.00301694253947262,0.00317332911435834,0.0033300624242751,0.00348530847826327,0.0036381625537684,0.00378562984489732,0.00392699078541251,0.00405970779489163,0.00418263065954668,0.00429161030207861,0.0043859209835468,0.0044616273331246,0.00451829354153708,0.00455201323483527,0.0045623981698543,0.00454456985138265,0.00450051725963451,0.00442737267291532,0.00432616352504585,0.00419291388457418,0.00403265192080132,0.00384605162517368,0.00363495340429226,0.00340083540811914,0.00314943359998168,0.00288515553605044,0.0026122732383793,0.00233558573063287,0.00206068685837202,0.00179307430149175,0.00153681438002781,0.0012970389051409,0.00107632334354117,0.000877906529188957,0.000702448988536759,0.000551697743969129,0.000424035728773733,0.000319303709811456,0.000234758230473,0.000168915261875524,0.00011833839989983,8.09583862476223e-05,5.37787009534221e-05,3.48316538840924e-05,2.18624040639424e-05,1.32986271224363e-05,7.83843768971146e-06,4.48351435786675e-06,2.51952440748249e-06,1.3366090387158e-06,7.14594205060063e-07,3.57442130397786e-07,1.78963602413878e-07,7.81312782724773e-08,4.3118317112259e-08,1.44527241066519e-08,7.39179302495597e-09,1.69188478963166e-09,1.43097252616332e-09,-1.01184407299072e-10,0
7.24155956049265e-10,0,2.24994164691167e-08,2.05746000792986e-09,2.68807055747268e-08,2.72522613450957e-09,3.00493676429662e-08,9.2421818825178e-09,2.9808820137212e-08,1.69047097383078e-08,3.26227966071282e-08,2.32609335351945e-08,3.74151479358373e-08,3.1061993023647e-08,4.27558763682513e-08,4.0777761265743e-08,4.96158839494247e-08,5.18128648167781e-08,5.89817035220339e-08,6.42324280520783e-08,7.12395115995708e-08,7.8659054541792e-08,8.66584830132133e-08,9.58742014202159e-08,1.05641067555847e-07,1.16676184291193e-07,1.2876946131192e-07,1.41948378371551e-07,1.56830105752317e-07,1.72680876186548e-07,1.90852349922509e-07,2.10087883331582e-07,2.32116821736565e-07,2.55548454209169e-07,2.82136071435759e-07,3.10714355285626e-07,3.42774109136959e-07,3.77573469836893e-07,4.16278839399389e-07,4.58648854113828e-07,5.05432874348176e-07,5.56841088411824e-07,6.13400738314265e-07,6.75715484281824e-07,7.44142722579102e-07,8.195348818894e-07,9.02293777392907e-07,9.9351689058812e-07,1.09369548640676e-06,1.20395632054705e-06,1.32502197339663e-06,1.45817287102824e-06,1.60452844244159e-06,1.76543539527186e-06,1.94233086351184e-06,2.13666239065548e-06,2.3503813095896e-06,2.58499522063907e-06,2.84301967726017e-06,3.12618439641197e-06,3.43767156798302e-06,3.77931346642457e-06,4.1549158214798e-06,4.56663809669085e-06,5.01944698623977e-06,5.51573186467757e-06,6.06160081693115e-06,6.65974782820272e-06,7.31707673891172e-06,8.03665980579386e-06,8.82812048951741e-06,9.69448534567743e-06,1.06463748127178e-05,1.16882926143806e-05,1.28321973977563e-05,1.40847381184492e-05,1.5459333304992e-05,1.6964421524415e-05,1.86146237094117e-05,2.04209793614334e-05,2.24012714180844e-05,2.45691668677637e-05,2.69443346750151e-05,2.954367995258e-05,3.23897747587323e-05,3.55036174628204e-05,3.89110372119582e-05,4.26380504700033e-05,4.67143466147076e-05,5.11715540977239e-05,5.60421620661581e-05,6.13662091413396e-05,6.71819039035072e-05,7.35360012985e-05,8.04669307424439e-05,8.80336536984482e-05,9.62865498861403e-05,0.000105297437132523,0.000115109586720817,0.000125808432736292,0.000137456987521333,0.000150160622337722,0.00016396344245474,0.000178988940270333,0.000195311926318035,0.000213085597988731,0.000232349022961072,0.000253269512247021,0.000275920717233484,0.000300532514304097,0.000327142245127025,0.000355987476610955,0.000387122572145543,0.000420853172204773,0.000457181384501895,0.000496469534142556,0.000538740502054837,0.000584343423956637,0.000633321395609612,0.000685995034794971,0.000742446695610213,0.0008030261017107,0.000867867543492587,0.000937249830145978,0.00101118102679185,0.00108994406822946,0.00117375277727516,0.00126287221894274,0.00135720892843582,0.00145682494680948,0.00156191808762882,0.00167262321674499,0.00178877679820017,0.00191006343791204,0.00203653484210443,0.00216802195960579,0.00230423644754577,0.00244434966344614,0.00258815828738228,0.00273475640697181,0.00288364404734672,0.00303326390701682,0.00318302309322747,0.00333126436021325,0.00347746337378434,0.00361880850874691,0.00375406993397501,0.00388064089193168,0.00399802012684277,0.00410248719605312,0.0041929975860921,0.00426550571746736,0.00431941165068565,0.00435132650111812,0.00436171437833711,0.00434543582397717,0.00430294241073377,0.00423213344956534,0.004135911103407,0.00400963590751255,0.00385598227534333,0.00367655281074695,0.00347512871122076,0.00325223423359663,0.00301166615056029,0.00275834873249154,0.00249760028316052,0.00223346373253915,0.00197053189794236,0.00171449516882133,0.0014695464441255,0.00124026679737475,0.00102914855050677,0.00083948972276697,0.000671750635352833,0.000527533205062966,0.000405458465135828,0.000305355985387749,0.000224494291568188,0.000161498650207784,0.000113143671673986,7.7423922643368e-05,5.14414965041164e-05,3.3308665463159e-05,2.08961734146854e-05,1.27182961447046e-05,7.50212306962193e-06,4.28664269622328e-06,2.41149555439179e-06,1.28241803750784e-06,6.80853744544556e-07,3.40668085002457e-07,1.74985507352379e-07,7.52670420311304e-08,3.91298164389247e-08,1.43538321899763e-08,8.03239655911209e-09,1.10036189777851e-09,1.14935978581687e-09,1.21343429256937e-10,0
7.07590275581713e-10,0,2.15394225145589e-08,1.84377662632031e-09,2.55682724167379e-08,2.86163409499122e-09,2.87137090173373e-08,8.56160184638205e-09,2.85762948944608e-08,1.62819488082886e-08,3.10414461795004e-08,2.21770493557959e-08,3.58034931357878e-08,2.96689717303903e-08,4.07802229932683e-08,3.89789159945566e-08,4.73810100655468e-08,4.94759535098719e-08,5.63220616118085e-08,6.13616436405394e-08,6.80078424929723e-08,7.51550214346768e-08,8.27282800128625e-08,9.15983474140924e-08,1.00855269996451e-07,1.11463145953615e-07,1.22951093605948e-07,1.35586375350875e-07,1.49761694855584e-07,1.64928161858416e-07,1.82274098019175e-07,2.00641360153908e-07,2.21695643930782e-07,2.44053154227155e-07,2.69479843323321e-07,2.96730915712749e-07,3.27389048393423e-07,3.60598527484971e-07,3.97620229267019e-07,4.38054474277152e-07,4.82770410144914e-07,5.3185986992715e-07,5.85926710256534e-07,6.45447475708237e-07,7.10833786482635e-07,7.82870703759454e-07,8.61965156489565e-07,9.49139966961528e-07,1.04485905407432e-06,1.15023827078511e-06,1.26594741467694e-06,1.39322262588756e-06,1.53307193579613e-06,1.68683565180053e-06,1.85586477182083e-06,2.0415633915282e-06,2.24571492105441e-06,2.46980101833889e-06,2.71620714279415e-06,2.98659852526489e-06,3.28394196944291e-06,3.60998605042145e-06,3.96835996868365e-06,4.36114365388541e-06,4.79306334571104e-06,5.26640520934022e-06,5.78689197186554e-06,6.35702855031563e-06,6.98356285437523e-06,7.66956853149247e-06,8.42407243061035e-06,9.24987569062622e-06,1.01572434735856e-05,1.11505549580215e-05,1.22412417678818e-05,1.3435643737355e-05,1.47464365511885e-05,1.61817012446553e-05,1.7755660918395e-05,1.94788121415302e-05,2.13677942739508e-05,2.34354722661002e-05,2.57007938450825e-05,2.81800713385976e-05,3.0894728170289e-05,3.3864558144461e-05,3.7114182247737e-05,4.06684300425128e-05,4.45555456807305e-05,4.88059212756803e-05,5.34508907718833e-05,5.85280076575515e-05,6.40726954034837e-05,7.01309967370759e-05,7.67422430336753e-05,8.39608665275162e-05,9.18301264810692e-05,0.000100419962611272,0.000109778954503369,0.00011998831876291,0.000131098286011574,0.000143206561003842,0.000156366053711472,0.000170698436897287,0.000186263181373207,0.000203202213225435,0.00022156390902586,0.000241511544837205,0.000263106962783003,0.000286567046140103,0.000311934580147079,0.00033943992284667,0.000369127611723481,0.000401287444796708,0.000435931285609324,0.00047340905034264,0.000513738721915349,0.000557239133873382,0.000603946315144651,0.000654192373276653,0.000708086827680645,0.000765926917526361,0.000827760144140917,0.000893879122166046,0.000964422965280771,0.00103966568264401,0.00111964376215042,0.00120456886975268,0.00129453302243314,0.00138967255726455,0.00148998720012588,0.00159549225154922,0.00170623893295616,0.00182209296258007,0.00194287193208709,0.00206820287736183,0.00219803010596383,0.0023317418666257,0.00246899815629381,0.0026088786938307,0.00275093809778148,0.00289366073979571,0.00303663468962942,0.00317823637714089,0.00331752757876752,0.00345206214909405,0.00358136330879247,0.0037025137339157,0.00381433342000301,0.00391375313388831,0.00400013893401322,0.00406939771299304,0.00412109728461149,0.00415161730097437,0.00416079470466286,0.00414491746891062,0.00410540748685539,0.00403846752272809,0.00394554419804168,0.00382411142292938,0.00367828325299017,0.00350803227391491,0.00331536139766844,0.00310182272809107,0.00287258866743814,0.0026316188668429,0.00238254474772808,0.00212993342653708,0.0018794446453557,0.00163565337872705,0.00140160775296135,0.00118268294879245,0.000981713633799701,0.000800808380441336,0.00064045797777916,0.000503050850697444,0.00038685242483205,0.000291179342196959,0.000213960337598475,0.00015405557126382,0.000107931433880919,7.37439779970072e-05,4.90262853385614e-05,3.18024655364663e-05,1.99013823702804e-05,1.20916767657565e-05,7.17065631069595e-06,4.08711775140275e-06,2.27221473576505e-06,1.22380217684922e-06,6.58512745583339e-07,3.15427894826912e-07,1.6194766432713e-07,7.51521685174923e-08,3.57278136969398e-08,1.21338834571451e-08,9.06256733084036e-09,5.74882345237137e-10,2.50137090970627e-10,4.5714289103664e-10,0
6.91403549077131e-10,0,2.04951574079337e-08,1.84664550941389e-09,2.41544419976438e-08,2.68239813594108e-09,2.73030338941847e-08,8.01875101264881e-09,2.74177252981544e-08,1.50604143978289e-08,2.9497069948301e-08,2.13580633352168e-08,3.34435472781699e-08,2.84837769704557e-08,3.84747186188714e-08,3.69123701455337e-08,4.50266470327309e-08,4.66429376442532e-08,5.36042793328204e-08,5.78905538902236e-08,6.46073263563833e-08,7.10825997647092e-08,7.84317079751445e-08,8.67903793389054e-08,9.55276578073804e-08,1.05691914389322e-07,1.1644714189414e-07,1.2859319516183e-07,1.41887611457075e-07,1.56430110770557e-07,1.72767666797283e-07,1.90309970165672e-07,2.10213900523369e-07,2.31497293098612e-07,2.55595305704977e-07,2.81487110579238e-07,3.10591886457595e-07,3.42133064275312e-07,3.77315533184659e-07,4.15705699519939e-07,4.58187972929494e-07,5.04782773703739e-07,5.56155415463453e-07,6.1270056902647e-07,6.74857189391146e-07,7.43291349215118e-07,8.18416872086358e-07,9.01220730655581e-07,9.92188723371332e-07,1.09237431695189e-06,1.20238377462716e-06,1.32339220274034e-06,1.45632486167189e-06,1.60252444223514e-06,1.76327178846838e-06,1.9398943082665e-06,2.13405205593645e-06,2.3472385615051e-06,2.58167309879191e-06,2.83894842322136e-06,3.12186055688119e-06,3.43211762422802e-06,3.77318905685256e-06,4.14707635639268e-06,4.55817860033295e-06,5.00873033874076e-06,5.50421746190547e-06,6.04696458149301e-06,6.64330748161988e-06,7.29628499163915e-06,8.01462018178267e-06,8.80095496001657e-06,9.66488867121317e-06,1.06106937423152e-05,1.16494990160577e-05,1.27872779355364e-05,1.40359874510596e-05,1.54034128476469e-05,1.69029945727036e-05,1.8544576267716e-05,2.03442926248734e-05,2.23145923602389e-05,2.4473355619909e-05,2.68360982007083e-05,2.94234621742802e-05,3.22544588390579e-05,3.53525127311043e-05,3.87410481540376e-05,4.24471451830513e-05,4.65002186399854e-05,5.09301080324713e-05,5.57720622096124e-05,6.10591619620409e-05,6.68352917632114e-05,7.31393288455226e-05,8.002441176041e-05,8.75309424031672e-05,9.57244549984152e-05,0.000104651470401793,0.000114389636174449,0.000124986869888052,0.000136537308188065,0.000149091637789697,0.000162765339468171,0.000177614001272657,0.000193772668675391,0.000211291014536983,0.000230328683681521,0.000250941236744741,0.000273328307025072,0.000297530529944084,0.000323775266966328,0.000352106883962104,0.000382798866076908,0.000415862738765266,0.000451628614863177,0.000490108270859412,0.000531613537621877,0.000576196100799633,0.000624169312387474,0.000675604306240178,0.000730785480535246,0.000789802321043065,0.000852934271697971,0.000920269076103332,0.00099207020244612,0.00106841239823156,0.00114948730284082,0.00123534927064952,0.00132614648146126,0.00142191667634449,0.00152265924339141,0.00162835931201417,0.00173888742641679,0.00185416082858445,0.00197385050031336,0.00209782435023935,0.00222546576762606,0.00235645032145377,0.0024898831601673,0.00262548034868643,0.00276192499438644,0.00289853308821629,0.0030335003831966,0.00316629693700664,0.00329486878230278,0.0034184395223477,0.00353405012197256,0.00364072486648414,0.00373553278992359,0.00381795378648396,0.00388420495539309,0.00393358330926538,0.00396251252425341,0.0039713381847749,0.00395656369169814,0.00391877239582442,0.00385425864379884,0.00376550453388991,0.00365044163558125,0.00351158920012955,0.00334829104078283,0.00316402366532321,0.00296096087679989,0.0027425089223551,0.00251202251167191,0.00227439605497103,0.00203383754123938,0.00179448680360316,0.00156154931289352,0.00133877694301906,0.00112990520379281,0.000937499476676902,0.000765211534009072,0.000612831806207881,0.000481015767720685,0.000369373267458605,0.000278649762159083,0.000205439593246825,0.000147643647854239,0.000103152946142628,7.07445563983854e-05,4.71614727872274e-05,3.05077546176237e-05,1.91962673367741e-05,1.16921232980605e-05,6.76654575997407e-06,3.88545337563319e-06,2.30690207802547e-06,1.19508518938867e-06,5.62180034705995e-07,3.09507199947566e-07,1.84016484244047e-07,6.13936200634031e-08,2.86320271846987e-08,1.71400728668871e-08,8.01150924568611e-09,-1.50961489152811e-10,1.00478750847153e-09,2.09005031048942e-10,0
6.75587107642845e-10,0,1.93655817978251e-08,1.2282511111759e-09,2.31416998853389e-08,3.30067182029954e-09,2.39296089052018e-08,9.49478282592677e-09,2.47231958744815e-08,1.42315150877919e-08,2.90233443076646e-08,1.81805950999442e-08,3.40539979412621e-08,2.48324829919877e-08,3.77777011562212e-08,3.48877096674164e-08,4.1625680115118e-08,4.63084387418944e-08,4.84030605579117e-08,5.74548870022069e-08,5.94002159560549e-08,6.87897034622201e-08,7.41031720347868e-08,8.20616876254432e-08,9.17022529756323e-08,9.89785026668085e-08,1.1205065158294e-07,1.20554793769984e-07,1.35835874804336e-07,1.47381822125705e-07,1.64315783308543e-07,1.80070474691903e-07,1.98985812722918e-07,2.19512517642026e-07,2.4142700038797e-07,2.67016179398357e-07,2.93310902076796e-07,3.24316052763373e-07,3.56454206831937e-07,3.93617588695749e-07,4.33163197901887e-07,4.77609362995511e-07,5.26043579978909e-07,5.79425335462554e-07,6.38559125264059e-07,7.0300042200325e-07,7.74721971576731e-07,8.5262099183207e-07,9.39334840106014e-07,1.03372212030527e-06,1.13844473265045e-06,1.2528876066913e-06,1.37942054874425e-06,1.51799579387133e-06,1.67049689129572e-06,1.83796882134213e-06,2.02234209195106e-06,2.2249291187597e-06,2.4471572691831e-06,2.69142856424496e-06,2.96023519981777e-06,3.25575801906461e-06,3.57994166888139e-06,3.93509367413533e-06,4.32538731619168e-06,4.75364397683179e-06,5.2243100411882e-06,5.74060609684563e-06,6.30885198931786e-06,6.93045785306481e-06,7.61319315080727e-06,8.36079900025566e-06,9.18339411475523e-06,1.00845824749247e-05,1.10739530163217e-05,1.21567082328276e-05,1.33454317467519e-05,1.46472910432105e-05,1.60760321480707e-05,1.76405762251993e-05,1.93554277013306e-05,2.12320838577378e-05,2.32880443996123e-05,2.55383191450156e-05,2.80022357482777e-05,3.06983975161436e-05,3.36511324592228e-05,3.68829359745672e-05,4.04170572620451e-05,4.42803676214407e-05,4.85019802327198e-05,5.31158449909665e-05,5.81559577226587e-05,6.36659147471024e-05,6.96792947100885e-05,7.62439045176172e-05,8.33994828215604e-05,9.12095196913448e-05,9.97185690288999e-05,0.000109002682575168,0.000119107268218755,0.000130120522291135,0.000142093944003387,0.000155140327059545,0.00016931013882353,0.000184729768272332,0.000201445185900171,0.000219607427244443,0.000239268053564224,0.00026062054377285,0.000283711273734732,0.000308755585784434,0.00033579245796693,0.000365088535517744,0.000396641497275946,0.000430751361719271,0.000467460587384133,0.000507094108046862,0.000549664258229248,0.000595422378951481,0.000644480034292197,0.000697177180318771,0.000753555230284375,0.000813823448382469,0.000878069165202662,0.000946576121946011,0.00101945291453216,0.00109688591258701,0.00117891052847134,0.00126562561720762,0.00135704574834562,0.00145321218888864,0.001554140718734,0.00165968577529062,0.00176976788540633,0.00188409170419813,0.00200249364659787,0.00212438256206074,0.00224950248130953,0.00237698930592728,0.00250649343296317,0.00263674539288755,0.00276721348485061,0.00289626573153001,0.00302327559138288,0.00314611795958807,0.00326412008803274,0.00337461108091343,0.00347664308565108,0.00356727582063041,0.00364598476417519,0.00370926311142854,0.0037565153171891,0.00378433562670367,0.0037929168475607,0.00377872070368306,0.00374245081055157,0.00368094475910165,0.00359648006379492,0.00348655048659523,0.00335364464630034,0.00319766918286972,0.00302184140351478,0.00282791284747577,0.00261932031801137,0.00239933155213677,0.00217233695236559,0.00194252476319169,0.0017140532770103,0.00149155381788572,0.00127865124060327,0.00107933840205837,0.000895724602636036,0.000730741995969698,0.000584840902931383,0.000459397825697256,0.000353163810380249,0.000266022448633504,0.000195643399632812,0.000140790952200318,9.86430188527145e-05,6.75007584224346e-05,4.48667938800877e-05,2.9075880842096e-05,1.82510554143393e-05,1.11066947469425e-05,6.55626846997453e-06,3.75002711975341e-06,2.10894094149957e-06,1.12523555828675e-06,5.99962251640823e-07,2.98175299560192e-07,1.51485596216854e-07,6.75302394415998e-08,3.47610838496747e-08,1.21229384702515e-08,6.25477903299339e-09,1.47392016273363e-09,4.41342800204065e-10,8.3943631855918e-11,0
6.60132480694436e-10,0,1.86316562679751e-08,1.16918364895603e-09,2.16415721805967e-08,3.71272051748777e-09,2.28892068467245e-08,8.112184112306e-09,2.50276949623784e-08,1.2385150319547e-08,2.78741514535258e-08,1.82460433318434e-08,3.05622125840441e-08,2.56980415134428e-08,3.42191375403587e-08,3.3873332693309e-08,3.98609017996236e-08,4.26443883313437e-08,4.77811442914649e-08,5.25108760384086e-08,5.80190543247202e-08,6.41238339216308e-08,7.07449642229093e-08,7.81157105820923e-08,8.63128344455574e-08,9.51151447339875e-08,1.0524203389988e-07,1.15823595808616e-07,1.28224574040724e-07,1.41046318384939e-07,1.56113517838595e-07,1.717469146367e-07,1.89967085658549e-07,2.09082824173417e-07,2.31064268366743e-07,2.54427335949474e-07,2.80932911955731e-07,3.09459185820575e-07,3.41461490009722e-07,3.76219651980713e-07,4.1487644552588e-07,4.57140348990686e-07,5.03883091361951e-07,5.55193874629378e-07,6.11746348192097e-07,6.7395036727043e-07,7.42380944531558e-07,8.17720247457007e-07,9.00526981680652e-07,9.91677003404151e-07,1.09183702149889e-06,1.20206988150951e-06,1.32322431444793e-06,1.45647605691864e-06,1.60293361673382e-06,1.76388690686101e-06,1.94082315394921e-06,2.13519821852698e-06,2.34894646005629e-06,2.58356923464922e-06,2.84152724749033e-06,3.12453166117637e-06,3.43572388568636e-06,3.77690773126447e-06,4.15195641413158e-06,4.56301130415237e-06,5.01506445879651e-06,5.51031822242491e-06,6.05470068795654e-06,6.65095998561427e-06,7.30673520313638e-06,8.02440087991757e-06,8.81300044829241e-06,9.67648601119217e-06,1.06248424556869e-05,1.1663334382313e-05,1.28028789803396e-05,1.40507441211571e-05,1.54195190468019e-05,1.69179959840179e-05,1.85603083533301e-05,2.0357986795817e-05,2.23279512987203e-05,2.44841707492584e-05,2.68446806571455e-05,2.94267133648072e-05,3.22526636184618e-05,3.53445974374739e-05,3.87260797344244e-05,4.24228722417852e-05,4.64624562348713e-05,5.08778104309164e-05,5.57009497704794e-05,6.09724669629672e-05,6.67238789594007e-05,7.30013356514436e-05,7.98466630710524e-05,8.73227579785164e-05,9.54664806186852e-05,0.000104345130797366,0.000114007934022319,0.000124545122581334,0.000135998656952449,0.000148469127247251,0.000162011894071235,0.00017675371732966,0.000192730334890576,0.000210085507597574,0.00022888628879231,0.000249316265131279,0.000271390932556438,0.000295312379728536,0.000321145344705535,0.000349151403394043,0.000379325086881223,0.000411956403269924,0.000447051564702612,0.000484888389370781,0.000525541223046237,0.00056934069723808,0.000616313469759645,0.000666621798931409,0.000720384551273385,0.000777999244910337,0.000839519390330942,0.000905038846626676,0.000974644651426324,0.00104861619398193,0.00112697122047617,0.00120978922683243,0.00129717178723507,0.00138918271193622,0.00148573682257453,0.00158657068143235,0.00169160650912706,0.00180078426474996,0.00191413971216528,0.00203088866466701,0.00215041927072083,0.00227190408846303,0.00239547550502014,0.00252036201490881,0.00264555337495659,0.00276855770775162,0.00288930103253324,0.00300694107980602,0.00312022400641836,0.00322556595902895,0.0033227945383152,0.00340972879728566,0.00348512991129636,0.00354540652530792,0.00359041455357936,0.00361682379088565,0.00362498789828097,0.00361196702557045,0.00357766451048687,0.00351807837314201,0.00343640013991063,0.00333185464319521,0.00320611634377705,0.00305698213972305,0.00288746356813689,0.00270154614627479,0.00250331960029334,0.00229354773475887,0.00207536365235743,0.00185515742996001,0.00163768428360622,0.00142514001102077,0.0012208668813471,0.00103045193292918,0.00085542434063065,0.000697606368762866,0.000558118721487224,0.000438489695755286,0.000337010814220096,0.000253747078442237,0.000186671842875716,0.000134331573223328,9.40500712336129e-05,6.44046010024884e-05,4.28572666170807e-05,2.77182868534407e-05,1.73780376630452e-05,1.06227605468377e-05,6.26806234111052e-06,3.55681304903986e-06,2.01517607880092e-06,1.0876805596155e-06,5.6582036088056e-07,2.77140818745035e-07,1.50380979607986e-07,6.61518637444498e-08,3.01600436726738e-08,1.13059963367721e-08,8.05863360355411e-09,9.3122506167749e-10,4.24461387783505e-10,2.31216977888945e-10,0
6.45031391419279e-10,0,1.77258169415412e-08,1.18443928274041e-09,2.08196328144753e-08,3.37490661305012e-09,2.18140733154817e-08,7.74736487327988e-09,2.41066777374833e-08,1.15614521672349e-08,2.67260147616743e-08,1.74097156437763e-08,2.91579605143119e-08,2.45337704603914e-08,3.26511953893122e-08,3.23496454001529e-08,3.80238190757047e-08,4.07295629522646e-08,4.55748452985254e-08,5.01533854871627e-08,5.53420738626609e-08,6.12330450801329e-08,6.74893897515579e-08,7.45871287024623e-08,8.23497055492162e-08,9.08054222101684e-08,1.00414421350994e-07,1.10556344784163e-07,1.22355886026614e-07,1.34611192861168e-07,1.4897081894487e-07,1.63886679777594e-07,1.81269767153215e-07,1.99493813570809e-07,2.20477419592204e-07,2.42735106122528e-07,2.68027889829159e-07,2.95204838993046e-07,3.25750831977924e-07,3.58866678322238e-07,3.95742395519546e-07,4.36011699341344e-07,4.80596389027859e-07,5.29489178871884e-07,5.83401956192799e-07,6.42667965341023e-07,7.0789192636967e-07,7.79684454583537e-07,8.58599692584067e-07,9.4545563435068e-07,1.04089215924252e-06,1.14591635599784e-06,1.2613237280735e-06,1.38827345391262e-06,1.52779545568801e-06,1.68113048488212e-06,1.84965449281588e-06,2.03481322933928e-06,2.23841307535531e-06,2.4619175949801e-06,2.70762546574356e-06,2.97722178877492e-06,3.27367760552868e-06,3.59872769318163e-06,3.95595517186708e-06,4.34749291292762e-06,4.778202377624e-06,5.25007955314654e-06,5.76855776653346e-06,6.33652463273913e-06,6.96145238846152e-06,7.64530703064986e-06,8.39646957768684e-06,9.21905440030494e-06,1.01227866371175e-05,1.11124658542848e-05,1.21983372267141e-05,1.3387527988424e-05,1.46921411694914e-05,1.61204313263257e-05,1.76859812991499e-05,1.93999532465352e-05,2.12782216384358e-05,2.3334045004984e-05,2.55853007581248e-05,2.80485989701085e-05,3.07442649313092e-05,3.36927745518939e-05,3.69179876615838e-05,4.04456637384272e-05,4.43007695024396e-05,4.85128709080161e-05,5.31133025624751e-05,5.81437828100895e-05,6.36347145689006e-05,6.96261457975588e-05,7.61562863331971e-05,8.32900065202829e-05,9.10653129945577e-05,9.95417195955132e-05,0.000108763411124894,0.000118820874445081,0.000129755272213233,0.000141657662943056,0.000154582879994157,0.000168660467859222,0.000183919913571161,0.000200484964794597,0.000218424215989785,0.000237928854526999,0.000259012535673041,0.000281858004121688,0.000306522948184178,0.000333255282616726,0.000362056265791387,0.000393220105264046,0.000426754450608878,0.000462895285204952,0.000501684584321721,0.000543472043231517,0.000588357281533111,0.000636459631354612,0.000687766427721473,0.000742702781225617,0.000801499009430589,0.000864174231382492,0.000930574307261261,0.00100108001281069,0.00107601233022193,0.0011552817658544,0.00123861440805779,0.00132627127952488,0.00141859004406819,0.00151513063825599,0.00161541750850124,0.0017195194568742,0.00182772707926842,0.00193924921278185,0.00205355990460439,0.00216985026001451,0.00228773633376624,0.00240653331594925,0.00252626048035152,0.00264441341357578,0.00275959181833215,0.0028712909716368,0.00297973566102467,0.00308096026532012,0.00317357646705065,0.00325618195429339,0.00332840690099021,0.00338631637758053,0.00342943917110005,0.00345454277401841,0.00346183331354745,0.00344931553633815,0.00341754338364991,0.00336123007599107,0.00328216531142859,0.0031813408727833,0.00306221265796467,0.00292116176606139,0.0027587873751493,0.00257985258452938,0.00239065737410735,0.00219153718304701,0.00198324994819255,0.00177204688710219,0.00156435250346479,0.00136194689410297,0.00116666483563362,0.000984508120420792,0.000817593905484555,0.00066679298001127,0.000533230353262788,0.000419130628901952,0.000322328020615076,0.000242472666613976,0.000178315384486657,0.000128514982799339,8.99543250761709e-05,6.14517374699801e-05,4.09265617045511e-05,2.65376372880637e-05,1.65892849064581e-05,1.00983964432053e-05,5.97981385256867e-06,3.40327651026818e-06,1.9129039866422e-06,1.02727118373679e-06,5.38036018023905e-07,2.62485421550127e-07,1.41252790571933e-07,6.43953510004975e-08,3.00611989892636e-08,9.15155911444419e-09,7.01124795494258e-09,2.24938600618568e-09,6.36707886669926e-10,-2.66119382131702e-10,0
6.30275752343841e-10,0,1.73776518994869e-08,1.06307788259858e-09,1.92213177999569e-08,3.58020023685889e-09,2.32594026976799e-08,4.16033332139466e-09,2.47801771866923e-08,1.25363549355047e-08,2.31141563986106e-08,1.89272398650852e-08,2.74095623323863e-08,2.34898977187639e-08,3.19093267142388e-08,3.11030877076623e-08,3.65975026335837e-08,3.94179733018963e-08,4.40724545593108e-08,4.80753976191057e-08,5.3831259207739e-08,5.8666555610289e-08,6.53972727728662e-08,7.18240247760531e-08,7.94179611051296e-08,8.7702756074832e-08,9.6680411836627e-08,1.06798917569697e-07,1.17771257494845e-07,1.2997474903881e-07,1.43417046212002e-07,1.58166535269916e-07,1.74570111799847e-07,1.92401423325801e-07,2.12294840574355e-07,2.33890811176264e-07,2.58072982377492e-07,2.84370973091157e-07,3.13652993521951e-07,3.45470180102602e-07,3.80855531924919e-07,4.19610999875187e-07,4.62519551799067e-07,5.09482508086836e-07,5.61183417156775e-07,6.1798273751464e-07,6.80619411345693e-07,7.49596213878105e-07,8.25348208668486e-07,9.08647365453935e-07,1.00013268317138e-06,1.10080150653223e-06,1.21147342561731e-06,1.33330032304423e-06,1.4670374619921e-06,1.61391511831874e-06,1.77538773627128e-06,1.95292957989772e-06,2.14809270310755e-06,2.36225586747435e-06,2.59761200570784e-06,2.85577144103034e-06,3.13952541105238e-06,3.45068647543885e-06,3.79300834733169e-06,4.16836818580291e-06,4.58053899816735e-06,5.0314366403284e-06,5.52786744767567e-06,6.07262595681711e-06,6.67068853745352e-06,7.32389700035297e-06,8.04251724573502e-06,8.83035076398344e-06,9.69529988271329e-06,1.06420696320305e-05,1.16810111717973e-05,1.28186653607503e-05,1.40662823176762e-05,1.54322828186492e-05,1.69298203145769e-05,1.85687228712509e-05,2.03645675156296e-05,2.2330771125606e-05,2.44835898983765e-05,2.68380749497975e-05,2.94137958412073e-05,3.22314091877139e-05,3.53149747152865e-05,3.86881452071933e-05,4.2373187031291e-05,4.63982478194997e-05,5.07934130755445e-05,5.55983915812273e-05,6.08422035230256e-05,6.65645847025875e-05,7.28041310082266e-05,7.96204209513447e-05,8.70472019765638e-05,9.51441712654357e-05,0.00010395231486696,0.00011355176505984,0.000123989821707952,0.000135366472903598,0.000147718235175153,0.000161146841208985,0.000175703227931658,0.00019153647947856,0.000208688776951613,0.000227303545258982,0.000247413214479554,0.000269231393588781,0.00029279314419002,0.000318310657438009,0.00034580894395601,0.000375551390697893,0.000407521165117145,0.000442021290094247,0.00047911844505355,0.000519021324013978,0.000561774789883925,0.000607642059199465,0.000656703268323237,0.000709199992070272,0.000765217974637152,0.000824944125744885,0.000888405589021267,0.000955802762154421,0.00102722816373318,0.00110276278020172,0.00118239108049415,0.00126614613314756,0.00135404575412034,0.00144597599152823,0.00154187938701792,0.00164144660727321,0.00174448365256687,0.00185056329968278,0.00195958916631046,0.00207070763881657,0.00218343282019318,0.00229673936112585,0.00241032095463937,0.00252268832557746,0.00263318786718395,0.00274000458684259,0.00284260736816248,0.00293874706274196,0.00302764706335062,0.00310654214427863,0.00317470210611228,0.00322931722291756,0.00327046621422435,0.00329502801435446,0.00330217073275868,0.00328869078232301,0.00325673217995766,0.00320410352395283,0.00313067768109998,0.00303339014351301,0.00291680130085041,0.00278172358174908,0.00262899911584195,0.00245924019061497,0.0022766024294225,0.0020852085565144,0.00188828403780215,0.00168783329512461,0.00148789372571427,0.00129426580584118,0.0011103450941238,0.000937796424778185,0.000776800725721555,0.000631958013734483,0.0005067250567623,0.000400100163633844,0.000307017540302007,0.000229182615748222,0.000168700983077436,0.000123148839316039,8.64450543078949e-05,5.82297633402629e-05,3.87275765932245e-05,2.54365613322535e-05,1.5864550489843e-05,9.85268598661567e-06,6.03734521645866e-06,3.06754724163634e-06,1.57437312385173e-06,1.23648168601675e-06,7.00429701299587e-07,7.13436732359669e-08,8.97772236898922e-08,1.76751527392663e-07,1.06598060073114e-08,-3.16022638049925e-08,3.64919204567091e-08,1.49674760997222e-09,-1.38965267362864e-08,5.6849469097368e-09,0
6.15857661002391e-10,0,1.60672127865994e-08,8.04619027404865e-10,1.85715545822727e-08,3.66340205523029e-09,1.90784515201472e-08,7.26328430886937e-09,2.1699214861957e-08,1.01796693910903e-08,2.44552942603388e-08,1.53719880527219e-08,2.63907376958581e-08,2.2112342860529e-08,2.93400978679741e-08,2.91772058851482e-08,3.41988786944359e-08,3.66728751711506e-08,4.09915540191192e-08,4.51568265087872e-08,4.9732535979949e-08,5.51432729244472e-08,6.06148525929827e-08,6.71367504501769e-08,7.396952449123e-08,8.168703671426e-08,9.02310142943344e-08,9.94058127571625e-08,1.09976310062798e-07,1.21003802478141e-07,1.33934333134307e-07,1.47320643278949e-07,1.63011441357548e-07,1.79354217996756e-07,1.9831009404554e-07,2.18299330125182e-07,2.41166467089246e-07,2.65598519670244e-07,2.93187468336346e-07,3.23011197773027e-07,3.56336431979307e-07,3.92643958462141e-07,4.32893630524052e-07,4.7703190051237e-07,5.25776876525718e-07,5.79378199828027e-07,6.3831294514401e-07,7.0320228253919e-07,7.74555126270958e-07,8.53226239710376e-07,9.39600579222622e-07,1.03468706361244e-06,1.13911850141714e-06,1.25415505918424e-06,1.38055655500747e-06,1.51959111828312e-06,1.67234198988801e-06,1.84022463954058e-06,2.02473092086876e-06,2.22750644684562e-06,2.45053016193478e-06,2.69521777204455e-06,2.96403396654156e-06,3.258946329448e-06,3.58333523206048e-06,3.93905419842296e-06,4.33019310199149e-06,4.75870474014862e-06,5.22950045768731e-06,5.74515608629252e-06,6.31290911109705e-06,6.9350516653676e-06,7.61789637278344e-06,8.36405154329299e-06,9.18454189469055e-06,1.00861583327438e-05,1.10752032840928e-05,1.21543577367884e-05,1.33383841075496e-05,1.46396600392405e-05,1.60661082358071e-05,1.76227111648245e-05,1.93289312134414e-05,2.12011126684369e-05,2.32502000182009e-05,2.54890055415082e-05,2.79416830669406e-05,3.0626863121132e-05,3.35601942004427e-05,3.67670110047725e-05,4.02777170245575e-05,4.41166441461446e-05,4.83020433712102e-05,5.28745577997665e-05,5.78744849553159e-05,6.33338029700639e-05,6.92746609973068e-05,7.57684729922515e-05,8.28624827795824e-05,9.05836714796104e-05,9.89549459649773e-05,0.000108103997665526,0.000118099354043047,0.000128968809032613,0.000140713219509605,0.000153499309076058,0.000167410949337186,0.000182529972361086,0.000198885478166456,0.000216682053091794,0.000235896523213503,0.0002566105697233,0.00027902047025533,0.000303563772448988,0.000329984707911487,0.000358176351171274,0.000388472929319847,0.000421580411431418,0.000457214896016442,0.000495228943961808,0.000535952615157945,0.000579763048881902,0.000626567598318837,0.000676785230817457,0.00073046658234981,0.000787346621068902,0.000847760481383185,0.000912400234284176,0.000980748612844456,0.00105257087364409,0.00112866527112919,0.00120902877243962,0.00129286668306671,0.00138044159822346,0.00147231739915625,0.00156768906744166,0.0016660127517097,0.0017672741123947,0.00187155275890553,0.00197781850289645,0.00208549451927143,0.00219385923156363,0.00230273020012714,0.00241013090425221,0.00251554002993941,0.00261805128063933,0.00271638883487748,0.00280757991794097,0.00289261077516697,0.00296939920752693,0.00303493788954941,0.00308626646163157,0.00312536822535121,0.00314948112024435,0.00315720848579579,0.00314500731197842,0.00311407361783156,0.00306327931024118,0.0029940571550504,0.00290192034132224,0.00279021253889119,0.00266167217337811,0.0025163936906771,0.00235329979038074,0.00217883705245854,0.00199742946149759,0.00180891967783462,0.00161610178882137,0.00142580057291279,0.00124163849316246,0.00106418455710349,0.000897669416319263,0.000745185088201858,0.00060813501297192,0.000486476230647889,0.0003820327124396,0.000293721096420499,0.000221257831191611,0.000162795960423832,0.00011713009950331,8.1950819259878e-05,5.61213409405145e-05,3.73918230719742e-05,2.41899370040471e-05,1.5144241925176e-05,9.24776937682373e-06,5.46788927207504e-06,3.11153125825694e-06,1.74998765672013e-06,9.37675068297323e-07,4.9989282579738e-07,2.47354516984541e-07,1.25137471567421e-07,5.56182289637511e-08,3.02181269446565e-08,9.71894611920679e-09,5.20296658608815e-09,1.47728603414675e-09,9.37139072560758e-10,-1.10482305161902e-10,0
6.0176939570479e-10,0,1.56438402496595e-08,1.3260564463115e-09,1.81987060762383e-08,2.30840176758949e-09,2.08606758404607e-08,5.24093031677366e-09,2.20169562238569e-08,1.04095582063018e-08,2.26787318282456e-08,1.65840287738913e-08,2.43509350487837e-08,2.27755330484564e-08,2.79027638844769e-08,2.89157719192201e-08,3.33527631392851e-08,3.56441882797238e-08,4.04196050677966e-08,4.36569899705039e-08,4.90799041608577e-08,5.34165266279085e-08,5.96284492856991e-08,6.52825095856403e-08,7.25114819436578e-08,7.96628218649545e-08,8.82375159099296e-08,9.70967167492325e-08,1.07401530619257e-07,1.18258343804762e-07,1.30719717007725e-07,1.43965953629523e-07,1.59041676312237e-07,1.7517917059083e-07,1.93407218972284e-07,2.13066360779673e-07,2.351062772613e-07,2.59044553407611e-07,2.85697867268715e-07,3.14814871932966e-07,3.47019239555065e-07,3.82364103481916e-07,4.21310904022768e-07,4.64193505060606e-07,5.11297614234181e-07,5.63229948490715e-07,6.20205537006515e-07,6.83097357256711e-07,7.52074613470141e-07,8.28138007808762e-07,9.11517505478103e-07,1.00339428973175e-06,1.10421208407196e-06,1.21528073929298e-06,1.33725061887662e-06,1.47143665005927e-06,1.61881339280455e-06,1.78081460165686e-06,1.95889756043842e-06,2.15449671547235e-06,2.36950990049934e-06,2.60543300080888e-06,2.8647749178264e-06,3.14925136502616e-06,3.46212529707532e-06,3.80501662364616e-06,4.1820428178179e-06,4.59516590677585e-06,5.04925121633486e-06,5.54638335693391e-06,6.09325210978243e-06,6.69187874144228e-06,7.34947483476623e-06,8.06892251643795e-06,8.85882335595679e-06,9.72394409675063e-06,1.06734844396947e-05,1.17129623758881e-05,1.28526659087437e-05,1.41003983081646e-05,1.54683190618021e-05,1.69653638684753e-05,1.86055423357803e-05,2.04011143030777e-05,2.23676513712324e-05,2.45193550992112e-05,2.68740391354415e-05,2.94497908169393e-05,3.22673634282518e-05,3.5348559161892e-05,3.87161276677108e-05,4.23979419642835e-05,4.64194582482541e-05,5.08126273922271e-05,5.56061977149031e-05,6.08417714415175e-05,6.65504370281817e-05,7.27801133866007e-05,7.95647287277725e-05,8.69644319548129e-05,9.50176665083423e-05,0.000103796652163489,0.000113337039785746,0.000123722418233459,0.00013499795269682,0.000147274941902272,0.00016058901330239,0.000175046916876725,0.000190689337188611,0.000207688554373591,0.000226086583258437,0.000246030929613488,0.000267538382878654,0.000290843998511457,0.000315972364220487,0.000343152756766553,0.000372389119393232,0.000403935705859168,0.000437817214776157,0.000474244297608987,0.000513306783835084,0.000555259188556589,0.000600119592683197,0.000648064456922718,0.000699210379234046,0.000753763393365715,0.000811735601926777,0.000873328964904831,0.000938637006389438,0.00100762808577377,0.00108023052836715,0.00115667611389834,0.00123716620891348,0.00132129965967817,0.00140864398141755,0.00149932528392734,0.00159379244385716,0.0016911148571856,0.00179031733371143,0.00189127542230722,0.00199466333360527,0.00209886467031061,0.00220232382114096,0.00230420105918939,0.00240522650231668,0.00250361458072969,0.00259765220578868,0.00268481811093213,0.00276532714321067,0.00283777798804762,0.00290118186533581,0.00295143403366129,0.00298806953861267,0.00300972794973103,0.00301708517490363,0.00300624934627223,0.00297703010977669,0.00292766620753101,0.00286048976806024,0.00277294054814325,0.00266710229071696,0.00254344325385014,0.00240355396435852,0.00224827914726422,0.00208210421327319,0.00190807293280895,0.00172738449284433,0.00154326562696176,0.00136160623051074,0.00118569071488648,0.00101585373947777,0.000856235015380269,0.000710867721032098,0.000580788391020525,0.000464087184173079,0.000363261076430492,0.000279709484696837,0.000211788028984917,0.000155090905778457,0.00011040143564285,7.78709594245432e-05,5.41249534428e-05,3.53765438276403e-05,2.2391349458739e-05,1.45376522576915e-05,8.96803198661764e-06,4.88181188990641e-06,2.8838562442163e-06,1.87618514349384e-06,8.18464724156309e-07,3.1230711756986e-07,3.04518856345748e-07,1.8211435733141e-07,-5.77348415994371e-09,1.31375658236506e-08,3.81710017650645e-08,2.53177165303497e-10,-8.75017893770845e-09,6.20171339812866e-09,1.59388081476019e-09,0
5.88003411401101e-10,0,1.48186536681565e-08,8.61967319892917e-10,1.6928052981381e-08,3.33196973363495e-09,1.78439217629054e-08,6.19913797002039e-09,2.03565974591749e-08,9.13249599099346e-09,2.23708598199256e-08,1.43880598243264e-08,2.37941027211322e-08,2.06997576243121e-08,2.64912371142e-08,2.70849056303877e-08,3.1056066485544e-08,3.38021016184919e-08,3.74379969582708e-08,4.13988196938244e-08,4.56045490792096e-08,5.04140149965629e-08,5.56771383169935e-08,6.13467000309904e-08,6.7947072578111e-08,7.46806598949163e-08,8.28381721843558e-08,9.09551048007607e-08,1.00905817597609e-07,1.10800026589656e-07,1.22832437990283e-07,1.34966893836198e-07,1.49455391625696e-07,1.64371313723067e-07,1.81791985248767e-07,2.00090558617916e-07,2.21044600570866e-07,2.43453030816744e-07,2.68710488952699e-07,2.96066168208504e-07,3.26544602068679e-07,3.59854824495953e-07,3.96681696521993e-07,4.37146081753848e-07,4.81688266727693e-07,5.30782013691905e-07,5.84692873868928e-07,6.44162010323814e-07,7.09386501115023e-07,7.81340873880171e-07,8.60268404380014e-07,9.47303081515713e-07,1.04280169403494e-06,1.14799645279546e-06,1.26345867611561e-06,1.39052409652418e-06,1.53006628240799e-06,1.68350614736779e-06,1.852106262566e-06,2.03731458228751e-06,2.24084419897949e-06,2.46424817779647e-06,2.70980831053047e-06,2.97914477828407e-06,3.27519628989531e-06,3.59979145595376e-06,3.95677723519009e-06,4.34798581915407e-06,4.77800152247456e-06,5.24898314146197e-06,5.76692270628339e-06,6.33384597862994e-06,6.95695634806917e-06,7.63927266814356e-06,8.38870298661558e-06,9.20960405707405e-06,1.01106980761782e-05,1.10975145106245e-05,1.21800029834405e-05,1.33652933635607e-05,1.46648612311198e-05,1.60877419979091e-05,1.76468766475581e-05,1.93532118383043e-05,2.12218328630678e-05,2.32666914769831e-05,2.55049055627309e-05,2.79533886762606e-05,3.06312077946068e-05,3.35593159377538e-05,3.675995271916e-05,4.02590262949074e-05,4.40804982971694e-05,4.8255949520684e-05,5.28132050413088e-05,5.77907733024492e-05,6.32175568543787e-05,6.91399488222404e-05,7.55931553696535e-05,8.26365406077006e-05,9.03026321352041e-05,9.86553282404671e-05,0.000107735026376074,0.000117630041052919,0.000128375918404913,0.000140064259658901,0.000152733569250481,0.000166507577851488,0.000181427359230622,0.000197628915249875,0.000215138302890401,0.000234127075304854,0.000254637083953761,0.000276867679241108,0.000300810585368596,0.000326692068354471,0.000354538205108909,0.00038460142685854,0.000416909085869619,0.000451655406484941,0.000488890338711955,0.000528838845662594,0.000571583721199177,0.000617345773941614,0.00066616479832074,0.000718178227093104,0.000773456230538229,0.00083220485961048,0.000894456506965433,0.000960265999840615,0.00102968515629221,0.00110273081707232,0.00117931929234175,0.00125940193605566,0.00134308463900351,0.00143000559091929,0.00151978093038245,0.0016121756447154,0.00170736898296678,0.00180443278665367,0.00190264957923539,0.00200132761975681,0.00210052177951828,0.00219882468864233,0.00229533832280576,0.00238835154187425,0.00247772448250663,0.00256193815909907,0.00263998263782594,0.0027087707423734,0.00276807971497286,0.00281616792175653,0.00285252926418915,0.00287389389766223,0.00288035872092351,0.00286945368270604,0.00284176291375642,0.00279512898832736,0.00273147744166983,0.00264850431866138,0.0025473061306462,0.00242800104924597,0.00229457394198898,0.00214849830109317,0.00199016987055032,0.00182173795734646,0.00164925037589545,0.00147613477109256,0.00130253793400547,0.00113208121581775,0.000970652239894785,0.000820739065500475,0.000680940532592109,0.000554428301259841,0.000444083796968673,0.000349831819364742,0.000268748860495153,0.000201761842283597,0.000148650666290371,0.000107589618296654,7.52303549691426e-05,5.1184272368894e-05,3.42640744377671e-05,2.22536403928952e-05,1.36998194118484e-05,8.49123787420596e-06,5.25232181057104e-06,2.78879237837782e-06,1.42193181061885e-06,9.21228118379768e-07,5.28157900332892e-07,1.68702972975274e-07,9.86238289292311e-08,7.54186249147727e-08,1.94464053900524e-08,2.81330327319291e-09,1.01714736793609e-08,-1.35980251845057e-11,-2.96636940053724e-10,8.8757510386722e-10,0
5.74552335640787e-10,0,1.41625035516608e-08,8.16091170092324e-10,1.61247177151944e-08,3.16380297468619e-09,1.71400360565277e-08,5.86825276618886e-09,1.93744031170191e-08,8.86621184420425e-09,2.1297198333743e-08,1.37120274765175e-08,2.28953022373362e-08,1.95885383967205e-08,2.55231923231959e-08,2.57406161818679e-08,2.97918572952217e-08,3.2278744987928e-08,3.57761604883325e-08,3.96395142860824e-08,4.35031234226164e-08,4.82996460633589e-08,5.31050317331103e-08,5.87390547835187e-08,6.48443786363786e-08,7.14469848192836e-08,7.91010591110437e-08,8.69596027403291e-08,9.63950243453642e-08,1.05890663150508e-07,1.17372266740028e-07,1.28965229004885e-07,1.42834556942606e-07,1.57057192805771e-07,1.73754863355841e-07,1.91201356462151e-07,2.11289328914526e-07,2.32667174767371e-07,2.56874207814678e-07,2.82993087676289e-07,3.12186470733582e-07,3.4400813797433e-07,3.79264367121668e-07,4.17943758046665e-07,4.60572480020373e-07,5.07514176500175e-07,5.59089876086409e-07,6.15964516627349e-07,6.78361487518871e-07,7.47190971941739e-07,8.22685064007746e-07,9.05936305615591e-07,9.97273933500865e-07,1.09789620960408e-06,1.20831605206187e-06,1.32984919892975e-06,1.46329962175702e-06,1.61005580554419e-06,1.7712768445249e-06,1.94840324088138e-06,2.14303192986031e-06,2.35667589270432e-06,2.59146669206465e-06,2.84897814565519e-06,3.13197096992619e-06,3.44223659112866e-06,3.78340565417854e-06,4.15724296080774e-06,4.56812947133477e-06,5.01822516119581e-06,5.51318416929359e-06,6.05474208832028e-06,6.64973840362336e-06,7.30143903123217e-06,8.01751988292069e-06,8.80172655021702e-06,9.66191829978331e-06,1.06038285534879e-05,1.16377374228191e-05,1.27700459426769e-05,1.40107071790277e-05,1.53686906047716e-05,1.68575819411062e-05,1.84876240574933e-05,2.02719955031439e-05,2.22239855297399e-05,2.43607284781979e-05,2.66983241670128e-05,2.92551548593314e-05,3.20521258024199e-05,3.51089963034798e-05,3.84477396822327e-05,4.20945950970304e-05,4.60857009177472e-05,5.04424441533363e-05,5.51908755149764e-05,6.0365126956512e-05,6.60261114296552e-05,7.22005203171464e-05,7.8921911671107e-05,8.62265653778833e-05,9.42041068882286e-05,0.000102891697730923,0.000112342505970107,0.000122587820050168,0.000133744379981329,0.000145851875146329,0.000159004446000164,0.000173244879775685,0.000188723884385824,0.000205452554251701,0.000223568484856761,0.000243126356575762,0.000264349249294483,0.000287233760330785,0.000311978132748266,0.000338569234952661,0.00036721054626527,0.000397992189749193,0.000431230512409627,0.000466911762180449,0.000505015250733896,0.000545652172272481,0.000589355827288831,0.000636174180860938,0.000685854076700222,0.000738399249709076,0.000794432042554155,0.000854117907134115,0.000917052177331026,0.00098305194301674,0.00105263449660466,0.00112609937120419,0.0012028292448082,0.00128234396070768,0.0013649297208688,0.00145099959519843,0.00153974573075134,0.00163050212098219,0.0017226784298031,0.00181622052429513,0.0019107676325617,0.00200611754396805,0.00209979664287376,0.00219096504885745,0.00227992602090718,0.00236633274287975,0.002446337347393,0.00251971196583618,0.00258583227411918,0.00264339929913574,0.00268902621987415,0.00272303953096523,0.00274304798702834,0.00274918651500023,0.00273968308745122,0.00271425118344054,0.0026688371469018,0.00260617004119263,0.00252693104400973,0.00243227539680267,0.00231958141959636,0.00219082194253513,0.00204921264538717,0.00189862538834982,0.00174011972813029,0.00157503523189389,0.00140758141677253,0.00124228881312795,0.00108121216710787,0.000926383991673187,0.00078191267162968,0.00064901925315269,0.000529163071691961,0.000423390226037451,0.000332706295326521,0.0002555879409703,0.000192349708440996,0.000141590139990195,0.000101890738348071,7.11994393916633e-05,4.87170810969155e-05,3.24805510004744e-05,2.10033962469388e-05,1.31064744181071e-05,7.99277119286851e-06,4.73686397901245e-06,2.6880389245024e-06,1.50270911663807e-06,8.0913207695221e-07,4.30268202325131e-07,2.06673386985493e-07,1.08142416785319e-07,5.13113215575917e-08,2.31915472655439e-08,6.93065710239751e-09,6.64461793976084e-09,9.80652847256121e-10,-2.47288306258017e-10,2.88949064207052e-10,0
5.6140896462436e-10,0,-4.28686920052731e-09,6.98775076808637e-08,2.88394353504388e-08,-1.443606729135e-07,1.25266679007902e-07,1.03950348891699e-07,-1.9728422919457e-07,1.13090326999933e-07,1.26107445054571e-07,-1.79941147581539e-07,1.31911583377224e-07,5.50335944467956e-08,-8.62841658311144e-08,1.16416296936812e-07,6.58149367057721e-09,2.64207595333983e-09,8.00089684341072e-08,8.64092727134494e-09,5.33512650809294e-08,5.33689496674647e-08,4.18214265845911e-08,6.92733963718637e-08,5.68138732576367e-08,7.47769378017233e-08,7.82212088450385e-08,8.44715786052721e-08,9.87471930846542e-08,1.01726520616135e-07,1.1864212203874e-07,1.26094621390911e-07,1.41714528998645e-07,1.55526589690833e-07,1.7061362169161e-07,1.89326208533511e-07,2.07441674652755e-07,2.29440746892759e-07,2.52186060788272e-07,2.78211167481201e-07,3.0659203099566e-07,3.37218132875358e-07,3.71489946407106e-07,4.0897115276943e-07,4.50777858482661e-07,4.96207927526426e-07,5.45869329675275e-07,6.01003999485786e-07,6.61760219401117e-07,7.28847184388923e-07,8.0140641659613e-07,8.81559176058285e-07,9.69698154454508e-07,1.06736429734038e-06,1.17342753736316e-06,1.29086366755022e-06,1.42064527735194e-06,1.5632664668457e-06,1.71809758321056e-06,1.8876028193259e-06,2.07368240696726e-06,2.27957101270607e-06,2.50845249964553e-06,2.75899811804763e-06,3.02989809908267e-06,3.32502174010904e-06,3.65202079580955e-06,4.01310709447797e-06,4.41117724478427e-06,4.84528816628956e-06,5.31959823432044e-06,5.83904828887856e-06,6.41179782169505e-06,7.03824552946326e-06,7.72537144016492e-06,8.47700367854012e-06,9.30297316305318e-06,1.02105519399807e-05,1.12050408815821e-05,1.2289309073419e-05,1.34788957997836e-05,1.47848126832824e-05,1.62138175630305e-05,1.77738428220506e-05,1.94841862720014e-05,2.13574875657663e-05,2.34057721130606e-05,2.56458705880121e-05,2.80965646770625e-05,3.07776613474855e-05,3.37092042008013e-05,3.69077134392751e-05,4.03965416872085e-05,4.42197675384158e-05,4.83986778236618e-05,5.29447679197846e-05,5.78915496019868e-05,6.33088160275514e-05,6.92180510172819e-05,7.56447909937224e-05,8.26344753408438e-05,9.02840473994098e-05,9.86107350142927e-05,0.000107634404540272,0.000117400183562036,0.000128060042209909,0.000139650286247194,0.000152246833257266,0.000165889879099904,0.00018069256372737,0.00019665019759296,0.000213963995614572,0.000232723616840618,0.0002530355037296,0.00027483473780371,0.000298439701925608,0.00032391359937826,0.000351345720602244,0.000380745254289272,0.000412426367499091,0.000446459973729178,0.000482952823515689,0.000521926497863918,0.000563645567121044,0.000608187832348322,0.000655612946630611,0.000705993533000888,0.000759593550361646,0.000816379346399104,0.000876332754480936,0.000939616969539163,0.00100627124949741,0.00107609162822842,0.00114908028644183,0.00122535487362023,0.00130452064823958,0.00138636668501177,0.00147061591192282,0.00155722623657539,0.00164563906639312,0.00173531333459769,0.00182515584774819,0.00191529223038258,0.00200490055361546,0.00209293922714392,0.00217759469111973,0.00225897555275192,0.00233565462707514,0.0024065352593463,0.0024690996102716,0.00252329731279237,0.00256701804246623,0.00259964462012351,0.00261893834530895,0.00262505600404384,0.00261497683210343,0.00258946761911389,0.00254718510223708,0.00248928195589289,0.00241302149193479,0.00232035311741715,0.0022123675676085,0.00209116031323268,0.00195683381018066,0.00181205456124756,0.00165981766476919,0.00150281027223371,0.00134361879563647,0.0011852665889211,0.0010310930727231,0.000883908730076291,0.000746425135460627,0.000619285749345686,0.00050440512320919,0.000403307093830497,0.000317377407033241,0.000244362558557543,0.000183436456483063,0.000134342639915819,9.6971270635118e-05,6.81989001929552e-05,4.64169172325063e-05,3.07136449234485e-05,1.99212430183074e-05,1.23780516035065e-05,7.54715127215777e-06,4.61929452515005e-06,2.54550305622076e-06,1.24438756539894e-06,7.37814444800665e-07,4.94611078544054e-07,1.75809422381929e-07,5.06539497175696e-08,6.06879291075771e-08,3.33872018428392e-08,-3.69450292950958e-09,4.4544022590299e-09,4.16606829371087e-09,-7.03951253635572e-10,-3.40355179710174e-10,0
5.48566259345342e-10,0,1.28854272581987e-08,8.04959287270335e-10,1.46790748220808e-08,2.74967122733917e-09,1.5856063910559e-08,5.24466729663993e-09,1.75657578117285e-08,8.30341261636679e-09,1.92356035549905e-08,1.26160470558379e-08,2.08323733302815e-08,1.78406125576874e-08,2.33466568197754e-08,2.33279244410928e-08,2.72775882815437e-08,2.92918915375999e-08,3.26408558860457e-08,3.60583937910396e-08,3.95762041385442e-08,4.39838645872113e-08,4.82313026278954e-08,5.34805810878938e-08,5.88450894031437e-08,6.5018185672736e-08,7.1757204794003e-08,7.90425218819334e-08,8.74261130065834e-08,9.61737013177497e-08,1.06453153883468e-07,1.17020101114578e-07,1.29497581226974e-07,1.42412663025701e-07,1.57532312458043e-07,1.73315889992117e-07,1.91505433988519e-07,2.1080632675523e-07,2.32802884228881e-07,2.5640053382667e-07,2.82882455303644e-07,3.11625324897421e-07,3.43707046608549e-07,3.78745825899482e-07,4.17414861616179e-07,4.59840577602046e-07,5.06734826120017e-07,5.5841913520698e-07,6.1511637769115e-07,6.77463012151263e-07,7.46019986910311e-07,8.2170507520082e-07,9.04785728454294e-07,9.96205913636054e-07,1.09654058819872e-06,1.20701547154113e-06,1.32840240979427e-06,1.46201402381295e-06,1.60886054214231e-06,1.77004330078121e-06,1.94683494431595e-06,2.14117262954748e-06,2.35553517553354e-06,2.59075176035166e-06,2.84818831503021e-06,3.13008364882407e-06,3.44099720660374e-06,3.78219762748927e-06,4.15692305488443e-06,4.56767438108191e-06,5.01920520404716e-06,5.51206860734444e-06,6.05415055945401e-06,6.6500838901873e-06,7.30435279542369e-06,8.01825770675084e-06,8.8015880636076e-06,9.66143294322417e-06,1.06055447207688e-05,1.16385344396463e-05,1.27696486017472e-05,1.40076357706149e-05,1.53655586994234e-05,1.68513998373428e-05,1.84767889456333e-05,2.02557514700202e-05,2.22032486270009e-05,2.4334273752183e-05,2.66711390185291e-05,2.92280740711581e-05,3.20042017802734e-05,3.50227807509349e-05,3.83469941568457e-05,4.20204279162594e-05,4.60112959029322e-05,5.03197036489503e-05,5.50218559840562e-05,6.01836697815237e-05,6.57935951756858e-05,7.19170247327566e-05,7.86443093011493e-05,8.59789792480497e-05,9.38356901043667e-05,0.000102329308641974,0.000111665368905193,0.000121963638263378,0.000133110755331667,0.000145107185558348,0.000157995431994124,0.00017191489158065,0.000187041089037212,0.000203799627223129,0.000222059774737503,0.000241354577719928,0.000261665800699951,0.000284037307138508,0.000308741970935988,0.000335187197814947,0.000363024401341391,0.000393006237091026,0.000425385501172461,0.000460130576319916,0.000497644217740961,0.000537990599223182,0.000580190741311217,0.000624731109004755,0.000672970532639851,0.000724526432306704,0.00077847812926873,0.000835658363403476,0.000896410476282987,0.000959907923223616,0.00102633891107391,0.00109616507409982,0.00116879728366776,0.00124402147271986,0.00132253733905301,0.00140359763246763,0.00148602304485482,0.00156936665487698,0.00165455473079111,0.00174148704101515,0.00182862561497829,0.00191334686579155,0.00199614454117052,0.00207700715107401,0.00215531998778536,0.00222923369773465,0.0022970024957246,0.0023550740463329,0.00240579685567407,0.00244932107442892,0.00248161378510829,0.00249867743786185,0.00250362979445216,0.00249443022603022,0.0024704230531987,0.00242960968977462,0.00237334550778243,0.00230098447814912,0.0022137515057463,0.00210930447486443,0.00199181193624499,0.00186502194679448,0.00172826178782524,0.00158148831673698,0.00143032011484942,0.00127930999573452,0.00112896332310223,0.000981243497926426,0.000840594135913564,0.000709712116231643,0.000588403958590711,0.000479283343926402,0.000383388082101976,0.000301037907443323,0.000231234233394744,0.0001739786943916,0.000127714013099896,9.17740134873083e-05,6.42964831122675e-05,4.3952351198067e-05,2.91199765066917e-05,1.88763254237413e-05,1.18562790451111e-05,7.16243322583983e-06,4.22649570745989e-06,2.43015702445208e-06,1.35596587313524e-06,7.26519413193911e-07,3.85858628364416e-07,1.89046990006662e-07,1.01929159397185e-07,4.20473961291299e-08,2.14869997013398e-08,9.58482338638999e-09,3.85361359359475e-09,5.76681843456543e-10,1.01111582818387e-09,-5.75554299516134e-11,0
5.36017341820487e-10,0,-3.48472837575946e-08,4.27240883987356e-08,1.31207386128838e-07,-1.3393973887465e-07,-5.45882750890657e-08,1.99720241184731e-07,-4.1298154560277e-08,-1.15737939665669e-07,1.44633546197882e-07,1.61800869045249e-08,-5.77867015903728e-08,6.08585044248938e-08,4.45551030280664e-08,-1.20697369729062e-08,3.27934726766277e-08,5.05395332282692e-08,1.36173614715977e-08,3.57501120245993e-08,5.39398119914933e-08,3.02726536105281e-08,5.16197858820041e-08,5.98082211041405e-08,4.91260336997149e-08,7.12581136022985e-08,7.03192686797003e-08,7.60829427862613e-08,9.10999907075309e-08,9.23300896501234e-08,1.07652257628922e-07,1.15986795983138e-07,1.27998564008624e-07,1.4233486279738e-07,1.55518990218743e-07,1.7222568862334e-07,1.89445613613004e-07,2.08729251297763e-07,2.30028159373007e-07,2.53193756129956e-07,2.79504952173795e-07,3.07665784173453e-07,3.38661288256165e-07,3.72576417480306e-07,4.10548968389031e-07,4.52542622874195e-07,4.9797077819589e-07,5.47662928047904e-07,6.02748451084674e-07,6.64406122075111e-07,7.30886173213473e-07,8.03330052597951e-07,8.83536144720402e-07,9.7372361549353e-07,1.07095569477731e-06,1.17625110252297e-06,1.29331113541156e-06,1.42482759336528e-06,1.56741125471318e-06,1.72168085887516e-06,1.89126900327491e-06,2.07854650402336e-06,2.28462591891968e-06,2.51234357207846e-06,2.7632750124477e-06,3.03574532770724e-06,3.33148191403985e-06,3.656063758823e-06,4.01844810123871e-06,4.41787805049108e-06,4.85179804914383e-06,5.32269417010469e-06,5.84298029925304e-06,6.41577650378142e-06,7.04486604005323e-06,7.72976802193704e-06,8.47745014341951e-06,9.30197855069659e-06,1.02148443878748e-05,1.12071290574464e-05,1.22839184050594e-05,1.34695529409807e-05,1.47789564157563e-05,1.62034024538573e-05,1.77531708326647e-05,1.94561772731517e-05,2.13305348973339e-05,2.33783009611722e-05,2.56083226655341e-05,2.80453997464762e-05,3.07201818167452e-05,3.36470477701699e-05,3.68254795865979e-05,4.02892060267924e-05,4.40918582268076e-05,4.82593128965748e-05,5.278113768638e-05,5.77019770127867e-05,6.30840845159298e-05,6.89653615384547e-05,7.53395905871175e-05,8.22796786829815e-05,8.98582681581132e-05,9.81219043794904e-05,0.000107051994284449,0.000116746051579064,0.000127279113343725,0.000138757045792848,0.000151222533950051,0.000164768589778123,0.000179315231023505,0.000195016279527163,0.00021210069357521,0.000230729263315316,0.000250632146117895,0.000272026652807321,0.000295229177293663,0.000320374267215129,0.000347184529713693,0.000375920618598853,0.000406948904351308,0.000440379711474984,0.000475915600024464,0.000513784984899319,0.000554390406504062,0.000597788420574205,0.000643700247996215,0.000692410208343687,0.000744224939470055,0.000798997373308208,0.000856616043775214,0.000917352836788005,0.000981128479414843,0.00104762304473375,0.00111697919289849,0.00118920864079158,0.00126407877612112,0.00134092385691509,0.00141953602149816,0.00149987558030065,0.00158196295131542,0.00166428538364126,0.001746179758788,0.00182741102593273,0.0019078482987587,0.00198540257609601,0.00205949030840923,0.00212906161283614,0.00219353607186908,0.00225057420546803,0.00230013563681204,0.00234032481063632,0.00237001385621428,0.00238684088141663,0.00239202683939333,0.00238361659916424,0.00236098458581351,0.00232167924207291,0.0022680105147372,0.0021988174471437,0.00211491673255728,0.00201641563203059,0.00190575399102374,0.0017830339907316,0.00165063131267893,0.00151214412741147,0.00136963939960373,0.00122405712590669,0.00107906433123482,0.000939302419607735,0.000805741007273335,0.000679162333296631,0.000562260705464064,0.000458923880639314,0.000368454686912627,0.000289192512034087,0.000220712216746066,0.000165688427056468,0.000122778872866617,8.87368542912364e-05,6.14340958695141e-05,4.15230699681832e-05,2.77414833560022e-05,1.81855429649404e-05,1.14447251600158e-05,6.81549583069671e-06,3.77637060811746e-06,2.14239926669678e-06,1.4069800278487e-06,7.64897844807032e-07,2.52881056925194e-07,1.24456920304428e-07,1.44846423718659e-07,4.14220481617725e-08,-5.7900303898441e-09,1.7803981137637e-08,7.76746160084154e-09,-6.54843322188063e-09,3.78838152073219e-09,1.70036758601586e-09,0
5.23755491406235e-10,0,1.17966272017362e-08,8.98646326306619e-10,1.37532337412738e-08,1.96545345833527e-09,1.50813770347229e-08,4.95308201687103e-09,1.53596376179947e-08,9.05964970292418e-09,1.61048107104371e-08,1.30658969483464e-08,1.81652449899994e-08,1.69794911705374e-08,2.13276519499829e-08,2.13290192341882e-08,2.54518527782288e-08,2.64198480770493e-08,3.06199431245496e-08,3.24970739893932e-08,3.69893145116138e-08,3.98232722866221e-08,4.47958505303256e-08,4.86719014964188e-08,5.43403700092705e-08,5.93988558151327e-08,6.59877749318896e-08,7.23903524632237e-08,8.01799933464894e-08,8.81664871324723e-08,9.74744032556763e-08,1.07300474357653e-07,1.18488110220723e-07,1.30535228931637e-07,1.44070862021079e-07,1.58762820277378e-07,1.75120329508811e-07,1.9299302539264e-07,2.1284243429817e-07,2.34574068108178e-07,2.58603384832143e-07,2.84967476950453e-07,3.14145568236148e-07,3.46172587880451e-07,3.81466490260739e-07,4.20188952032894e-07,4.62992606027225e-07,5.10072293677758e-07,5.61915774532754e-07,6.18738358369186e-07,6.81386737400349e-07,7.5028882475831e-07,8.26226399008489e-07,9.09530154156783e-07,1.00121926509678e-06,1.10189053270138e-06,1.21278146611275e-06,1.33453604232584e-06,1.46858737218554e-06,1.61555660810219e-06,1.77708193698157e-06,1.95434386006079e-06,2.14980717205638e-06,2.36414286479782e-06,2.5993158770166e-06,2.85684864098961e-06,3.14045923030526e-06,3.45122388261695e-06,3.79295887472356e-06,4.16796933723868e-06,4.58027739074521e-06,5.03003265553822e-06,5.52438074180662e-06,6.06781708802699e-06,6.66474141196958e-06,7.31611300387154e-06,8.03070108161586e-06,8.81544004123674e-06,9.67690721482624e-06,1.061874237921e-05,1.16502713090924e-05,1.27804045219334e-05,1.40196253587479e-05,1.53740266322932e-05,1.68555055356879e-05,1.84791340600344e-05,2.02574872931301e-05,2.22008868620895e-05,2.43296614105526e-05,2.66617269427197e-05,2.91975526850499e-05,3.19516402817809e-05,3.49777041545116e-05,3.83249337799079e-05,4.197247963392e-05,4.59101519577674e-05,5.01946192819017e-05,5.48939510897793e-05,6.0011430806956e-05,6.56032184922154e-05,7.17425009661187e-05,7.84353162940979e-05,8.56060335114291e-05,9.33512039254088e-05,0.00010185845935465,0.000111251024825534,0.000121429005252591,0.000132383545156743,0.00014414971365101,0.000156848505086087,0.000170628217032059,0.000185893722530308,0.000202563987174985,0.000220203884669776,0.000238738581994165,0.000259110256862378,0.000281639067590737,0.000305815538788676,0.000331236283748915,0.000358541196695534,0.000388051101958534,0.000419766893110719,0.000454001997326567,0.000490863971288318,0.000529432584718864,0.000569996284338361,0.000613926068507315,0.000661083851130194,0.000710403906112371,0.000762467366142521,0.000817860213536006,0.000875946101578915,0.000936682314235273,0.00100038801834953,0.00106657115932673,0.00113516658745028,0.00120696595278161,0.00128117371233855,0.0013564810128935,0.00143247074315721,0.00151011653360406,0.00158952714632565,0.00166936835538694,0.00174691757176845,0.00182246663172808,0.0018962639197429,0.00196777351834311,0.00203533954078001,0.0020976189761041,0.00215094005928469,0.0021969852833163,0.00223661134157311,0.00226661612096111,0.00228258978082968,0.0022870072009494,0.00227858953404898,0.00225702521334712,0.00222011702796396,0.00216884371737742,0.00210287233939583,0.00202345352104071,0.00192828365516116,0.00182120947643995,0.00170562007234251,0.00158076730144061,0.00144691435068333,0.00130915169653081,0.001171163204758,0.0010336820527771,0.00089887629395523,0.000770462871439254,0.00065072958084699,0.00053974024266736,0.000439926433451453,0.000352105770932613,0.000276619035372372,0.000212671366113267,0.000160172731498028,0.000117654005387438,8.46135817696279e-05,5.93582069228468e-05,4.06159380920506e-05,2.69324297910266e-05,1.7487012387738e-05,1.1000366618479e-05,6.64725062995794e-06,3.9274546896516e-06,2.26352104827407e-06,1.2612022457478e-06,6.76271459185978e-07,3.59420247348382e-07,1.74942936130443e-07,9.47168098089351e-08,3.94768460546969e-08,1.94837637833466e-08,8.7180812911581e-09,3.76328736041777e-09,4.35793521125018e-10,8.76008070459692e-10,-1.21581723853679e-10,0
5.11774141199442e-10,0,1.18055030859962e-08,-9.76733484794681e-10,1.38979222813213e-08,5.54243759563464e-09,1.02867856639143e-08,5.12275495843956e-09,2.05374693270986e-08,1.12472664740028e-09,2.1528857845819e-08,1.19037362980255e-08,1.50498048356505e-08,2.14236543085652e-08,1.70762340531109e-08,2.33736424122339e-08,2.49559844791484e-08,2.51844843200852e-08,3.21605623160521e-08,3.0710795605898e-08,3.79707291643873e-08,3.8971128957091e-08,4.44913112014009e-08,4.87715015608944e-08,5.32575701746799e-08,5.97878461443222e-08,6.47472417507764e-08,7.25854834837676e-08,7.90143418415135e-08,8.76961825478873e-08,9.61636050092786e-08,1.06122676488243e-07,1.17042230511295e-07,1.2884680964459e-07,1.42333085054303e-07,1.56478197273815e-07,1.72712409938109e-07,1.90037414574848e-07,2.0953546552546e-07,2.30560760710079e-07,2.54130841302671e-07,2.79890765176576e-07,3.08205561037044e-07,3.39250003325507e-07,3.73602827562422e-07,4.11673138839631e-07,4.53370055961316e-07,4.99060080550659e-07,5.49084870615202e-07,6.04153673566629e-07,6.65094236289928e-07,7.32425767055507e-07,8.0613984266696e-07,8.86795655222533e-07,9.75757608948573e-07,1.07330861922669e-06,1.18004362090156e-06,1.29718522373915e-06,1.42665602613183e-06,1.56904859706918e-06,1.7258202972503e-06,1.89787475821232e-06,2.08674660872931e-06,2.29287995925492e-06,2.51940874366004e-06,2.76860433198113e-06,3.0422517959766e-06,3.34095074884196e-06,3.6703822573509e-06,4.03218886688772e-06,4.42866041156887e-06,4.86197334731059e-06,5.3387592438356e-06,5.86055346748362e-06,6.43341421194111e-06,7.06059913607731e-06,7.74758513910618e-06,8.50141237422321e-06,9.33215609514013e-06,1.02404841815376e-05,1.12312456194773e-05,1.2312100259943e-05,1.34955000953267e-05,1.47948639219917e-05,1.62214758076469e-05,1.77822701825106e-05,1.9491221964198e-05,2.13592892040677e-05,2.33974782197202e-05,2.56241139376653e-05,2.80578670243287e-05,3.07186971109891e-05,3.36260510098374e-05,3.67997797611707e-05,4.02623320615996e-05,4.40550167920843e-05,4.81941550587687e-05,5.2694292588905e-05,5.75872262554858e-05,6.29405294452967e-05,6.87759772479923e-05,7.51206444105324e-05,8.20052163303679e-05,8.95085757996466e-05,9.76643428019412e-05,0.000106564024114093,0.000116230080901784,0.000126688371309295,0.000137966213106613,0.000150251258650747,0.000163569921384109,0.000177974995699213,0.000193503520668306,0.000210391550441076,0.000228606120145249,0.000248204931332307,0.000269269038765935,0.000292131304128944,0.000316722471196867,0.00034302764731764,0.00037117685735078,0.000401499520247611,0.000433986406135179,0.000468685556221019,0.000505673572014961,0.000545122600171665,0.000587046733279404,0.000631563794523174,0.000678740750567028,0.000728641486281567,0.000781278577398728,0.000836688993409972,0.000894812272246989,0.000955499935691998,0.00101877479722074,0.0010845205851112,0.00115267017236703,0.00122289859107804,0.00129496011191713,0.00136832465244829,0.00144282787926501,0.00151770078096237,0.00159272095638173,0.00166700318421808,0.00174001577819968,0.00181060623387509,0.00187856698290652,0.00194216154534915,0.00200074984049912,0.00205285092123027,0.00209820244798699,0.00213461701561409,0.00216158904789666,0.00217730222955907,0.00218221682184942,0.00217420481794194,0.00215334189858339,0.00211787169601303,0.00206923748953409,0.00200593433661895,0.00192941752727736,0.00183966412288779,0.00173849409344602,0.00162689291024061,0.0015068351270882,0.00138026559350262,0.00124963404844943,0.00111736621942145,0.000986028260010718,0.000858059788646065,0.000735466337794311,0.00062081549444299,0.000515233325570705,0.000420296663922037,0.000336367142485802,0.000264235044953457,0.000203129901656766,0.000152993964622014,0.000112518058314083,8.09719036770832e-05,5.67292568330445e-05,3.88179258268852e-05,2.57985199138998e-05,1.67213419971441e-05,1.04939273053599e-05,6.38446703910631e-06,3.76871513200262e-06,2.15475896875097e-06,1.21180153108076e-06,6.46385767469067e-07,3.44541240665307e-07,1.71613132298528e-07,8.71442523042552e-08,3.83440808654557e-08,2.07175967843317e-08,6.65086820897345e-09,3.95776302975158e-09,8.82672694172706e-10,4.06849893100574e-10,9.53729885703453e-11,0
5.00066874520428e-10,0,1.14541905040921e-08,-1.19391132986582e-09,1.22934145045619e-08,5.04152070763234e-09,1.66007491550562e-08,-3.7081915576371e-09,1.84375338963426e-08,1.40566063025382e-08,7.44689355818257e-09,1.36212357463223e-08,2.17525075843361e-08,1.14971759189708e-08,2.03426459118617e-08,2.26105883133883e-08,2.17571243305105e-08,2.48613343033833e-08,3.01027066797131e-08,2.92082914892135e-08,3.50146994535057e-08,3.79962301597225e-08,4.09727893285991e-08,4.65620693960831e-08,5.05537546081599e-08,5.61096099024757e-08,6.16393269275215e-08,6.79439465925348e-08,7.5302965510017e-08,8.31421733482562e-08,9.10796213796133e-08,1.00359285950977e-07,1.11283873119716e-07,1.22867221874876e-07,1.34880565349836e-07,1.48158525346244e-07,1.64087091237717e-07,1.81153515948601e-07,1.99094304924601e-07,2.18671506984697e-07,2.41536241717541e-07,2.66529425949519e-07,2.93151723368936e-07,3.22237990940353e-07,3.55392156607535e-07,3.91832574655708e-07,4.30938578311252e-07,4.73648964203219e-07,5.21689093868469e-07,5.74803791639485e-07,6.32433137249155e-07,6.95440177309777e-07,7.65181683064506e-07,8.41805646861511e-07,9.26275581800271e-07,1.01965241935174e-06,1.12133361565524e-06,1.23144959811556e-06,1.35409796128228e-06,1.49100696911402e-06,1.63978429104156e-06,1.80030017818597e-06,1.97799430550093e-06,2.17463632034171e-06,2.39066767069538e-06,2.62795095435752e-06,2.88798573894891e-06,3.16951034818667e-06,3.4805686589011e-06,3.82695435540369e-06,4.20543725582753e-06,4.61290527526254e-06,5.0639570795323e-06,5.56378218880859e-06,6.10881710023652e-06,6.7015984878051e-06,7.35609096646907e-06,8.07669285003232e-06,8.8631611172432e-06,9.71721834017369e-06,1.06562505652943e-05,1.1695450454165e-05,1.28337056930156e-05,1.4065517987303e-05,1.54104072731835e-05,1.68938469461345e-05,1.85237820232168e-05,2.02996781035963e-05,2.22379607744851e-05,2.43601595226206e-05,2.66772671535569e-05,2.92094438545915e-05,3.19833727706517e-05,3.50126231347038e-05,3.83036066284322e-05,4.18994861218577e-05,4.58401026780531e-05,5.0144600830481e-05,5.48185131462678e-05,5.99117530006729e-05,6.54609399505583e-05,7.15134107191528e-05,7.80939330567734e-05,8.52531531169266e-05,9.30138834399838e-05,0.000101475254054642,0.000110681205470586,0.000120669557601734,0.000131436473134484,0.000143150172671514,0.000155883347901698,0.000169653872109893,0.000184401289518401,0.000200442815769888,0.000217918637340244,0.000236729239981085,0.000256707372095559,0.000278387647903429,0.000301952846356602,0.000327161734774921,0.000353987870653635,0.000382907623424232,0.000413926297115058,0.000447008915862754,0.000482297607194643,0.000519989175499492,0.000560031715867703,0.000602537866255775,0.00064760049223109,0.000695246763864193,0.000745452150928082,0.000798288240383817,0.000853776792229773,0.000911797939342957,0.000972342557850969,0.00103524417251676,0.00110026025774725,0.00116704369889345,0.00123572313300555,0.00130598676172053,0.00137740302060602,0.00144896019933517,0.00152042172561648,0.00159123104351194,0.00166118962722104,0.00172887563013971,0.00179359321808539,0.00185400595108085,0.00191013387789985,0.00196033574323939,0.00200350649582051,0.00203774412832992,0.00206380183329741,0.00207959118463026,0.00208397270108871,0.00207545752839129,0.00205573406269961,0.00202256658359093,0.00197583859299663,0.00191441802576422,0.00184125092265559,0.00175637359441926,0.00165967705959963,0.00155184830644592,0.00143676148548316,0.00131659134739716,0.00119187555976668,0.00106451388264217,0.00093862683466348,0.000816971246919115,0.000699784588559726,0.000589683066109188,0.000489237149452834,0.000399054501043122,0.000318563024590708,0.0002496222340493,0.000191864647993665,0.000144375262269821,0.000105775742161208,7.58295001320897e-05,5.30049894570485e-05,3.62386171885088e-05,2.40369439721636e-05,1.53643803492716e-05,9.46780128184418e-06,5.86618456661245e-06,3.56374537970599e-06,1.89940566533939e-06,9.61978761679252e-07,5.83264551655959e-07,3.57120541936995e-07,1.34716727623754e-07,5.04267981837354e-08,4.16413518901783e-08,2.58460943341548e-08,-7.95927808530843e-10,2.55154333780319e-09,5.38652834868192e-09,-1.0297575778297e-09,-1.88813247509408e-09,0
4.88627421476491e-10,0,1.02708199900293e-08,1.38112034260432e-09,1.21639535903285e-08,5.38890035528922e-10,1.49325922205273e-08,3.3565944074082e-09,1.38579505406446e-08,8.14593149698909e-09,1.41776684336114e-08,1.14799081700052e-08,1.6413355115861e-08,1.47110483738279e-08,1.9296342764245e-08,1.87483958093343e-08,2.27392449996953e-08,2.36127946601419e-08,2.71103878389587e-08,2.92670946711988e-08,3.26976276497811e-08,3.58984372100858e-08,3.97279745955747e-08,4.38402839401613e-08,4.83893829364394e-08,5.33949824146048e-08,5.89440462823897e-08,6.49775754603803e-08,7.17430389757027e-08,7.90540573943716e-08,8.73202081346457e-08,9.61920812020243e-08,1.06191006128966e-07,1.1697734795898e-07,1.29082653119362e-07,1.42186257214376e-07,1.56798203644614e-07,1.72735706832243e-07,1.90459062029967e-07,2.09840550673995e-07,2.31242462215545e-07,2.54691888028579e-07,2.80590820258169e-07,3.09039263213422e-07,3.40380076800081e-07,3.74807806035821e-07,4.12709927276364e-07,4.54389907604571e-07,5.00249539594914e-07,5.50641736793502e-07,6.06053059432378e-07,6.66928158801271e-07,7.33872051983837e-07,8.07471557969801e-07,8.88402844961729e-07,9.77218148185714e-07,1.07481515905843e-06,1.18201235915674e-06,1.29999548120375e-06,1.42948815968338e-06,1.57168961026752e-06,1.72747819438643e-06,1.89868492376558e-06,2.08652036931806e-06,2.29323406222747e-06,2.51990562810502e-06,2.76904004586584e-06,3.04179150803308e-06,3.34119484522961e-06,3.6689048103522e-06,4.02950505550047e-06,4.42436512206148e-06,4.85809697853759e-06,5.33278192579655e-06,5.8539535541328e-06,6.4246805894499e-06,7.05089179947729e-06,7.73633359598563e-06,8.48782138864051e-06,9.31060900764425e-06,1.02124577317453e-05,1.11994520220695e-05,1.22812369019579e-05,1.3465409721335e-05,1.4761304562478e-05,1.61784767042525e-05,1.77296526980205e-05,1.94271684497553e-05,2.12839406532445e-05,2.33134521065682e-05,2.5530819476571e-05,2.7954829214757e-05,3.06027002912054e-05,3.34962959382067e-05,3.66545276591552e-05,4.01028185491008e-05,4.38611750383818e-05,4.79629471278372e-05,5.24315455489618e-05,5.73072862454159e-05,6.26155034892145e-05,6.84002623138878e-05,7.46849261742408e-05,8.15302491244961e-05,8.89676445948203e-05,9.70633319738268e-05,0.000105834371881275,0.000115358894731983,0.000125676443808385,0.00013689092975383,0.000149011744689649,0.000162148877827466,0.00017633481192655,0.000191706278494327,0.000208261219744076,0.000226172640597389,0.00024545102212558,0.000266241465978398,0.000288563271858144,0.000312585150851154,0.000338360060690318,0.000366011585318059,0.000395551057796928,0.000427149773067291,0.000460902611406437,0.000496907729494683,0.000535148330548987,0.000575751417639027,0.000618785148062028,0.000664281450450992,0.000712229865258293,0.000762709226941153,0.000815753591529111,0.000871156804669912,0.000928801576125314,0.000988745398917752,0.00105104443747459,0.0011150961378054,0.00118056088657728,0.00124730837175404,0.00131542371687096,0.00138396800550039,0.00145231903729192,0.00151974594710688,0.00158631254400602,0.00165095155668242,0.00171289304863285,0.00177057595614957,0.00182391395854182,0.00187154124458756,0.00191282030937294,0.00194583047949404,0.00197048710256885,0.00198482135679235,0.00198892180960306,0.00198150005180252,0.00196275361832643,0.00193014717036016,0.00188505650861833,0.00182719352719827,0.00175791342576777,0.00167614989184389,0.00158327716694005,0.00148115584392443,0.00137211315810294,0.00125694320668244,0.00113740444109137,0.00101677272606234,0.000897667303521947,0.000781220017567193,0.000669093911866614,0.000564774625973857,0.000469322419009997,0.000383029127726589,0.00030637590503855,0.000240889541199841,0.000185552066544451,0.00013990742511853,0.000103012920670725,7.43490560622882e-05,5.23130077564387e-05,3.59437272151702e-05,2.39114285803362e-05,1.5550471674109e-05,9.95570345217585e-06,6.12927089253097e-06,3.51323266121259e-06,2.02623486816497e-06,1.2605077327018e-06,6.70367249126616e-07,2.98060227671838e-07,1.64954641255816e-07,1.10388272814939e-07,3.74353281548465e-08,1.21935684522255e-08,9.88325668279909e-09,5.71931623284836e-09,-6.40776218165542e-10,3.46437224548549e-10,3.94575781515714e-10,0
4.77449655604035e-10,0,9.7882884395093e-09,8.3253993565752e-10,1.15823164219503e-08,1.16638571736702e-09,1.33823847532622e-08,3.4780040255221e-09,1.31637899833589e-08,7.6200716325657e-09,1.34191249943321e-08,1.09002727894979e-08,1.5559604006409e-08,1.3856384136415e-08,1.83600320715539e-08,1.76968454224783e-08,2.15636182534925e-08,2.23641271609006e-08,2.56878827191083e-08,2.77362026786839e-08,3.10022230054687e-08,3.40281312496422e-08,3.76732807894207e-08,4.15479635605906e-08,4.58956814961369e-08,5.06209255127449e-08,5.59331430267104e-08,6.16344874733156e-08,6.81221797241465e-08,7.50212958515478e-08,8.29139841643121e-08,9.13096543129251e-08,1.00868842447375e-07,1.11098202052066e-07,1.22645235287786e-07,1.35114313202734e-07,1.49061898456006e-07,1.64218343551818e-07,1.81076327117991e-07,1.99510046792694e-07,2.19920485957346e-07,2.42290998518563e-07,2.66988065818956e-07,2.94099764426665e-07,3.23971888942581e-07,3.56793643254594e-07,3.92953566467536e-07,4.32726039218922e-07,4.76500099286974e-07,5.24588337160372e-07,5.77467353023354e-07,6.35566514360702e-07,6.99475799730363e-07,7.69700913501081e-07,8.46933602560288e-07,9.31778098938114e-07,1.02509547713186e-06,1.12754731954043e-06,1.24020235037834e-06,1.36380755996121e-06,1.49966485058793e-06,1.6486629911873e-06,1.81245806412207e-06,1.99211638429311e-06,2.1897306641833e-06,2.4063286994114e-06,2.64438031224691e-06,2.90511403594978e-06,3.19161224916666e-06,3.50529722094453e-06,3.85016622525854e-06,4.22769677352491e-06,4.64263965579348e-06,5.0969085115318e-06,5.59566462774048e-06,6.1417754070829e-06,6.74085316862151e-06,7.39669910547654e-06,8.11597249705542e-06,8.90349363260321e-06,9.76679644723681e-06,1.07117388616038e-05,1.17469719124125e-05,1.28798143592882e-05,1.41200823671772e-05,1.54768214654044e-05,1.6961121212077e-05,1.85843771604016e-05,2.03596799668598e-05,2.2300724704266e-05,2.44218409823801e-05,2.67404739333107e-05,2.92725336340684e-05,3.20383075040105e-05,3.50558648937576e-05,3.8350730803763e-05,4.19428467128191e-05,4.58633816812534e-05,5.01339872508345e-05,5.47924973357164e-05,5.98629675087704e-05,6.53891366855211e-05,7.13943576223177e-05,7.7935766259812e-05,8.50413565492519e-05,9.2773002382863e-05,0.000101151268219316,0.000110254468293981,0.000120114795047058,0.000130828294917836,0.000142409357290382,0.000154962292591798,0.00016851171358469,0.000183196501989479,0.000199020639032551,0.000216133767930105,0.000234543480975749,0.000254401732057996,0.000275729057917144,0.000298680141813386,0.000323298041075059,0.000349707328929998,0.000377939188941831,0.000408145311873053,0.000440382364327494,0.000474753728512503,0.000511282041118209,0.000550085865359377,0.000591195611658588,0.000634649173498803,0.000680472799460625,0.000728716318937717,0.000779351827483892,0.000832229257064437,0.000887352751840837,0.000944727562618985,0.00100421671256415,0.0010652518453426,0.00112777096912241,0.00119173562755663,0.00125692381691821,0.00132223945268131,0.00138737832524454,0.00145191964885118,0.00151572555489441,0.00157751833907051,0.00163661336564722,0.00169164646812449,0.00174265536341056,0.00178842636039018,0.00182812666089678,0.00185959500409698,0.00188292678825443,0.00189679527893833,0.00190132355431473,0.00189454670871504,0.00187637188924126,0.0018450726182879,0.00180239653541901,0.00174766626935351,0.00168164314695521,0.00160335797906006,0.0015146268128211,0.00141731782568455,0.00131315720101488,0.00120297655225779,0.00108886184479488,0.000973472690979396,0.000859220813082856,0.00074802710135563,0.000641021196896707,0.000540423161837586,0.000448399730040131,0.00036661619717378,0.000293793994151314,0.000229903222308295,0.00017610984033977,0.00013330829305846,9.84913263117419e-05,7.03649778297729e-05,4.90517727489162e-05,3.37207895881879e-05,2.22949366456067e-05,1.45304520465999e-05,9.3796427572416e-06,5.39627257007322e-06,2.86235816017634e-06,1.93461318839856e-06,1.2745083805604e-06,4.50634317302293e-07,1.74404183546288e-07,2.07298147723251e-07,9.81204482325737e-08,-2.16088623590481e-09,1.98782142514301e-08,1.45886549810141e-08,-1.65679626994041e-09,8.38042991233295e-10,1.59759218045365e-09,-7.71900435640514e-10,0
4.66527590587503e-10,0,1.08000218386501e-08,4.28876562220965e-09,6.60253017228985e-09,-8.05371153306718e-10,2.09482196316388e-08,-6.74878291258188e-10,9.73076489839234e-09,1.37988787376438e-08,1.07422066258429e-08,8.03568475733802e-09,2.06310691853774e-08,1.0219755458157e-08,1.80746268781839e-08,2.05429497514005e-08,1.74957542641286e-08,2.47887213145241e-08,2.4789774130212e-08,2.62207914805502e-08,3.26694848599152e-08,3.1365694670015e-08,3.86078219680722e-08,4.03800368122538e-08,4.47298122138042e-08,5.02792478833234e-08,5.36638708373363e-08,6.11598542678825e-08,6.58582577651601e-08,7.35885090405045e-08,8.05037878681076e-08,8.86798529559565e-08,9.78999897637158e-08,1.07389085170419e-07,1.18777062788954e-07,1.3045691803159e-07,1.44082032785307e-07,1.58549478364996e-07,1.74635558536721e-07,1.91976382273875e-07,2.11334513610516e-07,2.32855967977867e-07,2.56320897966221e-07,2.81995012319362e-07,3.10314998400099e-07,3.41817809785123e-07,3.76564810195783e-07,4.14456685046908e-07,4.5573120567982e-07,5.01127642252656e-07,5.51471143660653e-07,6.06946770167253e-07,6.67963251802419e-07,7.34825133622846e-07,8.08353324383912e-07,8.88579479802841e-07,9.76347667863413e-07,1.07396349057261e-06,1.18277970153799e-06,1.30105050124222e-06,1.4291057196648e-06,1.56940983792986e-06,1.72472919897716e-06,1.89625567893838e-06,2.0855940034872e-06,2.29316217808154e-06,2.51916287101358e-06,2.76365509177804e-06,3.0341275850597e-06,3.33506701150371e-06,3.66488432950711e-06,4.02301543451368e-06,4.41796203952343e-06,4.85039235989363e-06,5.32468168613313e-06,5.8461695982237e-06,6.415091045145e-06,7.03464427099998e-06,7.7201685625893e-06,8.47363644446664e-06,9.2943262969127e-06,1.01899336245098e-05,1.11739590580175e-05,1.22554668144003e-05,1.34410122041449e-05,1.47359275289313e-05,1.61493023672223e-05,1.76899341995533e-05,1.93734017722958e-05,2.12201126990001e-05,2.32465439525622e-05,2.54655238724724e-05,2.78852555331731e-05,3.05192939630354e-05,3.33869759014284e-05,3.65240278653526e-05,3.99516566715594e-05,4.36843672591414e-05,4.77427043085542e-05,5.21845623192133e-05,5.70289690367122e-05,6.23021290590203e-05,6.80403403363216e-05,7.42852742319739e-05,8.10390312617792e-05,8.8409819428663e-05,9.6437343103217e-05,0.000105124645841379,0.000114490905588663,0.00012469818561849,0.000135769074976434,0.000147734700698923,0.00016062990364367,0.000174669967271702,0.000189796865778722,0.000206068926496484,0.000223611781963171,0.000242662463235156,0.000263092905468758,0.000284890106558383,0.000308221832268863,0.000333414000116508,0.000360432852199654,0.000389303899651205,0.0004200947295708,0.000452897199391762,0.000487701514619045,0.000524682835394683,0.000563984647473474,0.000605550692162984,0.000649202280164836,0.000695097817660884,0.000743409014704242,0.000793928107772798,0.00084658367235277,0.000901333132360431,0.000958057540919724,0.00101642871168363,0.00107627310994145,0.00113716246997839,0.00119910063212364,0.00126153929805361,0.0013240420908552,0.0013857003581372,0.00144635643619519,0.00150516813841532,0.00156158244891621,0.00161426243966254,0.00166320494558606,0.00170686875736096,0.00174454023027177,0.00177474525079071,0.00179728560515199,0.00181034510532547,0.00181434174757601,0.00180785641067725,0.00179081853278248,0.00176124751258088,0.00172059339416084,0.00166826540249676,0.00160494577274893,0.00153007403088319,0.00144591210803537,0.00135340247951848,0.00125359980749069,0.00114837097174065,0.00103981794415807,0.000929747082902596,0.000820555602564546,0.000714154391612321,0.000612115161158775,0.000516815783664691,0.000429036104319703,0.000350009420867795,0.000280150418164053,0.000220109374340332,0.000169266479251419,0.000127514081818808,9.37979650859399e-05,6.75560140914447e-05,4.73334591640705e-05,3.23840236429867e-05,2.15455664275606e-05,1.39707504479993e-05,8.7726490660711e-06,5.337498235949e-06,3.1498030095473e-06,1.80513944856133e-06,1.01477387517361e-06,5.40260313114271e-07,2.88749729226118e-07,1.4338507276074e-07,7.28159094225153e-08,3.26258546202251e-08,1.66625144871199e-08,5.83554994408583e-09,3.41009670799808e-09,4.77197491851231e-10,5.04073104355933e-10,3.68934312577957e-11,0
4.55855377053373e-10,0,1.65415074976261e-08,-1.34496685131693e-11,-7.0219022116698e-09,5.66232404939741e-09,3.75368625738321e-08,-1.13316186439415e-08,-6.11322647066107e-09,3.10672860728006e-08,1.54780565939621e-08,-1.05861512355216e-08,2.84482084492248e-08,1.79051127203462e-08,4.54490916262408e-09,2.50713353931553e-08,2.12210861464732e-08,1.61738759322761e-08,2.86044717319691e-08,2.53138393103928e-08,2.80014604741977e-08,3.36680256287524e-08,3.4897231035603e-08,3.94382055601393e-08,4.3529866327536e-08,4.71362350399821e-08,5.23881776667825e-08,5.84235686592712e-08,6.37937220610154e-08,7.0592848728221e-08,7.71654481505878e-08,8.54996326163486e-08,9.44847826383991e-08,1.03759597144956e-07,1.14346141378285e-07,1.26063459465369e-07,1.39107559320989e-07,1.5288838537652e-07,1.68334071811205e-07,1.85172429506741e-07,2.04310505043827e-07,2.250656989773e-07,2.47773197855514e-07,2.72207827481411e-07,2.99902588028012e-07,3.30402181355223e-07,3.63385518849903e-07,3.99133841471149e-07,4.3956426291237e-07,4.84581489204909e-07,5.33058435021492e-07,5.8498337900092e-07,6.42694990801516e-07,7.08004715590957e-07,7.80220967254578e-07,8.57507798976183e-07,9.40613887671265e-07,1.03292944776582e-06,1.13741591211221e-06,1.25293285733559e-06,1.37670502072632e-06,1.50952657399657e-06,1.65719778895187e-06,1.82247472416299e-06,2.00468106850317e-06,2.2030787161975e-06,2.4188681562003e-06,2.65312210952182e-06,2.91392766317158e-06,3.20428626790084e-06,3.51834671020134e-06,3.85651705051871e-06,4.23582910006938e-06,4.65576134292213e-06,5.10654315493521e-06,5.59713798489552e-06,6.14792084632008e-06,6.75358862141779e-06,7.40289534920333e-06,8.10884463306653e-06,8.89914437468587e-06,9.77463432877508e-06,1.07191508525924e-05,1.17337633036244e-05,1.28502582041329e-05,1.40975159140405e-05,1.54719095370851e-05,1.69513739463143e-05,1.85455061879167e-05,2.03028302929343e-05,2.22559910443149e-05,2.43853757966606e-05,2.66737476608386e-05,2.91732485258164e-05,3.1933087690992e-05,3.49485986548297e-05,3.82172222430531e-05,4.17912696572204e-05,4.57022268619298e-05,4.99555894921666e-05,5.454393389821e-05,5.9548277908803e-05,6.50652776844919e-05,7.10907488369965e-05,7.75211005377386e-05,8.44862076413397e-05,9.21710279411542e-05,0.000100556208391465,0.00010950249383776,0.00011921721554604,0.000129845394611157,0.000141279256407453,0.000153465528550378,0.000166902459019639,0.000181610687007738,0.000197133771705649,0.000213518691026288,0.000231666573355326,0.000251515150987149,0.000272436428829969,0.000294574132669808,0.000318646965949985,0.000344529399240554,0.000371961536229982,0.000401285122210317,0.000432863443621497,0.000466209563114453,0.000501218356978021,0.000538611258661167,0.000578565022823549,0.000620384399683773,0.000664118954299635,0.000710321779021196,0.000758693392387641,0.000808856738244254,0.000860987030741046,0.000915175926983899,0.000970954325365609,0.00102813459497121,0.0010862987414673,0.00114541012916585,0.00120510320435038,0.00126478300433648,0.00132344570211392,0.00138148695356966,0.00143798895498359,0.00149161843569582,0.00154157366847013,0.00158868169891401,0.001630516152521,0.00166559415413117,0.00169413880561623,0.00171680904835205,0.00172966479066157,0.00173226008954089,0.00172540279282303,0.0017098795062713,0.0016822545173282,0.00164267942954263,0.00159154193099376,0.00153138099428388,0.00146088346761439,0.00138005414108872,0.00129072831329845,0.00119557672714619,0.00109540435194837,0.000991395163739574,0.000885917856681642,0.000781802288607278,0.000680630965666976,0.000583079873987617,0.000491650812812723,0.000407960465683937,0.000332894210517999,0.00026640176153293,0.000209090819313931,0.000160531372072326,0.000120939986007575,8.8990286793695e-05,6.39360354174034e-05,4.4787762520031e-05,3.06640167659561e-05,2.02742346706404e-05,1.31429117405357e-05,8.312676059716e-06,4.97220439897963e-06,2.88756329211411e-06,1.71598257015443e-06,9.45063269851175e-07,4.54002615525574e-07,2.71834536695835e-07,1.46016352249992e-07,5.11005844190328e-08,2.81483129957071e-08,2.09500572577788e-08,2.58663616031601e-10,3.98672313292732e-09,2.53123841118049e-09,-2.17385612254559e-09,-1.41488951338788e-10,0
4.45427299437496e-10,0,1.49067809093222e-08,-1.31857654395423e-08,-1.67979969787668e-09,2.42169443830104e-08,2.77388260545422e-08,-2.65743699771427e-08,2.85317767645961e-09,3.95097808505524e-08,8.85395263995514e-09,-1.59126682598673e-08,3.10893403869035e-08,2.19459212340046e-08,-1.91590136650764e-10,2.21589583114412e-08,2.49424802203887e-08,1.43006304921497e-08,2.45779440777834e-08,2.74157089840141e-08,2.6217881030631e-08,3.04413402658537e-08,3.54836339774313e-08,3.678891883254e-08,4.10122110604711e-08,4.59792546838615e-08,4.94586381830859e-08,5.59476449736007e-08,6.09541837556915e-08,6.69096176562028e-08,7.37576417695143e-08,8.15589741641162e-08,9.01586033065425e-08,9.90391065049728e-08,1.08789731847615e-07,1.1998623618372e-07,1.32712115901774e-07,1.45931266412239e-07,1.60560740591244e-07,1.76293482418242e-07,1.94742933902579e-07,2.14623773406447e-07,2.36143265705497e-07,2.59377649847381e-07,2.86196715187585e-07,3.15252420429117e-07,3.46223955162809e-07,3.80410121284054e-07,4.19639830530297e-07,4.62257658937949e-07,5.07547322141938e-07,5.57479342256147e-07,6.13789103713845e-07,6.75925219635886e-07,7.43694285837498e-07,8.1741964127126e-07,8.97273343852342e-07,9.85670809692873e-07,1.08594693601634e-06,1.19590792182958e-06,1.31206250977642e-06,1.43874254654838e-06,1.58238192849271e-06,1.74067253171082e-06,1.91250211166664e-06,2.10123929417378e-06,2.30713332352095e-06,2.53104396678292e-06,2.7829855050219e-06,3.06019218046488e-06,3.353842474282e-06,3.67633302541374e-06,4.04673392056641e-06,4.44611062995134e-06,4.86453070611185e-06,5.33572366540235e-06,5.87662847431905e-06,6.45159462163139e-06,7.05435735146996e-06,7.72986557730544e-06,8.49954560884642e-06,9.33435007085773e-06,1.02234445808716e-05,1.11922556299159e-05,1.22670424976853e-05,1.34581398542166e-05,1.4765944574049e-05,1.61764369379919e-05,1.76941458112288e-05,1.9371938799928e-05,2.12475537875317e-05,2.32836453212174e-05,2.54537944402297e-05,2.78326472773542e-05,3.04817833989706e-05,3.33704227460321e-05,3.64764566167351e-05,3.98792854942008e-05,4.36309073884755e-05,4.76945393421728e-05,5.20431759993164e-05,5.68237193896557e-05,6.21448454179607e-05,6.78881693076604e-05,7.39371975859843e-05,8.05958126048434e-05,8.80666341738881e-05,9.60647731095478e-05,0.000104430892985034,0.000113725428129619,0.00012407305884991,0.000134932659400059,0.000146366726988277,0.000159315523257771,0.000173547170162793,0.000188184836095348,0.000203658517890155,0.000221231992747453,0.000240357407405197,0.000260063273423315,0.000281041924762482,0.000304297856613641,0.000329140313473014,0.000355135886395371,0.000383131484031555,0.00041341361184926,0.000445100553404557,0.000478444093960962,0.000514450339229145,0.000552750154966183,0.000592416122646862,0.000634011001454316,0.000678301105400342,0.000724669829825102,0.000772554314694699,0.000822284526524642,0.000874117972406625,0.000927438276966883,0.000981890904556773,0.00103745913382447,0.00109433993388554,0.00115144066145344,0.00120790739863015,0.00126394826102979,0.00132017838673232,0.00137415503187963,0.00142461670386772,0.00147261335609958,0.00151844808920353,0.00155802087103041,0.00159099289098382,0.00161903818747842,0.00164118338780537,0.00165256585955423,0.00165475249477432,0.00164946444337597,0.00163508710456431,0.00160734209679279,0.00156904180718826,0.0015214796780979,0.00146455915331472,0.00139634735074621,0.00131854170219976,0.00123340274447278,0.00114282837663623,0.00104709107493983,0.000947346291253447,0.000846315632007142,0.00074675759196061,0.000649940243188772,0.000556605751516856,0.000469281853984201,0.000389376696728405,0.000317448368402076,0.000253612386839785,0.000198999558882672,0.000152943276115064,0.000115039316415289,8.43237609769343e-05,6.04958249906801e-05,4.24217367600887e-05,2.90936100568962e-05,1.91812268514269e-05,1.22349218634852e-05,7.72334862620482e-06,4.83152500504216e-06,2.80353656585866e-06,1.47131621155409e-06,8.24532810318897e-07,5.1679158211516e-07,2.83570584400566e-07,9.39619613548617e-08,3.92227665979489e-08,3.95959184000998e-08,2.17720592867077e-08,-2.83994607715075e-09,2.13583521760002e-09,4.18943401090626e-09,-9.53785110244201e-10,-1.12391152074707e-09,0
4.35237772924088e-10,0,8.06505977036993e-09,7.1712649345244e-10,1.16350832819028e-08,-4.84180017487907e-10,1.13305518461931e-08,4.49140691987241e-09,1.05851755591444e-08,6.01025416608917e-09,1.30403068817556e-08,8.23971400001029e-09,1.38014087676536e-08,1.24773563359232e-08,1.49039254554527e-08,1.61988283304344e-08,1.7940453549921e-08,1.95569779154793e-08,2.209788874257e-08,2.37240173124252e-08,2.68170795175575e-08,2.90833827233321e-08,3.23849434313654e-08,3.5628115533637e-08,3.92896304695624e-08,4.34111067745184e-08,4.77474726127043e-08,5.27463673560172e-08,5.81195609889385e-08,6.40968523243179e-08,7.06890033910204e-08,7.78329303681245e-08,8.58529360726364e-08,9.45150759881542e-08,1.04267937699362e-07,1.14807231569933e-07,1.2657811506306e-07,1.3932762607208e-07,1.53531092386015e-07,1.6901991644768e-07,1.86196632141942e-07,2.04984292148398e-07,2.2579315191444e-07,2.48603799192274e-07,2.73708299597258e-07,3.01202662858101e-07,3.31509882655685e-07,3.64826716295839e-07,4.01536406181462e-07,4.41865870189567e-07,4.86210607441814e-07,5.34865413066693e-07,5.8832724377191e-07,6.47088663032702e-07,7.11781161075191e-07,7.82816080534335e-07,8.60850610393488e-07,9.46450117415887e-07,1.04052559057914e-06,1.14381280183047e-06,1.25748435150335e-06,1.38212534733646e-06,1.51889790285022e-06,1.6688476019527e-06,1.83389066653098e-06,2.01475110425163e-06,2.21352213553572e-06,2.43134138008522e-06,2.67025919789744e-06,2.93152835130402e-06,3.21927188486124e-06,3.53445641766011e-06,3.88031161592512e-06,4.25889653274226e-06,4.67484680743957e-06,5.12999434801415e-06,5.62886893060578e-06,6.17526745565232e-06,6.7746599070407e-06,7.43048689368471e-06,8.14876313087153e-06,8.93465424558657e-06,9.79641004648275e-06,1.07403599206333e-05,1.17727488531851e-05,1.29004699326901e-05,1.41350928978736e-05,1.54880093714061e-05,1.69679611414656e-05,1.85822404132559e-05,2.0344434792608e-05,2.2274715156181e-05,2.43839302991763e-05,2.66831128023114e-05,2.91928295266373e-05,3.19404794230908e-05,3.49334930139832e-05,3.81910578885108e-05,4.17424868153174e-05,4.56264674019323e-05,4.98496329548039e-05,5.44374723994965e-05,5.94239408743087e-05,6.48751285492906e-05,7.08007804191591e-05,7.72265208211974e-05,8.41814122477031e-05,9.17625995536125e-05,9.99883612738547e-05,0.000108895751957335,0.000118492621620262,0.000128918780221741,0.000140217539797153,0.000152452575508665,0.000165597686216178,0.000179808807309701,0.000195105522924318,0.000211615790619414,0.00022937962503366,0.000248496762861158,0.000268930680708396,0.000290824194751688,0.000314328252169825,0.000339508314401467,0.000366239926453432,0.000394751318171488,0.000425291545567087,0.00045763702955411,0.000491443618498407,0.000527346197225255,0.000566045285032943,0.000606683232636317,0.000648071805945184,0.000691110397819773,0.000737487433974701,0.000786391754994161,0.000835700199886226,0.000885181435374242,0.000936717343390821,0.000990871219678661,0.00104607342953489,0.00109987899784069,0.00115256363031061,0.00120622478796991,0.00126096226290006,0.00131248729490071,0.00135985258910034,0.00140559506931351,0.00144953182160474,0.00148715208938264,0.00151902489355516,0.00154590312725612,0.00156559629135944,0.00157594264192262,0.00157997918735348,0.00157573367288431,0.00155989718211305,0.00153205638289048,0.00149677187864361,0.00145273981915611,0.00139814362820665,0.00133191738339538,0.00125721367716004,0.00117700347158907,0.00109134366908096,0.000998840868330518,0.000903292414565471,0.000808782477407684,0.000714027333315107,0.000619772786090292,0.000531157827506341,0.00044965810231115,0.000372852085360497,0.00030315231605745,0.000242968281420452,0.000191430374595662,0.000146979275850199,0.000110501335441241,8.12078518962456e-05,5.84639501268279e-05,4.12946756694818e-05,2.83940522220624e-05,1.84954536589571e-05,1.18956320103167e-05,7.85360863653008e-06,4.82265922731279e-06,2.56292389849232e-06,1.50193404776594e-06,1.02161916223242e-06,4.81197047429015e-07,1.7969357122583e-07,1.43208268592737e-07,8.92346805502269e-08,1.12541963938663e-08,1.12347191217663e-08,1.28921921838441e-08,4.12030178400765e-10,-1.96416103536194e-09,2.30473127329469e-09,4.80436571532703e-10,0
4.25281340454756e-10,0,7.62196963963223e-09,5.44802945493545e-10,9.19143943363012e-09,1.05889861306755e-09,9.62305390687119e-09,3.63358043869776e-09,9.59337670480604e-09,5.80442778634815e-09,1.08958012038822e-08,7.70346246503202e-09,1.25351435389096e-08,1.03600131969399e-08,1.41953948510276e-08,1.37722401128962e-08,1.63004803169358e-08,1.7657451663762e-08,1.93061208068088e-08,2.18902511560535e-08,2.34545734416964e-08,2.66058224343877e-08,2.88091616331197e-08,3.21369959288681e-08,3.53869884346664e-08,3.8866904875479e-08,4.32648175930345e-08,4.71551160813239e-08,5.26529834445381e-08,5.73391766309969e-08,6.38875601945859e-08,6.97684697790702e-08,7.74231911399897e-08,8.4866753486477e-08,9.38305474565939e-08,1.03153064247603e-07,1.13754279804666e-07,1.25274448607478e-07,1.37964662041863e-07,1.52057424428349e-07,1.67393459948118e-07,1.84520327604655e-07,2.03143765267003e-07,2.23904001004379e-07,2.46569250080613e-07,2.71696961583906e-07,2.99240727815384e-07,3.2964823954607e-07,3.63121465151202e-07,3.99971918729948e-07,4.40580289479378e-07,4.85165567723108e-07,5.3431078695471e-07,5.88260401321487e-07,6.47752034413955e-07,7.13076225381523e-07,7.8506349176076e-07,8.640703956245e-07,9.51048749346046e-07,1.04655916565803e-06,1.1517031424123e-06,1.26710720413168e-06,1.39406130069472e-06,1.53338232756873e-06,1.68660016792258e-06,1.85466342489156e-06,2.03953783051895e-06,2.24233015494063e-06,2.46520730623512e-06,2.70931730805821e-06,2.97789697700483e-06,3.27218348048e-06,3.59556364949534e-06,3.94977506952911e-06,4.33891789514618e-06,4.76525511082947e-06,5.23305199334094e-06,5.74577123189585e-06,6.30880427020956e-06,6.92515430539488e-06,7.60051240172197e-06,8.33995322981409e-06,9.15064062238833e-06,1.00384235808265e-05,1.1010734210352e-05,1.20747790048317e-05,1.32395151822727e-05,1.45138957221068e-05,1.5907948098224e-05,1.74327195081786e-05,1.90999775909063e-05,2.09232122190515e-05,2.29148774487037e-05,2.50911258034034e-05,2.74659730685617e-05,3.00595644649682e-05,3.28883404574869e-05,3.59774351168971e-05,3.93436751551564e-05,4.30163888428969e-05,4.70140779268363e-05,5.13724893396164e-05,5.61113850196583e-05,6.12742179582914e-05,6.68821399661739e-05,7.29870066710464e-05,7.960572814072e-05,8.67963527847457e-05,9.45800070977444e-05,0.000103035384729637,0.000112182755344438,0.000122108194828886,0.000132822323190506,0.000144426513063044,0.000156931609749975,0.000170465118456886,0.000185026778510539,0.000200737915060412,0.000217617453110018,0.000235777165319225,0.000255252507738433,0.000276154136746611,0.000298509348078879,0.000322426633471054,0.000347939955651757,0.000375152934950542,0.000404098566225925,0.000434846102693351,0.000467411986840338,0.000501850946833899,0.000538176633288421,0.000576391958677198,0.000616501929385933,0.000658463156987396,0.000702241026737056,0.000747699469736187,0.000794774237153523,0.000843239849597702,0.000893001386864643,0.000943726963331357,0.000995277756158507,0.00104712509764657,0.00109903165504181,0.00115035098493706,0.00120086817598496,0.00124976053149769,0.00129675276220546,0.00134076200014518,0.00138139119408091,0.00141749262491749,0.00144886113948405,0.00147404532281335,0.00149283396857223,0.00150393577489553,0.00150740796603363,0.00150182593079485,0.00148747724686207,0.00146309350859397,0.00142958112150343,0.00138594043986617,0.00133318635151598,0.00127129158399061,0.00120146471217967,0.00112440837054283,0.00104154034635528,0.000954153841729707,0.000863974767577864,0.000772634964657737,0.000681805771760351,0.00059334307242866,0.000508673485484039,0.000429409041190157,0.000356373776096334,0.000290731989887065,0.000232687120853247,0.000182775747606303,0.00014050073965709,0.00010582819458603,7.7828951174797e-05,5.60061763881012e-05,3.92386696298991e-05,2.68518995035098e-05,1.78476200593621e-05,1.1565925686493e-05,7.26029945648171e-06,4.41941104772556e-06,2.60956589482054e-06,1.49268015329221e-06,8.40186730542074e-07,4.48360485400461e-07,2.39523212164662e-07,1.18698151639523e-07,6.07816504248787e-08,2.67595477383166e-08,1.41951662710338e-08,4.74807541802889e-09,2.76179267098271e-09,6.83630411662405e-10,3.28069036534209e-10,2.99669076225983e-10,0
4.15552669805934e-10,0,4.99694524400109e-09,6.97130820558173e-09,1.53672117182181e-08,-1.23515879889529e-08,8.29509543618117e-09,1.58530598057883e-08,9.56026860904523e-09,-6.04626416311887e-09,1.58532435855576e-08,1.67757389637479e-08,1.84769615255394e-09,1.24151871878847e-08,1.95292222654961e-08,9.00562819569861e-09,1.72044171965346e-08,1.92026473479199e-08,1.83185161658954e-08,2.13495589091894e-08,2.46840971631789e-08,2.53741030221619e-08,2.90581758975328e-08,3.22888847914445e-08,3.46694207033373e-08,3.89524086521023e-08,4.26711285429776e-08,4.74562749964062e-08,5.19206285365846e-08,5.69850117149213e-08,6.31996630405948e-08,7.02013796394178e-08,7.68990701997162e-08,8.42313324962154e-08,9.32322605750009e-08,1.03453193784727e-07,1.13737506342493e-07,1.2444963900076e-07,1.37385864053852e-07,1.52125898501486e-07,1.6753841500556e-07,1.83617096834838e-07,2.0242009576156e-07,2.23700327758828e-07,2.46381592024213e-07,2.70259926358245e-07,2.97481052781168e-07,3.28254450414089e-07,3.61615967253918e-07,3.9711275848e-07,4.36644876306129e-07,4.80901966591119e-07,5.29660495477405e-07,5.82825148048986e-07,6.40957886157261e-07,7.04083383102471e-07,7.74194225187075e-07,8.53014086242907e-07,9.38852406808342e-07,1.03004679708558e-06,1.13099219290109e-06,1.24496262536878e-06,1.36986948360146e-06,1.50454516629101e-06,1.65287035872951e-06,1.81561242325564e-06,1.99426675579105e-06,2.19275868741376e-06,2.41108573456831e-06,2.64456710283344e-06,2.90090791947162e-06,3.18850862460165e-06,3.50500847838783e-06,3.8447724813694e-06,4.21807983431053e-06,4.63319522106935e-06,5.08772971571266e-06,5.57894349823434e-06,6.11856035620547e-06,6.71766957545476e-06,7.37521526902665e-06,8.08394065067247e-06,8.85563167425051e-06,9.71241558354589e-06,1.06603533620631e-05,1.16871738168125e-05,1.27977376421521e-05,1.40187945727683e-05,1.53676912512781e-05,1.68411441352549e-05,1.84421180063478e-05,2.01908047301117e-05,2.21024930583858e-05,2.41910310981346e-05,2.64735792203744e-05,2.89692874187994e-05,3.16879159912618e-05,3.46546012392095e-05,3.7886038421956e-05,4.14065273336359e-05,4.52428978782295e-05,4.9433463836771e-05,5.39748674789679e-05,5.89077708921109e-05,6.42900415868154e-05,7.01668293404917e-05,7.64989282034197e-05,8.33557877116669e-05,9.08449957307085e-05,9.90140837533221e-05,0.00010773827505614,0.000117145018709758,0.000127462966104524,0.000138711555549931,0.000150605389842301,0.000163392954679555,0.000177423345988842,0.000192645761939221,0.000208733198554041,0.00022595878725487,0.000244629934270713,0.000264733314046902,0.000286138858430977,0.000309000148971144,0.000333375751232211,0.000359357615022175,0.000387064609757539,0.000416564868069477,0.00044770957405433,0.000480536293701742,0.000515252431485716,0.00055188164291365,0.000590260521445446,0.000630335069946428,0.000672137977142957,0.00071551401630366,0.000760479472089834,0.000806911990517729,0.000854525568754895,0.000902826007190294,0.000951925831668057,0.00100156807161448,0.00105131431673765,0.00110030533057251,0.00114846253727399,0.00119510701460606,0.00123992240422004,0.00128197517995639,0.00132085701329977,0.00135521790214705,0.0013850524525217,0.00140924287504326,0.0014272068936325,0.00143757361119538,0.00144089022853798,0.00143576883370396,0.00142196733733352,0.00139825039715594,0.00136598139767299,0.00132453826200793,0.00127434115370644,0.00121465917642406,0.00114727191342898,0.00107383385386322,0.000995057537360257,0.000910998208253602,0.000824023750739075,0.000737008279129691,0.000650675223404195,0.000565614545911912,0.000484227897663305,0.000408920648624054,0.000339441159222368,0.000276422518158634,0.000220910055300976,0.000173573810386996,0.000133383313141542,0.000100257493734257,7.35848561205015e-05,5.29095648631593e-05,3.70252189397817e-05,2.52806828765769e-05,1.6758667910591e-05,1.07976973045578e-05,6.74659260377685e-06,4.14449227069079e-06,2.43898678296402e-06,1.32332271386746e-06,7.44630107475438e-07,4.47103951269744e-07,2.20768763928066e-07,7.51642475138064e-08,5.6552609289143e-08,3.77834613063463e-08,5.57247632175441e-09,1.24528291283106e-09,7.17740143097665e-09,-1.50820828903863e-09,-1.21000731587805e-09,1.30643278721441e-09,0
4.06046550733187e-10,0,4.81699905323476e-09,4.72920623928604e-09,1.34921975497953e-08,-8.29132421965449e-09,9.27090311191035e-09,1.14505174873329e-08,5.18121968012733e-09,9.16022194114626e-10,1.71743929243844e-08,5.58391036365985e-09,7.752033134749e-09,1.59653618894597e-08,9.80817005282399e-09,1.29346410860578e-08,1.83592155918534e-08,1.32681194704297e-08,2.07821566321891e-08,1.99273760871443e-08,2.18365570361412e-08,2.61726011829269e-08,2.63686670059457e-08,3.10385392670759e-08,3.34104518041921e-08,3.66898361576362e-08,4.12686923856291e-08,4.47034322052069e-08,4.99402186018692e-08,5.4637507220608e-08,6.04747279710318e-08,6.68553340719629e-08,7.34037728345946e-08,8.10840256441924e-08,8.93650446100955e-08,9.86893678195265e-08,1.08742942982198e-07,1.19575972264325e-07,1.31906735710621e-07,1.45404240201291e-07,1.60369646119775e-07,1.76443037573307e-07,1.94369163230101e-07,2.14126391247311e-07,2.35875282571468e-07,2.59656320715931e-07,2.85889816200659e-07,3.14789824517184e-07,3.46591791777878e-07,3.81418643793964e-07,4.19794609349434e-07,4.62017180829313e-07,5.08349156596741e-07,5.59203350790291e-07,6.15456910298071e-07,6.77330553546306e-07,7.45030298013609e-07,8.18950181034095e-07,9.0021659374991e-07,9.89866380755887e-07,1.08883385225452e-06,1.19727854058871e-06,1.31613529256162e-06,1.44620415574121e-06,1.58904711406356e-06,1.74580808432545e-06,1.91874329470889e-06,2.10871450689816e-06,2.31669571321535e-06,2.54304166985936e-06,2.79243655073048e-06,3.06713597435474e-06,3.3686995608073e-06,3.69751827141286e-06,4.05845157294613e-06,4.45422820406382e-06,4.88879888103105e-06,5.36444994658685e-06,5.88585985286952e-06,6.45728774267961e-06,7.08279979132921e-06,7.7647073618227e-06,8.51235815763381e-06,9.33572678185749e-06,1.02388273376182e-05,1.12210671624736e-05,1.22913622408078e-05,1.34650234088033e-05,1.47539011234285e-05,1.61633657747397e-05,1.76999365595663e-05,1.93783765519871e-05,2.12111796721151e-05,2.32117240469099e-05,2.53980824125493e-05,2.77909959079352e-05,3.03958499497923e-05,3.32306095331386e-05,3.63167450918214e-05,3.96883712895709e-05,4.33676813604698e-05,4.73789363669328e-05,5.17219932295511e-05,5.64427667891068e-05,6.15838419778e-05,6.71921540334103e-05,7.32667869605936e-05,7.98544032994564e-05,8.69825665316243e-05,9.47326039934314e-05,0.000103110242389163,0.00011218592072329,0.000122007751784104,0.000132660884962542,0.000144075770466422,0.000156414631720181,0.000169788131862883,0.000184209160738666,0.00019958758410572,0.000216146957111535,0.000233991813822847,0.000253134207898695,0.000273555139552017,0.000295389273666964,0.000318699202197134,0.000343559872973466,0.000369994548876175,0.000398090043136212,0.000427823908527452,0.000459233319753221,0.000492407765792405,0.000527333617197526,0.000563897245083013,0.000602099706436523,0.000642053072998095,0.000683588923479172,0.000726512627565966,0.000770648841333195,0.000816023518939019,0.000862283301296208,0.000909166072934653,0.000956292616481125,0.00100363516459049,0.00105049911525455,0.00109649731589159,0.00114088145612938,0.00118345775200331,0.00122337117604135,0.00126038317937059,0.00129326673178533,0.00132165447093434,0.00134429701105138,0.00136105296234674,0.00137088716516275,0.00137404522592581,0.00136899060229561,0.0013554500173939,0.00133221253648009,0.00130108653456377,0.0012617060063571,0.00121362697861611,0.00115611942058596,0.00109165836377199,0.00102136107940278,0.000945788161323079,0.000865735971966225,0.000782909886489547,0.000699625609779892,0.000617549825771317,0.000537172479116207,0.000459077751764621,0.000386088409469318,0.000320826477827214,0.000262822219321208,0.000209481073686431,0.000162666905739079,0.000124875643822382,9.52044526966122e-05,7.00719603461722e-05,4.95093645095714e-05,3.44745564825108e-05,2.39026784995369e-05,1.59976974599696e-05,1.0493883423023e-05,6.55025416563216e-06,3.62833426975354e-06,2.1548487136421e-06,1.59212543308416e-06,8.54071744343312e-07,2.08150598529197e-07,1.64450493451891e-07,2.10507374514734e-07,5.10138385246169e-08,-3.26595662937514e-08,2.86563556468373e-08,1.95667584998191e-08,-1.2886460651924e-08,1.91288358852227e-09,6.58583244798646e-09,-2.71447494213607e-09,0
3.9675789218083e-10,0,3.8272443472027e-09,-4.33946554354484e-10,1.67452690461576e-08,-5.95904290546255e-10,-1.1896879913684e-09,8.28321051374573e-09,1.70977912589536e-08,-5.02110919041319e-09,9.27809824491346e-09,1.6127326457472e-08,3.74592489875791e-09,9.70322769588299e-09,1.70847311434036e-08,8.42084405612716e-09,1.58665821330009e-08,1.67548688526459e-08,1.59961907551697e-08,2.0095559570804e-08,2.16102237914413e-08,2.28664350440175e-08,2.65832387037496e-08,2.83527941568684e-08,3.18081362409651e-08,3.52001858517626e-08,3.83242266566823e-08,4.26984731976272e-08,4.6967914556569e-08,5.19816362398892e-08,5.72356710635889e-08,6.29200700100646e-08,6.9669685844223e-08,7.69549975944954e-08,8.48616285155169e-08,9.30907188847157e-08,1.02783695975961e-07,1.13644280752938e-07,1.25301074907837e-07,1.3768060443072e-07,1.519255160731e-07,1.67667622933116e-07,1.84519590224515e-07,2.02803614576539e-07,2.23725015734092e-07,2.4703470040934e-07,2.72038345668947e-07,2.98814720274914e-07,3.28774210149825e-07,3.62615396765308e-07,3.99791173180273e-07,4.39607099697806e-07,4.83088947076762e-07,5.31757491507119e-07,5.85828983813579e-07,6.44515256769644e-07,7.08713154172204e-07,7.7990908675253e-07,8.58215705147867e-07,9.42965904129529e-07,1.03599636877304e-06,1.13979152008965e-06,1.25473618297545e-06,1.37872064928165e-06,1.51345094097116e-06,1.66320277000952e-06,1.82972362283894e-06,2.01042949444577e-06,2.20723227253653e-06,2.42372284444335e-06,2.66308282842326e-06,2.9247882868444e-06,3.21143155302252e-06,3.52557967385068e-06,3.87108031504948e-06,4.24818888105307e-06,4.66134028640948e-06,5.11543422119101e-06,5.61404035051385e-06,6.15844075312407e-06,6.75403129882287e-06,7.40701611644857e-06,8.12441936013247e-06,8.90781552320345e-06,9.76211827625281e-06,1.06998152835787e-05,1.17298553808786e-05,1.28501879231958e-05,1.40716931684089e-05,1.54178486427352e-05,1.68914018974759e-05,1.84886162685546e-05,2.02329263430558e-05,2.21514490938311e-05,2.42416321668908e-05,2.6514527440229e-05,2.89988019140124e-05,3.1718212263101e-05,3.46728490670253e-05,3.78793984741092e-05,4.13689848745424e-05,4.52040861339622e-05,4.93934143410056e-05,5.39145855923685e-05,5.87713312993802e-05,6.40844584213306e-05,6.99237325570433e-05,7.62766353644918e-05,8.30633639217027e-05,9.03849441665595e-05,9.83864622427459e-05,0.000107130580097055,0.000116505187804973,0.000126622098655665,0.000137554390133909,0.000149357622786101,0.000162065415116482,0.000175855772397704,0.000190618701609384,0.000206395397814067,0.000223391696251711,0.000241731851400753,0.000261259538155948,0.000282053526655125,0.000304307717820742,0.000328131743538468,0.000353412477339041,0.000380176790101967,0.00040855058081504,0.000438621218432698,0.000470313289928017,0.000503595601088224,0.000538558245353133,0.000575196868465269,0.000613376707019552,0.000652914488869825,0.000693855394405804,0.000736129132237452,0.000779616196420614,0.000823845305495279,0.000868607837975423,0.000913611610803966,0.000958834828935322,0.00100364802026174,0.00104769709931455,0.00109017423658862,0.00113087997369469,0.00116915682705171,0.00120476321170545,0.0012361907675035,0.00126305747732416,0.00128481655238455,0.00130155725175751,0.00131127981760167,0.00131366062107076,0.0013085460643481,0.00129663764866898,0.00127529768052913,0.00124494986716466,0.00120667703082728,0.00116146144388753,0.00110751847306335,0.00104583415348066,0.000977894494893218,0.000905694386196042,0.000830201651630929,0.000751129761107147,0.000670542500740739,0.00059211282066428,0.000515437917831804,0.00044003726680504,0.000370545043460701,0.000308844451436508,0.000252360171415789,0.000200190831762373,0.000156102482813995,0.00012073545536697,9.13848630437899e-05,6.65154302797318e-05,4.74081818599812e-05,3.32343005872314e-05,2.275845212876e-05,1.52229087703707e-05,9.69850602130566e-06,5.62449312339649e-06,3.52920353799358e-06,2.50198015521732e-06,1.24135322614339e-06,3.95801377722597e-07,3.69048083319887e-07,3.03967847913581e-07,4.55403481062915e-08,2.24764799531203e-08,4.37811185613879e-08,-2.62104211136057e-11,1.99015571886869e-09,8.55842811908303e-09,-5.98330201120243e-09,5.02289868495659e-10,2.83516504377386e-09,0
3.87681719555385e-10,0,6.21858148060794e-09,4.72116815608338e-10,7.59419427694008e-09,7.67013593344427e-10,7.96177283167917e-09,3.1657705476337e-09,7.59276309645618e-09,5.19856529211656e-09,8.78604082286989e-09,6.46108526232798e-09,1.06106172126386e-08,8.33500007688781e-09,1.22325634470611e-08,1.11682152158899e-08,1.39182400419591e-08,1.46208805169822e-08,1.62325141630904e-08,1.83857000787929e-08,1.95451824138929e-08,2.24565828287082e-08,2.39802971926585e-08,2.71012011850384e-08,2.95334926993326e-08,3.26817559658617e-08,3.62142088098853e-08,3.95576860803498e-08,4.41555660634743e-08,4.80479627856425e-08,5.36240837860889e-08,5.8466519177117e-08,6.5011140428248e-08,7.11715124694611e-08,7.88185042306292e-08,8.66035228821387e-08,9.56064699106063e-08,1.0527698878819e-07,1.16015071290838e-07,1.27901465018775e-07,1.40873462633251e-07,1.55346348529402e-07,1.71090317968592e-07,1.88626696735503e-07,2.07781025145088e-07,2.29005233610633e-07,2.52298449790169e-07,2.77961506416952e-07,3.06248633607909e-07,3.37325790877203e-07,3.71628509168441e-07,4.09226132310016e-07,4.50737687652034e-07,4.96228692545687e-07,5.4642842036722e-07,6.014806654637e-07,6.6222492363138e-07,7.2886245975312e-07,8.02267018222794e-07,8.82822422768152e-07,9.71504869315809e-07,1.068812317086e-06,1.17585059349011e-06,1.29320229915176e-06,1.42217047095585e-06,1.56357136852684e-06,1.71905875136502e-06,1.88958730304165e-06,2.07710100417559e-06,2.28252900694216e-06,2.50839313787689e-06,2.75580472693692e-06,3.02785569854892e-06,3.32572213067611e-06,3.65261401217626e-06,4.01073445237863e-06,4.40371862031355e-06,4.83406110809882e-06,5.30616801304113e-06,5.82291802599801e-06,6.38935635744384e-06,7.00956218693355e-06,7.68948491789669e-06,8.43374733821714e-06,9.24841831575291e-06,1.01395253046365e-05,1.1114847536913e-05,1.21819381146583e-05,1.33487929404847e-05,1.46243799922071e-05,1.60185137225375e-05,1.75427380975616e-05,1.92079764757313e-05,2.10275120526929e-05,2.30122370774366e-05,2.51787171016267e-05,2.75410059266397e-05,3.01197731940983e-05,3.29289332606895e-05,3.59936243922227e-05,3.93297693297002e-05,4.29663267074491e-05,4.69190425595866e-05,5.12242401881713e-05,5.5899818447127e-05,6.09891052424749e-05,6.65069723762952e-05,7.25014862455623e-05,7.89899647984975e-05,8.60383741795342e-05,9.36629378498699e-05,0.00010193273173818,0.000110858604908603,0.000120529362095513,0.00013095071175287,0.000142222944855622,0.000154348178601657,0.000167429552800373,0.000181483387351337,0.000196603438269231,0.000212815693169541,0.000230212739406775,0.000248820142266271,0.000268726974144268,0.000289958531018677,0.00031259858500355,0.000336674028338742,0.000362248919654694,0.000389341845915293,0.000417991487855009,0.00044820500369524,0.000479991607061672,0.000513354669871739,0.000548243574962333,0.000584628458189195,0.000622416279897139,0.000661556346030331,0.000701845546108627,0.000743197468652119,0.000785334809564128,0.000828141529005705,0.000871189012665079,0.000914289021208782,0.000956900344653473,0.000998829213720709,0.00103937575301977,0.0010783053553197,0.00111473799747204,0.00114837162454079,0.00117823700465397,0.00120413580271461,0.00122488672864774,0.00124031789296671,0.00124933089655718,0.0012519949299067,0.0012471355975112,0.00123498874416103,0.00121451207718786,0.00118645643892038,0.00114998253898619,0.00110593748803739,0.00105430366898364,0.000996129841464269,0.000931996222450591,0.000863028345722525,0.000790308504384252,0.000715301696064491,0.000639376060969665,0.000563924851202409,0.000490473364412221,0.000420205876829029,0.000354465880962746,0.000293942641638433,0.000239590407315101,0.000191561868554448,0.000150306342850292,0.000115400884950682,8.6808445309478e-05,6.37468362526006e-05,4.58021926898392e-05,3.2035855372517e-05,2.18839852492726e-05,1.45188366883205e-05,9.39188029877171e-06,5.8831846661868e-06,3.57307194968315e-06,2.10562868478862e-06,1.20269679560851e-06,6.7691391065892e-07,3.60866077442753e-07,1.93046488959811e-07,9.56889422310722e-08,4.92579140794965e-08,2.15934249788857e-08,1.17081699154172e-08,3.81367152998653e-09,2.38027508740662e-09,5.67464571568867e-10,3.36457744563173e-10,3.14217709656129e-10,0
3.78813172061413e-10,0,6.06503636161175e-09,4.62341764628367e-10,7.06066256305889e-09,1.00420606805905e-09,7.7723210894522e-09,2.50995288982698e-09,7.97076752120489e-09,4.52118483807053e-09,8.45108984098999e-09,6.5833884785879e-09,9.40039975239843e-09,8.76993815308902e-09,1.08669449463699e-08,1.11351379062948e-08,1.29054287991612e-08,1.38090997465824e-08,1.55438452118067e-08,1.69331966665744e-08,1.88450729378827e-08,2.06613177636315e-08,2.29030391079857e-08,2.51627152780151e-08,2.78563972397977e-08,3.06219796617224e-08,3.38765333097757e-08,3.72532074304868e-08,4.11964702280002e-08,4.53114173450032e-08,5.0077096978351e-08,5.50940176798655e-08,6.08631218994613e-08,6.69840979005823e-08,7.39593164487387e-08,8.14137416591801e-08,8.98506115067116e-08,9.8933476687606e-08,1.09138142629878e-07,1.20167735241124e-07,1.32510806939629e-07,1.45944930726989e-07,1.60911311224693e-07,1.77193962694142e-07,1.95252744474933e-07,2.15024811854423e-07,2.36973069065547e-07,2.60980743467474e-07,2.87473940387261e-07,3.16510157727058e-07,3.48624658383088e-07,3.8387717379285e-07,4.22744188656121e-07,4.65367363323794e-07,5.12369520934782e-07,5.63982664114e-07,6.20856957612836e-07,6.83301860161834e-07,7.5209939494325e-07,8.2753187038112e-07,9.10528025081886e-07,1.00171410805427e-06,1.10216297644062e-06,1.21211036017514e-06,1.33301598525117e-06,1.46593904245437e-06,1.61220101110369e-06,1.77190226985588e-06,1.94768512975922e-06,2.14122164954981e-06,2.35393195707374e-06,2.58567830668666e-06,2.8410264720046e-06,3.12215423829943e-06,3.42997819853227e-06,3.76547276403886e-06,4.1354395017465e-06,4.54301380969167e-06,4.98837317378189e-06,5.47357569366402e-06,6.00753114254337e-06,6.59511854706858e-06,7.23769681163225e-06,7.93809564234701e-06,8.70586224919232e-06,9.54914975015617e-06,1.04726070684878e-05,1.14807044911978e-05,1.25831834641723e-05,1.37906596594968e-05,1.51095687240966e-05,1.654852537688e-05,1.81224553119691e-05,1.98487968086137e-05,2.173275277094e-05,2.3784346473428e-05,2.60217760758803e-05,2.84659378253499e-05,3.11225205175752e-05,3.40265569961872e-05,3.72142177734791e-05,4.06926783083543e-05,4.44308918008518e-05,4.84733878667307e-05,5.29031172601748e-05,5.77874532026759e-05,6.30863736755855e-05,6.87858697791596e-05,7.49043863651492e-05,8.15536559667778e-05,8.88134501573871e-05,9.67737274892028e-05,0.00010535004758778,0.000114502381620029,0.000124290382679795,0.000134996654164563,0.000146671014444571,0.000159253425060203,0.000172600404939288,0.000186846448883617,0.00020223656238228,0.000218959715160613,0.000236835553861575,0.000255728781742912,0.000275804764493572,0.000297466633293885,0.000320659250434912,0.000344977898726537,0.000370493872799555,0.000397856269943076,0.000426991333830828,0.000457301060759338,0.000488984765761187,0.000522349206153187,0.000556971384068755,0.000592808991573787,0.00063040782093059,0.000669230390481361,0.00070848899754455,0.000748237873359822,0.000789102118880539,0.000830721231293487,0.000872203503891947,0.000912509642999998,0.000952102623660247,0.000991077258261143,0.00102871466595871,0.00106360180880875,0.00109567169970708,0.00112415163713258,0.00114898939680836,0.0011690962211947,0.00118392527142806,0.00119265077431957,0.00119562770540712,0.00119102164467095,0.00117907617102623,0.00115978126225327,0.00113369191014239,0.00109904757260581,0.00105646755954693,0.00100671139018074,0.00095157023215457,0.000891001730861983,0.000824960108691924,0.000754914056716026,0.00068326792408893,0.000611094694991721,0.000539068774956965,0.000468730495937128,0.000401579908646655,0.000338878375146371,0.000281086718517893,0.000229152451907892,0.000183263366011723,0.00014385501412206,0.000110569110082953,8.32270252839328e-05,6.10916497333342e-05,4.39654454261766e-05,3.08384004007075e-05,2.10377658730357e-05,1.39480808453985e-05,9.09049928040625e-06,5.70696397296855e-06,3.4227148140777e-06,2.02959755721584e-06,1.19027235117572e-06,6.55459129610464e-07,3.39440317658396e-07,1.89898831732131e-07,9.52357217356507e-08,4.64471974576738e-08,2.05010215630717e-08,1.09945022306966e-08,4.31778845991088e-09,1.90843618247724e-09,2.45113535849908e-10,5.9898815804907e-10,-6.12893841499416e-11,0
3.70147500098284e-10,0,6.02880491817827e-09,1.07337872401178e-09,6.82760760696307e-09,-6.01190942445893e-11,9.70174191563751e-09,1.14176725971932e-09,8.2023456799651e-09,5.20937770259764e-09,7.67406558030591e-09,7.14726763245652e-09,9.3043463127349e-09,8.73601846606619e-09,1.11509715929247e-08,1.10226746443459e-08,1.31814779594749e-08,1.38324511559193e-08,1.57569857069254e-08,1.71038537943633e-08,1.90406641701048e-08,2.09737065039074e-08,2.31271780219896e-08,2.55951656064737e-08,2.8156941378195e-08,3.1164436645545e-08,3.43055497683219e-08,3.79107179711282e-08,4.17711838360638e-08,4.61009232790821e-08,5.08357639230796e-08,5.60273397043388e-08,6.17849393695795e-08,6.80764312991835e-08,7.5102058804005e-08,8.27128578473009e-08,9.11930152120593e-08,1.00413547223986e-07,1.1070914486537e-07,1.21880616877788e-07,1.34286968387495e-07,1.47827057428918e-07,1.62881452188686e-07,1.7931528553574e-07,1.97477549417409e-07,2.173268764183e-07,2.39272746884286e-07,2.63308854775146e-07,2.89834483418203e-07,3.1891261844501e-07,3.50953215445088e-07,3.86068876112931e-07,4.24759237791689e-07,4.67201364245201e-07,5.13899190073427e-07,5.65127738982369e-07,6.21535191479095e-07,6.83370459375444e-07,7.51311014513296e-07,8.25812199346684e-07,9.07805378457829e-07,9.97706113122465e-07,1.09656373980012e-06,1.2048950746979e-06,1.32387136103435e-06,1.4541857490651e-06,1.59769032196631e-06,1.75493915260047e-06,1.92738831068857e-06,2.11616456547329e-06,2.32414390380434e-06,2.55167750299469e-06,2.80127963697103e-06,3.07457451149162e-06,3.37488118729889e-06,3.70364016061887e-06,4.06403009958674e-06,4.45845739469555e-06,4.89122439025411e-06,5.36502198664227e-06,5.88397150571921e-06,6.45194355251205e-06,7.07441696273971e-06,7.75526137147927e-06,8.49974809857973e-06,9.31380503199515e-06,1.02054835559598e-05,1.11817131369846e-05,1.22486486007371e-05,1.34143876946267e-05,1.46894646473261e-05,1.60835801638461e-05,1.76030045302223e-05,1.92614029180732e-05,2.107520285479e-05,2.30591975666069e-05,2.52183067345187e-05,2.75708075029884e-05,3.01388642865829e-05,3.29469748579228e-05,3.59969320039464e-05,3.93099499561897e-05,4.29153268208417e-05,4.68570436923786e-05,5.11352176708088e-05,5.57721867621981e-05,6.07987463246614e-05,6.62829889511552e-05,7.22264746033263e-05,7.86617736207255e-05,8.56069193124791e-05,9.3147056275003e-05,0.000101299122646582,0.000110135044516382,0.000119650398535132,0.000129929617288001,0.000140980611283646,0.000152917395803465,0.000165758971788175,0.000179579431829487,0.000194388630687662,0.000210240697583206,0.000227164728002588,0.000245337702126939,0.000264816572074229,0.000285511600742019,0.000307354255809686,0.000330588918459269,0.000355379815073567,0.000381654964142571,0.000409262886791692,0.000438149164728878,0.000468404414966446,0.000500234566254054,0.000533662039987786,0.000568239736552851,0.000603750991045125,0.000640353252798996,0.000678152329448807,0.000716676649668424,0.000755781707372347,0.000795123524354079,0.000834338597593043,0.000873073690398789,0.000911503564939185,0.000948665986091452,0.000984049018380489,0.00101733604663976,0.00104831021902964,0.00107550208311924,0.00109898273128195,0.00111828754135076,0.00113268466667433,0.00114057307228314,0.00114307491917599,0.00113976264966909,0.00112902512839132,0.00110898199148702,0.00108289136086384,0.00105156748081225,0.00101278056979677,0.000964019749274335,0.000909292770626163,0.000852539328354993,0.000791687328456028,0.000723721342244602,0.000653342665731681,0.000585651882960929,0.000518346545319887,0.00045000911209455,0.000385012933536874,0.000325886934458616,0.000270707122463737,0.000220344305493672,0.000176627265107695,0.00013925414258881,0.000106855571276562,8.02024255922963e-05,5.91561055645833e-05,4.28703371170968e-05,3.01503622069224e-05,2.05011679397993e-05,1.34393478612604e-05,8.79537385907e-06,5.74216047039804e-06,3.4598305131467e-06,1.89069268305485e-06,1.11394783292264e-06,7.0580093545507e-07,3.46447997763716e-07,1.5406588736116e-07,9.33437799033955e-08,5.29253096008193e-08,1.73073097236447e-08,9.54335030006849e-09,3.82071925535482e-09,1.73646192362779e-09,4.08548405097759e-10,3.98135147848844e-10,1.4585331201778e-11,0
3.61680062716502e-10,0,1.21963374394507e-08,8.61564421458299e-09,-1.4182949331592e-08,-5.28368576149198e-09,4.03805785444221e-08,-1.06444382811922e-08,-1.54205100238613e-08,3.09009917978277e-08,7.37706508386749e-09,-1.22760650497702e-08,2.36429051368705e-08,8.90154992605415e-09,7.17354970994721e-10,1.88442173538947e-08,1.07181544024043e-08,1.00170422703467e-08,1.90339143187146e-08,1.36421840350182e-08,1.85351516608953e-08,2.06596101964913e-08,2.08707598012635e-08,2.48455145580019e-08,2.62963151608167e-08,2.96744554070522e-08,3.2744430335444e-08,3.54782217543749e-08,3.92454137104146e-08,4.39749360260222e-08,4.86998971075299e-08,5.2865930211202e-08,5.75868651412563e-08,6.46836423623029e-08,7.20662209064999e-08,7.84922391589406e-08,8.54218162296913e-08,9.50686162921387e-08,1.06082586855762e-07,1.16017920499274e-07,1.26479397952801e-07,1.39819895005309e-07,1.55444796747945e-07,1.70831904881017e-07,1.87039467441807e-07,2.06187458219799e-07,2.28201366476986e-07,2.50799949020473e-07,2.74929135206382e-07,3.02843564003249e-07,3.34416748385341e-07,3.68068581862721e-07,4.04855302132398e-07,4.4500264748271e-07,4.88381829577477e-07,5.37519876544765e-07,5.94151234213478e-07,6.53831104387147e-07,7.15272773280511e-07,7.85103166281319e-07,8.6660960499383e-07,9.5421815735735e-07,1.04744543594345e-06,1.15043059253726e-06,1.26300180671524e-06,1.38658274574874e-06,1.5281680091966e-06,1.68186862631534e-06,1.84044380461079e-06,2.0171184904767e-06,2.22388570543864e-06,2.44568951207962e-06,2.67849469738576e-06,2.93733436956656e-06,3.22812879708762e-06,3.54506543428519e-06,3.88960695248037e-06,4.2667122025738e-06,4.68386676827751e-06,5.13890307379197e-06,5.62942050740606e-06,6.16927857042794e-06,6.77429736699211e-06,7.43782365860054e-06,8.14930327428169e-06,8.9176404659889e-06,9.76783397895113e-06,1.07101319298083e-05,1.17394727738226e-05,1.28615139946151e-05,1.40828976869244e-05,1.54043481869678e-05,1.68544433507597e-05,1.84706355242437e-05,2.02264553116793e-05,2.20935162523349e-05,2.41299210966783e-05,2.64090660104553e-05,2.8904110532872e-05,3.15853859394478e-05,3.4481254696975e-05,3.76454426498141e-05,4.1109115452742e-05,4.49006158034227e-05,4.89779242780986e-05,5.3364671413449e-05,5.81824265231095e-05,6.35150046026467e-05,6.92215365090996e-05,7.52573295007238e-05,8.18335047272273e-05,8.92118955708351e-05,9.71221935484056e-05,0.000105315405729202,0.000114251171377785,0.000124441419274841,0.000135211649132039,0.000146228504318858,0.00015829707301547,0.000171804738793931,0.000186101980491101,0.000201137523686116,0.0002173378315872,0.000234747527839512,0.0002531933386044,0.000272884859635305,0.000293962165637221,0.00031634346547504,0.000339997025715313,0.000364996827145797,0.000391254262851955,0.00041882481582523,0.000447915418990414,0.000478455757190345,0.000510288932988886,0.000543287297147955,0.000577338197066149,0.00061228794470256,0.000648175298479595,0.000684866454971089,0.000722416211873977,0.000760218533981956,0.00079766132907125,0.000834609174663451,0.000871209463071569,0.000906369399721118,0.000940186906376398,0.00097251282734837,0.00100212418775037,0.00102761570416664,0.00104995638108871,0.00106842975219528,0.00108216652811371,0.00109015784663705,0.00109264234686334,0.0010883678985104,0.00107729782731848,0.00105931161106912,0.00103595107884796,0.00100478028066623,0.000965201309626257,0.000919592978330072,0.000869879897466235,0.000814473456208705,0.000753783454516472,0.000689965096523194,0.000625115411756223,0.000559524778601431,0.00049297242538748,0.000427831527332606,0.000366952811706667,0.000310968472577722,0.000258424107711751,0.000209520337390212,0.000166605787714977,0.000131633784906662,0.000102157737939185,7.64487819717593e-05,5.54881334799836e-05,3.99844685955688e-05,2.81514952269855e-05,1.93783508496335e-05,1.30085604598096e-05,8.01618766816303e-06,4.68128292003637e-06,3.25976326062623e-06,2.16399478666037e-06,8.92141349245883e-07,3.93501103656272e-07,3.82034104744446e-07,2.04169586356624e-07,4.24658754414047e-08,2.60875108214693e-08,1.49140067380315e-08,1.65352700273445e-08,3.05117664577349e-09,-6.9386525763885e-09,5.33724460607979e-09,2.89865125748895e-09,-3.62450183666373e-09,0
3.53406325132221e-10,0,1.44433459631113e-08,6.66916197988626e-10,-1.95010684744964e-08,1.09278332597321e-08,3.90294500432202e-08,-2.94317696380557e-08,-3.12853402515968e-09,3.90069572468615e-08,-9.46593167003443e-09,-6.77550826734076e-09,3.04887499867058e-08,-1.6148686309293e-09,3.92655342805668e-09,2.13490987486946e-08,4.85582029724881e-09,1.25853468201762e-08,1.79377803704352e-08,1.13438608156318e-08,1.92699080261479e-08,1.86546974508978e-08,1.99023291431199e-08,2.38327972122068e-08,2.46582566739703e-08,2.8537494765839e-08,3.09064495028703e-08,3.34545892659712e-08,3.7490765190384e-08,4.19943052925312e-08,4.62185111892915e-08,4.96896938201597e-08,5.48300871166039e-08,6.20923115235527e-08,6.860065453201e-08,7.4024276586129e-08,8.10254339724769e-08,9.10657673604708e-08,1.01141829321493e-07,1.09801472112877e-07,1.20082371380124e-07,1.33698593752674e-07,1.48283404839456e-07,1.62042018415139e-07,1.77665000926371e-07,1.96940045127403e-07,2.17918718547038e-07,2.38407614123901e-07,2.61071967089526e-07,2.88621321895411e-07,3.1938801638403e-07,3.51066835769137e-07,3.85353164510017e-07,4.23230861810024e-07,4.65212810947601e-07,5.1359124122139e-07,5.67668871386752e-07,6.22141590355002e-07,6.79674694082496e-07,7.49123253954897e-07,8.29059993350921e-07,9.10521496165864e-07,9.96732899392972e-07,1.09513206834878e-06,1.20456373146932e-06,1.32494526407228e-06,1.46026324007864e-06,1.60282669826596e-06,1.75161593110654e-06,1.92443571710765e-06,2.12529500812473e-06,2.33386602217841e-06,2.55289752445585e-06,2.80146542509898e-06,3.08166724869413e-06,3.38380638868473e-06,3.70982810576874e-06,4.07059254408967e-06,4.47243504616676e-06,4.90371295044265e-06,5.36614654087812e-06,5.88646294101984e-06,6.47484465109827e-06,7.10581943998305e-06,7.76832049433224e-06,8.49655713860218e-06,9.32473509055537e-06,1.02349229549596e-05,1.1208214829058e-05,1.22719352515272e-05,1.34402728954376e-05,1.47017275271519e-05,1.60860743587351e-05,1.76322568732529e-05,1.93063068952297e-05,2.10867550443437e-05,2.30382304668967e-05,2.52149936979175e-05,2.75838879029189e-05,3.01397349843044e-05,3.29173251804886e-05,3.59512325070797e-05,3.92581743474809e-05,4.28514823738748e-05,4.67138242841035e-05,5.0929340752687e-05,5.55860111336048e-05,6.06677083113375e-05,6.60587211301137e-05,7.18121527413538e-05,7.81374506467549e-05,8.51934198003377e-05,9.26741539108678e-05,0.000100486140120872,0.000109154962866758,0.000118899475653055,0.000128975921299927,0.000139461259155902,0.0001511933757948,0.000164137627952666,0.000177671047182456,0.000191997886102827,0.000207453993689825,0.000224038231104671,0.00024171286131421,0.00026061226099591,0.000280723531113963,0.000302010583386466,0.00032455407020327,0.000348427189943425,0.00037350655520529,0.00039986976362995,0.000427708434682925,0.000456863169806724,0.000487176868649087,0.000518651730375239,0.000551196913892119,0.000584538029812125,0.000618759206155137,0.000653898673526578,0.000689846067187026,0.00072583753062656,0.000761559529535411,0.000796901570618325,0.000831660097168122,0.000865162178350967,0.000897849467312121,0.000928788570819362,0.000956570364482751,0.000980841467882525,0.00100258612028684,0.00102026368451689,0.00103312139471242,0.00104071021678703,0.00104318378463442,0.00103908914332292,0.00102840362583777,0.00101134671683274,0.000989253522412893,0.000959175816783298,0.000921099378784869,0.000877975641677581,0.00083066913450813,0.000777285709233122,0.000719241632019089,0.000658770731678152,0.000597071174427109,0.000534067705022233,0.000470111715949753,0.000407986710202603,0.000350263256320523,0.000297190910395906,0.000246795254008408,0.000199361323177238,0.000158424577176627,0.000125858283083216,9.77859064840255e-05,7.25937013682206e-05,5.25220064970582e-05,3.81170358784328e-05,2.69193188977023e-05,1.85092625024027e-05,1.23413440430678e-05,7.35879332863112e-06,4.29607469997028e-06,3.29633661373258e-06,2.15253883158734e-06,6.67894892089724e-07,3.0609890265833e-07,4.4254698313303e-07,1.9986652105187e-07,5.23493910588042e-09,2.24057463008404e-08,2.29444020026029e-08,1.80597018324222e-08,-3.00600793345683e-09,-6.9031255970661e-09,9.71795731923852e-09,2.69184574733658e-10,-5.13650728207545e-09,0
3.45321856298613e-10,0,5.46585364493286e-09,2.24887352723432e-09,4.98684644798465e-09,-1.86807610837941e-09,1.2384625315861e-08,-1.35785413650252e-09,6.81597467338997e-09,6.56866173341373e-09,4.74764077361062e-09,7.78430397385045e-09,7.11011747872582e-09,8.18090328434325e-09,9.64635266947953e-09,9.29446927327266e-09,1.18761933951542e-08,1.15174259848167e-08,1.40111048115267e-08,1.43844070738497e-08,1.66689054095395e-08,1.7796953070115e-08,2.00235729440618e-08,2.18870538374941e-08,2.41703910922212e-08,2.67519885789789e-08,2.93187747190084e-08,3.25395196043179e-08,3.55865570821991e-08,3.95632457062667e-08,4.33794379267531e-08,4.80775226897821e-08,5.27324651312684e-08,5.83843674344807e-08,6.42384571905052e-08,7.09277063005971e-08,7.79942329395208e-08,8.60543483954157e-08,9.48685229943098e-08,1.0456867660653e-07,1.15139557172709e-07,1.26813357447873e-07,1.39795965376067e-07,1.53945618690807e-07,1.69561229904706e-07,1.86616200703377e-07,2.05570688955025e-07,2.26205701627624e-07,2.49004478289815e-07,2.73979383773747e-07,3.0170484241565e-07,3.31967530882608e-07,3.65341007378211e-07,4.01892346484437e-07,4.42230371497455e-07,4.8643643380379e-07,5.35198500538232e-07,5.88490691015494e-07,6.46978830682206e-07,7.11193819201728e-07,7.82079370747269e-07,8.59613741666446e-07,9.44706105292938e-07,1.03816667862605e-06,1.14124066811254e-06,1.25417093707026e-06,1.37831325874804e-06,1.51412246518713e-06,1.66279119359898e-06,1.82555823338819e-06,2.00530786669946e-06,2.20210617570648e-06,2.41784859972111e-06,2.65400399941303e-06,2.91384846345928e-06,3.19872662415754e-06,3.5107771120973e-06,3.85203920625483e-06,4.22668194187834e-06,4.6369331716324e-06,5.08614849027302e-06,5.57796959211763e-06,6.11775843016127e-06,6.70881563673436e-06,7.35467854188641e-06,8.06033416449196e-06,8.83408035587338e-06,9.68230187290385e-06,1.06097343479142e-05,1.16225295736592e-05,1.27283526350573e-05,1.39359735051104e-05,1.52548176592529e-05,1.66981428188784e-05,1.82748181297827e-05,1.99948989787177e-05,2.18692852838572e-05,2.39170948372761e-05,2.61485766794631e-05,2.85811622762413e-05,3.12269344307309e-05,3.41087959752001e-05,3.72414216328878e-05,4.06570590368254e-05,4.43685923430655e-05,4.84083575421632e-05,5.27908824434977e-05,5.75565355318944e-05,6.2714281895391e-05,6.8305795401927e-05,7.4344426458982e-05,8.09047054624789e-05,8.79967993496661e-05,9.56651461084363e-05,0.000103920038898112,0.000112872897053027,0.000122508592383615,0.000132878206625967,0.000144017609703354,0.000156027342772969,0.000168908464520397,0.000182709156047103,0.000197457537526041,0.000213244462860673,0.000230096172623189,0.000248072347390535,0.000267187543844705,0.000287481940638807,0.000308968057828484,0.000331697371491312,0.000355681001297345,0.000380905347870251,0.000407370219028765,0.00043505319132608,0.000463928853536791,0.000493905188202551,0.00052493734077778,0.000556876345685472,0.000589674291601675,0.000623124208367042,0.000657123909848697,0.000691301336387598,0.000725490295313289,0.000759286714961208,0.000792557590353319,0.00082473114627376,0.00085563127020722,0.000884596379614916,0.000911345501273085,0.000935052608521293,0.000955607861846187,0.000972114985257902,0.000984431092212676,0.000991667417466861,0.000993807653230208,0.000989917093377506,0.000980257034024507,0.000963985792172775,0.000941666181858721,0.00091265537626,0.000877609670295208,0.000836494112442777,0.000790181570204886,0.00073914922873067,0.000684257875980086,0.000626377819894493,0.000566748928277874,0.000506429906481127,0.000446452992945215,0.00038812011362095,0.000332387311464208,0.000280252833633046,0.000232285387448465,0.000189256462541317,0.000151261150568275,0.000118633694669716,9.10537361359061e-05,6.84869996987708e-05,5.028511773054e-05,3.61219321003518e-05,2.52651786009138e-05,1.72622422912327e-05,1.14538254189782e-05,7.40783332217301e-06,4.64088677942247e-06,2.8181432888139e-06,1.65925769159174e-06,9.48561246981841e-07,5.3381721925923e-07,2.83058664643274e-07,1.49935716321002e-07,7.47585592897751e-08,3.83083335884832e-08,1.67915486940935e-08,8.59074508287162e-09,3.01327490057415e-09,1.73448223188766e-09,2.35096666675171e-10,2.83714243825684e-10,-5.73386738784442e-11,0
3.37422326532797e-10,0,-2.1939286524808e-09,2.71269482855607e-08,1.9943319598251e-08,-5.3302172746042e-08,9.41754919395778e-09,6.4350812096274e-08,-2.64080371749164e-08,-3.88942775699475e-08,6.19526706636599e-08,6.14591123709137e-09,-3.65845965417708e-08,3.98180811077986e-08,1.49805234774149e-08,-1.72046834935136e-08,2.87777509091298e-08,1.17852460736986e-08,2.12070200445347e-09,2.31235431568097e-08,1.34722296521565e-08,1.39185526995708e-08,2.29755814393728e-08,1.88357958253246e-08,2.29197951705485e-08,2.60705293329275e-08,2.71408331010453e-08,3.19162189970732e-08,3.36825498735772e-08,3.69442401645266e-08,4.18272848896674e-08,4.62687966256185e-08,5.01444806178734e-08,5.47699492563265e-08,6.11755298679719e-08,6.85580192053753e-08,7.47975753858432e-08,8.11112977774685e-08,8.96545216606725e-08,1.00242370281288e-07,1.10536115079649e-07,1.20497248217941e-07,1.3257413482948e-07,1.46846653950168e-07,1.61773997851689e-07,1.77433385151931e-07,1.95598883631213e-07,2.15907867307658e-07,2.37351948614179e-07,2.60361211781952e-07,2.87025907844788e-07,3.17074460187205e-07,3.48762716982072e-07,3.82019329537306e-07,4.19448555002664e-07,4.6272946889422e-07,5.11786444519189e-07,5.63317363746033e-07,6.15498504234524e-07,6.73549181788721e-07,7.43576988348982e-07,8.21474788890873e-07,9.02440287813345e-07,9.8985478632561e-07,1.08716128512986e-06,1.19242669134698e-06,1.31021178852205e-06,1.44564938076904e-06,1.59088205547917e-06,1.73789844547253e-06,1.90275433965463e-06,2.09908078054148e-06,2.31355779952071e-06,2.53177176193883e-06,2.77042791476912e-06,3.04714925509121e-06,3.35286342571039e-06,3.67237877713904e-06,4.02210793089878e-06,4.42455878579486e-06,4.86433683924111e-06,5.31835398266248e-06,5.81528808940053e-06,6.39222459153513e-06,7.03181960504327e-06,7.70165749835653e-06,8.4208796048628e-06,9.22550759581718e-06,1.01155856831033e-05,1.10846872198813e-05,1.21492981481822e-05,1.33111498418621e-05,1.45537106514848e-05,1.59080431592795e-05,1.74270826544756e-05,1.90981829874498e-05,2.08797532572368e-05,2.28134899615989e-05,2.4945576513271e-05,2.72661192367244e-05,2.97872899150966e-05,3.25589949791381e-05,3.5555222566491e-05,3.8792470821055e-05,4.23504680568159e-05,4.62405510060414e-05,5.03796590911389e-05,5.48585873332515e-05,5.98430538584039e-05,6.53064125818043e-05,7.09926019962668e-05,7.70590287137096e-05,8.39511949741254e-05,9.15495523401685e-05,9.92349099717916e-05,0.000107431157732358,0.000116907948047154,0.000127222100159466,0.000137577631340353,0.000148614133289967,0.000161062805677842,0.000174590916220109,0.000188716772971688,0.000203615397294801,0.000219536105153654,0.000236661704372028,0.000255089250213997,0.000274694036733456,0.000295097075514148,0.000316447408391304,0.000339394055877508,0.000363868175613095,0.000389156466809209,0.000415292579407283,0.000442754461815709,0.000471402210687111,0.000501188449417417,0.000532018521677717,0.000563289784605638,0.000594717522176066,0.000627035241057214,0.000660023696552545,0.000692848875314792,0.00072504422045845,0.000756734477605456,0.000787204817354057,0.00081652906047606,0.000844682391404919,0.00087057854846291,0.000892343098785499,0.000911479501143375,0.000928460829309258,0.000940568680865779,0.000945817946707903,0.000947612611127452,0.000945778172521798,0.000936818798195864,0.000919341667164134,0.000897418143548872,0.000871354184956513,0.000838704031162529,0.000798174593945178,0.000753134894342934,0.00070535125929404,0.000653666097499568,0.000597459414426466,0.00053977572669328,0.000483441018225597,0.000426912080055997,0.000369795655148149,0.000316236279762964,0.000267736343394352,0.000221967625349863,0.000180163399552375,0.000144070507267446,0.000113379974131944,8.70353689444455e-05,6.51897584437975e-05,4.77859573227411e-05,3.45873170755978e-05,2.42912858196203e-05,1.64022636885317e-05,1.07406235183266e-05,7.01417559014827e-06,4.59967789447052e-06,2.85342412801697e-06,1.47622285279088e-06,7.47193541438524e-07,5.91860353858752e-07,3.94758739241557e-07,8.79164412788699e-08,4.67152228469073e-09,7.7937704788611e-08,3.2301876110585e-08,-2.27132509534916e-08,9.00558856217815e-09,1.15698636631794e-08,-1.25947869143559e-08,1.33462804086163e-09,5.52486575744191e-09,0
3.2970350519705e-10,0,4.78702054443962e-09,1.29548626905103e-09,5.24483361280442e-09,-7.4522164839247e-10,9.15191146450357e-09,-1.64711673832001e-10,6.4343328003227e-09,5.43763657896577e-09,4.43102503686233e-09,6.85819419137289e-09,6.98861954131663e-09,6.72605738881577e-09,9.21154179198419e-09,8.25769180719317e-09,1.07846534908994e-08,1.05161120005736e-08,1.26509574822934e-08,1.32143303998636e-08,1.49966346575805e-08,1.63649867102028e-08,1.80735473782944e-08,2.00395878179359e-08,2.19466990347071e-08,2.43987311610702e-08,2.6689984102903e-08,2.96356800477975e-08,3.24744178384015e-08,3.60030894787168e-08,3.95618493196154e-08,4.37558734946607e-08,4.81615449448124e-08,5.3146072624805e-08,5.85464206939035e-08,6.45299213277366e-08,7.11403864070844e-08,7.83811699264287e-08,8.64431192389048e-08,9.52073388606454e-08,1.04938769360958e-07,1.1549665364896e-07,1.27264290654365e-07,1.40074391882268e-07,1.54324030764525e-07,1.69846569925862e-07,1.87060873943484e-07,2.05873610474406e-07,2.26704242678933e-07,2.49458456349038e-07,2.74584449862408e-07,3.02081820150148e-07,3.32439026601095e-07,3.65743247423632e-07,4.02455648507381e-07,4.42670754482724e-07,4.86927433100605e-07,5.35464465445958e-07,5.88986471778644e-07,6.47675614941596e-07,7.12055331668241e-07,7.82501908292051e-07,8.60049011543655e-07,9.45232779329834e-07,1.03913600142478e-06,1.14213420550135e-06,1.25524177227966e-06,1.37887052272208e-06,1.51455809122279e-06,1.66307519732202e-06,1.82646738153431e-06,2.0054771160579e-06,2.20233182820305e-06,2.41791615047488e-06,2.65481488598577e-06,2.91423377894114e-06,3.19856937820843e-06,3.50966034586638e-06,3.85079148429416e-06,4.22447849878458e-06,4.63434200063391e-06,5.08316519524135e-06,5.57518981794267e-06,6.11353078086629e-06,6.70257265014116e-06,7.34698222834803e-06,8.05245909472035e-06,8.82449873180651e-06,9.66908268804636e-06,1.05923993277014e-05,1.16011607330129e-05,1.27038260533539e-05,1.39084044413708e-05,1.52250740576962e-05,1.6662154671056e-05,1.8230862159695e-05,1.99406332378393e-05,2.18071270580844e-05,2.38406699301268e-05,2.6058951066525e-05,2.84732662103976e-05,3.11044316780093e-05,3.39646087264508e-05,3.70816655416606e-05,4.04675584922892e-05,4.41517541578991e-05,4.81453603303358e-05,5.24852033403758e-05,5.71847604960821e-05,6.22886907248635e-05,6.78063544347082e-05,7.37913824833124e-05,8.02532958278748e-05,8.7252927507795e-05,9.47935959071279e-05,0.000102954356847653,0.000111737086510733,0.00012120708628417,0.000131379033889438,0.000142328769042594,0.000154068698827113,0.000166659053715796,0.000180122895232321,0.000194533307484042,0.000209913289732542,0.000226314944069167,0.000243750610694678,0.000262265810726491,0.000281873758016402,0.000302613497173572,0.000324496833157923,0.00034751446105869,0.000371663330953491,0.000396924055631985,0.00042327658817438,0.000450641784232483,0.000478984284975119,0.00050816169019643,0.000538117264290728,0.000568649669170368,0.000599662944509087,0.000630846558805541,0.000662078538839199,0.000692968017477378,0.000723373043192362,0.000752790089866365,0.000781043209678791,0.000807500696435819,0.000831954586442847,0.000853681391784231,0.000872531592596904,0.000887675722100371,0.000899000143695359,0.000905696710181536,0.000907771575342286,0.000904355920176684,0.00089567151742319,0.000880965333286294,0.000860723007418089,0.000834373384958907,0.000802549785528665,0.00076518079087353,0.000723012006206091,0.000676508098190693,0.000626523099503931,0.000573833346619211,0.000519465172504912,0.000464397826784127,0.000409654449100948,0.000356368380709517,0.0003053901286622,0.000257696448098496,0.000213783643793534,0.000174328781546039,0.00013946223495529,0.00010949859618,8.41324427406444e-05,6.33449229083906e-05,4.65608839194136e-05,3.34864038576114e-05,2.34501216708769e-05,1.60378748421256e-05,1.06527173267751e-05,6.89568375688897e-06,4.32209987993179e-06,2.62841843680308e-06,1.55096188707123e-06,8.85143194812926e-07,4.95672654284763e-07,2.6408459966764e-07,1.4110739980999e-07,6.98012224113574e-08,3.53208885272235e-08,1.58887063481974e-08,8.34672339907306e-09,2.79100774605656e-09,1.63577543996328e-09,3.10690016097238e-10,2.61209413830328e-10,-4.56514204974597e-11,0
3.22161258433075e-10,0,5.97917898816949e-09,4.57126318207725e-09,4.10640397344099e-10,-5.26540739595225e-09,1.72347010441355e-08,8.24661400634507e-10,-1.39582364336075e-09,7.31890626493351e-09,9.37690790024036e-09,2.58557978275808e-09,5.20110629141315e-09,1.05020190571402e-08,6.65716831012655e-09,7.55109846799906e-09,1.16496705628286e-08,9.36295687852305e-09,1.21600728197089e-08,1.28982663870664e-08,1.42860006975514e-08,1.55779069282778e-08,1.75367760602587e-08,1.90450297673934e-08,2.10236734440539e-08,2.33783210795763e-08,2.55747591306152e-08,2.84477816523943e-08,3.08869829240648e-08,3.44983578571027e-08,3.7920387622256e-08,4.2000674043149e-08,4.58053959063427e-08,5.07995484286598e-08,5.61371390792248e-08,6.19833965352592e-08,6.7828599064774e-08,7.48025313366992e-08,8.27847906030584e-08,9.13564295488939e-08,1.0027881408309e-07,1.10285533062624e-07,1.21804921790064e-07,1.34257059469675e-07,1.47661042139758e-07,1.62407789614237e-07,1.79094315171592e-07,1.9712478210046e-07,2.16787679494773e-07,2.38489150251388e-07,2.62804250304514e-07,2.89151688104369e-07,3.18076058239475e-07,3.4987350044943e-07,3.84956473000954e-07,4.23406529513305e-07,4.66119430233012e-07,5.12570687814389e-07,5.62975263245499e-07,6.18696669145641e-07,6.81080904016695e-07,7.48854358819655e-07,8.22409741309117e-07,9.03553368601896e-07,9.93449727788454e-07,1.09161563898494e-06,1.20006107159656e-06,1.31906748737103e-06,1.44777831893344e-06,1.58804548496023e-06,1.74543299165811e-06,1.91869303048254e-06,2.1058693688044e-06,2.30948865486223e-06,2.53604870367348e-06,2.78576207997142e-06,3.05706588102919e-06,3.35228218620267e-06,3.67890138373223e-06,4.03841849632339e-06,4.42893917904259e-06,4.85379231269638e-06,5.32356526444185e-06,5.84173636877091e-06,6.40521682411149e-06,7.01676218437279e-06,7.68890848604561e-06,8.42849247498416e-06,9.23606428375402e-06,1.01184335671451e-05,1.1084120487539e-05,1.2134328387658e-05,1.32766954820768e-05,1.45348827414829e-05,1.59167702930698e-05,1.7414804972089e-05,1.9038161372626e-05,2.08201367125277e-05,2.27697023890178e-05,2.48891526529679e-05,2.71894937305471e-05,2.9697625828578e-05,3.24267679638828e-05,3.54040419941195e-05,3.86370247081336e-05,4.21484834716264e-05,4.59569045213379e-05,5.01126518022664e-05,5.46209088671036e-05,5.94863081397813e-05,6.47151927365794e-05,7.04292573209593e-05,7.66485300304586e-05,8.33234105450072e-05,9.04578205404145e-05,9.82689214911223e-05,0.000106727590672026,0.000115736495477052,0.00012536676865059,0.000135846647227836,0.000147130893968552,0.000159145507955096,0.000171944321144249,0.000185683928502152,0.000200382969224444,0.000216058499986677,0.000232711253105744,0.000250371097939848,0.000269061316010702,0.000288862307028201,0.000309783544570856,0.000331765481184489,0.000354796330576482,0.000378891636829303,0.000404042509653359,0.000430169948368901,0.000457239358082996,0.000485079250919319,0.000513611564010651,0.000542717450403922,0.000572369870802364,0.000602189505121005,0.000631981855281112,0.000661442670543098,0.000690448136134782,0.000718437587621137,0.000745353819386095,0.000770717298355923,0.000794105543275759,0.000814688971593526,0.000832604333800224,0.000847140625874834,0.000857924692541875,0.000864204629621626,0.000866199558471224,0.000862982655682722,0.000854562694297687,0.000840354820308904,0.000821088573622275,0.00079607766334591,0.00076558900767782,0.000729681971171496,0.000689449402053749,0.000645251066518329,0.00059749660879931,0.000546971014411734,0.000495110220103622,0.000442767497924595,0.00039045957369266,0.000339480367245302,0.000290988371043473,0.000245606333919489,0.000203635128347053,0.000166004326231407,0.000132864222708315,0.000104322398118846,8.0118639353982e-05,6.03333510142541e-05,4.43800230805451e-05,3.19278390779248e-05,2.23587398961334e-05,1.53003027976907e-05,1.01740393784555e-05,6.60116634954752e-06,4.15211476101851e-06,2.52002559371803e-06,1.47630186127362e-06,8.5396787887386e-07,4.94836550793929e-07,2.58332880126605e-07,1.27202032938573e-07,6.75083614919478e-08,4.03121143665496e-08,1.51885188137508e-08,6.08501110597994e-09,3.75032012606202e-09,1.71708859746441e-09,-2.99765800320596e-10,5.96740720746373e-10,5.98718673989567e-11,0
3.14791546948076e-10,0,4.43194650861243e-09,1.26405942249465e-09,4.72181543074161e-09,-7.99537628933985e-10,8.77066637538166e-09,-5.05479643517063e-10,6.14651560228795e-09,4.86227089532279e-09,4.05791552952995e-09,6.54333703564491e-09,5.98371292660013e-09,6.56935449908426e-09,8.23518225318918e-09,7.60852448765762e-09,9.91330696447198e-09,9.59508740087014e-09,1.16208057331103e-08,1.20350176840286e-08,1.38072583299291e-08,1.49025529899872e-08,1.65858892005867e-08,1.83235890127777e-08,2.00503101746907e-08,2.23604814517541e-08,2.43542178115488e-08,2.71603860908218e-08,2.96362891104161e-08,3.29792483829616e-08,3.61267497379828e-08,4.00570136150263e-08,4.39837099244388e-08,4.86319289734069e-08,5.35067202570148e-08,5.90408283251766e-08,6.50234428451623e-08,7.16963657463668e-08,7.90442704245726e-08,8.70887946414121e-08,9.59545641193173e-08,1.05630389019725e-07,1.1639632254993e-07,1.28133041135659e-07,1.41163599680907e-07,1.55358857179609e-07,1.71106634319458e-07,1.88292944889263e-07,2.07330002429645e-07,2.28130797972389e-07,2.51128527131272e-07,2.76256219364199e-07,3.04015140354543e-07,3.34441347426133e-07,3.68002755481594e-07,4.04744781393577e-07,4.45211349064518e-07,4.89524282666178e-07,5.38348036381632e-07,5.91875097849342e-07,6.5068930514764e-07,7.15017143384801e-07,7.85828501254587e-07,8.63603191973916e-07,9.49323750107019e-07,1.04324953043438e-06,1.14640810179151e-06,1.25916241821754e-06,1.38288213872404e-06,1.51834362306238e-06,1.66753062304368e-06,1.83086753148304e-06,2.01032510256866e-06,2.2067994287879e-06,2.42271244453179e-06,2.65920938458584e-06,2.91847952085449e-06,3.20213400811427e-06,3.51327090430103e-06,3.85401992150977e-06,4.22756617406755e-06,4.63658531040762e-06,5.0850813041993e-06,5.57591309777153e-06,6.11295228172033e-06,6.700350748107e-06,7.34360111725393e-06,8.0477029732746e-06,8.81782147915994e-06,9.65963425417552e-06,1.05792578051598e-05,1.15840507937578e-05,1.26816375981484e-05,1.38819803608848e-05,1.51923701599161e-05,1.66222857367454e-05,1.81807002137797e-05,1.98825336701796e-05,2.17366829399348e-05,2.37586119196391e-05,2.59586674003011e-05,2.83559699250763e-05,3.09619103535455e-05,3.3801898633952e-05,3.68869454971854e-05,4.02451562587782e-05,4.38871062907815e-05,4.78449074562711e-05,5.21294443102992e-05,5.6780421291284e-05,6.18069931686767e-05,6.72615639335486e-05,7.3153642369496e-05,7.95343944745188e-05,8.64067254175881e-05,9.38462437407054e-05,0.00010185244434513,0.000110483372015972,0.000119756307093349,0.000129739957287835,0.000140442788812481,0.000151919086691178,0.000164190605512101,0.000177326115066529,0.000191346398189588,0.000206297299271809,0.000222189182365998,0.00023906380205986,0.000256936311650944,0.000275842682480734,0.000295791162886607,0.000316774048024014,0.000338788195833795,0.000361813787865931,0.000385833948293681,0.000410776247047167,0.000436606516291081,0.000463197988164573,0.000490501630096349,0.000518334491102829,0.000546612027216814,0.000575048063534746,0.000603522320634223,0.00063167600981098,0.000659383429119751,0.000686191916136044,0.000711948927749184,0.000736077744836878,0.0007583754047962,0.000778177780078778,0.000795363322604469,0.000809180775729236,0.000819515258061907,0.000825628386044346,0.000827530936166864,0.000824432330955333,0.000816530686597151,0.000803136993432024,0.000784702650261074,0.000760704604936385,0.000731708024769247,0.000697657847059971,0.000659237886441132,0.000616863994378207,0.000571316720116698,0.000523297871225188,0.000473745437443443,0.000423557453885832,0.000373658860894014,0.000325088785912777,0.000278621757208786,0.000235136184793717,0.00019508717055417,0.000159101465122484,0.000127300502717251,9.99677357177958e-05,7.68214535850702e-05,5.7845808543813e-05,4.25238330543802e-05,3.0587460739338e-05,2.14216070084195e-05,1.46509478915165e-05,9.73017138434748e-06,6.29499822576176e-06,3.94422085962572e-06,2.39943691155483e-06,1.41474063361952e-06,8.04768454482557e-07,4.49485522748491e-07,2.39525611690751e-07,1.27733470479031e-07,6.26583574303316e-08,3.16685815936699e-08,1.42771399099162e-08,7.41018000218504e-09,2.50332480366722e-09,1.48702468419624e-09,2.1726611875969e-10,2.2556282037979e-10,-4.35904060963608e-11,0
3.07590423851502e-10,0,4.27564240052279e-09,1.18483179948019e-09,4.22398254268075e-09,-5.51743068553032e-10,8.53320062536169e-09,-1.13509538038003e-09,6.50389452091781e-09,4.15633894225214e-09,3.89140841006017e-09,6.39582599653568e-09,5.30336048946996e-09,6.52537863251428e-09,7.50987706243224e-09,7.3645523900861e-09,9.22537084445058e-09,9.13399681856871e-09,1.09331849623251e-08,1.13662913706153e-08,1.30680636339194e-08,1.40319584936304e-08,1.57456100045649e-08,1.72490482361194e-08,1.90415492153763e-08,2.10742439861922e-08,2.3110215065934e-08,2.56461189617695e-08,2.81097350677527e-08,3.11967292304214e-08,3.42581616737009e-08,3.79468599560054e-08,4.17205463325789e-08,4.6108750546171e-08,5.074875941343e-08,5.60168423844952e-08,6.17169774319627e-08,6.80794432140591e-08,7.50505202076663e-08,8.27270258694132e-08,9.11438243888294e-08,1.00368483329663e-07,1.10578189125508e-07,1.21771523411837e-07,1.34156405131037e-07,1.47699620547543e-07,1.62678124783372e-07,1.79091258468676e-07,1.97228825800179e-07,2.17057029264478e-07,2.38920115809373e-07,2.62857438532811e-07,2.89297343588253e-07,3.18313323168838e-07,3.50286373703964e-07,3.85301445998097e-07,4.23835931920314e-07,4.66085803760306e-07,5.12680223855939e-07,5.63733197335354e-07,6.19719078726037e-07,6.81005548276054e-07,7.48560208239632e-07,8.22815164266792e-07,9.04651212149616e-07,9.94314839830596e-07,1.0927083125731e-06,1.20022272812801e-06,1.31826243221517e-06,1.44754537886677e-06,1.5898501254687e-06,1.74574062631425e-06,1.91710875775692e-06,2.10473197493224e-06,2.31089042955921e-06,2.53660593720175e-06,2.78396032819225e-06,3.05459503628915e-06,3.35144418987593e-06,3.6767035921804e-06,4.03342262104238e-06,4.42402667607719e-06,4.85220042866907e-06,5.32062188439415e-06,5.83317351270555e-06,6.39392962268257e-06,7.00785761384268e-06,7.67972459561232e-06,8.41467694091138e-06,9.21815861683273e-06,1.00960528071707e-05,1.10555410920863e-05,1.21037193445124e-05,1.32497308401058e-05,1.45004388442518e-05,1.58650688534404e-05,1.73522505510202e-05,1.89761352762174e-05,2.07454034357149e-05,2.26752364239574e-05,2.47755401139661e-05,2.70643683193777e-05,2.95526142985049e-05,3.22646005542325e-05,3.52106152803777e-05,3.84167340750726e-05,4.18921381738151e-05,4.56680007643128e-05,4.97566569478299e-05,5.41971652027447e-05,5.8997390045747e-05,6.42050311668362e-05,6.98289946898406e-05,7.59206230388491e-05,8.24822207303539e-05,8.95840153461762e-05,9.72268913037811e-05,0.000105467560520739,0.000114321235527286,0.000123851967794332,0.00013406754603236,0.000145021739567506,0.000156738010302929,0.000169282510835195,0.000182671705847824,0.0001969451491305,0.000212114685546324,0.000228224733917574,0.000245289007437925,0.000263339462583768,0.000282383405817858,0.000302413286897337,0.000323428342553514,0.000345411159981405,0.000368344244359783,0.000392159022306518,0.00041682405425839,0.00044221705441015,0.000468288838631416,0.000494860371910991,0.00052184743276841,0.000548983844029792,0.000576166193384553,0.000603051419021062,0.000629512300590589,0.000655113065981774,0.000679704553117794,0.000702736459067089,0.000724024795641049,0.000742934515983747,0.00075933698184654,0.000772518235307979,0.000782376958080058,0.00078820546072327,0.000790011110722061,0.000787037626239226,0.000779473605259251,0.000766664347948205,0.00074904498237403,0.000726114097876921,0.000698406793100246,0.000665871722204407,0.000629169677543213,0.000588701268278629,0.00054520934069461,0.000499364745219906,0.000452054440695448,0.000404134553205379,0.000356502989594062,0.000310145540248413,0.000265796246878058,0.000224302860190424,0.000186091068611735,0.000151756138950073,0.000121418957728648,9.53443509196322e-05,7.32643466420909e-05,5.51654972316796e-05,4.05519683134299e-05,2.91682999630327e-05,2.04259140798843e-05,1.39678780355296e-05,9.27603386182239e-06,6.00170860956653e-06,3.75974688043775e-06,2.28540832893704e-06,1.3470682686542e-06,7.66839797730781e-07,4.28289410131785e-07,2.27473663363727e-07,1.21085871566466e-07,5.96076782450285e-08,3.01629422877972e-08,1.3501949740402e-08,6.98124596265928e-09,2.3877572486189e-09,1.38620880567578e-09,2.23580425893068e-10,2.00786549896684e-10,-3.29708337673509e-11,0
3.00554032541263e-10,0,4.0568304692372e-09,1.28860995232796e-09,4.13661753394608e-09,-7.83293663433606e-10,8.32798274950095e-09,-8.61551357218595e-10,5.83703972673596e-09,4.48791978424909e-09,3.38769817954857e-09,6.38285588248011e-09,5.09452250762161e-09,6.18869927871046e-09,7.44440150710292e-09,6.86771442593826e-09,9.1399431202081e-09,8.57396595806854e-09,1.07145329531322e-08,1.08213149020259e-08,1.26300743952146e-08,1.34753175963331e-08,1.51031225187921e-08,1.65925539151847e-08,1.82178995758678e-08,2.02569333574257e-08,2.20913031285032e-08,2.46273265910478e-08,2.68587165696026e-08,2.99096978446934e-08,3.27234601903191e-08,3.63368004485747e-08,3.98578766147151e-08,4.4109827158797e-08,4.84716289877577e-08,5.35460015296285e-08,5.89415565506292e-08,6.50184010177039e-08,7.16245589152106e-08,7.89573791477751e-08,8.69907999763972e-08,9.5795848448687e-08,1.05529374096542e-07,1.16189258850124e-07,1.27998755681e-07,1.40891517513925e-07,1.55187963739723e-07,1.70836311260891e-07,1.88153175356916e-07,2.07017363645547e-07,2.27837646333945e-07,2.50609719964403e-07,2.75834298324649e-07,3.03484384247347e-07,3.33986846908657e-07,3.67380507094817e-07,4.04190559667215e-07,4.44488199385422e-07,4.8893094235839e-07,5.37591767119235e-07,5.91007790611085e-07,6.49460368521358e-07,7.13890379787272e-07,7.84703167007196e-07,8.62841324240354e-07,9.4845364054779e-07,1.04240320466882e-06,1.14507035270265e-06,1.25785763361491e-06,1.38131725911021e-06,1.51711028914191e-06,1.66589567420604e-06,1.82958556881084e-06,2.00874022178969e-06,2.20551837438406e-06,2.42098942257129e-06,2.65716429960159e-06,2.91554495614873e-06,3.19891650449487e-06,3.50945438460018e-06,3.85023959301129e-06,4.22339502376247e-06,4.63220564770842e-06,5.07929028527194e-06,5.56856485257115e-06,6.10389156034695e-06,6.68984605517772e-06,7.33105058405746e-06,8.03267595043991e-06,8.79991084535028e-06,9.63846764616805e-06,1.05552593826369e-05,1.15564410425318e-05,1.26503469288577e-05,1.38442841580529e-05,1.51476479183846e-05,1.65681331493981e-05,1.81188869373421e-05,1.98087150816052e-05,2.16522243169026e-05,2.36586818663633e-05,2.58452983921605e-05,2.8222078396445e-05,3.0812286650602e-05,3.36259528041863e-05,3.66873359896417e-05,4.00048442885822e-05,4.36085526920713e-05,4.75115642767212e-05,5.17529774494044e-05,5.63388167143199e-05,6.1311636223371e-05,6.66808443523048e-05,7.24980617704765e-05,7.87646096961497e-05,8.55457142776877e-05,9.28440989805782e-05,0.000100714184221871,0.000109168566005906,0.000118270290297775,0.00012802779327337,0.00013849088546249,0.000149681623932692,0.000161662599283041,0.000174448673718259,0.000188077008375898,0.00020256222595945,0.000217951626994204,0.00023425408259003,0.00025149213397463,0.000269673779596505,0.00028879841101394,0.00030886632545173,0.000329859860373856,0.00035176479367363,0.000374513975614346,0.000398073162881353,0.000422327005491562,0.000447228471186406,0.00047260273322646,0.000498371532915801,0.000524287440213389,0.000550255663530832,0.000575948181264242,0.000601236127736484,0.000625692282655406,0.000649174120797466,0.000671169911916393,0.000691517551680488,0.000709600360521992,0.000725273020940582,0.000737866588013608,0.000747301738532761,0.000752885802687257,0.000754622974431376,0.000751801890359702,0.000744600597909576,0.000732392187262838,0.000715587012220946,0.000693706136909485,0.000667270279394736,0.000636222148523212,0.000601181593128651,0.00056253271979374,0.000520983863101656,0.000477179600960797,0.000431978789700348,0.000386201653547786,0.000340691901576327,0.000296390090806005,0.000254007142730999,0.000214349394348024,0.000177828531903203,0.000145017485653257,0.000116024199723132,9.11028385919211e-05,7.00007475104662e-05,5.27043604313065e-05,3.8740559286999e-05,2.78637343479581e-05,1.95100958740936e-05,1.33385540114878e-05,8.85615324750797e-06,5.73054176087859e-06,3.59035065324224e-06,2.18091673396901e-06,1.28395048971533e-06,7.31401838581437e-07,4.09143858659378e-07,2.16955797225552e-07,1.15024654498596e-07,5.66896185813772e-08,2.87361885115619e-08,1.27124705634863e-08,6.54054822175838e-09,2.21388574650072e-09,1.30815169681859e-09,1.88391027042367e-10,2.04624982635058e-10,-5.66419673849114e-11,0
2.93678604638307e-10,0,3.90382851546804e-09,1.0849638242131e-09,3.59524201589315e-09,-3.19260032198709e-10,7.69861251811163e-09,-1.24234996760927e-09,6.17529169725239e-09,3.4002739762491e-09,3.71862039317543e-09,5.74224180008265e-09,4.60487448950522e-09,6.11487950550529e-09,6.56112991001707e-09,6.73654834403159e-09,8.30353985923774e-09,8.17602532679422e-09,9.94256343115445e-09,1.01736144424839e-08,1.18583739087734e-08,1.25965307201278e-08,1.4262776207923e-08,1.54980403523502e-08,1.7239531380478e-08,1.89611089466778e-08,2.09165244803119e-08,2.31288631593881e-08,2.54320212265007e-08,2.81717642881762e-08,3.0975883634855e-08,3.43050483437472e-08,3.77332854300503e-08,4.17145162887244e-08,4.59001208330568e-08,5.07141184726463e-08,5.58466795029436e-08,6.16204124203203e-08,6.78698473129515e-08,7.48766105430197e-08,8.24956486059263e-08,9.09270433747632e-08,1.00151032285957e-07,1.10351570399205e-07,1.21542972064823e-07,1.33867376913672e-07,1.47443562868481e-07,1.62418693331662e-07,1.78871440085987e-07,1.96871139020161e-07,2.16645454426108e-07,2.38391286677909e-07,2.62420288074313e-07,2.88813978623415e-07,3.1785133257965e-07,3.49728001338515e-07,3.84819617738201e-07,4.23251469362715e-07,4.65548165518471e-07,5.11888862771976e-07,5.62809946564813e-07,6.1861942185599e-07,6.80077408807341e-07,7.47613845433219e-07,8.220980538497e-07,9.03641762955514e-07,9.93080328916292e-07,1.09089574494756e-06,1.19843216219912e-06,1.3161673310662e-06,1.44561704910202e-06,1.58744664947655e-06,1.74346260444814e-06,1.91417972021624e-06,2.10165901090829e-06,2.30695838614639e-06,2.53206869935352e-06,2.77846470118877e-06,3.04876024250215e-06,3.34503244088828e-06,3.67018741464566e-06,4.02617018473094e-06,4.41592037338547e-06,4.84212074652044e-06,5.30878022372569e-06,5.81952226465599e-06,6.37847435132713e-06,6.99005821546458e-06,7.65926937153993e-06,8.39103994224463e-06,9.19098706524225e-06,1.00658665612436e-05,1.1021180535034e-05,1.20646107161862e-05,1.32033317826244e-05,1.44466358982865e-05,1.58018291919215e-05,1.72812875277128e-05,1.88934737127392e-05,2.06525268256229e-05,2.25672784618649e-05,2.46537863755415e-05,2.69213588401984e-05,2.93927205795491e-05,3.20776505948063e-05,3.49986883394409e-05,3.81634999280357e-05,4.16012106216726e-05,4.5325488818593e-05,4.93744733290801e-05,5.37519252939867e-05,5.84962750221576e-05,6.36186741647446e-05,6.91710497863209e-05,7.51530031913957e-05,8.16240502165862e-05,8.85871668605509e-05,9.60959509940778e-05,0.000104162949904247,0.000112849005428743,0.000122160549870917,0.000132143394323329,0.00014282143265329,0.000154256064306784,0.000166456809484473,0.000179456430606562,0.000193275125819133,0.000207962406251229,0.000223522002880925,0.000239969507363674,0.000257314257317243,0.000275563596131668,0.000294719732630292,0.000314759687682847,0.000335666898511713,0.000357377301470107,0.00037985831207674,0.000403002745866613,0.000426766638157621,0.000450977613922494,0.000475557963390029,0.000500278989350179,0.000525058112852337,0.000549580585615192,0.000573714714237001,0.000597044204245329,0.000619435830681522,0.000640416344472683,0.000659838097185196,0.000677091966801325,0.000692023555309975,0.000704015134905588,0.000713003223688649,0.000718311470847612,0.000719945603970084,0.000717239800855683,0.000710349116876806,0.000698666867533503,0.000682604186329962,0.000661705369003189,0.000636461062891118,0.000606818437157477,0.000573366464132439,0.000536476771506974,0.000496831937058356,0.000455040296810882,0.000411914263418798,0.000368245196726104,0.000324844098043796,0.000282596614317633,0.0002421816591822,0.000204370112530447,0.000169543814220994,0.000138255041894958,0.000110611231993576,8.68516060798258e-05,6.67304617297061e-05,5.02354084898174e-05,3.69222182338159e-05,2.65518439335739e-05,1.85846093427787e-05,1.27003873267886e-05,8.4285284553179e-06,5.45035995833378e-06,3.41117132207561e-06,2.06902288638949e-06,1.21598837933732e-06,6.91349711611726e-07,3.85830602908256e-07,2.03664923845354e-07,1.07456107219542e-07,5.27448116009479e-08,2.67238595413193e-08,1.16970740574067e-08,6.01090393377098e-09,2.02647627183822e-09,1.16681373253239e-09,1.68402126343945e-10,1.7040084977226e-10,-4.56231787476217e-11,0
2.86960457968443e-10,0,3.41656254714578e-09,2.63327139054755e-10,4.0305720249457e-09,4.64941522629948e-10,4.444866538717e-09,1.52127994151243e-09,4.20381875112794e-09,2.94279804959629e-09,4.52684299198937e-09,3.74043587423209e-09,5.6482378744808e-09,4.53089635222029e-09,6.74031504412717e-09,5.98245575619391e-09,7.66648899078756e-09,7.94490315442223e-09,8.85425635847091e-09,1.01026452593576e-08,1.06188198144643e-08,1.24004257410452e-08,1.30431461024533e-08,1.49843498858975e-08,1.61134316162163e-08,1.80574446872407e-08,1.98287486899229e-08,2.18165161542005e-08,2.42502309561245e-08,2.64464474608069e-08,2.9508492853859e-08,3.21300972890957e-08,3.5795243127643e-08,3.90673027004231e-08,4.33721559653384e-08,4.75031914083954e-08,5.25356812434169e-08,5.76982437051002e-08,6.36321359763009e-08,7.00332980050263e-08,7.71209851850019e-08,8.4972508087021e-08,9.35186939843933e-08,1.03073654954388e-07,1.13426552203846e-07,1.24995597112706e-07,1.37584103967956e-07,1.5158958189914e-07,1.66913387698174e-07,1.83834380189181e-07,2.02422507035373e-07,2.22843795887869e-07,2.45378334764513e-07,2.70082757238616e-07,2.97392579461141e-07,3.27281147109165e-07,3.60368319021054e-07,3.96563216402872e-07,4.36552560057976e-07,4.80262474721411e-07,5.2851522322075e-07,5.8131552239465e-07,6.39549145987168e-07,7.03265276397268e-07,7.7346010728387e-07,8.50338711120255e-07,9.35009029912835e-07,1.02772870869305e-06,1.12970089236644e-06,1.24139572811099e-06,1.36436061070652e-06,1.49897819009441e-06,1.64686910929862e-06,1.8088601600288e-06,1.98688369847862e-06,2.18203714708492e-06,2.39615394291924e-06,2.63056849581379e-06,2.88762283238901e-06,3.16909393638852e-06,3.47789049424472e-06,3.81607355117473e-06,4.1864489274087e-06,4.59167331647375e-06,5.03550368570951e-06,5.52122928833048e-06,6.05291530387583e-06,6.63473194546348e-06,7.27101678201029e-06,7.96662883128315e-06,8.72706307817383e-06,9.55856017113576e-06,1.04666930139068e-05,1.14589680917237e-05,1.25422928223945e-05,1.37257410674915e-05,1.50160529146274e-05,1.64243033039784e-05,1.79589401602866e-05,1.96337415123399e-05,2.14572529975357e-05,2.34458193458286e-05,2.56079995680701e-05,2.79631159883135e-05,3.05208119479776e-05,3.33044599465432e-05,3.63225113133493e-05,3.96020118997768e-05,4.31523376980828e-05,4.70096299393649e-05,5.11827443058482e-05,5.57094206949001e-05,6.0595232089302e-05,6.58884300620566e-05,7.15921957082432e-05,7.77629229153784e-05,8.44024827827548e-05,9.15654470143989e-05,9.92598808675439e-05,0.000107538337429898,0.000116417647248116,0.000125949058198363,0.000136143623316115,0.000147048791384173,0.00015868223518212,0.000171091799908899,0.000184288112753368,0.000198306091210162,0.000213158373471781,0.000228867214312386,0.00024543733656249,0.000262871117251458,0.000281166937115807,0.000300299730988121,0.000320254771780382,0.000340978041289899,0.000362445124292118,0.00038454967195404,0.000407244974165481,0.000430371544424179,0.000453855819086213,0.000477464990519782,0.000501107782990969,0.00052449007855005,0.00054750272092238,0.000569757880734678,0.000591124051019774,0.000611132566518608,0.000629623731168348,0.000646041798526935,0.000660268220165697,0.000671679940214084,0.000680207216302846,0.000685234604271599,0.000686778491613048,0.000684201419212916,0.000677641010933817,0.000666527966905146,0.000651272360838432,0.000631407641287161,0.000607401639602661,0.000579244651044521,0.000547482923007342,0.000512434449071882,0.00047473166165064,0.000434956487194307,0.000393897623708796,0.000352304104685282,0.000310937560919198,0.000270630180489095,0.000232040526781786,0.00019590873264098,0.000162609989454862,0.000132672286463374,0.000106192414821212,8.34191789120428e-05,6.41277465709185e-05,4.83057295569385e-05,3.55245045726719e-05,2.55639829822638e-05,1.79116013190687e-05,1.22583358993998e-05,8.14913840163422e-06,5.28256830935534e-06,3.31598464493451e-06,2.01912151091458e-06,1.1929105237408e-06,6.82964655781823e-07,3.84864739102346e-07,2.05401189949902e-07,1.10032798569793e-07,5.43989553267607e-08,2.81447440853884e-08,1.21636694129865e-08,6.81644657420058e-09,2.03537257554404e-09,1.54131071795389e-09,2.32254845869797e-10,3.17886115638754e-10,1.24631310580961e-10,0
2.8039599459033e-10,0,3.27710086033025e-09,2.46617423210072e-10,3.8503597193448e-09,4.59253944075639e-10,4.25753181369076e-09,1.43154393520266e-09,4.03024066833868e-09,2.82847692358903e-09,4.27510230716215e-09,3.60620179429296e-09,5.36837756286032e-09,4.28009829183786e-09,6.46891299416047e-09,5.6020959866774e-09,7.34580389009852e-09,7.46898061120235e-09,8.42084960811084e-09,9.53176215320821e-09,1.0041987312183e-08,1.17013217170837e-08,1.23026967097214e-08,1.41176484584356e-08,1.51803228441317e-08,1.69861130288766e-08,1.86636163458578e-08,2.05033413918174e-08,2.28087074451844e-08,2.48462993429534e-08,2.77401011519954e-08,3.01842858097123e-08,3.36448310969382e-08,3.67112374598793e-08,4.0775119811677e-08,4.46513155016988e-08,4.94027123377526e-08,5.42544276238943e-08,5.98707226019766e-08,6.58940091364808e-08,7.26079291503388e-08,7.9998074643042e-08,8.80941623764605e-08,9.70949159773914e-08,1.06908275262979e-07,1.17826437912561e-07,1.2975138904683e-07,1.42968138257233e-07,1.57469972673589e-07,1.73469416275834e-07,1.91077779258027e-07,2.10424617077377e-07,2.31770807834332e-07,2.5518332490255e-07,2.81047136673007e-07,3.09384452836672e-07,3.40693457150534e-07,3.74987801521847e-07,4.128421359854e-07,4.54308336602027e-07,5.00035522436094e-07,5.50133145197846e-07,6.05331969245858e-07,6.65834026677117e-07,7.32433739808938e-07,8.05423209809748e-07,8.85766247237576e-07,9.73831599859671e-07,1.07065399072822e-06,1.17672481025872e-06,1.29341241338523e-06,1.4211875551589e-06,1.56161434331258e-06,1.71553936989761e-06,1.88467268514598e-06,2.07010384133105e-06,2.27361578622009e-06,2.49648057397756e-06,2.74103263119459e-06,3.00889924647001e-06,3.30269815469514e-06,3.62450283242129e-06,3.97705555394689e-06,4.3628471406357e-06,4.78541269595461e-06,5.24793799718606e-06,5.75431125356773e-06,6.3083979853254e-06,6.91430014109053e-06,7.57672686593523e-06,8.30111891732379e-06,9.09354474516335e-06,9.95919911278141e-06,1.09050361790428e-05,1.19373870880035e-05,1.3064865090314e-05,1.42941206126288e-05,1.56361247640142e-05,1.70990622657564e-05,1.8695982872432e-05,2.0434634879522e-05,2.23303800705891e-05,2.43915534387343e-05,2.6636881032536e-05,2.90755953042016e-05,3.17300037030208e-05,3.46077979520304e-05,3.77347223829204e-05,4.11198973318761e-05,4.47981662827197e-05,4.87785769306689e-05,5.30966348091393e-05,5.77564348538957e-05,6.28041160317027e-05,6.82435734653036e-05,7.4130176489332e-05,8.04651675241984e-05,8.72984520792127e-05,9.46380707872717e-05,0.000102535492548387,0.000111007192347096,0.000120100885700157,0.000129825744344578,0.000140228161622797,0.000151326991167608,0.000163168950919465,0.000175762386661494,0.000189137125771469,0.000203306957941005,0.000218298588049164,0.000234114289113928,0.000250750960788997,0.000268210083411534,0.000286471107684502,0.000305518898116969,0.000325300061580622,0.000345790232031021,0.000366891634733669,0.000388562243140931,0.000410643641126649,0.000433062518817213,0.000455603323673179,0.000478182442101562,0.000500515075745616,0.000522495660046124,0.000543758387764244,0.0005641812520472,0.000583306615850264,0.000600967761235942,0.000616649011487879,0.000630262173824049,0.000641195195512594,0.000649357915032166,0.000654178103296739,0.000655680268218242,0.000653243302411081,0.000646996029588221,0.000636399146559625,0.00062185047986172,0.000602905139741985,0.000579994948026783,0.000553109530848215,0.000522789249806614,0.000489333716482566,0.000453334904770533,0.000415356871342985,0.000376156745959586,0.000336443404459698,0.000296940549690985,0.000258452227387488,0.00022160643438992,0.000187100923872694,0.000155299962934307,0.000126712237185097,0.000101425824920038,7.96782351627567e-05,6.12548505951999e-05,4.61432262417205e-05,3.39360045607798e-05,2.44217653705014e-05,1.71120184656825e-05,1.17119045167467e-05,7.78645890752843e-06,5.04767042903917e-06,3.16890395152643e-06,1.92961595304102e-06,1.14011292256003e-06,6.52801312717917e-07,3.67831823952464e-07,1.96286388242103e-07,1.05105057679282e-07,5.20041577174979e-08,2.68357446273752e-08,1.16482578380823e-08,6.44567010288115e-09,1.98617956382418e-09,1.40987516079796e-09,2.67553639615248e-10,2.64215032126764e-10,1.65318899717844e-10,0
2.73981698868583e-10,0,3.14267012032309e-09,2.24550449381322e-10,3.68468478786013e-09,4.34151523140863e-10,4.10241704979594e-09,1.31243119767886e-09,3.8722954565809e-09,2.72160510464996e-09,4.01286957100504e-09,3.48900361215575e-09,5.09981874834719e-09,4.03427658541456e-09,6.23422004193568e-09,5.24623056541534e-09,7.06220134107135e-09,7.07343346260899e-09,8.01882128451631e-09,9.10840075520206e-09,9.51401073361465e-09,1.12087243976439e-08,1.16653604510424e-08,1.35058685946044e-08,1.44372496229137e-08,1.62175280827625e-08,1.77939141470872e-08,1.95495370162458e-08,2.17731745290067e-08,2.36801514420012e-08,2.64881895261147e-08,2.87698192993936e-08,3.21196155661511e-08,3.50004184858035e-08,3.89059539878446e-08,4.25685075304007e-08,4.71038658379761e-08,5.17163063279536e-08,5.70582993236195e-08,6.28062467058268e-08,6.91767313689562e-08,7.62309701943536e-08,8.39010831670034e-08,9.24895281737964e-08,1.01798953460348e-07,1.12218617323632e-07,1.23539123129075e-07,1.36131877227897e-07,1.49917665540974e-07,1.65171297128186e-07,1.81941221547655e-07,2.00388919511259e-07,2.2074371388266e-07,2.43073165424103e-07,2.67757881437092e-07,2.94798864764819e-07,3.24691530943917e-07,3.57422932169619e-07,3.93598233479623e-07,4.33238707285805e-07,4.77003211279406e-07,5.24946559880221e-07,5.77811008401759e-07,6.35768663516936e-07,6.99597907013991e-07,7.69541082794549e-07,8.46561034592737e-07,9.31015770434042e-07,1.02388253791018e-06,1.12563009042055e-06,1.23763400664904e-06,1.36034276101395e-06,1.49517020017598e-06,1.64285471866096e-06,1.80506525567769e-06,1.98289325534298e-06,2.17806688725628e-06,2.39194401084756e-06,2.6267925225684e-06,2.88394202245107e-06,3.16571046401841e-06,3.47426247881024e-06,3.81256172027496e-06,4.18290354809561e-06,4.58840035519877e-06,5.03216267433628e-06,5.51788729546604e-06,6.049192815743e-06,6.63011634218139e-06,7.2651825017657e-06,7.95958464169819e-06,8.71927300450582e-06,9.54927884029743e-06,1.04559705334347e-05,1.14451877174617e-05,1.25252524589803e-05,1.37028344566286e-05,1.49885074988213e-05,1.63897049454749e-05,1.79185676958014e-05,1.95824760161067e-05,2.13961260012421e-05,2.33677264636324e-05,2.55151855598523e-05,2.78472311235102e-05,3.03852373350041e-05,3.31364500914514e-05,3.61250599879643e-05,3.93594853303326e-05,4.28728369359985e-05,4.66740872947382e-05,5.07976021828736e-05,5.52474399709863e-05,6.00668738746132e-05,6.52607082291039e-05,7.08816911541373e-05,7.69288359046279e-05,8.34518843730191e-05,9.04597989844898e-05,9.79995799485735e-05,0.000106086324957601,0.000114765032642308,0.000124044747657609,0.000133971098708259,0.000144561285326171,0.000155858173508158,0.000167870432350026,0.000180628055714151,0.000194142859069759,0.000208439363486995,0.000223518077314019,0.000239374914183077,0.000256013221415548,0.000273416639349607,0.000291571507218552,0.000310422683672634,0.000329942033997885,0.000350035640913708,0.000370662022888559,0.00039167696458837,0.000413019161167798,0.000434475699446406,0.000455955445336878,0.0004771886970592,0.000498073649254314,0.000518265445607285,0.000537660337537196,0.000555809951484136,0.000572536702774415,0.000587366883865692,0.0006002276169084,0.000610515887794019,0.000618140068645913,0.000622570233930439,0.000623837695436736,0.000621351901604834,0.000615230941476556,0.000604949514885779,0.000590896109412701,0.000572655992237613,0.000550648085514515,0.000524855511234122,0.000495800778737658,0.00046378462409283,0.000429369657047411,0.000393095282174424,0.000355696420396583,0.000317846089644208,0.000280233561473231,0.000243629809798903,0.000208632138517638,0.00017589955908444,0.000145774178493823,0.0001187364263123,9.48614262020767e-05,7.43703408999639e-05,5.7046938029863e-05,4.28706792647078e-05,3.14473930449395e-05,2.25692206759858e-05,1.57660475118165e-05,1.07574388036733e-05,7.12856015934586e-06,4.60694796907677e-06,2.88281951244418e-06,1.7491374389229e-06,1.02998734140144e-06,5.88269637893548e-07,3.31718817844894e-07,1.77005219016953e-07,9.50818846206468e-08,4.71094054835534e-08,2.45326950026202e-08,1.06267823567025e-08,6.02028772391125e-09,1.83141342255986e-09,1.34060056587024e-09,2.69040107152063e-10,2.54128328995565e-10,1.96047300563911e-10,0
2.67714135590949e-10,0,2.97919364593436e-09,1.89169641518491e-10,3.57285564742063e-09,4.65267977742215e-10,3.74636075030603e-09,1.38500003337372e-09,3.82234878007905e-09,2.25015121055943e-09,4.2144019853651e-09,3.17973735698102e-09,4.69107453232598e-09,4.2895130014463e-09,5.3780733188856e-09,5.48991014170818e-09,6.35914279506826e-09,6.82584252018015e-09,7.65758426813867e-09,8.36868412587527e-09,9.29320702145493e-09,1.0208681942609e-08,1.13032131898433e-08,1.24323101449328e-08,1.37578134940591e-08,1.51291879230228e-08,1.67424237092673e-08,1.84079372082806e-08,2.03705335311193e-08,2.23934464954588e-08,2.47739560839499e-08,2.7239797337895e-08,3.01228692654274e-08,3.3127309674926e-08,3.66096718852392e-08,4.02740091483781e-08,4.44877692226933e-08,4.8957823612944e-08,5.40435244553977e-08,5.94753112010913e-08,6.56205398018251e-08,7.22416441979228e-08,7.96817149152787e-08,8.77208178906368e-08,9.67001047539766e-08,1.0646342880005e-07,1.17357055163925e-07,1.2923379108258e-07,1.42395356340277e-07,1.56751939452992e-07,1.72675949151838e-07,1.90142424198692e-07,2.09466389831185e-07,2.30600916868835e-07,2.53918100809307e-07,2.79507101846125e-07,3.07787092700305e-07,3.3882035117388e-07,3.73012282197076e-07,4.10468697468671e-07,4.51748818750184e-07,4.97152126246333e-07,5.47184276844893e-07,6.0179946596621e-07,6.6184992924853e-07,7.28126548981252e-07,8.01243617900235e-07,8.80743442151999e-07,9.67921756644948e-07,1.06426743913619e-06,1.17073933496744e-06,1.28636591468715e-06,1.41295902815807e-06,1.55274923089776e-06,1.7069135596898e-06,1.87447544589585e-06,2.05789624936289e-06,2.26038137153332e-06,2.48327609932807e-06,2.72603003336649e-06,2.99115942621495e-06,3.28229681976968e-06,3.60314040119992e-06,3.95472086409765e-06,4.33766176294642e-06,4.75552086616537e-06,5.21551514628103e-06,5.72103028266948e-06,6.27158773650327e-06,6.8715080651964e-06,7.53027389905691e-06,8.25289894968176e-06,9.03855839293781e-06,9.89410517638752e-06,1.08313346298575e-05,1.18587945107484e-05,1.29786164043531e-05,1.41994205987397e-05,1.55272382492496e-05,1.69723184199777e-05,1.85465561201208e-05,2.0273718219445e-05,2.21602142393334e-05,2.42039820794096e-05,2.64029356035138e-05,2.87996094325106e-05,3.14236271439188e-05,3.42881177642214e-05,3.73765902178121e-05,4.07098373120088e-05,4.43154434286867e-05,4.82551818125247e-05,5.25139558985725e-05,5.70942693672122e-05,6.20296125022088e-05,6.74112394244453e-05,7.31918876367815e-05,7.93839810676198e-05,8.60807567976866e-05,9.33541599550226e-05,0.000101067091227049,0.000109231218175631,0.000118078053015141,0.000127694356935293,0.000137821475164748,0.00014847706178736,0.000160018664954803,0.000172425798475139,0.000185206606786449,0.000198524757359718,0.000213075384265519,0.000228626654142121,0.000244415560300576,0.000260757928915907,0.000278241104686074,0.000296367409063465,0.000314855907315884,0.000334148646097767,0.000354145044932366,0.000374190472590209,0.000394404212347041,0.000414933223031402,0.00043560065695684,0.000456069481052039,0.000476180026354944,0.000495467711977699,0.000514009758692607,0.000531535600086941,0.000547660392437446,0.000561940467034139,0.000574510286544134,0.000584539162830683,0.000591770741679379,0.00059612542483188,0.000597692040346881,0.000595443136474059,0.000589703056643686,0.000580228173985521,0.000566665005246275,0.000548781496712327,0.000528192867334522,0.000504292285228049,0.000476209977929221,0.000444921784433088,0.000412125248452572,0.000377904016185913,0.000342078790454952,0.000305451765210259,0.000269367398159951,0.000234483142640853,0.000200946396840939,0.000169502589542734,0.000140540110188216,0.000114497616518069,9.16245487170549e-05,7.19781963826119e-05,5.52016175369065e-05,4.15114707824722e-05,3.05490658254114e-05,2.19493134662667e-05,1.53375904480072e-05,1.04892238440882e-05,6.94111609583308e-06,4.47881296796615e-06,2.83876949855442e-06,1.72848230361107e-06,9.8635700618901e-07,5.65210664751653e-07,3.34894742123024e-07,1.71446563923327e-07,8.63379436016707e-08,4.65671159390054e-08,2.31595177114698e-08,1.024830894162e-08,5.70677266131669e-09,1.06448838481628e-09,1.43280765387851e-09,3.55951921216367e-10,-2.41061474195114e-10,1.16888398897163e-10,0
2.61589948128566e-10,0,2.84767387831375e-09,1.76614770573874e-10,3.46270770932911e-09,4.31846049294431e-10,3.56020812052434e-09,1.33383725662049e-09,3.68272766193424e-09,2.13058637221943e-09,4.02303848280657e-09,3.03692766804845e-09,4.49305679559917e-09,4.07092794906954e-09,5.1442647908411e-09,5.22168154713139e-09,6.07231607727544e-09,6.48722380603885e-09,7.30822189470498e-09,7.95246053306009e-09,8.86205917273855e-09,9.69785101237332e-09,1.07721704116996e-08,1.18111530279538e-08,1.31013323165751e-08,1.43760801587482e-08,1.59326386397966e-08,1.74953426308562e-08,1.93783340217677e-08,2.12873883825882e-08,2.35594871891133e-08,2.58974587526365e-08,2.86427567752464e-08,3.15018238592095e-08,3.48154339778272e-08,3.83115007346088e-08,4.23087643361274e-08,4.65681989620505e-08,5.1407545647076e-08,5.66156127720136e-08,6.24553682356766e-08,6.87599814449031e-08,7.58201143975461e-08,8.35234403021195e-08,9.21015191093638e-08,1.0144174914778e-07,1.11765676146438e-07,1.23063511834563e-07,1.35623523654889e-07,1.49428207081726e-07,1.64619438206167e-07,1.81207698590495e-07,1.9953269971064e-07,2.19756833557256e-07,2.42106295308513e-07,2.66568356450185e-07,2.93405986402352e-07,3.22912477671891e-07,3.55583851459416e-07,3.91548055092556e-07,4.30978989624114e-07,4.73965252319229e-07,5.21387853403907e-07,5.74104047950834e-07,6.32210053459417e-07,6.94764730030233e-07,7.63166057076786e-07,8.39840125064857e-07,9.2498644779145e-07,1.01624558714409e-06,1.11569292479345e-06,1.22708599465808e-06,1.3504098676746e-06,1.48231437821635e-06,1.62655954808393e-06,1.78877012375288e-06,1.96763362219334e-06,2.15879324086654e-06,2.36711021434425e-06,2.59974916406803e-06,2.85784683646311e-06,3.13791240033258e-06,3.4394841922145e-06,3.76885525173731e-06,4.13769959248539e-06,4.54660827718164e-06,4.98521862493126e-06,5.45760404766571e-06,5.98332859671349e-06,6.56394913422511e-06,7.18761503796455e-06,7.86831317774224e-06,8.62954449980575e-06,9.46239466046532e-06,1.03486925115747e-05,1.13107075537659e-05,1.2378198577371e-05,1.35522057942697e-05,1.48250631384187e-05,1.62156051889646e-05,1.77334619135038e-05,1.93698970878022e-05,2.112491687797e-05,2.30573363627559e-05,2.52077856658354e-05,2.75564944987779e-05,3.00575056431677e-05,3.27302089698292e-05,3.56178887601259e-05,3.88158957726903e-05,4.23452385557327e-05,4.61245393975756e-05,5.01111575135966e-05,5.44772752288118e-05,5.92598144085563e-05,6.43792724154102e-05,6.986919101322e-05,7.58663997296888e-05,8.21974861588917e-05,8.88664326717077e-05,9.63266723866413e-05,0.000104633106627495,0.000113017018871227,0.000121488734572903,0.00013122110980953,0.00014229383819207,0.000153053091813341,0.000163548730646179,0.000176167771855224,0.000190746208605003,0.000204225777850934,0.00021709611519196,0.000232552299433668,0.000249592923929933,0.000265749417024147,0.000282588484042859,0.00030127146007062,0.000319597784328813,0.00033735588107422,0.000356483201434574,0.000376895869852304,0.00039717334492016,0.000416763328832064,0.00043524567297333,0.000453694247105927,0.000473197416147471,0.000492007908889304,0.000508010266774328,0.000522773376961726,0.000536761535641345,0.000548533029878304,0.000558037746287603,0.00056599356809629,0.000570163110741165,0.000570345981772564,0.000568382929398886,0.000563775062926709,0.000553808902350434,0.000540829011784645,0.000525759210099398,0.00050555403627622,0.000480010140722558,0.000453425379948449,0.000425949121130897,0.00039502686001907,0.000360592354780171,0.000325550450892454,0.000291836869848298,0.000258191539868302,0.000223957725459771,0.000191207377220648,0.000161504795668636,0.000134396481735024,0.000109688504853689,8.74525274781435e-05,6.84028819730327e-05,5.2635893345027e-05,3.9716587574787e-05,2.9134334888101e-05,2.09178449778893e-05,1.4595329480218e-05,9.95028497443652e-06,6.7121177591814e-06,4.3719412115804e-06,2.58774641881471e-06,1.54228690673998e-06,1.04140066313276e-06,5.97167372654262e-07,2.52867053674764e-07,1.52433972744326e-07,1.09591752950875e-07,3.88357996788542e-08,2.01480436617319e-08,1.06659403520688e-08,2.4516139693751e-09,4.51029250521224e-09,6.96543876103745e-10,-1.43407650942796e-09,1.68894032505502e-09,6.57876386061547e-11,0
2.55605856638299e-10,0,2.73186599701784e-09,1.71159977751116e-10,3.26378854282982e-09,4.25190022477785e-10,3.41156126259189e-09,1.27436122827626e-09,3.48020094385005e-09,2.05113666015863e-09,3.84057541293853e-09,2.88435884208211e-09,4.28985935610186e-09,3.87870845812244e-09,4.90999860722216e-09,4.97647963121138e-09,5.79132025263977e-09,6.19046740262718e-09,6.96761579253386e-09,7.58833780645061e-09,8.45175112503367e-09,9.25384640458367e-09,1.0275471939193e-08,1.12679756514723e-08,1.24996045134566e-08,1.37149436204131e-08,1.52022941820741e-08,1.6689762399078e-08,1.84888356643276e-08,2.03070974310691e-08,2.24785868131366e-08,2.47038246237669e-08,2.73268633301367e-08,3.00512915347762e-08,3.32159477613447e-08,3.65424388340738e-08,4.03635207075629e-08,4.44303387896235e-08,4.90503806523474e-08,5.40027048901885e-08,5.95799074432536e-08,6.56087472438784e-08,7.23639747241505e-08,7.97010329260332e-08,8.78676321184295e-08,9.67750355712371e-08,1.06672452555355e-07,1.17491408323439e-07,1.29461696899707e-07,1.42578584751888e-07,1.57079412078389e-07,1.72980427328888e-07,1.90535353612216e-07,2.09803951051906e-07,2.3104263248818e-07,2.54378916755835e-07,2.80142885487934e-07,3.08427185778463e-07,3.3949423379754e-07,3.73557798298084e-07,4.1121096397001e-07,4.5274437358398e-07,4.98334640729268e-07,5.47939370260038e-07,6.02565785420023e-07,6.63127619177825e-07,7.29889514680285e-07,8.02304537569697e-07,8.81664635387408e-07,9.69397478965314e-07,1.0663803860993e-06,1.1719809270165e-06,1.28738670502411e-06,1.41411515578873e-06,1.55431733902706e-06,1.70808277917576e-06,1.87568109065651e-06,2.05864781451051e-06,2.26066870249239e-06,2.4829688174571e-06,2.72560025974308e-06,2.990253843423e-06,3.2815694527102e-06,3.60154182504676e-06,3.95037200142772e-06,4.33104688707837e-06,4.75021026790867e-06,5.21107406501907e-06,5.71271245642835e-06,6.25763487339209e-06,6.85577790202317e-06,7.51615393676078e-06,8.2361076847486e-06,9.01432222142884e-06,9.86458472045493e-06,1.0803648842383e-05,1.1827315353383e-05,1.29350413982667e-05,1.41439259301892e-05,1.54722188794851e-05,1.69146410279525e-05,1.8477373764004e-05,2.01786406405521e-05,2.20451975017419e-05,2.40812043080438e-05,2.62858186000976e-05,2.8647773545835e-05,3.12127500594383e-05,3.40402764068864e-05,3.71428704589126e-05,4.04401033958072e-05,4.39586748629785e-05,4.7813731771918e-05,5.20637340253458e-05,5.65939182676145e-05,6.14284638095202e-05,6.66833308243387e-05,7.24015840971032e-05,7.84764060340879e-05,8.49847489636407e-05,9.20581350380307e-05,9.96668312669754e-05,0.000107709196144504,0.000116312516248806,0.000125516153388756,0.000135264872302799,0.000145782793368894,0.000157197607202906,0.000168908056554781,0.000180821750044666,0.000193975990887086,0.000208427505592075,0.00022288752418467,0.000237507119661709,0.000253561094382181,0.000270453810553962,0.000287066262485947,0.000304224025863248,0.000322775098386349,0.000341611982887226,0.00035996268798412,0.000378279277318429,0.000397046242820732,0.000416072153827002,0.000434902941623042,0.000452450952921612,0.000468794874158931,0.000484793106775516,0.000500219888757636,0.000513485056258203,0.000524600337201265,0.000533603383104519,0.000540372268640006,0.000544725873579797,0.000546476564995641,0.000544099522140876,0.00053841848136838,0.000530358167683959,0.000518855603583355,0.000502093500585694,0.000482421330437017,0.000461150093458478,0.00043647632687409,0.0004075357943746,0.000376933433399554,0.000346143606908216,0.00031403822166238,0.000280161589573642,0.000246632407801931,0.000215227572162608,0.000185047778119432,0.000155752788190076,0.000128924079154136,0.000105506907925266,8.45643322526661e-05,6.61750404434565e-05,5.08471263577535e-05,3.84449734967122e-05,2.82222002589295e-05,2.01800276766741e-05,1.41482535428392e-05,9.74157163866674e-06,6.43259396775181e-06,4.07960990612028e-06,2.57616280150328e-06,1.62893933303094e-06,9.22379341415016e-07,4.72214318986567e-07,2.94658676813866e-07,1.7759274973513e-07,7.07368950190982e-08,3.07597743244659e-08,2.49657353619173e-08,9.26000080750683e-09,3.94347214835995e-09,1.17510134930987e-09,1.16009151337767e-10,1.23740345437407e-09,2.49340514557787e-10,-6.59472710986845e-10,0
2.49758656306197e-10,0,2.70148513905941e-09,2.36188475395454e-10,2.90303909067315e-09,3.92140488522653e-10,3.6723900682249e-09,1.03339968139552e-09,3.0626893245773e-09,2.40829098574909e-09,3.60846227728574e-09,2.57159468411599e-09,4.3171650870149e-09,3.77909970792076e-09,4.56701681284141e-09,4.8785956239714e-09,5.62145813933362e-09,5.82622296258013e-09,6.7912226134497e-09,7.25398003553357e-09,8.0823134709417e-09,8.90249366357202e-09,9.81828946159034e-09,1.07992119225384e-08,1.19523074570123e-08,1.31159973662629e-08,1.45076357368094e-08,1.59612274705111e-08,1.76281092529417e-08,1.94030398167303e-08,2.14146905192041e-08,2.35658344140643e-08,2.60177320481736e-08,2.8659531674871e-08,3.16329394878209e-08,3.48161446334597e-08,3.84121049810324e-08,4.23268078292962e-08,4.67034041075016e-08,5.14332005114705e-08,5.67345990122124e-08,6.25219719195403e-08,6.89415486072666e-08,7.5926680130118e-08,8.37167773873786e-08,9.22690245315781e-08,1.01746730779827e-07,1.12091866132096e-07,1.23528297267093e-07,1.36087232010592e-07,1.50010948698538e-07,1.65278978928443e-07,1.82087477460063e-07,2.00491197162494e-07,2.20847888689297e-07,2.43304619649759e-07,2.6813097112275e-07,2.95284686840886e-07,3.25058086107209e-07,3.57726841290301e-07,3.93944781824079e-07,4.33850251396275e-07,4.77546294627594e-07,5.25089604246801e-07,5.77742386559205e-07,6.36175550890575e-07,7.00087787951711e-07,7.68929413841732e-07,8.45068620217616e-07,9.30059212123082e-07,1.02313763095785e-06,1.12341143663712e-06,1.23455369660088e-06,1.35780189025976e-06,1.491333389089e-06,1.63565155819385e-06,1.79717292720191e-06,1.97776942078293e-06,2.17298887520744e-06,2.38120100374653e-06,2.61020076046215e-06,2.86705966556929e-06,3.15297940971791e-06,3.46293805807865e-06,3.79216572958847e-06,4.14963663787001e-06,4.55468569507819e-06,5.00614917124792e-06,5.48753547712181e-06,6.00496738192636e-06,6.57889745285537e-06,7.21071936753929e-06,7.89674325454655e-06,8.65068754849555e-06,9.47737414447491e-06,1.0370551642126e-05,1.13374534543219e-05,1.23960767697672e-05,1.35560908921104e-05,1.48384321053038e-05,1.62433996497161e-05,1.77465221552616e-05,1.93501451986206e-05,2.11091939063842e-05,2.30510727028545e-05,2.51881694246475e-05,2.74981425365331e-05,2.99601918595916e-05,3.26170316829519e-05,3.55481345184902e-05,3.87090013224418e-05,4.21245523682421e-05,4.58580359082734e-05,4.98689366797988e-05,5.41278071751449e-05,5.88068213732807e-05,6.38885795200141e-05,6.92929137730206e-05,7.50705025036295e-05,8.13510848824991e-05,8.81305192399552e-05,9.53744375397217e-05,0.000103059178865275,0.000111279341864868,0.000120087058926928,0.000129479344499962,0.000139468550270614,0.000150130940783543,0.000161438632812454,0.000173310399300824,0.000185786105138287,0.000198968008858421,0.000212822681168243,0.000227337565490423,0.000242527088290687,0.000258201299229755,0.000274380673829829,0.000291204369445281,0.000308477318104503,0.000325887133785965,0.000343638232185085,0.000361686359279878,0.00037973915524887,0.000397437343508283,0.000414694524989262,0.000431540511104669,0.000448185827647272,0.000463519472246894,0.000476990702075116,0.00048943369543478,0.000500934163251867,0.000509598791404205,0.000515713473231516,0.000519835874812259,0.000521269170831632,0.000519170765124051,0.000514217257248519,0.000505876653926589,0.000494322478339183,0.000479326634750014,0.000461070809519608,0.000439646911465466,0.000415720265059354,0.000389201726199883,0.000360283498032698,0.000329930708276114,0.000299045614574249,0.000267522256414296,0.000235841337984128,0.000205347023332261,0.000176305396732243,0.000148725730290206,0.000123279488551932,0.000100725592646036,8.07653119474545e-05,6.3360752519472e-05,4.86790610830169e-05,3.67594464680931e-05,2.70346646882475e-05,1.94444344954405e-05,1.36530803076443e-05,9.33448310587889e-06,6.20800303079781e-06,4.02984061716618e-06,2.5244941286503e-06,1.54094759845923e-06,9.06444424551012e-07,5.18897931468409e-07,2.93772509323541e-07,1.52752980933806e-07,8.36050450597687e-08,4.18356536887792e-08,1.93898346030256e-08,1.00286688840502e-08,5.07528193196856e-09,1.00405362519395e-09,1.30039623017902e-09,2.2463728034636e-10,-1.51700241694549e-10,1.02027975589477e-10,0
2.44045215631144e-10,0,2.55688797430732e-09,1.25176130997286e-11,2.89314351099437e-09,7.06371938726043e-10,3.15752870337493e-09,7.84256465289025e-10,3.40595587518258e-09,2.18171473147114e-09,3.07428746188235e-09,2.85690472158844e-09,4.06951275752398e-09,3.3595714199531e-09,4.60719703312818e-09,4.60613006047723e-09,5.25882939227661e-09,5.69418397384615e-09,6.42759119382903e-09,6.90028300900211e-09,7.77236594056458e-09,8.46077233932181e-09,9.3899528366656e-09,1.03140638510442e-08,1.13920391369849e-08,1.25276871830995e-08,1.38528548372995e-08,1.52317543035681e-08,1.6822141629659e-08,1.84933608481612e-08,2.04170876937909e-08,2.24755697430836e-08,2.48276608580886e-08,2.73240871119853e-08,3.01239217727546e-08,3.31405289367632e-08,3.65808560837989e-08,4.02918655517048e-08,4.44155410704231e-08,4.88815564298201e-08,5.39049860546556e-08,5.93457027937524e-08,6.53691872092782e-08,7.1959765550164e-08,7.93385629187931e-08,8.73791322448709e-08,9.62183400994435e-08,1.05845590863414e-07,1.16545376588554e-07,1.28347017541239e-07,1.41417793003658e-07,1.55657512718122e-07,1.71299370832616e-07,1.88519853768945e-07,2.07683348880726e-07,2.28753256680742e-07,2.51867492433761e-07,2.77107795153805e-07,3.04973700681621e-07,3.35794176021321e-07,3.69998027721098e-07,4.07387603781454e-07,4.4820209480623e-07,4.93179230848514e-07,5.43258671669783e-07,5.97667403179365e-07,6.56568214646009e-07,7.22215670600813e-07,7.9647960573991e-07,8.76331034781524e-07,9.6080132901985e-07,1.05501225932979e-06,1.16348291100374e-06,1.28087568062099e-06,1.40394775322184e-06,1.53994674710564e-06,1.69626411207993e-06,1.86662077541943e-06,2.04550096208806e-06,2.24057472330779e-06,2.46174923497772e-06,2.70888954346628e-06,2.97713185796091e-06,3.26130235719258e-06,3.57015511253294e-06,3.92300655077561e-06,4.31609600934954e-06,4.72746291109015e-06,5.16772055216265e-06,5.66725248926731e-06,6.22299817413033e-06,6.82110216387219e-06,7.47488434798095e-06,8.19023985892619e-06,8.9537257649657e-06,9.78914439727406e-06,1.07313457214635e-05,1.17704388278235e-05,1.2886296416278e-05,1.40833576539749e-05,1.53533802606479e-05,1.67312643120057e-05,1.82941595682756e-05,2.00585468399519e-05,2.19494921782058e-05,2.39265383845544e-05,2.60284334652695e-05,2.83723519951506e-05,3.09661503193752e-05,3.37374510179063e-05,3.67550129664747e-05,4.00955748760497e-05,4.35614826761974e-05,4.72175191173037e-05,5.13501534418708e-05,5.59236584575443e-05,6.06996156940462e-05,6.57814265878244e-05,7.13592773228912e-05,7.74370966998942e-05,8.38349551097076e-05,9.05902633255006e-05,9.78237985347624e-05,0.000105628583573085,0.000114151656833529,0.000123349817637268,0.000132884057122166,0.00014275079373914,0.000153308451300922,0.000164786087115123,0.000176954969657909,0.000189431953108522,0.000202389224125979,0.000216308448441839,0.000230971792479196,0.000245904571151166,0.000261332881982899,0.000277232534226974,0.000293330065224824,0.00031001938717875,0.000327493348678049,0.000344769693760489,0.000361528082258855,0.000378143749418259,0.000394854470875776,0.000411479478946802,0.000427260503709194,0.000440922964717138,0.000453745355212975,0.000466775124661501,0.000477823092756603,0.000485121392343911,0.000490751331939154,0.000495038748440752,0.000496802606925042,0.000495163500300361,0.000489983913290354,0.000481359799901185,0.000470711865906428,0.000456979923449819,0.000439530001307911,0.000418941675181626,0.00039580236028921,0.000370125205104822,0.000342967975254114,0.000314744334884649,0.000284910521052819,0.000254213185641181,0.000224471576174054,0.000195749895551527,0.00016748166030207,0.000141023363304012,0.000117316666276267,9.59162465293409e-05,7.65312814812096e-05,5.99825963886077e-05,4.62043833719406e-05,3.48216096212416e-05,2.55688166185991e-05,1.83822944570154e-05,1.28733734124044e-05,8.80863387228638e-06,5.84450967633675e-06,3.78923373632468e-06,2.37875531200871e-06,1.43622055904182e-06,8.51994830386376e-07,4.90054892568441e-07,2.69587191817478e-07,1.45358305032395e-07,7.82741692207722e-08,3.69618220313783e-08,2.04575661244437e-08,8.82307013349052e-09,3.54223608606313e-09,2.19168440344258e-09,9.18488082852806e-10,-2.30206632574601e-10,5.08100741056265e-10,7.25945993184801e-12,0
2.38462474747763e-10,0,2.42029340912016e-09,6.60084760095158e-11,2.79876032736579e-09,5.58056462562452e-10,3.02453722101468e-09,8.79564889944814e-10,3.14172952962842e-09,2.07040970747192e-09,3.00929427248136e-09,2.70009372551312e-09,3.8505387527816e-09,3.26699779054162e-09,4.37053933742317e-09,4.39745700568291e-09,5.04416965634516e-09,5.42392451469902e-09,6.1481216660052e-09,6.59323156265716e-09,7.42054491369595e-09,8.08449902553391e-09,8.96620932848511e-09,9.84772711660067e-09,1.08831257038317e-08,1.19540706443839e-08,1.32216432397684e-08,1.45328710919173e-08,1.60555038902367e-08,1.76421159636369e-08,1.94807878265081e-08,2.14376608788767e-08,2.36688342542847e-08,2.60347196848413e-08,2.87204426704761e-08,3.1606154325964e-08,3.48799763023871e-08,3.84078641356234e-08,4.23466988135488e-08,4.65909987191979e-08,5.13753705044822e-08,5.66115839914795e-08,6.24223036933395e-08,6.86743559381683e-08,7.56208616292399e-08,8.32989752393616e-08,9.18757194832383e-08,1.01179671139145e-07,1.11383262575488e-07,1.22553158704579e-07,1.3497898944528e-07,1.48664017599842e-07,1.63752370721918e-07,1.80184750723415e-07,1.98292009760433e-07,2.18274409942876e-07,2.40420126377585e-07,2.64711482438674e-07,2.9136961727601e-07,3.20419442219753e-07,3.52485525940971e-07,3.88210541016428e-07,4.27732095808894e-07,4.70228172953077e-07,5.16702042491191e-07,5.68860803295495e-07,6.26836682081501e-07,6.89366613671347e-07,7.57719552865547e-07,8.32918627032131e-07,9.15439140944245e-07,1.00645254807688e-06,1.10832785912894e-06,1.21943101415318e-06,1.33850295910916e-06,1.46769038221855e-06,1.61209417419006e-06,1.77431261889792e-06,1.95261764512189e-06,2.14269343775442e-06,2.34785653332315e-06,2.5756939017061e-06,2.82817903582609e-06,3.10434925031115e-06,3.40920196162352e-06,3.74477836434128e-06,4.107290693928e-06,4.49813454782824e-06,4.92601844010444e-06,5.3982085518872e-06,5.92140646242263e-06,6.50165517783465e-06,7.13270153026273e-06,7.80486857614949e-06,8.52875574238234e-06,9.33440958719796e-06,1.02324665922616e-05,1.12039085915318e-05,1.22364746987053e-05,1.33782078280229e-05,1.46701245018008e-05,1.60624048179314e-05,1.75009631781905e-05,1.90642905660281e-05,2.08248067854132e-05,2.27699338095172e-05,2.48773088678879e-05,2.71300541861987e-05,2.95061977314573e-05,3.21304634676187e-05,3.50757266269829e-05,3.82394242392067e-05,4.1523438059341e-05,4.50485395909169e-05,4.89889485566116e-05,5.33890404670089e-05,5.79962757639038e-05,6.27661780471098e-05,6.79646905663528e-05,7.37446242018543e-05,7.99650169470396e-05,8.65238294736021e-05,9.3437254463174e-05,0.000100891332237579,0.000108957223144938,0.000117513011491502,0.000126541328588525,0.000136273538386722,0.000146689496707887,0.000157436408731694,0.000168518697525608,0.000180426343199997,0.000193266280301387,0.000206660040972999,0.000220425138532428,0.000234587512340546,0.000249262374823959,0.000264531299445989,0.000280260415291833,0.000296167451241149,0.000312417333265044,0.000328901171458593,0.000345096672843246,0.000360819066067477,0.000376701224420117,0.000392709917703248,0.000407938089596305,0.000421213571528912,0.000433258126111665,0.000445156933315788,0.000455812029273521,0.000463109785103715,0.000468474259255955,0.000472947417510182,0.000474653340127593,0.00047200660203079,0.000466957117605435,0.000459842924796068,0.000449594394579895,0.000435892086542171,0.000419503983731033,0.000399625785872782,0.000377327657173356,0.000353737139828204,0.000327822668930626,0.00029969117137391,0.000271284355109223,0.000242881523481726,0.000214246767020332,0.000186267629001069,0.000159698584797465,0.000134846608509977,0.000111757076863173,9.10430894826085e-05,7.29466007639669e-05,5.73150783669031e-05,4.39291388837695e-05,3.30250818740112e-05,2.43172299345469e-05,1.75061444311887e-05,1.22109066991016e-05,8.32801574243265e-06,5.54920031274014e-06,3.58588375328192e-06,2.23685018433572e-06,1.36090882061494e-06,8.00232700202989e-07,4.56919992702486e-07,2.54835384091477e-07,1.34139825391933e-07,7.36523054796894e-08,3.56016883740243e-08,1.71178486467943e-08,8.5995146233004e-09,4.37549050388717e-09,1.07694865785074e-09,9.49978973672548e-10,2.18915068725477e-10,2.18889126036398e-11,4.02347381065401e-12,0
2.33007443787686e-10,0,2.26670106679541e-09,3.23047255305027e-10,2.71848152358781e-09,4.15063222499293e-11,3.05092074610937e-09,1.34246217591526e-09,2.5339248603503e-09,1.82082579871573e-09,3.35198570724353e-09,2.40648239063988e-09,3.43915252913475e-09,3.44101825350762e-09,4.0982107524517e-09,4.08232324899111e-09,4.98026950282254e-09,5.14149366550365e-09,5.84830173095152e-09,6.38507693413917e-09,7.07967280987275e-09,7.74148835667173e-09,8.61197470186336e-09,9.42197540256883e-09,1.04489689343943e-08,1.14737247884231e-08,1.26785011970215e-08,1.39285476529178e-08,1.53991463562165e-08,1.6939074279381e-08,1.87085556103475e-08,2.05637419940978e-08,2.270636434134e-08,2.49893491972126e-08,2.75866640814236e-08,3.03542365666087e-08,3.34739056926617e-08,3.684425864255e-08,4.06789812224705e-08,4.48174279287617e-08,4.9378794845775e-08,5.42986968955264e-08,5.98848317346257e-08,6.60635578217514e-08,7.28727176470351e-08,8.0144609901608e-08,8.8202089795189e-08,9.71624803124655e-08,1.07192683141265e-07,1.18120678429749e-07,1.30062340554219e-07,1.43047103588825e-07,1.57496661614377e-07,1.73565370929999e-07,1.91306129958814e-07,2.10507617793169e-07,2.31512238614177e-07,2.54690201158125e-07,2.80628722633478e-07,3.0933732677011e-07,3.40386629898514e-07,3.73489272826522e-07,4.10626957347228e-07,4.53265561270824e-07,4.99671982920913e-07,5.47947597239213e-07,6.01380683994325e-07,6.62392227882777e-07,7.29195484833567e-07,8.01093556939996e-07,8.81357575244181e-07,9.69291887260072e-07,1.06351514643055e-06,1.1669279356148e-06,1.2843992295537e-06,1.41469720397268e-06,1.55369744443939e-06,1.70075769425153e-06,1.86390794713623e-06,2.05024621142577e-06,2.25651164031403e-06,2.47647822202555e-06,2.71466409104487e-06,2.97666779084052e-06,3.26287078986561e-06,3.57729173623677e-06,3.92571020875245e-06,4.30688183596836e-06,4.72322614609364e-06,5.18034295000491e-06,5.67423562548819e-06,6.20634636890548e-06,6.79581230720998e-06,7.45732052542233e-06,8.17956750368148e-06,8.94439999825909e-06,9.76460966170159e-06,1.06977465576639e-05,1.17542019546237e-05,1.28518288701692e-05,1.39721070470845e-05,1.52584556119678e-05,1.67600896510733e-05,1.83456897192753e-05,1.99667594973031e-05,2.17397191714335e-05,2.37297075719854e-05,2.59488788960664e-05,2.83500842843236e-05,3.08581559787672e-05,3.34759468660375e-05,3.63612744380266e-05,3.96654925398737e-05,4.33713718949102e-05,4.71331111831464e-05,5.08707699858166e-05,5.50843986404908e-05,6.01117104318391e-05,6.54455685540575e-05,7.06760285567286e-05,7.62192682380803e-05,8.2557178981534e-05,8.9409996701042e-05,9.6568281860277e-05,0.000104299576865932,0.000112614760435227,0.000121186630022515,0.000130051033387054,0.000139667990248527,0.000150386644685569,0.000161761078507578,0.000173114105478632,0.000184692437240989,0.000197155588766021,0.000210492118685636,0.000224283856285812,0.00023839343300651,0.000252876277037699,0.000267934252381796,0.000283328326407663,0.00029847711326153,0.000313636831536589,0.000329724837404469,0.000345829278257162,0.000360586555486217,0.00037447344862903,0.000388721417818733,0.000402714339181235,0.000415127207419692,0.000425246276409286,0.000434361355407652,0.000442888764809611,0.000448824006812394,0.000450950313544167,0.000452028008559464,0.000451799040474061,0.000447156544003077,0.000438682169535914,0.000429331945358458,0.000416707452547087,0.000400015452120367,0.000381747093206893,0.000361392849293577,0.000337406966065323,0.000312378146924687,0.00028701407148706,0.0002595823536955,0.000231408472696975,0.000204544082518709,0.000178356706797482,0.000152482978184773,0.000128514743270004,0.00010699474459614,8.72825114488965e-05,6.94863566760423e-05,5.45800534391668e-05,4.21601571739347e-05,3.16991873570005e-05,2.31694229148743e-05,1.66734350902053e-05,1.17275070819465e-05,8.0031841461888e-06,5.28398622013996e-06,3.4302975473696e-06,2.15441352614224e-06,1.29676316153229e-06,7.63792224177618e-07,4.40047893898505e-07,2.4583527910433e-07,1.2770096116798e-07,6.7206697235149e-08,3.55244695226191e-08,1.80117409983351e-08,6.35107444624978e-09,4.0058868612201e-09,1.93634258642693e-09,4.89129735266076e-10,-3.9224365300449e-12,3.60025133347211e-10,-1.28118080210745e-11,0
2.27677201278314e-10,0,2.13439341605415e-09,1.82168081597865e-10,2.71005520665695e-09,2.1776502525394e-10,2.67079725046772e-09,1.19128475669554e-09,2.69659975922288e-09,1.69166457609913e-09,2.95285137849206e-09,2.52416359849819e-09,3.29625918018681e-09,3.1283644811562e-09,4.0122158861001e-09,3.93400665401886e-09,4.6709866112607e-09,4.96561462982586e-09,5.5945327445016e-09,6.06392146918657e-09,6.7958137456026e-09,7.39546509566803e-09,8.22406427203238e-09,9.01531859601192e-09,9.98116785812636e-09,1.09569508465616e-08,1.21240205670474e-08,1.33151243468229e-08,1.47220262548358e-08,1.61724150111304e-08,1.78638036009716e-08,1.96433765303998e-08,2.16987017936319e-08,2.38654534099402e-08,2.63327404059023e-08,2.89705495679807e-08,3.1963312026503e-08,3.51676447282939e-08,3.87936651076569e-08,4.2731297927804e-08,4.71287264388768e-08,5.18478771991396e-08,5.71189928759818e-08,6.29117450493734e-08,6.94081943393683e-08,7.64554829725581e-08,8.41955225660113e-08,9.26317180564446e-08,1.02061935757548e-07,1.12469286160551e-07,1.23969451622576e-07,1.36443907249012e-07,1.50122045857581e-07,1.6519370937038e-07,1.82056861477741e-07,2.00619550368207e-07,2.20812749843314e-07,2.42633302218249e-07,2.66848978753429e-07,2.94087643156339e-07,3.24411507965356e-07,3.56735785731959e-07,3.9118884702781e-07,4.29893573837062e-07,4.74598534433882e-07,5.23065125302348e-07,5.73912746328203e-07,6.29872426903939e-07,6.93611138294027e-07,7.63113700660347e-07,8.38375192637967e-07,9.21935522533261e-07,1.01447043456429e-06,1.11379534291731e-06,1.22220226127636e-06,1.34348830144035e-06,1.47825106060118e-06,1.62383548539409e-06,1.7810002483926e-06,1.95366802799337e-06,2.14614999108851e-06,2.35904411123904e-06,2.59020202785069e-06,2.83731469517895e-06,3.10634024731377e-06,3.41017189795463e-06,3.75105314738636e-06,4.11418668808319e-06,4.49738867474212e-06,4.92341117306706e-06,5.40455359544554e-06,5.92811370674088e-06,6.48820803814487e-06,7.10249166742126e-06,7.78699160292045e-06,8.53493000483837e-06,9.32578020033992e-06,1.01798846566936e-05,1.11519244825191e-05,1.22402526157488e-05,1.3376840541991e-05,1.4576718385262e-05,1.5928771296381e-05,1.74476662459783e-05,1.9059470797832e-05,2.07565835471424e-05,2.26161771366373e-05,2.47151669956734e-05,2.69905115010504e-05,2.9378414090694e-05,3.19701945626256e-05,3.48433759236214e-05,3.7866227553322e-05,4.11174827959319e-05,4.48139297780141e-05,4.88161072926253e-05,5.28232179378355e-05,5.71344165641986e-05,6.21041761874207e-05,6.7496778264813e-05,7.30470179567227e-05,7.89496135260397e-05,8.52236889116243e-05,9.19155156628192e-05,9.94045575821023e-05,0.000107588330602649,0.000115835643420572,0.000124232742730506,0.000133417291617423,0.000143517834197311,0.000154091675088096,0.000164972612152171,0.000176510935374767,0.000188669684948203,0.000200976923459547,0.000213685466658868,0.000227400030241194,0.00024168474683303,0.000255959998139562,0.000270332991870072,0.000284892483329599,0.000299558230661897,0.000314745973847284,0.000329944345735783,0.000344164892118696,0.000357737489009728,0.000371515644522544,0.000384391430196407,0.000395749587447414,0.000406188597319987,0.000415502775326869,0.000422457770344957,0.000427696888182222,0.000431255830839969,0.000432353725885027,0.000430773766651268,0.000426733285270976,0.00041919474028023,0.000409528390949365,0.00039811244090032,0.000383013647655967,0.000364092618922794,0.000344147633230258,0.000322828818279546,0.000298879200530197,0.000273568247623891,0.000247826526326628,0.000221389928299802,0.000195265039353323,0.00017022886359934,0.000145767155127974,0.000122669503394239,0.00010204532629999,8.34750790777047e-05,6.64459113881768e-05,5.20029872657402e-05,4.01990686765424e-05,3.02808421962765e-05,2.20874635098952e-05,1.59078347109465e-05,1.11891873005308e-05,7.59609371926263e-06,5.01627514887264e-06,3.26156059093713e-06,2.0508996891859e-06,1.23365731677352e-06,7.09763717428508e-07,4.10838102874123e-07,2.38385196192991e-07,1.18439322346724e-07,6.03142717940468e-08,3.33075361311879e-08,1.63183464740594e-08,6.61394356086147e-09,3.5900140854449e-09,9.82565066326883e-10,1.08098167107862e-09,-5.44149831198218e-11,-1.43127005199337e-10,2.15131017817726e-10,0
2.22468892578211e-10,0,2.13430478838175e-09,1.60946556189152e-10,2.57010836082856e-09,2.53492124155703e-10,2.7027279181208e-09,1.23054679925564e-09,2.21953533530507e-09,2.27979135838764e-09,2.35990930611852e-09,2.84155687637039e-09,2.91820357606403e-09,3.37692173516044e-09,3.66245385344889e-09,3.99491731455928e-09,4.54948988679755e-09,4.80286018971496e-09,5.55495360926918e-09,5.83907085358407e-09,6.73362394706502e-09,7.12112665272555e-09,8.14712088408075e-09,8.68429259419441e-09,9.85323593262031e-09,1.05828266574038e-08,1.19184145920978e-08,1.28818853418165e-08,1.44235852203344e-08,1.56684052174813e-08,1.74652490187857e-08,1.90362728952689e-08,2.11496222855446e-08,2.31213730201804e-08,2.56306561124294e-08,2.80685836128822e-08,3.10569972755365e-08,3.40637289852595e-08,3.76416329482987e-08,4.13266433189378e-08,4.56316443759318e-08,5.01471910467558e-08,5.53261866572111e-08,6.08177657592816e-08,6.70521300237561e-08,7.37514180224508e-08,8.13153883521076e-08,8.94695662171894e-08,9.85573479831227e-08,1.0841325922749e-07,1.19430393353742e-07,1.31445958925924e-07,1.44770080656301e-07,1.59274261896194e-07,1.75305989554146e-07,1.92869284852722e-07,2.12381400589791e-07,2.33723702546252e-07,2.57133773445052e-07,2.82705374118052e-07,3.11083279591022e-07,3.4239701004949e-07,3.76824978729533e-07,4.14118013359264e-07,4.55067111912244e-07,5.004761940589e-07,5.50809086565862e-07,6.05475483156939e-07,6.65372670565113e-07,7.31398186215217e-07,8.04050147164144e-07,8.83082740156788e-07,9.70368008635338e-07,1.06676233679034e-06,1.17226108534281e-06,1.28675305102814e-06,1.41268990036152e-06,1.55191920596817e-06,1.70492827833895e-06,1.87103297906855e-06,2.0520795300165e-06,2.25150551795544e-06,2.47248297029886e-06,2.71451661613498e-06,2.9759991857124e-06,3.25924152185698e-06,3.57280612931511e-06,3.92202413779221e-06,4.3029112187009e-06,4.71307033833397e-06,5.16115406560469e-06,5.65604444371216e-06,6.19685064992638e-06,6.78465029979007e-06,7.42815700146425e-06,8.13757691479791e-06,8.91235277930722e-06,9.74865979352943e-06,1.06522053491442e-05,1.1647749248102e-05,1.27461859419431e-05,1.39407225748458e-05,1.52266811807519e-05,1.66258150211391e-05,1.81554716876591e-05,1.9827634740703e-05,2.16275493408813e-05,2.3570622226747e-05,2.57022479819661e-05,2.80355733383227e-05,3.05134111975069e-05,3.31926104306385e-05,3.61529633647595e-05,3.93539266769942e-05,4.27224197955968e-05,4.63942919663071e-05,5.04296656085184e-05,5.47367121031534e-05,5.92842213698062e-05,6.42257152416482e-05,6.95842107484792e-05,7.53429892811931e-05,8.15206284977769e-05,8.80251773412592e-05,9.48125377196766e-05,0.000102213544255304,0.000110359816399207,0.000118901278194808,0.000127641231298922,0.000136924356561879,0.00014700935036835,0.000157560649247734,0.000168326797356282,0.000179775028425467,0.000192078691184844,0.000204551723179341,0.000217107390315179,0.000230355356544667,0.00024424735439854,0.000258218104874682,0.000272260306495636,0.000286358136253504,0.000300502822648296,0.000314720099293442,0.000328750684410868,0.00034199673395428,0.000354736381085233,0.000367033600022704,0.000378284201377919,0.000387925128117379,0.000396550897779534,0.000403886690478647,0.000409073855541368,0.000411708194014134,0.000412599755548888,0.000411468583577547,0.000407928728411936,0.000401204272115952,0.000391402953061444,0.00037922777564313,0.00036559940236876,0.000349091551831842,0.000329307821142884,0.000307762360355379,0.00028535791583818,0.000261696589327069,0.000236935172479756,0.000211720073856858,0.000186742396340427,0.000162597295717954,0.00013949370655863,0.000117676849178277,9.75308349406466e-05,7.96545436310011e-05,6.38798559398694e-05,5.00590915608898e-05,3.8399221995828e-05,2.90382943662689e-05,2.13642720749909e-05,1.52974570275088e-05,1.07460710578817e-05,7.38455988093304e-06,4.87933287295635e-06,3.14356528994982e-06,1.98363012770502e-06,1.22143690109441e-06,7.13269716342391e-07,3.94271094909287e-07,2.28316103469453e-07,1.2752410743562e-07,6.17471056693741e-08,2.96267655567098e-08,1.78625339592515e-08,7.11549853922696e-09,3.17298015634616e-09,1.46171332502733e-09,7.45426633907618e-10,1.10792698423048e-10,9.89953461086839e-11,-3.13743728377596e-11,0
2.17379728348276e-10,0,2.04479017074668e-09,1.85195909040895e-10,2.45415921728557e-09,1.96251274160903e-10,2.59029392027596e-09,1.23588585861985e-09,2.05481477744072e-09,2.22394877162515e-09,2.21172956260383e-09,2.77376726321193e-09,2.72792992035912e-09,3.28406163131737e-09,3.45686392548509e-09,3.85853027743226e-09,4.32214694055465e-09,4.61576535968336e-09,5.3003197429935e-09,5.59827621508253e-09,6.43704792774298e-09,6.81972267595748e-09,7.79412232921644e-09,8.31374694711963e-09,9.43219357675547e-09,1.01277199846587e-08,1.14108976227374e-08,1.23277720276561e-08,1.38065444302732e-08,1.49877119137341e-08,1.67147748409957e-08,1.82159057461412e-08,2.02370763437251e-08,2.21063424961258e-08,2.45080272153896e-08,2.68369043483893e-08,2.96898283014668e-08,3.25472392296425e-08,3.59688665515264e-08,3.94818356275822e-08,4.35731175083285e-08,4.7848969417719e-08,5.27876751734327e-08,5.80406116741439e-08,6.39942008465052e-08,7.03197816188969e-08,7.74539596366598e-08,8.52085615120218e-08,9.3921622107344e-08,1.03294075404843e-07,1.13693977763613e-07,1.25034230627587e-07,1.37684204330164e-07,1.51492814154612e-07,1.66777495983707e-07,1.83375553438338e-07,2.0168293529377e-07,2.21844434148319e-07,2.44296661212818e-07,2.68776526275661e-07,2.95477603670931e-07,3.24590644674729e-07,3.57103678312626e-07,3.93194904425562e-07,4.32595053234833e-07,4.74969475491936e-07,5.21969460348386e-07,5.74329947104554e-07,6.31639711550673e-07,6.93783387871246e-07,7.62952353079053e-07,8.38922546507761e-07,9.21111306259053e-07,1.01129779221353e-06,1.11279508057222e-06,1.22374887143426e-06,1.34237035689865e-06,1.47207270264068e-06,1.61819038138391e-06,1.77995386890279e-06,1.95486503417363e-06,2.14249731410096e-06,2.34678881940927e-06,2.57589300505046e-06,2.83465065550419e-06,3.11376392159218e-06,3.4061865401376e-06,3.72590795600936e-06,4.08961974917283e-06,4.492453520811e-06,4.92442924062797e-06,5.39106432714178e-06,5.90247592511479e-06,6.46467087645753e-06,7.0802457489019e-06,7.75071207774451e-06,8.48202993095488e-06,9.28879149927756e-06,1.01682278916923e-05,1.11124986114789e-05,1.21375872167918e-05,1.32719915975935e-05,1.45116685960755e-05,1.58544687300118e-05,1.73066735767301e-05,1.88861094944787e-05,2.06105019473308e-05,2.24859518788213e-05,2.44925132114655e-05,2.66944782284669e-05,2.91181158765294e-05,3.16748010536544e-05,3.4378751163007e-05,3.7448838677245e-05,4.08203920079004e-05,4.42725626726177e-05,4.79376850647058e-05,5.21191340431944e-05,5.66405395714862e-05,6.13076960769428e-05,6.63059525748116e-05,7.17400486749457e-05,7.75266176846663e-05,8.38752641109673e-05,9.07806010481596e-05,9.78302276225825e-05,0.000105061730115592,0.000113024851298973,0.000121763362600925,0.000130830382901458,0.000140193099374314,0.000150302833076562,0.000161022910706703,0.000171693334126629,0.000182694142799753,0.000194901257230794,0.000207777803320679,0.000220307382167277,0.00023285698928839,0.00024601526228694,0.000259734055567121,0.000273649962719594,0.000287239037337683,0.000300260953104069,0.000313479639283513,0.00032665365481817,0.000338796962195136,0.000350126973853477,0.000361280156670562,0.000370838015563543,0.000378308073997878,0.000384902591143175,0.00039073598318853,0.000393783161813709,0.000394092085737662,0.000392518128136815,0.00038894979730969,0.000382877619048675,0.000374713752780622,0.000363018352738787,0.00034813969682343,0.000332157903165425,0.000314977040921323,0.000294815078011298,0.000272510594763567,0.000249480492906382,0.000226034776168191,0.000202366731402433,0.00017859723214897,0.000155137571722255,0.000132995399442371,0.000112595571232113,9.3414984481025e-05,7.58808958128608e-05,6.07547254182867e-05,4.79798928671693e-05,3.6823334070304e-05,2.75594842435791e-05,2.03461025073989e-05,1.47046300752613e-05,1.02117243381344e-05,6.96341215723212e-06,4.66231548028411e-06,3.02698970337793e-06,1.88176343306582e-06,1.1165825826448e-06,6.67133829971489e-07,4.00273496972359e-07,2.07672973498694e-07,1.01953615761742e-07,6.53110379922632e-08,3.09841728370204e-08,1.15792141572303e-08,7.16280413919204e-09,3.84816605803404e-09,6.72887353027629e-10,8.04741546332887e-10,6.86867436644905e-11,1.00594116414178e-10,4.42099384732294e-11,0
2.12406983057901e-10,0,1.86190787818289e-09,1.48783934110228e-10,2.29740273778718e-09,1.96083488421138e-10,2.40679533562142e-09,9.91757509976682e-10,2.17940726665573e-09,1.71930645472284e-09,2.41348469400683e-09,2.20675073943575e-09,2.87150152704266e-09,2.77464407250776e-09,3.41118491683202e-09,3.47676739958263e-09,4.07178764301217e-09,4.31261694569507e-09,4.89945512094464e-09,5.29799601487384e-09,5.93340924242299e-09,6.46883636811535e-09,7.20511185352241e-09,7.87828039297862e-09,8.75481894921243e-09,9.5858601105732e-09,1.06336782606629e-08,1.16566156444971e-08,1.2910567037271e-08,1.41662092440561e-08,1.56727995652129e-08,1.72139430292212e-08,1.90213808884663e-08,2.0901580522902e-08,2.30804020929741e-08,2.53808233035964e-08,2.80058496324244e-08,3.0802395839643e-08,3.39770115369097e-08,3.73887801074916e-08,4.12204634345487e-08,4.53526218692541e-08,4.99894491411309e-08,5.50346669005747e-08,6.0659088081454e-08,6.67531303409186e-08,7.35215099088318e-08,8.0932703284625e-08,8.91808580778115e-08,9.81746754658653e-08,1.08100942760561e-07,1.18956484714834e-07,1.30983015996565e-07,1.44183629572027e-07,1.58769694075016e-07,1.74702543128108e-07,1.92229011925028e-07,2.11473139949849e-07,2.32791651787117e-07,2.56208442746078e-07,2.81914534533083e-07,3.09925190643635e-07,3.40832890994641e-07,3.75054602030272e-07,4.12803956731256e-07,4.53733390269407e-07,4.98654773619261e-07,5.48391225295246e-07,6.03253269502904e-07,6.62922610807829e-07,7.28835246720949e-07,8.01518400333905e-07,8.80720975731786e-07,9.66830678013944e-07,1.06288607114228e-06,1.16923998444856e-06,1.2843633721312e-06,1.40899150080749e-06,1.54729329213847e-06,1.70079608235877e-06,1.86887091162963e-06,2.05068358181578e-06,2.2479758698799e-06,2.46590468971558e-06,2.70964095161766e-06,2.97609760511791e-06,3.26099131465135e-06,3.57091780066779e-06,3.91637239664085e-06,4.29749490974966e-06,4.71024432932965e-06,5.15880248459219e-06,5.65078898131713e-06,6.19025835834728e-06,6.77808987424958e-06,7.41913333358585e-06,8.11942742735989e-06,8.88620430976499e-06,9.72290472212788e-06,1.06350681546536e-05,1.16257205076881e-05,1.27027604810255e-05,1.38727754354464e-05,1.51552214459785e-05,1.65587990733979e-05,1.80804692911943e-05,1.97161868575657e-05,2.14938271636319e-05,2.34189715804996e-05,2.5515567989629e-05,2.78162597676601e-05,3.03104986322612e-05,3.29383047055067e-05,3.57815564970688e-05,3.89174171141455e-05,4.23125121231577e-05,4.59246488535213e-05,4.98439794121972e-05,5.4064997125401e-05,5.85730802711339e-05,6.33990587961005e-05,6.85615989538613e-05,7.41059516101908e-05,8.0179552944644e-05,8.668140754149e-05,9.33910157501658e-05,0.000100417798533482,0.000108078290176546,0.000116346991829092,0.000124929578615061,0.000133840515461889,0.000143513323305832,0.000153841980417293,0.000164079443397345,0.000174470690630796,0.000186019693103696,0.00019837858136736,0.000210412257085672,0.000222339801690396,0.000234874321593551,0.000248019076803911,0.000261251894641661,0.000274111553947826,0.00028660074495138,0.000299316777978031,0.000311776096758718,0.000323271950442715,0.000334190873388495,0.000344849433456242,0.000353874919094454,0.000361022107436329,0.000367294865354812,0.000372802649921028,0.000375856555352719,0.000376167307678488,0.000374365107781807,0.000370961028847156,0.000365453660015217,0.000357586250965949,0.000346239521281915,0.00033216601165311,0.000316994623132813,0.000300535563926741,0.000281312770093947,0.000259983018047336,0.000237945233697302,0.000215715602920354,0.000193200594382479,0.000170388894791211,0.000148019017251637,0.000126985432073172,0.00010743218588994,8.90862874922987e-05,7.24772263633339e-05,5.80644860337725e-05,4.57777279368371e-05,3.51366390353057e-05,2.63505053910852e-05,1.94361054034865e-05,1.40352916859646e-05,9.77846642823866e-06,6.66829241333865e-06,4.45211800479929e-06,2.89850675011978e-06,1.80759466650576e-06,1.07182881874313e-06,6.3929809788176e-07,3.84755094376671e-07,2.02042879104888e-07,9.83945372200331e-08,6.22896604626813e-08,3.06896287908432e-08,1.13308442257347e-08,6.61465101942545e-09,4.03536017447998e-09,6.4517756720121e-10,6.42159853531367e-10,2.14337751581518e-10,7.16842963058254e-11,-1.72239792930753e-11,0
2.075479935253e-10,0,1.79126565681875e-09,1.8706362988658e-10,2.26159967888728e-09,5.98549594845091e-11,2.51651349254755e-09,7.99977791386287e-10,2.20044076824758e-09,1.68872117090507e-09,2.21993198216018e-09,2.27668934509386e-09,2.66838227588083e-09,2.73397473048497e-09,3.27190110889074e-09,3.35445134112922e-09,3.92779378355936e-09,4.13909423295366e-09,4.72726622559778e-09,5.07996932010978e-09,5.70250837590081e-09,6.21388593433312e-09,6.89791042192034e-09,7.57281237455729e-09,8.36534355725972e-09,9.20430606109807e-09,1.01532831476239e-08,1.1175601461373e-08,1.23272705283955e-08,1.35656926696521e-08,1.49631830811008e-08,1.64578426552105e-08,1.81583744655896e-08,1.99767960124602e-08,2.20370382038442e-08,2.42357107831128e-08,2.67301912157973e-08,2.94104360391534e-08,3.24338091357413e-08,3.56882927406943e-08,3.93465064891488e-08,4.33072664259553e-08,4.77357430182747e-08,5.25411579277358e-08,5.78983331507223e-08,6.37510856389351e-08,7.02657621944516e-08,7.73652168020563e-08,8.52130466970209e-08,9.38135939025195e-08,1.03362277629681e-07,1.13828586103464e-07,1.25373033480383e-07,1.38007825575204e-07,1.51959073976694e-07,1.67313411977215e-07,1.84285252059422e-07,2.0284433669991e-07,2.2323064655219e-07,2.45655702095e-07,2.70518484680446e-07,2.97873207928953e-07,3.27845189570622e-07,3.60405757179006e-07,3.9628132967234e-07,4.36141344304864e-07,4.80256835124425e-07,5.28162704004536e-07,5.80644709794338e-07,6.38450215552297e-07,7.019749093279e-07,7.71260347056906e-07,8.48095355567321e-07,9.32897995473874e-07,1.02528217940597e-06,1.12546874338715e-06,1.23616469917644e-06,1.35886487228091e-06,1.4932592477879e-06,1.63875668698941e-06,1.79787758905263e-06,1.97384705058845e-06,2.16857676874844e-06,2.38096013092221e-06,2.61014554980021e-06,2.85984513471524e-06,3.13744985734674e-06,3.44409555067631e-06,3.77520363068208e-06,4.13370845527269e-06,4.53038004402818e-06,4.96847874951904e-06,5.44210306000552e-06,5.95390549827656e-06,6.51732593035488e-06,7.14223321011652e-06,7.82189478310845e-06,8.55086871896261e-06,9.34133454830884e-06,1.02163644018694e-05,1.11760913043694e-05,1.22131275595444e-05,1.33358871526187e-05,1.45678698781457e-05,1.59067577860939e-05,1.73514940480984e-05,1.89117180497813e-05,2.06186180367345e-05,2.24878547648756e-05,2.45179849861287e-05,2.66747998237796e-05,2.89998836006415e-05,3.15670644534085e-05,3.43805074588403e-05,3.7353124301695e-05,4.05428487434608e-05,4.40281357531332e-05,4.77821337256903e-05,5.1756841287819e-05,5.60534790049388e-05,6.0728370619507e-05,6.58006384802062e-05,7.12208080789944e-05,7.68476649438995e-05,8.27192525139233e-05,8.91894847176452e-05,9.62984224089465e-05,0.000103695505849556,0.000111297034433436,0.000119457488084337,0.000128310993947082,0.000137451330614751,0.000146707237149309,0.000156694702441253,0.000167579121348641,0.000178425303518087,0.000189096894735029,0.000200561273911992,0.000212871001523393,0.000225153253813412,0.000237277044518189,0.000249414893814142,0.000261721489844992,0.00027415167495124,0.000286254139166182,0.000297716232896613,0.000309037665119544,0.000319731765592188,0.0003291402590099,0.000337569027259175,0.000345360708097255,0.000351504091876034,0.000355754357690237,0.000358352634416844,0.000359354150651326,0.000357982190669131,0.000354564016075034,0.000349016455731976,0.000340639474125859,0.000329614565870202,0.00031776611273898,0.000303779652662687,0.000286376352689387,0.000267385878624198,0.000248037691815908,0.000227489858095113,0.000205838396059053,0.000183895390882227,0.000162319065300479,0.000141435526665107,0.000121158128993656,0.000102023194111516,8.46971450481039e-05,6.92953970278252e-05,5.54662749081769e-05,4.34059730092321e-05,3.33614402570469e-05,2.52530593407625e-05,1.85127953576113e-05,1.32377728224905e-05,9.35245687985014e-06,6.42172237578465e-06,4.22471094043979e-06,2.73301757305162e-06,1.7109583055696e-06,1.0544960856304e-06,6.28540307292494e-07,3.38207292598996e-07,1.94969585862264e-07,1.13375107323994e-07,5.19115429245067e-08,2.56781649354356e-08,1.62783992773219e-08,5.2068070524302e-09,3.09488451673221e-09,1.46321541402728e-09,3.19526010871374e-10,2.84617188031966e-10,3.70513547271156e-12,-1.03171479702652e-10,0
2.02800157491224e-10,0,1.71330653780567e-09,1.36498286283976e-10,2.1812221996572e-09,7.06058421335147e-11,2.38141193976033e-09,7.98746445997676e-10,2.0445291247751e-09,1.66915131440888e-09,2.07974743228559e-09,2.21030292847367e-09,2.50802480634221e-09,2.65122585609384e-09,3.10707623733764e-09,3.20550184518386e-09,3.76863436779513e-09,3.94116013940173e-09,4.53325069644695e-09,4.84910432431435e-09,5.46062799170654e-09,5.93551149496921e-09,6.60331489295304e-09,7.23450545927883e-09,8.00615421002811e-09,8.79504883425531e-09,9.70960848694366e-09,1.0680768192611e-08,1.17822765966916e-08,1.29633004118566e-08,1.42941587373961e-08,1.57195163642658e-08,1.73384335580697e-08,1.90705139393236e-08,2.10318850116072e-08,2.31227175836018e-08,2.54942730111213e-08,2.80404553224196e-08,3.09130989165146e-08,3.39974276042197e-08,3.7465803549262e-08,4.12252202660983e-08,4.54355195538538e-08,4.99853316488156e-08,5.50457060848114e-08,6.05653657482218e-08,6.67224500430633e-08,7.34395620040883e-08,8.0866532121773e-08,8.89678655799845e-08,9.79455057051981e-08,1.07798578060236e-07,1.18673509896815e-07,1.30527342213446e-07,1.43591023563033e-07,1.57967948153062e-07,1.73866080400082e-07,1.91276630336153e-07,2.10423759889051e-07,2.31333067589386e-07,2.54292014827764e-07,2.79620325769927e-07,3.07778004528186e-07,3.38574731600546e-07,3.72123586711746e-07,4.08889730370439e-07,4.49664769172246e-07,4.94293930552709e-07,5.43365039904692e-07,5.97810865085517e-07,6.57638010772978e-07,7.21706767667073e-07,7.92720244953548e-07,8.7321930696336e-07,9.60926383643536e-07,1.05327664089181e-06,1.15525618481556e-06,1.27119550587128e-06,1.3990697729653e-06,1.53645075514513e-06,1.68584540772747e-06,1.84971622137144e-06,2.03066637216629e-06,2.23046020884535e-06,2.44846423861589e-06,2.6855533471301e-06,2.9462972971284e-06,3.23252246917384e-06,3.54506360909768e-06,3.88686405598723e-06,4.25910715342573e-06,4.66300036799254e-06,5.10622672810106e-06,5.60022103779623e-06,6.14282052679485e-06,6.72329798256627e-06,7.34891392300349e-06,8.04229962534501e-06,8.79856235939181e-06,9.61098446041597e-06,1.05106381540475e-05,1.15233225520986e-05,1.26111446070032e-05,1.37497955146074e-05,1.49698968232785e-05,1.63292156707233e-05,1.78603643850666e-05,1.95461228790944e-05,2.13143371647849e-05,2.3175001134978e-05,2.51905776826479e-05,2.74241232543613e-05,2.99138473102218e-05,3.26105552611961e-05,3.53808895872726e-05,3.83640507951326e-05,4.17320299358885e-05,4.53722535695269e-05,4.91419666804205e-05,5.31939559917114e-05,5.76621545035591e-05,6.24537361678457e-05,6.74338048068354e-05,7.28354029511046e-05,7.88184123397457e-05,8.50399361264736e-05,9.13881195613192e-05,9.82937648263729e-05,0.000105828387976871,0.000113762091938984,0.000122055093530065,0.000130646365244882,0.000139588308671671,0.000149214769300461,0.000159445061058124,0.000169705204636737,0.000180058614620231,0.00019113713459426,0.000202907792372941,0.000214509752158784,0.000225729728090158,0.000237300339299021,0.000249674779390493,0.000261841901586677,0.000272889757036509,0.000283416129839789,0.000294426263134688,0.000305023308068548,0.000314171512521281,0.000322232515058445,0.000329668715106261,0.000335287152570753,0.000339026187003544,0.000341861439609203,0.000343553762218997,0.000342302522124411,0.000338474606075233,0.000332963744084049,0.000325563361174703,0.000315586873924765,0.000303890558104741,0.000290080738895406,0.000273809394317541,0.000256114234041281,0.000237577774275783,0.000217818293597528,0.000197184575999955,0.000176155402945734,0.000155498441457817,0.000135694307275685,0.000116263527569665,9.79155209131582e-05,8.1466672414096e-05,6.65429989812239e-05,5.31103637500358e-05,4.17466419369512e-05,3.21671775609626e-05,2.42252976847356e-05,1.77681883987705e-05,1.27444404726261e-05,8.95535436226587e-06,6.13161814305572e-06,4.041590171808e-06,2.61675948190087e-06,1.63656933634043e-06,9.91772444089699e-07,5.87515153368868e-07,3.22016424057214e-07,1.83698830472245e-07,1.04290237891851e-07,4.62019422828054e-08,2.46838079527524e-08,1.67465333084314e-08,3.39664803843252e-09,2.65941019653392e-09,2.37837996838167e-09,-1.23474675249635e-10,9.37528494077741e-11,4.20639499197303e-10,-1.88632808111166e-10,0
1.98160932225306e-10,0,1.71522655769959e-09,2.96194622364495e-10,2.23805965596913e-09,-1.73538414459527e-10,2.42181415448524e-09,1.10012058030976e-09,1.82675570027095e-09,1.53766365263515e-09,2.514163371158e-09,1.72344014748405e-09,2.85369731987646e-09,2.46809853989802e-09,3.11180319885417e-09,3.27386305118075e-09,3.56370452744605e-09,4.16618584485519e-09,4.18908608741403e-09,5.14526496068054e-09,5.09594858681739e-09,6.18822079849036e-09,6.31861932753669e-09,7.39093181616901e-09,7.83489031407137e-09,8.86347215619833e-09,9.65320520307253e-09,1.06938763002523e-08,1.18276791796327e-08,1.29612900992373e-08,1.44310881822518e-08,1.5758723544901e-08,1.75651349939343e-08,1.91849814532119e-08,2.13480628997544e-08,2.33615916850208e-08,2.59307075794893e-08,2.843689079492e-08,3.14882204184203e-08,3.45940549917099e-08,3.8230061074106e-08,4.2050313185608e-08,4.64037182915468e-08,5.10828302884294e-08,5.6319216755133e-08,6.20175206385068e-08,6.8330254742656e-08,7.52561755124056e-08,8.28801678818457e-08,9.12623893995609e-08,1.00474179882275e-07,1.10627738388097e-07,1.21772740785243e-07,1.34036878442424e-07,1.47502976399654e-07,1.623267626872e-07,1.78602702038681e-07,1.96479510031819e-07,2.16131181193284e-07,2.3773361112121e-07,2.61481047655972e-07,2.87500464721487e-07,3.1608553617875e-07,3.4743550848594e-07,3.81924253705396e-07,4.19702456048786e-07,4.61259468682268e-07,5.06769800590139e-07,5.56786944424467e-07,6.11536940406913e-07,6.71776008739846e-07,7.37649742464244e-07,8.10066129630869e-07,8.89332698090561e-07,9.76384868298948e-07,1.07167522101295e-06,1.17631505317231e-06,1.29087253179682e-06,1.41651794961076e-06,1.55398574180618e-06,1.70466966060656e-06,1.86960251276118e-06,2.05035525594909e-06,2.24811412396409e-06,2.46467041200163e-06,2.70152045737273e-06,2.96065545738199e-06,3.24402281231568e-06,3.55399692840369e-06,3.89290625697011e-06,4.26318669127579e-06,4.66776843045192e-06,5.1096868682655e-06,5.59253650864279e-06,6.11932593423163e-06,6.69443466507489e-06,7.32145285127862e-06,8.005679621054e-06,8.7510656198044e-06,9.56434065455176e-06,1.04492999425646e-05,1.14133225149814e-05,1.24609427437816e-05,1.36020287938804e-05,1.48410492371843e-05,1.61889903492127e-05,1.76495173881267e-05,1.92356765973749e-05,2.09533909014682e-05,2.28200065900611e-05,2.4837045418752e-05,2.70222887876898e-05,2.93819238420317e-05,3.19394070015813e-05,3.46923974614698e-05,3.76678320114164e-05,4.08701606622187e-05,4.43260038376406e-05,4.8035749491784e-05,5.20235791537758e-05,5.62998263998577e-05,6.08894549036655e-05,6.57950025296985e-05,7.10392245858383e-05,7.66348666175564e-05,8.26031922840022e-05,8.89452539164355e-05,9.56761351061457e-05,0.000102803677187819,0.000110342397657591,0.00011829453274285,0.000126655962447988,0.000135424217653641,0.00014459449746897,0.000154162912644459,0.000164096567495244,0.000174379522532445,0.000184961750845552,0.000195821873166985,0.000206890159409416,0.000218136619848867,0.000229444787437246,0.000240765306366673,0.000251956773357848,0.000262966998738571,0.000273619943374734,0.000283858007158226,0.000293439870164329,0.000302278064935681,0.000310128653080606,0.000316951567320773,0.000322425876378676,0.000326490847051896,0.000328870304522861,0.00032959422071193,0.000328334871873786,0.000325136434803488,0.000319749351891063,0.000312385200451863,0.000302805819884828,0.000291220936257617,0.000277640809759786,0.000262340683434637,0.000245464267519088,0.000227317083079459,0.000208186376137136,0.00018845222335724,0.000168476054714429,0.000148624261694795,0.000129303404877979,0.000110812060793097,9.34930369652097e-05,7.75510314930071e-05,6.32518973935064e-05,5.06058976545775e-05,3.97074477682419e-05,3.04835172321845e-05,2.29477222411899e-05,1.68660385173511e-05,1.21126880544514e-05,8.46190192668568e-06,5.77196964550697e-06,3.82133399583825e-06,2.46726086596034e-06,1.54134510013888e-06,9.25395076614094e-07,5.35439447686899e-07,3.04085395133324e-07,1.70503801577597e-07,8.67731899072799e-08,4.33678006299043e-08,2.12359814741419e-08,1.08233381106331e-08,4.35136365276553e-09,2.33558820474182e-09,7.30747470603748e-10,3.45281949073275e-10,9.88346515600217e-11,6.86713244819158e-11,-4.34383855819807e-12,0
1.93627833164289e-10,0,1.52192750456903e-09,1.87640782078163e-10,2.11507886082823e-09,-1.25243608036667e-10,2.24949489627132e-09,8.97423176735676e-10,1.66190350010901e-09,1.74424835453213e-09,1.79452385104894e-09,2.20047186390372e-09,2.21879500418693e-09,2.56879541964805e-09,2.91672669695495e-09,2.96893767002832e-09,3.63897032497354e-09,3.67202811356604e-09,4.35827281103684e-09,4.57974552659184e-09,5.26003408320322e-09,5.64607944475783e-09,6.37613327690235e-09,6.94026431086428e-09,7.73893245327042e-09,8.50015174964481e-09,9.41239116804871e-09,1.03742358145453e-08,1.14607218295357e-08,1.2637124023916e-08,1.39514029623242e-08,1.53789106922814e-08,1.697521412237e-08,1.87024916728938e-08,2.06400363980517e-08,2.27300471863455e-08,2.50801555868469e-08,2.76117263670426e-08,3.04566700687747e-08,3.35236799993428e-08,3.69654945564956e-08,4.06848559130658e-08,4.48462336600811e-08,4.93548790760545e-08,5.43836851230316e-08,5.9845264488623e-08,6.5920936586e-08,7.25380985894802e-08,7.98810648254229e-08,8.78903770954052e-08,9.67582739055841e-08,1.06449487566364e-07,1.17166835263854e-07,1.28886535734542e-07,1.41818899422822e-07,1.55978691455766e-07,1.7160384576595e-07,1.88704051198716e-07,2.0753965330972e-07,2.28192859678528e-07,2.50953877432358e-07,2.75862682115032e-07,3.03250413889615e-07,3.33216391626977e-07,3.66167871640691e-07,4.02332384067227e-07,4.42223591421907e-07,4.8582870579324e-07,5.33553867237863e-07,5.85752976173738e-07,6.4341665293004e-07,7.06639084515621e-07,7.75821166566499e-07,8.51367639533878e-07,9.34648535213375e-07,1.02595369988876e-06,1.12573406607686e-06,1.23474856897617e-06,1.3547505655903e-06,1.48665325271582e-06,1.63097031447849e-06,1.7879782100595e-06,1.95989120385734e-06,2.14895522294828e-06,2.35600396162043e-06,2.58160530840955e-06,2.82866572701721e-06,3.09967835053416e-06,3.39536624831643e-06,3.71736612078221e-06,4.07024300600158e-06,4.45842959195797e-06,4.88071135318687e-06,5.33613104069598e-06,5.83384206363863e-06,6.38711949631496e-06,6.99237545322965e-06,7.64125469136365e-06,8.34214993508786e-06,9.11610572391425e-06,9.96366801226108e-06,1.08782257796666e-05,1.18713414063031e-05,1.29686527262958e-05,1.41592494679867e-05,1.54287663995512e-05,1.67952732233495e-05,1.83007800324307e-05,1.99517895039304e-05,2.17450529481068e-05,2.3661864176345e-05,2.57294906604848e-05,2.79876750844655e-05,3.04332302941832e-05,3.30125526026563e-05,3.57953141755889e-05,3.88441385320534e-05,4.21609091351161e-05,4.57454406173851e-05,4.96101446255926e-05,5.36320620694852e-05,5.78123245759713e-05,6.24009157849547e-05,6.75499594015475e-05,7.30329546266331e-05,7.86538436845432e-05,8.45885039914177e-05,9.1089844227983e-05,9.79093987633661e-05,0.000104828178807181,0.000112429635837862,0.000120907919645298,0.000129303046171335,0.000137566542995042,0.000146751209245478,0.000156526225527206,0.000166089067340843,0.000176054103070496,0.000186738035698661,0.000197433782095783,0.000208340987142515,0.000219334455687069,0.000229240230465812,0.00023896697482469,0.000250774757913934,0.000262598982307036,0.000271390646934409,0.000279148116025588,0.00028812836929647,0.000296231086173996,0.000302850442727814,0.000308295853279315,0.000311421251382431,0.00031325653477644,0.000315288666439917,0.0003143300382956,0.000310145497099624,0.000305615431146264,0.000299196769061107,0.000288694750948555,0.000277550203711304,0.000265953623236648,0.000251053102243815,0.00023437146293019,0.000217831985860721,0.000199506642351835,0.000179700273481323,0.000160832885305464,0.000142417115969031,0.00012360560510426,0.00010584837738902,8.97518183860465e-05,7.44570445146992e-05,6.04633305484678e-05,4.82826227258194e-05,3.78491912932384e-05,2.9209295146042e-05,2.2149643033626e-05,1.61601523067282e-05,1.14945327728359e-05,8.04893571824837e-06,5.55111425911413e-06,3.71328831814615e-06,2.31430574852837e-06,1.42736433388034e-06,9.56524908273231e-07,5.44300404946773e-07,2.58977427798197e-07,1.69001301771596e-07,9.19097788994422e-08,3.87228570453066e-08,3.24623791623311e-08,1.20086768042445e-08,-1.60978390048791e-09,6.85564490951614e-09,1.07412541680897e-09,-1.35382976704219e-09,2.17034068791132e-09,-9.28914166367921e-10,-8.76675863849653e-10,0
1.89198432581404e-10,0,1.52485944034666e-09,3.57983484463277e-10,1.81010371431949e-09,-3.35462290359739e-10,2.51442094834789e-09,9.11215545378058e-10,1.3361771673358e-09,1.85310848140881e-09,1.60261665882734e-09,2.32231786051431e-09,2.01130872104757e-09,2.5047142921917e-09,2.86822300400604e-09,2.87881317196184e-09,3.53071059810691e-09,3.56629981489471e-09,4.29005607384605e-09,4.4170143063382e-09,5.18971033826437e-09,5.47960830301421e-09,6.27194687106313e-09,6.77258938191478e-09,7.60839764804182e-09,8.31568724084371e-09,9.25339645172004e-09,1.01700035856038e-08,1.12645960374443e-08,1.24050571395451e-08,1.37075982849697e-08,1.51044220668633e-08,1.66738923965132e-08,1.8367821608967e-08,2.02643863840453e-08,2.23122802033347e-08,2.46045584512871e-08,2.70805566273498e-08,2.98515586889192e-08,3.28442705618286e-08,3.61861293007983e-08,3.98005149898103e-08,4.38370127517575e-08,4.82169969510334e-08,5.30854802377539e-08,5.83617038120705e-08,6.42243814556878e-08,7.06129393513214e-08,7.76893011374939e-08,8.53890281332881e-08,9.39107375243354e-08,1.03215486213213e-07,1.13487890341271e-07,1.24707981161485e-07,1.37099071461342e-07,1.5063828209571e-07,1.65550994783877e-07,1.81882135764651e-07,1.99897093788824e-07,2.19585459146221e-07,2.41222337055474e-07,2.64917460346162e-07,2.91039063199689e-07,3.19641400602572e-07,3.51066420643453e-07,3.85412321353296e-07,4.23197635878113e-07,4.64648869981618e-07,5.10267605428573e-07,5.60054460910949e-07,6.14660599930054e-07,6.74493887540366e-07,7.40403463039659e-07,8.12364126538161e-07,8.91136962519725e-07,9.7754453401382e-07,1.07262142043903e-06,1.17643140225722e-06,1.28982338387938e-06,1.41394477463884e-06,1.55034789568693e-06,1.69972528893706e-06,1.8630013656113e-06,2.04121439784825e-06,2.23636168090964e-06,2.45027322020243e-06,2.68434984394644e-06,2.93991571298662e-06,3.21969658813702e-06,3.52593858703583e-06,3.85911348490303e-06,4.22228944312323e-06,4.62200226130498e-06,5.06115384831737e-06,5.53583138599654e-06,6.04965866328006e-06,6.61540063547768e-06,7.23945811291648e-06,7.91292617670504e-06,8.6387810546529e-06,9.43621778534161e-06,1.03175371263559e-05,1.12675922271968e-05,1.2284846331396e-05,1.33933674866156e-05,1.46201460554929e-05,1.59548596817342e-05,1.73898946398484e-05,1.89299471847592e-05,2.06017500397967e-05,2.24218051933734e-05,2.4413236697073e-05,2.65637111726221e-05,2.88736505857812e-05,3.13446166821289e-05,3.40154812064052e-05,3.69135500490675e-05,4.00806283470119e-05,4.34703499514684e-05,4.70438785743097e-05,5.08700295613859e-05,5.50589858768559e-05,5.95418298293929e-05,6.42641580797273e-05,6.93546708899124e-05,7.48608711608413e-05,8.05516839115628e-05,8.64733531891733e-05,9.30450987982113e-05,0.000100185085885622,0.000107295858223698,0.000114538867248927,0.000122612027056593,0.000131271011665266,0.000139873851269608,0.000148678462870493,0.000158081013313432,0.000167766648330854,0.000177614452144783,0.000187735074783512,0.000197952081152815,0.000208153789635138,0.000218557595056975,0.000228813189130972,0.000238610613354467,0.000248247147338546,0.000257894866787284,0.000266744990454855,0.000274544581314159,0.000281559842015751,0.000287868269714866,0.000293045586297951,0.000296915578360975,0.000298952056053666,0.000299476940100908,0.000298582554316879,0.000295640557754859,0.000290376938138854,0.000284093601430927,0.000276016771559918,0.000264931527473181,0.000251842697001608,0.000238446593753519,0.000223828703101681,0.000207015224615059,0.000189027805245796,0.000171184759164739,0.00015345429476804,0.000135455380823551,0.00011760732149146,0.000100700405472701,8.51346156172466e-05,7.07054945964182e-05,5.7577922544781e-05,4.60729140424263e-05,3.62773707549033e-05,2.78698861284867e-05,2.09283040198642e-05,1.54167620539137e-05,1.11418912874723e-05,7.79683004699258e-06,5.30333156432922e-06,3.52937792341485e-06,2.32901565706549e-06,1.46478531266278e-06,8.46947109598299e-07,5.00919670582687e-07,3.23676717730633e-07,1.76376003329239e-07,7.21749474758654e-08,4.47362677602767e-08,3.07147782173426e-08,1.18078284133095e-08,2.9373345205115e-09,2.58204057211684e-09,1.39129339379706e-09,8.3855837319868e-10,-2.36361489575393e-10,-1.30106869214018e-10,1.58916661723371e-10,0
1.84870358286187e-10,0,1.52745283111403e-09,1.08166476401614e-10,1.52039685455367e-09,2.25438566593119e-10,2.41004354949564e-09,2.5584136096644e-10,1.384802776054e-09,2.23707377332821e-09,1.14269001802607e-09,2.15103858452993e-09,1.96645873042343e-09,2.4434941883921e-09,2.55207660278332e-09,2.75680892600088e-09,3.34383369569308e-09,3.29643142461374e-09,4.06714425346586e-09,4.11953549639163e-09,4.89257501025149e-09,5.12399009760761e-09,5.91582952872252e-09,6.3367819182016e-09,7.17380372916112e-09,7.79496605979744e-09,8.72186289490633e-09,9.55272895452248e-09,1.06136717083213e-08,1.1670837982706e-08,1.29215935114954e-08,1.42303577763184e-08,1.57261121387495e-08,1.73255658362186e-08,1.91260798727137e-08,2.10687420188321e-08,2.32428529878187e-08,2.55943214741043e-08,2.82197896867875e-08,3.10665888765049e-08,3.42366702234092e-08,3.76770369773242e-08,4.15086170536098e-08,4.56758425588346e-08,5.02977895533204e-08,5.53239160894661e-08,6.0902047366424e-08,6.69847106518726e-08,7.37125268500193e-08,8.10459796078124e-08,8.91603504235761e-08,9.80264063635835e-08,1.07813005060476e-07,1.18504758685451e-07,1.30310331653315e-07,1.43221053434281e-07,1.57444310479137e-07,1.73007034096266e-07,1.90181703485306e-07,2.08973673750407e-07,2.29616083269853e-07,2.5219232632504e-07,2.77107891195575e-07,3.04402674949693e-07,3.34347666501817e-07,3.67075249912443e-07,4.03173954962036e-07,4.42742818844798e-07,4.86159575154935e-07,5.33566941205522e-07,5.85720107722444e-07,6.42824539565954e-07,7.05545673353022e-07,7.74046826573652e-07,8.49269159237604e-07,9.31734247122873e-07,1.02217876590643e-06,1.12093155834669e-06,1.22913778159582e-06,1.34765287619273e-06,1.47757433797961e-06,1.61965526944815e-06,1.77521901921388e-06,1.9453207857043e-06,2.13144903377273e-06,2.33513368020773e-06,2.55814527735661e-06,2.80194472199653e-06,3.06854450864027e-06,3.3600972893874e-06,3.67819467455539e-06,4.02545089312956e-06,4.40613872556058e-06,4.82353799753425e-06,5.27671257498627e-06,5.76854368098585e-06,6.30791053089063e-06,6.90153851193077e-06,7.54485677164989e-06,8.24017782950678e-06,9.00015972515599e-06,9.83623019420142e-06,1.07432958507227e-05,1.17226701137985e-05,1.27834600623496e-05,1.39448827664857e-05,1.52135475162857e-05,1.65910751580752e-05,1.80669169476061e-05,1.96599601337654e-05,2.13967413303055e-05,2.33000196807489e-05,2.53499482859986e-05,2.75486375359795e-05,2.99078002282765e-05,3.24717363587023e-05,3.52515089911686e-05,3.82586939189945e-05,4.14658213407894e-05,4.48846439006991e-05,4.8567300866537e-05,5.25683166125234e-05,5.68330248836145e-05,6.13436900760211e-05,6.6200207120822e-05,7.14290648521552e-05,7.68678107830521e-05,8.257456407567e-05,8.88399420699985e-05,9.56022934743685e-05,0.000102456244315889,0.00010941860024476,0.000116939480805438,0.000125166806535137,0.000133750981896952,0.000142243482972591,0.000150714984442778,0.0001598212865539,0.000169792383358942,0.000179675338203634,0.000188916139679818,0.000198394260972832,0.000208758042735102,0.000218826783444974,0.000227765868483884,0.000236632296944509,0.000246278504503778,0.000255136388279785,0.000262119312985587,0.000268285186960178,0.000274621632386502,0.000280032245150066,0.000283557109225939,0.000285143047957862,0.000285540508518548,0.000284646441582543,0.000281983416930179,0.000277346322395629,0.00027118114854077,0.000262699337299168,0.000252184854222247,0.000240748674629074,0.000228014456267897,0.000212864417978558,0.000196829619617236,0.000181135255233823,0.00016430129381629,0.000146153362722959,0.000128948045731726,0.000113016212560989,9.70114949927551e-05,8.15656798336426e-05,6.78565788553769e-05,5.57136343125285e-05,4.470764088754e-05,3.51923757650417e-05,2.71685534088401e-05,2.05183281316632e-05,1.5124931300172e-05,1.09822387315821e-05,7.82250244585576e-06,5.38016315042822e-06,3.52167796225713e-06,2.31704735218983e-06,1.51259970114745e-06,8.72107547410053e-07,5.0277471537565e-07,3.4850973247693e-07,1.80565413760737e-07,5.34280189357096e-08,4.89368444722761e-08,3.85683509642593e-08,3.76218232990074e-09,6.97669837469073e-10,6.28521569697379e-09,-2.95086495701298e-10,-2.97990248397327e-10,1.01894837220791e-09,-4.42735221139853e-10,-2.03607095383332e-10,0
1.80641292354038e-10,0,2.52292431838878e-09,1.71440565301103e-09,-2.49535929503766e-09,-3.51796918057338e-10,8.08121892229619e-09,-3.68625271110615e-09,-1.58488553362388e-09,8.32049239543947e-09,-2.03303805484388e-09,-9.76183675618338e-10,7.58597589911463e-09,-1.78152424578824e-09,2.01614452585807e-09,5.56987178493489e-09,-4.26900765586261e-10,4.37343088926795e-09,4.03910652039908e-09,1.94653490547037e-09,5.55139440194881e-09,3.82813752004416e-09,4.62079249275317e-09,6.2306588946629e-09,5.15381865438832e-09,7.00460563399718e-09,7.26547614745331e-09,7.74179794200866e-09,9.25647513192081e-09,9.35518503415552e-09,1.09481162936394e-08,1.18537790153127e-08,1.31005761313927e-08,1.46739926510113e-08,1.56548462382847e-08,1.75560715953937e-08,1.9286007588488e-08,2.14044408157504e-08,2.3529956534518e-08,2.57092609664304e-08,2.84015423864455e-08,3.10445667011158e-08,3.4266557243864e-08,3.77692414063394e-08,4.17312330518204e-08,4.59887389535939e-08,5.06693897841468e-08,5.5743714226909e-08,6.11651452216534e-08,6.73745601192041e-08,7.46019621195132e-08,8.26472591296079e-08,9.12943962148999e-08,1.00754603703527e-07,1.1124553778218e-07,1.22537687386905e-07,1.34838390871553e-07,1.48305319594316e-07,1.63052273410233e-07,1.7986547998238e-07,1.99861730928254e-07,2.2143722784102e-07,2.42869475235633e-07,2.66622711940969e-07,2.94854988245056e-07,3.23819305925958e-07,3.52884746681764e-07,3.8921405188388e-07,4.35658954040781e-07,4.83036196391884e-07,5.25231833178954e-07,5.70169806280804e-07,6.27514911470037e-07,6.94171372180345e-07,7.6541533864994e-07,8.43986457764767e-07,9.29983893784693e-07,1.01768392836019e-06,1.11355533372969e-06,1.22685974654919e-06,1.34965688264562e-06,1.48071704119858e-06,1.63065438927849e-06,1.78927879118075e-06,1.95443347896602e-06,2.14927716889979e-06,2.37201766652515e-06,2.60051254709857e-06,2.83917569069551e-06,3.10047938375932e-06,3.38562701375631e-06,3.71286844245309e-06,4.09899966062253e-06,4.51769327190138e-06,4.93429315242061e-06,5.36174812921328e-06,5.84314931115913e-06,6.40629548917778e-06,7.04672679346889e-06,7.73952431222528e-06,8.45351631950457e-06,9.20443076053249e-06,1.00343288867567e-05,1.09500338659058e-05,1.19585140341207e-05,1.30894890359782e-05,1.42904882145301e-05,1.55533954019739e-05,1.696232161397e-05,1.84897710576109e-05,2.00986729309928e-05,2.19328986510539e-05,2.3959185145184e-05,2.60118075741742e-05,2.81177217513705e-05,3.04804844695525e-05,3.31744239217083e-05,3.6107871162216e-05,3.92248232184422e-05,4.25524333772115e-05,4.59864654524268e-05,4.96148467243246e-05,5.36074203833277e-05,5.79298203391178e-05,6.26001672621675e-05,6.76600389063146e-05,7.29403157611521e-05,7.83711070142283e-05,8.4106253787485e-05,9.029246897015e-05,9.69052218969768e-05,0.00010393654412534,0.00011129225258436,0.000118764382909321,0.00012653182122726,0.000134859880160886,0.000143607599429242,0.000152460790919031,0.000161218328534528,0.000169997773561296,0.000179337502988457,0.000189154875952672,0.0001987403134973,0.000207739425022102,0.000216582207632189,0.000225684672107245,0.000234859829275153,0.000242886388275841,0.000249395857205277,0.00025545717043223,0.000261809572388639,0.00026718366079494,0.000270454266292076,0.000271758434255324,0.000272177632840778,0.000271692183500658,0.00026952364273915,0.000264962658077728,0.000258726182484933,0.000250821326693223,0.000241146021376428,0.000230150931777031,0.000218060345384776,0.000203887913223745,0.000188184442309278,0.000172540299360777,0.000156662708819464,0.000139967078734922,0.000123343603788598,0.000107413557104038,9.22304761205764e-05,7.77095608932224e-05,6.423566472918e-05,5.25954493138786e-05,4.21621671941528e-05,3.29543057829465e-05,2.53925168176058e-05,1.91215670807236e-05,1.40329515144415e-05,1.01245512066634e-05,7.04872133419297e-06,4.83374894715149e-06,3.20430646557001e-06,2.03136628100034e-06,1.29935617754364e-06,7.97108176261156e-07,4.41413309109504e-07,2.54014913101878e-07,1.49731657690764e-07,7.35540961896246e-08,3.7933262811169e-08,2.04421073548619e-08,1.15887500946149e-08,3.50369476316e-09,1.16439332333541e-09,2.37467666388995e-09,-1.17721680026035e-10,-5.01160946609624e-10,1.25031624476707e-09,-2.3143462595684e-11,0
1.76508969884844e-10,0,2.27618328352922e-09,7.4349063974194e-09,-4.66517968677539e-09,-1.13425979401215e-08,1.98810341643844e-08,2.76809878723177e-09,-2.38481009860001e-08,2.262968624335e-08,8.09511324579891e-09,-2.7932963886111e-08,2.81021226836225e-08,-8.65002478533428e-11,-1.95871080969269e-08,3.06108832762654e-08,-1.37462859347583e-08,-3.18870641399584e-10,2.07522542112376e-08,-1.68442729857384e-08,1.68320635699441e-08,2.75273882079256e-09,-3.27812316597591e-09,1.72139232316526e-08,-4.81945542955996e-09,1.18884840843653e-08,6.87441516403361e-09,3.69812784950348e-09,1.41074305798246e-08,3.99285665660419e-09,1.36598530298418e-08,1.03115931166381e-08,1.17449284060254e-08,1.57379816748242e-08,1.25942380016905e-08,1.82836620304178e-08,1.68488966602584e-08,2.04458908232503e-08,2.21787007943454e-08,2.34600207997234e-08,2.73656863661454e-08,2.86083869917845e-08,3.30841956486489e-08,3.5681879134243e-08,3.97711597704591e-08,4.3967192019127e-08,4.87261982226618e-08,5.44754781144433e-08,5.91081550652219e-08,6.51283760924889e-08,7.19481646897332e-08,8.04733081190033e-08,8.9229652471813e-08,9.84626821604565e-08,1.08897136318139e-07,1.19502724733028e-07,1.30398100704247e-07,1.42650076286562e-07,1.58410889617735e-07,1.76253305517178e-07,1.94231360180976e-07,2.12327379975341e-07,2.32265990580029e-07,2.54640014243056e-07,2.7985473315271e-07,3.08589476667494e-07,3.39695921863656e-07,3.72797215576091e-07,4.10235682704303e-07,4.52126031680648e-07,4.96629094849908e-07,5.45885273739352e-07,6.04005427284263e-07,6.65943405369977e-07,7.27616223840211e-07,7.973748744589e-07,8.82087958823787e-07,9.78816529927709e-07,1.08364319134703e-06,1.18939302848044e-06,1.2958980507779e-06,1.41309942606696e-06,1.54846560854417e-06,1.70829398926712e-06,1.895558523178e-06,2.09897537240715e-06,2.29901612916698e-06,2.49168804314665e-06,2.70390446741825e-06,2.95956585123504e-06,3.24965854664699e-06,3.56680877513688e-06,3.91857672027894e-06,4.29339239121002e-06,4.68908709723309e-06,5.13938039441576e-06,5.64543498296264e-06,6.16366296423262e-06,6.67945050971564e-06,7.25428807551833e-06,7.95282652582569e-06,8.7458654109072e-06,9.57353303769279e-06,1.0468315589958e-05,1.1449562018541e-05,1.24772430051902e-05,1.35688205440122e-05,1.47902774900752e-05,1.61433258747135e-05,1.76556379011914e-05,1.93144110112727e-05,2.09914696599788e-05,2.27160057293553e-05,2.47167680060598e-05,2.69327016204266e-05,2.92296573798195e-05,3.1650795853902e-05,3.42601330490736e-05,3.71748065522582e-05,4.05269015052101e-05,4.41563773525063e-05,4.77580431576443e-05,5.11735783205435e-05,5.48265960623504e-05,5.9248520830442e-05,6.4215033648136e-05,6.93635444240384e-05,7.4853034124211e-05,8.05799646283528e-05,8.61851968886964e-05,9.19592246724481e-05,9.85041050870089e-05,0.000105676512641844,0.000113035769744462,0.000120640970746074,0.000128396293189705,0.000136176203564918,0.000144371622427824,0.00015308643932591,0.000162026181303264,0.000171191006456953,0.000180100998277262,0.000188251573600653,0.000196347137406431,0.000205498089622981,0.000215035987441283,0.000223229793879414,0.000229730106931482,0.000236440970803926,0.000243642789696722,0.000249053250382399,0.00025229834897791,0.000255551805558935,0.00025814498210503,0.000258778713907628,0.000257709519241246,0.000255231214682265,0.000251103409772301,0.000245089791419808,0.000237017099805138,0.000228273581276074,0.000217952575013813,0.000205357617317563,0.000192203497068074,0.000178400061724552,0.000163133417158139,0.000147442623079442,0.00013178023404497,0.000116421796550818,0.00010140265012903,8.66284499295982e-05,7.31339321397151e-05,6.0804060608332e-05,4.94083768221726e-05,3.96064661616667e-05,3.11468200192254e-05,2.3729941024889e-05,1.79316896241765e-05,1.32630467642391e-05,9.43545094948502e-06,6.62613629826223e-06,4.57764123908174e-06,3.02814555014574e-06,1.93382134290311e-06,1.21014089205068e-06,7.68403683586727e-07,4.4092534915914e-07,2.40567859748241e-07,1.42321171454377e-07,7.78978298930947e-08,3.67620690981443e-08,1.73745662036937e-08,1.3396054489281e-08,3.42129158346662e-09,9.8078442947848e-10,8.90945044645305e-10,1.26160437202575e-09,-2.35705702533168e-09,6.10514557010662e-10,1.88285687664429e-09,0
1.72471177790002e-10,0,4.29451761365457e-09,-1.02149418386698e-09,-7.2958088587821e-09,8.06621677771232e-09,9.51206949246917e-09,-1.71006678528169e-08,8.54330725639377e-09,1.39682228247355e-08,-1.97598569049503e-08,1.25767567519649e-08,9.07517670949766e-09,-1.6944213540453e-08,1.86822963243587e-08,-2.56180465296568e-09,-5.04504757796435e-09,1.64620122019536e-08,-8.92916887732598e-09,8.59119717430209e-09,5.74128494629561e-09,-2.74978252564146e-09,1.2242306385067e-08,-8.48959447737213e-10,7.67162477465906e-09,6.84909397658581e-09,3.58419140831122e-09,1.07558995614053e-08,4.97648083094464e-09,1.05855221020266e-08,9.30945974461594e-09,1.00155422670772e-08,1.2838921947732e-08,1.14978045203815e-08,1.53321294967118e-08,1.50782005019782e-08,1.77637145214134e-08,1.93227448435346e-08,2.09057311802315e-08,2.3728895538549e-08,2.5348325519297e-08,2.87244316026974e-08,3.11326235737094e-08,3.44763412709426e-08,3.77831278076599e-08,4.16604239668803e-08,4.61181671913648e-08,5.02524475807562e-08,5.53712658524425e-08,6.1148750240392e-08,6.79759659029446e-08,7.47761873264693e-08,8.20107729910381e-08,9.01130655755572e-08,9.90555956983227e-08,1.08804844418075e-07,1.20000091544209e-07,1.33535949820362e-07,1.48440499656928e-07,1.63215587739234e-07,1.78319651345553e-07,1.96079110603491e-07,2.17080289475647e-07,2.3951518515689e-07,2.63376310242277e-07,2.89912198587506e-07,3.19214454700821e-07,3.51254778886538e-07,3.87814971317449e-07,4.28257728826814e-07,4.71054651093156e-07,5.17215038769524e-07,5.67185461957663e-07,6.20496902650721e-07,6.83345400463349e-07,7.59561376103894e-07,8.42518848994026e-07,9.22689663114699e-07,1.00044743012411e-06,1.09004753305824e-06,1.2031298783505e-06,1.33163810503149e-06,1.46704711980349e-06,1.61626764740884e-06,1.77968432803817e-06,1.94543327103435e-06,2.12167830056581e-06,2.32682514979537e-06,2.55835172723306e-06,2.80928893775309e-06,3.08238055091893e-06,3.37827087711695e-06,3.69866331695968e-06,4.05577189858513e-06,4.45732922138039e-06,4.88858898595849e-06,5.3280796071765e-06,5.78994601326929e-06,6.32493876115238e-06,6.96247909931196e-06,7.65692841355437e-06,8.36491518385241e-06,9.1160384669048e-06,9.9513264176294e-06,1.08624715128757e-05,1.18559924919235e-05,1.29504580311335e-05,1.41416718074381e-05,1.54190558753421e-05,1.68012150281854e-05,1.826830888255e-05,1.9849374668745e-05,2.16223603180202e-05,2.3562794540596e-05,2.55868355782301e-05,2.77986473055856e-05,3.02337070852565e-05,3.28085980786478e-05,3.55901919691417e-05,3.86585383056054e-05,4.18119512350857e-05,4.50128800279936e-05,4.85745571331506e-05,5.26895231373248e-05,5.7119917576853e-05,6.16445940583012e-05,6.63635444843505e-05,7.13452311214786e-05,7.64660766022579e-05,8.18857522818756e-05,8.79686691325493e-05,9.46454879382634e-05,0.000101464559266021,0.000108278203182503,0.000115301118620608,0.000122676035389879,0.000130496318671445,0.000138699077086369,0.000147007104806233,0.000155159240124655,0.000163263871943543,0.000171695355383329,0.000180673860886323,0.000189779152607,0.000198373108022218,0.00020587181671316,0.000212850768306794,0.000220449516222768,0.000228170709643417,0.000234055789968123,0.000238350816462368,0.000242499025783251,0.000246322385935129,0.000248482208242122,0.000248870984183164,0.000247782452444801,0.000245605696169483,0.000241688774951461,0.00023600412024226,0.000228934998468548,0.00022036935744892,0.000210173565844894,0.000198923600710828,0.00018622913250721,0.000172336846753922,0.000157889953285301,0.000142943170339379,0.000127970302189791,0.000113128272503292,9.83246985864793e-05,8.42945813297232e-05,7.12666974467647e-05,5.90813221729609e-05,4.83041756260629e-05,3.87616731503663e-05,3.03513802863405e-05,2.33872988403177e-05,1.77430193747751e-05,1.30266896934718e-05,9.36235248011781e-06,6.61361182177534e-06,4.52277250807744e-06,2.98393706749464e-06,1.94610795000892e-06,1.22459084379053e-06,7.46001324666934e-07,4.35463843601748e-07,2.41669075422209e-07,1.43172902517353e-07,7.26952314165221e-08,3.65975661546077e-08,2.15287877525638e-08,9.27659964565444e-09,3.74357668890552e-09,1.80474661890895e-09,1.8271556086682e-09,-6.94325960844457e-11,3.39352111775601e-12,1.66406692282659e-09,-5.598078635669e-10,0
1.6852575360718e-10,0,4.00510845026646e-09,-7.78649826998983e-10,-6.75529234058724e-09,7.20920506158139e-09,9.08096219089828e-09,-1.56500831938837e-08,7.54786179426928e-09,1.31587065911073e-08,-1.80010230541988e-08,1.12339536610043e-08,8.71118982783474e-09,-1.54795720164895e-08,1.69263815052815e-08,-1.89298028564235e-09,-4.72388255876704e-09,1.51235462638989e-08,-7.7958645533417e-09,7.70222044775609e-09,5.60482600064624e-09,-2.35599535113463e-09,1.12452717327787e-08,-3.61340813797515e-10,7.0429162603022e-09,6.62629598332837e-09,3.53914748510702e-09,1.00645166853374e-08,5.00388688606842e-09,9.92795383196517e-09,9.02871396754478e-09,9.56946580426112e-09,1.22273346286648e-08,1.10975239500509e-08,1.45729101065317e-08,1.45089867203904e-08,1.69187394056541e-08,1.85050041400311e-08,2.00122711122023e-08,2.26934293392622e-08,2.42869662379748e-08,2.74420668683387e-08,2.98173402401825e-08,3.29588258517025e-08,3.61373956263534e-08,3.98180980765554e-08,4.40767062614942e-08,4.80514621880921e-08,5.29362159801481e-08,5.84615256564413e-08,6.49262575600255e-08,7.1416603769986e-08,7.83525809633949e-08,8.61444298647205e-08,9.47128418322822e-08,1.04040545488873e-07,1.14761273094088e-07,1.2769193161577e-07,1.41867594413615e-07,1.55852137012453e-07,1.70194214631059e-07,1.87224729579451e-07,2.07564200790933e-07,2.29274731145041e-07,2.52041957221272e-07,2.77138434581987e-07,3.04986600408104e-07,3.35584975306109e-07,3.70432256662648e-07,4.09032120094837e-07,4.50136654223173e-07,4.94558137165735e-07,5.42506391788664e-07,5.93360719309676e-07,6.52783589184597e-07,7.25022037378684e-07,8.04890248180928e-07,8.82713299950301e-07,9.57091931615824e-07,1.04152615044393e-06,1.14856202690266e-06,1.27146581055064e-06,1.40159231211412e-06,1.54493304319602e-06,1.7021569739818e-06,1.86065316341647e-06,2.02682860996545e-06,2.22087142907384e-06,2.44305408277826e-06,2.68518394897577e-06,2.94683607523197e-06,3.22806967808973e-06,3.53335868667763e-06,3.8760246818522e-06,4.26076836923929e-06,4.67150689486891e-06,5.08931699504961e-06,5.52839683662134e-06,6.03781220810504e-06,6.64972345240372e-06,7.31909760216369e-06,7.99588205932169e-06,8.70889788167076e-06,9.50515345825019e-06,1.03768646106012e-05,1.13270111699754e-05,1.2372082268702e-05,1.35059029993474e-05,1.47218241206127e-05,1.60461308688931e-05,1.74537713892587e-05,1.89608050061113e-05,2.06526922790387e-05,2.25124665491718e-05,2.44432555352617e-05,2.65462511444877e-05,2.88707454876865e-05,3.13344101000272e-05,3.39964741542868e-05,3.69344854226302e-05,3.99472346648286e-05,4.29880300347703e-05,4.63740172468294e-05,5.0317724734371e-05,5.45759562780597e-05,5.88998566326817e-05,6.33847847784378e-05,6.81310343506075e-05,7.30296141616573e-05,7.82033767422109e-05,8.40093556375757e-05,9.04026375253184e-05,9.69206749777476e-05,0.000103421849927754,0.000110143445412793,0.000117194558600006,0.000124642591561585,0.000132463538671929,0.000140402164351841,0.000148198395034666,0.000155961770125852,0.000164020264748097,0.000172566757704459,0.000181259623139537,0.000189519138415781,0.000196710368874627,0.000203318820918904,0.00021052060463048,0.000217952207116366,0.00022364749966463,0.000227721878836165,0.000231646851588393,0.000235313955012592,0.00023738615876152,0.000237758187166218,0.000236724087155142,0.000234672547260639,0.000230950076613819,0.000225479255859091,0.000218714489826231,0.000210561993601743,0.000200825281088775,0.000190096902597357,0.000177983560783515,0.000164687767530206,0.000150870313071146,0.000136586791635804,0.000122296726791697,0.000108136847292725,9.39773842892926e-05,8.05571665254909e-05,6.81155226005002e-05,5.64631950111036e-05,4.6162881322919e-05,3.70543831086549e-05,2.9003386203581e-05,2.2342163257012e-05,1.69602438598479e-05,1.24493737528775e-05,8.93982829486896e-06,6.31528898841542e-06,4.32064385657233e-06,2.84773128308995e-06,1.85380529779012e-06,1.1669121846501e-06,7.10941193073513e-07,4.13971936188081e-07,2.28817931622093e-07,1.35698201942366e-07,6.89095007520083e-08,3.42401273966391e-08,2.03687812421905e-08,8.74969152215249e-09,3.48281201433955e-09,1.66742466350967e-09,1.70382536954638e-09,-1.65202520964397e-11,-7.84246977242396e-11,1.64664097731231e-09,-4.75181863645759e-10,0
1.64670584342204e-10,0,4.13860431236905e-09,-1.20527147966597e-10,-7.59859969680507e-09,6.37195264230929e-09,1.05614116637457e-08,-1.56411676580449e-08,5.75120398819705e-09,1.44117421063943e-08,-1.74643651827953e-08,9.39999571422925e-09,9.81145145221506e-09,-1.51977110177746e-08,1.54084843206829e-08,-6.55286380995287e-10,-5.22267837213739e-09,1.43774241609519e-08,-6.81729279552407e-09,6.62039100018822e-09,5.8107002475227e-09,-2.26674976069779e-09,1.04325401697867e-08,9.85133945482444e-11,6.34880598927838e-09,6.51469578849813e-09,3.39832487582604e-09,9.45328941311914e-09,4.99721490599963e-09,9.27859795002828e-09,8.78189150540508e-09,9.1179105031344e-09,1.1648768825723e-08,1.06739068723968e-08,1.38314554433771e-08,1.39501389941684e-08,1.60982128282242e-08,1.77091123325018e-08,1.9136307774994e-08,2.1685624790286e-08,2.32404220223217e-08,2.61856594735891e-08,2.85379975191122e-08,3.14881946368368e-08,3.45131806243925e-08,3.80040757087787e-08,4.21063312565466e-08,4.59238972229297e-08,5.05300108126162e-08,5.57972709124586e-08,6.19691469180754e-08,6.81879968177005e-08,7.47961761478833e-08,8.22622126725577e-08,9.04932118505549e-08,9.93854422745326e-08,1.09550943038214e-07,1.21907665110824e-07,1.35569353556708e-07,1.48905969107935e-07,1.62325063971605e-07,1.78398742860794e-07,1.98135828332375e-07,2.19354599450623e-07,2.4111546808126e-07,2.64740484813045e-07,2.91112888605168e-07,3.20234397121979e-07,3.53406274585802e-07,3.90305156940894e-07,4.2977961276872e-07,4.72544607349783e-07,5.18681832304713e-07,5.66964649510485e-07,6.2243026505846e-07,6.90594271346695e-07,7.68361008894734e-07,8.45058920902643e-07,9.15776498955497e-07,9.93437343063423e-07,1.09391590560906e-06,1.21232740832765e-06,1.33777315570917e-06,1.47520020716042e-06,1.62731060750034e-06,1.77958018731372e-06,1.93464589171017e-06,2.11609255470607e-06,2.32911184950952e-06,2.56376746031969e-06,2.81534331004575e-06,3.082370562864e-06,3.37144616491387e-06,3.69855589554892e-06,4.06801188933997e-06,4.4620753040619e-06,4.86038138088757e-06,5.27340155753336e-06,5.75130843646986e-06,6.33800931920933e-06,6.99045277965651e-06,7.64104564036962e-06,8.3131554258331e-06,9.06747598620595e-06,9.90016718905479e-06,1.08078252451497e-05,1.18058716691122e-05,1.2885218394579e-05,1.40399384247099e-05,1.53083752338915e-05,1.66595972445863e-05,1.80878043251645e-05,1.96955344756792e-05,2.14844923575425e-05,2.33272321093289e-05,2.53165907105279e-05,2.75332934643959e-05,2.98880304201228e-05,3.24248964918075e-05,3.52441898641195e-05,3.81396948675751e-05,4.10108817542599e-05,4.41838920208385e-05,4.79511899487137e-05,5.20750183848567e-05,5.62231795300351e-05,6.04676708359266e-05,6.49757436736514e-05,6.9651208370238e-05,7.45498532927919e-05,8.00535237052869e-05,8.61940051586706e-05,9.24591405564599e-05,9.86487237828508e-05,0.000105039459973779,0.000111744681287213,0.000118809378336705,0.000126256293179608,0.000133850931651255,0.000141295655307532,0.000148676584059366,0.000156306843752643,0.000164394936739396,0.000172702449850683,0.000180697034380923,0.000187580994690956,0.000193663655128566,0.000200336171624023,0.000207562396682451,0.000213169546122856,0.000216896044520057,0.000220416200976751,0.000223915234360005,0.000225945909965274,0.000226236640158834,0.000225122693632261,0.000223123114230495,0.000219565446664879,0.000214226419588112,0.000207672646010881,0.000199869577085032,0.000190517084208168,0.000180263065163758,0.000168706169801661,0.000155949394855702,0.000142705538165581,0.000129047386291807,0.000115436438096133,0.000102004306593501,8.85118262471088e-05,7.57152191479531e-05,6.39210096011623e-05,5.28662382417981e-05,4.31180128194323e-05,3.45503579060829e-05,2.69436033806398e-05,2.06625243513296e-05,1.56529918354432e-05,1.14466121418755e-05,8.16335766135654e-06,5.73798583203594e-06,3.91079380652373e-06,2.5555525544489e-06,1.64700027924305e-06,1.03081309130845e-06,6.25003007971185e-07,3.5939007432912e-07,1.94131600972961e-07,1.15862333438081e-07,5.8967513651455e-08,2.81792955437462e-08,1.74044139912959e-08,7.6993951375217e-09,2.8352607452772e-09,1.28255723860546e-09,1.63875640223751e-09,5.28582778678365e-11,-2.69884025846124e-10,1.70015556028557e-09,-3.29710932028386e-10,0
1.60903605337432e-10,0,2.91981959486946e-09,1.30748646259351e-09,-4.98534474118484e-09,2.37760738868055e-09,9.70520102569313e-09,-1.08719407188145e-08,2.40311955726061e-09,1.38078299752989e-08,-1.50148448301624e-08,7.03628286574681e-09,1.14596991719913e-08,-1.6561941206504e-08,1.57291893350724e-08,4.75784350869725e-10,-8.10884852541832e-09,1.7507648580125e-08,-9.12122188501261e-09,6.63852999622521e-09,7.55838935130445e-09,-5.42052139654833e-09,1.314846267664e-08,-1.86257451897792e-09,6.43050784377818e-09,7.35553950622812e-09,1.31974281094157e-09,1.11206421402581e-08,3.24969931881654e-09,9.65276764048624e-09,8.39014312888214e-09,8.07847386047906e-09,1.21083976732388e-08,9.25846222752354e-09,1.39347427687157e-08,1.2761738444347e-08,1.53779982114594e-08,1.69600293484391e-08,1.79398329081889e-08,2.11053553903912e-08,2.18683555389665e-08,2.52588063494457e-08,2.70537692126421e-08,3.0198760564441e-08,3.32369495747039e-08,3.65928327469066e-08,4.08644830128975e-08,4.45720876763533e-08,4.9421485442047e-08,5.4179189139017e-08,5.99516101218988e-08,6.5833549668708e-08,7.23413495023583e-08,7.96481182714699e-08,8.75940190590306e-08,9.65172903656398e-08,1.06481630217982e-07,1.17956934228219e-07,1.30195491352378e-07,1.43076941744123e-07,1.56999573124533e-07,1.72969519983957e-07,1.91530463030769e-07,2.11645378562336e-07,2.32787623675823e-07,2.55738190379819e-07,2.81464930557291e-07,3.10044407244879e-07,3.42416615880949e-07,3.7840313386477e-07,4.1746914752818e-07,4.5935398774126e-07,5.03732242150211e-07,5.51117714551532e-07,6.053372911504e-07,6.69501488740125e-07,7.4254827882222e-07,8.17305702921884e-07,8.89434400908481e-07,9.6713607550772e-07,1.06085143423237e-06,1.16900834606516e-06,1.28582323624562e-06,1.41279213600719e-06,1.55406339871311e-06,1.70525504800071e-06,1.86680930481722e-06,2.04689865777826e-06,2.24372425425977e-06,2.45427309103753e-06,2.68373930416881e-06,2.938714057202e-06,3.22682781973101e-06,3.55287942723278e-06,3.91165863437217e-06,4.29127867273825e-06,4.68096732178629e-06,5.08924735445909e-06,5.55075325014767e-06,6.09603600922924e-06,6.70448450465193e-06,7.34396013853644e-06,8.01742216139542e-06,8.73924857033377e-06,9.51462026833678e-06,1.03764740359508e-05,1.13543446209534e-05,1.24375115795507e-05,1.35778820337597e-05,1.4755753908691e-05,1.59869807574982e-05,1.73420704652972e-05,1.88730802840471e-05,2.05551530939086e-05,2.23247560576961e-05,2.42414441694272e-05,2.6343397665859e-05,2.85821914578446e-05,3.09862193437496e-05,3.3610078997898e-05,3.63287597916417e-05,3.91489780281008e-05,4.2223311335881e-05,4.56619293103244e-05,4.94518465526698e-05,5.34446405924582e-05,5.75830945690543e-05,6.19056185176927e-05,6.63638030639559e-05,7.10855332776687e-05,7.62567023027192e-05,8.18517968712444e-05,8.77142470345293e-05,9.36908956948982e-05,9.9818710291012e-05,0.000106254884309039,0.000113074905653482,0.00012015530819133,0.000127297022211684,0.000134329298352556,0.00014129075550725,0.000148462925227876,0.000156108052878957,0.000163900622858212,0.000171355950927566,0.000178089258948581,0.000184350316817735,0.000190674998097394,0.000196865064997797,0.000201934207177129,0.00020597546618243,0.000209488036449407,0.000212426778613598,0.000214237679096871,0.000214694529969337,0.000213676068000721,0.000211639034551913,0.000208236758059567,0.000203312679249878,0.000197067926729357,0.000189566763580371,0.000180712986941778,0.000171005184009647,0.000160155195751384,0.00014820335809334,0.0001357768207124,0.000122879042746497,0.00010979217367897,9.70310553064647e-05,8.44334663899167e-05,7.23219100507016e-05,6.10563748287397e-05,5.05746833522998e-05,4.13144438731804e-05,3.31040781707086e-05,2.59011777531293e-05,1.99331929989317e-05,1.50555947336688e-05,1.1046723448764e-05,7.9502230836464e-06,5.59503157500481e-06,3.8184721964753e-06,2.51792600487641e-06,1.63783294977778e-06,1.02432420681052e-06,6.23268577786682e-07,3.65887932010518e-07,2.02037297996669e-07,1.16994394192186e-07,5.93244925791477e-08,3.11721843506464e-08,1.69891950707801e-08,7.6842805354704e-09,3.57791521062643e-09,8.16083441085843e-10,1.61116687454477e-09,1.32124544273943e-10,-2.82739055915549e-10,1.90741198579957e-09,-3.11837982863332e-10,0
1.57222799166012e-10,0,4.053097755186e-09,4.21426500047903e-09,-1.10199006662775e-08,-9.26335386984485e-10,2.46210465460477e-08,-1.88858071270555e-08,-1.30280414578576e-08,4.14323261450048e-08,-2.67423379237329e-08,-1.18933715662331e-08,4.71422018077469e-08,-4.15704721134295e-08,1.22870406051341e-08,2.81294714615311e-08,-4.1761163385312e-08,3.80371603924565e-08,-8.65549524434332e-09,-1.14025128357508e-08,3.1739074036264e-08,-2.52669228553356e-08,2.17292522992722e-08,8.99707398704314e-10,-4.64279646183817e-09,2.06004736830666e-08,-1.02679021647346e-08,1.7379056261269e-08,1.87558824348951e-09,6.19922791936641e-09,1.37557746043359e-08,1.88029906888088e-09,1.65197741745026e-08,5.87918630967625e-09,1.41122406233987e-08,1.27402228567512e-08,1.2517594129572e-08,1.8066839930815e-08,1.48161324770932e-08,2.1558515376093e-08,1.98137878516347e-08,2.42077334942291e-08,2.58355972498142e-08,2.78894682769991e-08,3.18157209049869e-08,3.38983469262904e-08,3.97930901039733e-08,4.27215760198431e-08,4.80659426835115e-08,5.26748712091492e-08,5.85512184776436e-08,6.45489446268625e-08,7.02444921744767e-08,7.74762451894081e-08,8.4503487383867e-08,9.26757197249159e-08,1.01669431901478e-07,1.13319982083844e-07,1.25614333185769e-07,1.37427907692284e-07,1.49518080061716e-07,1.63633612058352e-07,1.81387119888618e-07,2.00749605281758e-07,2.20272633147315e-07,2.40882293532572e-07,2.64171253247922e-07,2.89503775648553e-07,3.19050736854073e-07,3.54193838971659e-07,3.94029331081258e-07,4.37742968977474e-07,4.81541099460063e-07,5.21760671788632e-07,5.66197152416588e-07,6.28398812554669e-07,7.11450163230242e-07,7.97173533537617e-07,8.65504877163278e-07,9.28668435010805e-07,1.01288469369222e-06,1.11699197228776e-06,1.22640360955358e-06,1.34429359979577e-06,1.48314781042067e-06,1.63235575712724e-06,1.78500052750078e-06,1.96083870769212e-06,2.15487426422188e-06,2.34744166042744e-06,2.54554267764805e-06,2.76487384948484e-06,3.02170949708112e-06,3.33252248078738e-06,3.70191440695692e-06,4.10731939327243e-06,4.49325380894811e-06,4.83554011679674e-06,5.20690452096533e-06,5.70598593071605e-06,6.31478254940376e-06,6.95913020691666e-06,7.63291718025363e-06,8.32984506238073e-06,9.00707960975349e-06,9.73102295121531e-06,1.06501751029042e-05,1.18097168753205e-05,1.30695371256396e-05,1.42695537688399e-05,1.53842544773581e-05,1.65749973362241e-05,1.80088773349652e-05,1.9643077692905e-05,2.13165115233418e-05,2.31219468597032e-05,2.51943341514353e-05,2.73996492888931e-05,2.97626789820735e-05,3.24928843258228e-05,3.52394751531403e-05,3.77727761424448e-05,4.04455691312395e-05,4.35544633082207e-05,4.72459465165888e-05,5.13396881729075e-05,5.55839224055377e-05,5.99809857870792e-05,6.42093866748402e-05,6.83526123618637e-05,7.30557778088086e-05,7.84652767985014e-05,8.43298488960938e-05,9.02303339545233e-05,9.59568095071956e-05,0.000101899687698873,0.000108502206376288,0.000115723755175076,0.000123106654388962,0.000130020733630168,0.000136143144372466,0.000142109204113837,0.000149207812988514,0.000157343633342995,0.000165174793045734,0.000171641621481342,0.000177198665952962,0.000183328334105555,0.000189955994498268,0.000194876787270829,0.000198017026088721,0.000201088350705515,0.000204227187033037,0.000206305693654029,0.000206858632222126,0.000205668133026254,0.000203674764634675,0.000200625587862125,0.000195737380604553,0.000189647708661787,0.000182481005041905,0.000173626316515427,0.000164422709964566,0.000154494327066114,0.000142900022746007,0.000131043581832056,0.000118872138166426,0.000105923452711597,9.37421713090523e-05,8.19065372894321e-05,7.00392203421393e-05,5.91693556046463e-05,4.89712421170113e-05,4.00043372268799e-05,3.22047872051019e-05,2.50223523093342e-05,1.92159946972089e-05,1.46399224625385e-05,1.06935070607397e-05,7.66504782731479e-06,5.47095763187211e-06,3.77039882925128e-06,2.45050807800254e-06,1.61361839105934e-06,1.0330973167357e-06,6.29052981852119e-07,3.77023085402129e-07,2.01244775531009e-07,1.26187851168529e-07,6.52767028407006e-08,2.69182892121549e-08,2.00265734010709e-08,8.50252761118903e-09,3.28878541217568e-09,-9.46493679615092e-10,1.78201993853844e-09,7.4833771515518e-10,-3.11636700439359e-09,4.4636517746934e-09,1.61362112080587e-09,0
1.53626194551438e-10,0,4.43459956495782e-09,-4.31950547451242e-09,-7.10065873439586e-09,1.38242490711578e-08,3.93763077642797e-09,-1.99883311999766e-08,1.70263627768623e-08,7.52178475701182e-09,-2.21073124604042e-08,2.08437861908855e-08,2.11665994415458e-10,-1.45791279886775e-08,2.24250635376095e-08,-1.09009170868589e-08,1.40495587573248e-09,1.31962256500135e-08,-1.16607825953883e-08,1.30580928128789e-08,-4.66564033084024e-10,7.88776463956397e-11,1.04759921506739e-08,-3.47194910683723e-09,9.57449341568638e-09,2.57784605271681e-09,4.51862890622854e-09,8.36991383808267e-09,3.07360067348244e-09,9.88169814589805e-09,5.83289779276508e-09,9.14665732828715e-09,9.56522987850017e-09,9.37125127202178e-09,1.25197880617107e-08,1.146707963184e-08,1.46821523917588e-08,1.49206894200844e-08,1.71580838683546e-08,1.88286690923547e-08,2.02000001014009e-08,2.28651680051729e-08,2.45220008197275e-08,2.75046688560966e-08,2.99322531935087e-08,3.35806751977652e-08,3.70352548506099e-08,4.03648337091032e-08,4.42396085243225e-08,4.85408566465083e-08,5.36936489775007e-08,5.87269065149963e-08,6.46198837599466e-08,7.13029396467494e-08,7.87214473571283e-08,8.672214552056e-08,9.60077330340321e-08,1.06396587040332e-07,1.16968886945174e-07,1.28093869882503e-07,1.40793430558856e-07,1.55809286638492e-07,1.72556098005772e-07,1.89881805949162e-07,2.0840137390683e-07,2.29494673415628e-07,2.52960084459875e-07,2.78650739225702e-07,3.07651169847325e-07,3.39385059997851e-07,3.73902201935024e-07,4.11152277950955e-07,4.49734810096356e-07,4.90692788690735e-07,5.3985938324784e-07,6.01090301048739e-07,6.68977429036898e-07,7.30833923365906e-07,7.88605135416207e-07,8.61436285060306e-07,9.56630569825241e-07,1.05997978454478e-06,1.16224127591856e-06,1.27435668132213e-06,1.40222190540695e-06,1.53743428069946e-06,1.68571398723838e-06,1.85407819280574e-06,2.0325615318161e-06,2.21932036139823e-06,2.42723270537759e-06,2.66658661347001e-06,2.93568158516305e-06,3.22853160578361e-06,3.54539048010347e-06,3.87867171405057e-06,4.21038200454337e-06,4.56362719302911e-06,5.00096739966797e-06,5.52939133990763e-06,6.08244571628749e-06,6.6398439405359e-06,7.23387296711246e-06,7.8680202074562e-06,8.54332942062081e-06,9.32793068741735e-06,1.02704740490475e-05,1.13070559502774e-05,1.23157307492074e-05,1.32829586472209e-05,1.43262467109368e-05,1.55986688150214e-05,1.71002302058209e-05,1.86783910371274e-05,2.02688788426931e-05,2.20283299612647e-05,2.39571054596125e-05,2.59649069868608e-05,2.81780152397985e-05,3.0598245344639e-05,3.30187207945274e-05,3.55444366992374e-05,3.83743909468765e-05,4.16149199063076e-05,4.518829751559e-05,4.88370573228184e-05,5.25596429632562e-05,5.64045284261823e-05,6.03328019256361e-05,6.46624857161634e-05,6.95807444997869e-05,7.48659227890757e-05,8.02403561772321e-05,8.55240462030726e-05,9.09043383877894e-05,9.67607329305605e-05,0.000103138387777182,0.000109711482434921,0.000116202877274421,0.000122437854145296,0.000128568660237129,0.00013523113804553,0.000142702895445238,0.000150084595856614,0.000156497362125131,0.000162065507217608,0.000167845362248539,0.000174135442620829,0.000179768392933266,0.000183869043073544,0.000187432366255955,0.000190994726765707,0.000193950587129155,0.000195496162205493,0.000195491520336466,0.000194355871099655,0.000192583545020253,0.000189405536500641,0.00018494163719574,0.000179358017793452,0.000172226482170089,0.00016396280267605,0.000155217445940723,0.00014508732359464,0.000133951198781931,0.000122697713576753,0.000110800500705999,9.87229208361006e-05,8.72173517400306e-05,7.58247659455447e-05,6.47449665741081e-05,5.44279425263606e-05,4.50664793748914e-05,3.68792467212043e-05,2.94091071463216e-05,2.29115258753151e-05,1.76852487999195e-05,1.33701168814193e-05,9.75831968096299e-06,7.01840040284948e-06,4.95399347747354e-06,3.35956661337288e-06,2.20612821338401e-06,1.44265691936759e-06,9.16807806226546e-07,5.58699982017092e-07,3.15333592400967e-07,1.80197250014338e-07,1.10982971068809e-07,5.49126473120377e-08,2.87183913965908e-08,1.69743584584885e-08,8.48820138196305e-09,2.0739194238859e-09,1.56952781110905e-09,2.59951480175942e-09,-8.89250896642929e-10,5.18116132410943e-10,1.83622713538539e-09,-1.06521681441204e-09,0
1.50111865311823e-10,0,2.66714772328701e-09,-1.75464267891628e-09,-3.37989082047795e-09,6.82039899923705e-09,3.74423334240168e-09,-1.15108844172628e-08,9.08369711039671e-09,7.34099233927048e-09,-1.4829413829069e-08,1.22947693054311e-08,4.39982465209381e-09,-1.29264333582222e-08,1.64792330706666e-08,-4.35974343103735e-09,-3.01107661561199e-09,1.36996501137144e-08,-9.04698318556531e-09,8.57389200866157e-09,3.57386553063841e-09,-2.6422069092006e-09,1.08381244387317e-08,-2.34476499319964e-09,7.15247296229323e-09,4.78718793180196e-09,2.46066856028769e-09,9.10855218628802e-09,2.79288888957964e-09,8.95447985593596e-09,6.5362293008909e-09,7.78076172385495e-09,1.00859741972057e-08,8.41319279177956e-09,1.2187165568175e-08,1.09733159623475e-08,1.37196508542398e-08,1.45540964975809e-08,1.59524384828345e-08,1.82698687986621e-08,1.91150200432607e-08,2.19718959409683e-08,2.34078744749716e-08,2.62526943796474e-08,2.87959040721446e-08,3.20782370182688e-08,3.57270289614919e-08,3.8987548466833e-08,4.3089942570299e-08,4.71922202604824e-08,5.22006965835481e-08,5.71953273838203e-08,6.29292786770163e-08,6.93866137072644e-08,7.64802851531909e-08,8.43648534422529e-08,9.32359949836029e-08,1.0310688018466e-07,1.13327784661228e-07,1.24504171152528e-07,1.37165385247961e-07,1.51406140514239e-07,1.66983239342065e-07,1.83706583688857e-07,2.02173509812173e-07,2.22817225280119e-07,2.45417554484535e-07,2.70081205278558e-07,2.98013912017809e-07,3.29012558791703e-07,3.63083880727538e-07,3.99755138962736e-07,4.37805956871237e-07,4.78342995759367e-07,5.26009816633564e-07,5.83285462169098e-07,6.46574127493354e-07,7.08357017971085e-07,7.70110710282634e-07,8.424753007002e-07,9.29296738163528e-07,1.02391939533802e-06,1.12244351843057e-06,1.23020222273282e-06,1.35104506093169e-06,1.48177501123214e-06,1.62651723609973e-06,1.78790406644318e-06,1.95793728654658e-06,2.13754480764973e-06,2.33772345554699e-06,2.56564293352808e-06,2.82050618750763e-06,3.09986223878946e-06,3.40573700717726e-06,3.73236411142758e-06,4.06493627998617e-06,4.41864753896749e-06,4.83557927081948e-06,5.32366036502873e-06,5.84797544362649e-06,6.40025070713554e-06,6.98976951515946e-06,7.60635365701438e-06,8.25721974852847e-06,9.00719557669627e-06,9.9002260913417e-06,1.08924237536354e-05,1.1885653787929e-05,1.28608024856537e-05,1.39015633288346e-05,1.51173639343414e-05,1.65048908586047e-05,1.79793094153362e-05,1.95116440750872e-05,2.12010123781654e-05,2.30509936676285e-05,2.50079971417788e-05,2.71352024051045e-05,2.94386201812851e-05,3.17856459487681e-05,3.42544860185921e-05,3.69666949769372e-05,3.99823050332225e-05,4.33165179008824e-05,4.68281500869485e-05,5.04630760964183e-05,5.42318012629347e-05,5.80917786245065e-05,6.22573375351133e-05,6.68549638330352e-05,7.17713159628688e-05,7.69043549099376e-05,8.20722308491109e-05,8.73102968140471e-05,9.29335441573021e-05,9.90147344990819e-05,0.000105279092735022,0.000111498184236372,0.000117545589574179,0.000123535816938808,0.000129895168457828,0.000136807742936036,0.00014361859984708,0.000149806010520456,0.000155510174720457,0.000161246686826513,0.00016698961438986,0.00017210804613605,0.000176199551697846,0.000179853251638343,0.00018316091107849,0.000185716416325182,0.000187148382306433,0.000187351439013813,0.000186355580026027,0.000184562198259558,0.00018150276885646,0.000177251664248123,0.000171904369922044,0.000165140565025711,0.000157239536591043,0.000148823372699658,0.00013924939026346,0.000128733907340378,0.00011799958360619,0.000106698793015396,9.51686587142664e-05,8.41194737198805e-05,7.31939925368668e-05,6.255814734967e-05,5.27268176016902e-05,4.37177147419991e-05,3.57182643946216e-05,2.85268053523682e-05,2.23007077827476e-05,1.72034038472464e-05,1.29700153527628e-05,9.48594530686048e-06,6.84018785576089e-06,4.81619630987476e-06,3.27197138742817e-06,2.15625145617434e-06,1.40730631983298e-06,8.84795662320647e-07,5.3600545991718e-07,3.08180846453678e-07,1.74562968267683e-07,1.03060142189919e-07,5.00319466118203e-08,2.62773249239962e-08,1.49831174891381e-08,6.87266232838431e-09,1.94439055792396e-09,1.23759045150866e-09,1.70310148083925e-09,-5.39935469600813e-10,2.12885811008028e-10,1.68933595899649e-09,-5.37373558135249e-10,0
1.46677929328323e-10,0,2.29014696034971e-09,-1.48402022747375e-09,-2.51955520739451e-09,5.80554572090401e-09,2.85574021087622e-09,-9.48203729125686e-09,8.41315199546752e-09,5.38671781923797e-09,-1.2300643469525e-08,1.16669015503476e-08,2.27075705825634e-09,-1.00766637091278e-08,1.4996889680321e-08,-5.43387503609991e-09,-5.95836907872852e-10,1.13103295849114e-08,-8.30502987775032e-09,9.26205031315276e-09,1.68430679563695e-09,-1.036643369981e-09,9.66865314199085e-09,-2.4589721450324e-09,7.69412010677755e-09,3.52976320665225e-09,3.21493271135475e-09,8.25504844790683e-09,2.67105317823782e-09,8.86941730912562e-09,5.73181017886349e-09,7.92296176337943e-09,9.27989344687442e-09,8.22595926355014e-09,1.16256071683116e-08,1.03611220317445e-08,1.33035799998372e-08,1.37089569795424e-08,1.54135764036601e-08,1.73365312958522e-08,1.82993989365289e-08,2.09630302314517e-08,2.22835253275691e-08,2.51357714886826e-08,2.74746255773417e-08,3.07624943226888e-08,3.4156440890196e-08,3.73487207982139e-08,4.11952799921514e-08,4.50443344437535e-08,4.98021486125163e-08,5.45335633905624e-08,6.00573455537204e-08,6.62095064376344e-08,7.30738007437386e-08,8.06503431550399e-08,8.91139611748084e-08,9.83924929756512e-08,1.08053116831199e-07,1.18854514054917e-07,1.31113947435902e-07,1.44632119543369e-07,1.59185907019663e-07,1.75047222635292e-07,1.92891395135976e-07,2.12838809523648e-07,2.344760054863e-07,2.58039119733174e-07,2.84724900046509e-07,3.14299651829297e-07,3.46824008009411e-07,3.81786831023065e-07,4.18185277064277e-07,4.57305617622704e-07,5.03090877865755e-07,5.57301497929498e-07,6.16855143834246e-07,6.7585203203221e-07,7.36343961364725e-07,8.06709637052934e-07,8.89194109410757e-07,9.78731078889642e-07,1.0723859124532e-06,1.17452397044194e-06,1.28902051078253e-06,1.41434314704385e-06,1.55405243025371e-06,1.70803835007173e-06,1.86906301119385e-06,2.04027878400834e-06,2.23248261818709e-06,2.45189216357124e-06,2.6954871306748e-06,2.95910543805689e-06,3.24674471037872e-06,3.55622373988832e-06,3.87530143605037e-06,4.21800202922887e-06,4.61981688348129e-06,5.08377690652257e-06,5.58023945903245e-06,6.10626334008177e-06,6.66789195063665e-06,7.25500981350631e-06,7.87944869324022e-06,8.60213372691869e-06,9.45927626361169e-06,1.04052724737419e-05,1.13463954038349e-05,1.22692418004593e-05,1.3262261275897e-05,1.44313514990205e-05,1.57614114693451e-05,1.7167206570879e-05,1.86307693372639e-05,2.02456639681948e-05,2.20113526412478e-05,2.38795309722063e-05,2.58983546622643e-05,2.80755339950306e-05,3.03208068465795e-05,3.27034427251255e-05,3.52965129683239e-05,3.81620818125781e-05,4.1333025966404e-05,4.46769467208852e-05,4.81485163990611e-05,5.17472085534695e-05,5.54370530386577e-05,5.94242703591761e-05,6.37940690666506e-05,6.84559303640814e-05,7.33555258396098e-05,7.82969441017433e-05,8.32978411565002e-05,8.86811256916163e-05,9.4499770575934e-05,0.000100454801694385,0.000106348696690983,0.000112110102503748,0.000117865930382207,0.000123990219831918,0.000130585038548219,0.000137011115778732,0.0001428845469349,0.000148413556024355,0.000153958421253311,0.000159350481775653,0.000164111018078853,0.000168061359892574,0.000171682163551576,0.000174858499774537,0.000177244843801355,0.00017860479999246,0.000178801048314401,0.000177833377565596,0.00017611949474803,0.00017323464270996,0.000169253668386586,0.000164187466284333,0.00015770043199039,0.000150174946371541,0.000142186977661981,0.000133047326660257,0.000123041614832554,0.000112851613605064,0.000102069843735504,9.10643666064965e-05,8.05358190381654e-05,7.01210036946833e-05,5.9969877042359e-05,5.05744490281462e-05,4.19751051623736e-05,3.43223304180031e-05,2.74343041297752e-05,2.14945920964533e-05,1.66020602398444e-05,1.25214071396723e-05,9.18612690388491e-06,6.63855030670868e-06,4.67563553214109e-06,3.18887576885642e-06,2.11023415122648e-06,1.37772773674198e-06,8.69640343208393e-07,5.29160325606522e-07,3.05459432954566e-07,1.74651619282764e-07,1.02506940936719e-07,5.05044303083672e-08,2.69955516493534e-08,1.49631021014632e-08,7.18157398567413e-09,2.17622367571098e-09,1.43055423170556e-09,1.63628494873669e-09,-4.37583052248611e-10,3.82334651012013e-10,1.42304478600938e-09,-5.49559567095968e-10,0
1.43322547537152e-10,0,2.92505157930551e-09,-4.46458482019857e-10,-5.22160256456228e-09,5.26286375052116e-09,7.58769082091641e-09,-1.29229986402546e-08,5.65168271186407e-09,1.21984865985624e-08,-1.72280084880217e-08,1.05803423719045e-08,8.20270592285292e-09,-1.68957221443569e-08,1.8595740157434e-08,-4.63323950127568e-09,-5.01931686180606e-09,1.66613743863509e-08,-1.26163080068007e-08,1.08597343137151e-08,2.48522815537877e-09,-3.94961891943112e-09,1.29549414122615e-08,-5.6032905106249e-09,9.33168626309763e-09,2.93289954721945e-09,2.18742833837437e-09,9.63320723049289e-09,5.75369853225401e-10,1.01510168718311e-08,4.29182669894395e-09,7.96518948827292e-09,9.05325165040027e-09,7.23741928409189e-09,1.18990753374607e-08,8.97858126111074e-09,1.33061416096422e-08,1.25961157181144e-08,1.49070316189434e-08,1.66015073080986e-08,1.71972937815581e-08,2.01146317411573e-08,2.07348704807733e-08,2.40673805163734e-08,2.58919717805969e-08,2.9570155792587e-08,3.29350895824647e-08,3.62120827633319e-08,3.98910201343134e-08,4.31361278459065e-08,4.75985239922354e-08,5.17511408932978e-08,5.70223512278949e-08,6.27670984940574e-08,6.95510000490119e-08,7.69156714148275e-08,8.50784850452473e-08,9.37386866245586e-08,1.02294311553217e-07,1.12256135966291e-07,1.24104955950931e-07,1.3707717996614e-07,1.50290942460359e-07,1.64691246499682e-07,1.81500856343418e-07,2.00958173944464e-07,2.21974385136159e-07,2.44318829144196e-07,2.69712974634661e-07,2.98311169187009e-07,3.30321695638436e-07,3.64686290586654e-07,3.99334878719993e-07,4.35492940127173e-07,4.77226621318657e-07,5.27469896503676e-07,5.86008353337177e-07,6.46150366022091e-07,7.06738286036101e-07,7.74608030973638e-07,8.51732958051743e-07,9.34782378954705e-07,1.01989826107472e-06,1.10968427549666e-06,1.21346499770138e-06,1.3352581145767e-06,1.47552447812247e-06,1.62615199675483e-06,1.77549125473586e-06,1.92791900901404e-06,2.10075276903422e-06,2.31113420668555e-06,2.55246795352869e-06,2.80111398784596e-06,3.060070681625e-06,3.34733568747912e-06,3.6536415185487e-06,3.97972250043934e-06,4.36146129174639e-06,4.80312016293262e-06,5.27127250390524e-06,5.77376947235508e-06,6.31734465761626e-06,6.87036254122097e-06,7.43547352530592e-06,8.09064429958325e-06,8.91680125859077e-06,9.89206296209938e-06,1.08506525225348e-05,1.16862111918917e-05,1.25323034040628e-05,1.36240230549128e-05,1.49523004198011e-05,1.63283005786778e-05,1.7710480366214e-05,1.92438383332394e-05,2.09403614301911e-05,2.2711930517228e-05,2.46011907174732e-05,2.66771961827499e-05,2.88790850459193e-05,3.12110565436395e-05,3.36460273687787e-05,3.62573284268379e-05,3.92089230123364e-05,4.24359743519455e-05,4.58990292294283e-05,4.94847406595029e-05,5.30009361986139e-05,5.67274129293278e-05,6.07614490737144e-05,6.50285800558298e-05,6.97551334619449e-05,7.46355122899948e-05,7.93408646696752e-05,8.43938958109983e-05,9.00792999658087e-05,9.59189885521295e-05,0.000101598571896883,0.000107036876927262,0.000112315425762454,0.000118017053115611,0.000124443543698071,0.000130711147009447,0.0001362746402784,0.000141603701921779,0.000147140433890557,0.000152368688194071,0.000156581721668999,0.000160061631783899,0.000163716175684915,0.000167001560759602,0.000169344363332431,0.000170816004037807,0.000170960761132439,0.000169674680612409,0.000168009923290411,0.000165476092587128,0.000161809288350647,0.000157164989851058,0.000150947348558217,0.000143522316543012,0.000135982398966164,0.000127365554747834,0.000117718925485192,0.00010818088326772,9.79311005357038e-05,8.70243465319584e-05,7.6921122374411e-05,6.71928124862796e-05,5.74083014816498e-05,4.82288092935514e-05,3.99476794507982e-05,3.26563133405027e-05,2.60668129828768e-05,2.03732627493653e-05,1.5701940081981e-05,1.18066997123311e-05,8.64674255154216e-06,6.24432135088313e-06,4.39195979647667e-06,2.99832372656636e-06,1.97650115218198e-06,1.28119904764348e-06,8.1705289632477e-07,5.00064716646145e-07,2.84326583485163e-07,1.63105340908775e-07,9.55302651240589e-08,4.88343775801345e-08,2.55893475839687e-08,1.28005667994951e-08,8.37362973637334e-09,1.54647666991494e-09,5.66600317454482e-10,2.33641153236614e-09,-6.24164733704317e-10,1.31982096784872e-10,2.01470274239234e-09,-3.13281413260787e-10,0
1.40043922944669e-10,0,2.09746324525186e-09,-2.70951271818169e-10,-2.47212258395312e-09,3.78040201339995e-09,2.7609706283084e-09,-6.866996365163e-09,7.704185909988e-09,1.74285398258787e-09,-8.77627091511946e-09,1.29805777040924e-08,-4.00291528059644e-09,-4.43277061483644e-09,1.44401832200138e-08,-1.10586395413636e-08,7.11106885840031e-09,5.60428511624716e-09,-8.07658650156223e-09,1.35198682788101e-08,-5.36599214424172e-09,4.72417250054358e-09,6.37699991781365e-09,-3.37681006190495e-09,1.07981537498696e-08,-1.4853778422663e-09,7.00467792843043e-09,5.14441875338182e-09,2.81413411650575e-09,9.36538794226872e-09,2.92733978493956e-09,9.78311752848721e-09,6.3800900707704e-09,8.88139764755552e-09,1.01827550279985e-08,9.16605247176242e-09,1.30124232141694e-08,1.14199060186915e-08,1.50515180257043e-08,1.48540000787101e-08,1.70794858028387e-08,1.8752127904068e-08,2.01998685092804e-08,2.33136699936881e-08,2.49150055684396e-08,2.85481919969614e-08,3.0741009059741e-08,3.42455419297366e-08,3.73241543303549e-08,4.09638409933825e-08,4.5194771555039e-08,4.95133602415231e-08,5.48564374274941e-08,6.03079666294962e-08,6.6858406225107e-08,7.35339711638913e-08,8.11255720133388e-08,8.91918460008393e-08,9.80905192460835e-08,1.08081277183037e-07,1.19040643263073e-07,1.30781025177819e-07,1.43290632332985e-07,1.57555446245243e-07,1.73998651340481e-07,1.92612362630923e-07,2.12773849516847e-07,2.34618010521754e-07,2.58694912730051e-07,2.85093914637479e-07,3.14148065205274e-07,3.450113619991e-07,3.77834311649666e-07,4.14835687827774e-07,4.57185473202645e-07,5.04476822139229e-07,5.57419216773138e-07,6.14175612625137e-07,6.74665969116386e-07,7.413986061832e-07,8.1405297707948e-07,8.91257835608142e-07,9.73600091353529e-07,1.06380316246463e-06,1.16649887660434e-06,1.28432404987065e-06,1.41554390052281e-06,1.5543823193574e-06,1.70035234703058e-06,1.85857650630284e-06,2.03486375039916e-06,2.23548255702216e-06,2.45694718697591e-06,2.69118850395958e-06,2.93954754453655e-06,3.20887444727161e-06,3.50405429704061e-06,3.83480541369061e-06,4.21069590275571e-06,4.62677437822393e-06,5.07014967880411e-06,5.54132190412191e-06,6.04117022230837e-06,6.57643430212727e-06,7.17172035926134e-06,7.859698183629e-06,8.63322414329747e-06,9.45135248004206e-06,1.02741764448456e-05,1.1115536740114e-05,1.20532064190203e-05,1.31629844199845e-05,1.43985942749579e-05,1.56883852371127e-05,1.70211956045112e-05,1.84481360314601e-05,2.00007076497439e-05,2.17020136760897e-05,2.35536049999319e-05,2.55360072831773e-05,2.76258237456413e-05,2.98381941808328e-05,3.21864491168086e-05,3.47667020384698e-05,3.76011609914766e-05,4.06229577446557e-05,4.38326719526102e-05,4.71320084418967e-05,5.05023306865718e-05,5.41514121433375e-05,5.80468890651966e-05,6.21657202890851e-05,6.66035552036151e-05,7.1171959011074e-05,7.58411344326883e-05,8.08277003607441e-05,8.60680675840669e-05,9.13563652288268e-05,9.66716662852061e-05,0.000101981712747256,0.000107375805465306,0.00011305567518034,0.000118918825248572,0.00012455981848349,0.000129974798921027,0.000135220767443558,0.000140261758358386,0.000144950087101156,0.000149168042134508,0.00015293993483635,0.000156450350920022,0.000159334865078379,0.000161450688445863,0.000162622386255221,0.000162649730421081,0.000161776161818818,0.000160341283470087,0.000157740397597805,0.000154194068114609,0.000149665994995011,0.000143739131334955,0.000136929745098497,0.000129619593892081,0.000121173175342574,0.000112144020423956,0.000102902509472726,9.30135458272965e-05,8.30490564953827e-05,7.33945706824384e-05,6.38306174037526e-05,5.46889445406145e-05,4.61429682805643e-05,3.82279175578441e-05,3.12078996460275e-05,2.49977160499578e-05,1.96622001005269e-05,1.51489914029873e-05,1.14073477040852e-05,8.40349119000409e-06,6.06990387407874e-06,4.25450596197691e-06,2.91505043186376e-06,1.93579022113356e-06,1.24905587657981e-06,7.91824474627095e-07,4.79090023859971e-07,2.78083736412795e-07,1.61433372025444e-07,8.63577243850717e-08,4.73515882832667e-08,2.6052619912853e-08,1.1752590408737e-08,7.78398292701423e-09,1.27586340742483e-09,2.05344160423255e-09,1.39999955992748e-09,-6.24730969600701e-10,1.33726032332825e-09,4.71803606503437e-10,-6.79579637608567e-10,0
1.36840299664982e-10,0,2.25389635400686e-09,6.41437429531484e-10,-3.41893083900842e-09,2.44156006101674e-09,4.80357879426412e-09,-6.47936313276606e-09,4.92339406540694e-09,3.48543715416154e-09,-7.61422455388037e-09,1.01038516310349e-08,-2.33583733634658e-09,-3.78824481553683e-09,1.21478905548038e-08,-9.15199940290215e-09,6.53576250840842e-09,4.55016338422295e-09,-6.53643840191667e-09,1.21035307263455e-08,-5.00595749165399e-09,5.00665280629434e-09,5.34060985208772e-09,-2.56339296634533e-09,9.99447727403024e-09,-1.47717275805258e-09,7.02609606402473e-09,4.47184090067546e-09,3.11056307886408e-09,8.69805625309971e-09,2.8794972628656e-09,9.43227067718712e-09,5.90439061518591e-09,8.74466557772288e-09,9.53275975915897e-09,8.91421840047577e-09,1.23617268887937e-08,1.08980229531022e-08,1.44188032336415e-08,1.40898407859933e-08,1.64523125642207e-08,1.78713046545682e-08,1.94040041821713e-08,2.2252638936269e-08,2.37987912449893e-08,2.72336833102575e-08,2.92662845243509e-08,3.27005612842063e-08,3.56297142929901e-08,3.92345662198258e-08,4.32521854323311e-08,4.74506728219442e-08,5.25237695766238e-08,5.76616167030895e-08,6.38442107823711e-08,7.01198911572328e-08,7.73622242142785e-08,8.51830850953655e-08,9.38657770547996e-08,1.03310352954235e-07,1.13633022335983e-07,1.24895694744204e-07,1.36916517347332e-07,1.50340461047714e-07,1.65777855652428e-07,1.83652562909359e-07,2.03339317539768e-07,2.24468153591557e-07,2.47168120974647e-07,2.71778078265543e-07,2.99219038356687e-07,3.29016547717935e-07,3.60765056560415e-07,3.96329061265837e-07,4.37064469767322e-07,4.81966165550318e-07,5.32066429170925e-07,5.86634710421984e-07,6.44478270401684e-07,7.07588327257753e-07,7.77099880598935e-07,8.52111545214239e-07,9.32404933534202e-07,1.01880647343778e-06,1.11494403829392e-06,1.22489072004144e-06,1.34888424952099e-06,1.48275858854654e-06,1.6255753129546e-06,1.77949559779705e-06,1.94750882058451e-06,2.13597568365844e-06,2.345203569708e-06,2.56876994389901e-06,2.80561326481232e-06,3.06346477835891e-06,3.34843928158714e-06,3.66461318033457e-06,4.0194833512778e-06,4.41504808875819e-06,4.83876289709997e-06,5.28615212887426e-06,5.76580894501972e-06,6.28957262179218e-06,6.86568326522977e-06,7.51019081340827e-06,8.22378807302392e-06,8.99631391177756e-06,9.80864228993852e-06,1.06448424578795e-05,1.15352330522332e-05,1.25647995789329e-05,1.3739727032185e-05,1.49932424064517e-05,1.6271041562555e-05,1.76177615031185e-05,1.90955992751358e-05,2.07300097579714e-05,2.25037127509684e-05,2.43966466871709e-05,2.63966661166722e-05,2.8521527437715e-05,3.0771723913979e-05,3.32192734420677e-05,3.58982198394228e-05,3.87669451381542e-05,4.18357791408377e-05,4.50261502969828e-05,4.82748805635419e-05,5.17440110034476e-05,5.54498462859e-05,5.93633040233252e-05,6.35808242642451e-05,6.79944544715732e-05,7.25058885749576e-05,7.72115593783343e-05,8.21338857243327e-05,8.71867084176719e-05,9.23377890990005e-05,9.75007357396232e-05,0.00010266391715881,0.000107988171421376,0.000113533214699612,0.000118982730723335,0.000124172502701484,0.000129103534042348,0.000133890732578964,0.00013846933820449,0.000142626621530139,0.000146231928120502,0.000149457713922176,0.000152119121315465,0.000154164744760037,0.000155374890806028,0.000155473505952616,0.000154629722431791,0.000153215268964613,0.000150699164060527,0.000147274944553038,0.000143004920542849,0.000137464122355888,0.000130920319347516,0.000123858992681179,0.000115869325262613,0.000107224560694471,9.82883712203249e-05,8.89365200723663e-05,7.94771079156516e-05,7.01373837729592e-05,6.09712093614853e-05,5.22853164017235e-05,4.41313426127539e-05,3.65413805200246e-05,2.98010898474679e-05,2.38701679751994e-05,1.87768812109686e-05,1.44667133079167e-05,1.08920522940025e-05,8.00793717775619e-06,5.77717846642736e-06,4.05254901491865e-06,2.77626086251576e-06,1.83796483407268e-06,1.17979080220675e-06,7.47761083143258e-07,4.55544440350262e-07,2.63069536004224e-07,1.49490484044406e-07,8.01567826227212e-08,4.54928356404847e-08,2.45735769803018e-08,1.02339888676757e-08,7.78269212464234e-09,1.42864633566477e-09,1.59348562496947e-09,1.34972313655379e-09,-3.96742950213315e-10,1.17173157868525e-09,2.91256776990434e-10,-4.952989888142e-10,0
1.33709961979573e-10,0,2.0957477972624e-09,3.12921317109148e-09,-5.2220130666756e-09,-2.17572680920482e-09,1.44085876092587e-08,-1.00085153940577e-08,-6.94779514135852e-09,2.47585657333621e-08,-2.03284733969976e-08,8.11480255494041e-10,2.5474027223291e-08,-3.33506273056644e-08,2.54601054956155e-08,8.26650697392061e-10,-2.13283953376462e-08,3.66749260965917e-08,-2.93381605256668e-08,1.78186809790669e-08,6.30823521473567e-09,-1.75694099498328e-08,3.04026228885958e-08,-2.25965812550403e-08,1.99619000845046e-08,-8.82937435157524e-10,-2.62636494318917e-09,1.8937303393936e-08,-1.22326166075997e-08,2.10839251875542e-08,-5.04674090739917e-09,1.14155596793624e-08,8.21186619919247e-09,2.65012845670147e-09,1.66265748471553e-08,1.21299737090163e-09,1.80480786602854e-08,6.23998746166416e-09,1.53593718848197e-08,1.3292618401107e-08,1.35900875435512e-08,1.91622499290849e-08,1.47264268320105e-08,2.34014269327173e-08,1.95768982486203e-08,2.66056506483764e-08,2.55202100637623e-08,2.97948245226272e-08,3.33886397472342e-08,3.63617391348896e-08,4.24485276587787e-08,4.51580269099057e-08,5.26127699737128e-08,5.60851951084157e-08,6.31448624283949e-08,6.7774126654928e-08,7.4472327692244e-08,8.2076485935907e-08,9.15512023871004e-08,1.02574377354866e-07,1.12832324697522e-07,1.23807482054967e-07,1.32235420306344e-07,1.41874513434742e-07,1.54073026229814e-07,1.71406277917119e-07,1.9125401818479e-07,2.11487690967236e-07,2.31056792863361e-07,2.52677044409477e-07,2.78100571761783e-07,3.03446365016334e-07,3.28589895781669e-07,3.60737624915399e-07,4.03832061609962e-07,4.46138115848361e-07,4.89061505380829e-07,5.39257087768835e-07,5.86571269630965e-07,6.43194207156944e-07,7.28748973161525e-07,8.25325441062108e-07,9.18214636425661e-07,1.00343620583235e-06,1.07990380104572e-06,1.16272902181348e-06,1.26012692073682e-06,1.37450358842421e-06,1.51896660121172e-06,1.69735908083382e-06,1.88985878527469e-06,2.08119476891323e-06,2.27404075413194e-06,2.4776003326912e-06,2.69463639370827e-06,2.92127258634322e-06,3.16661321205685e-06,3.44900047286212e-06,3.7780894599024e-06,4.14764581042313e-06,4.53127650705813e-06,4.92598334599287e-06,5.37979523184213e-06,5.9227286321301e-06,6.50365505004336e-06,7.10050918222268e-06,7.7249327017734e-06,8.36740508953054e-06,9.08474582655808e-06,9.93135976184793e-06,1.08548476148963e-05,1.1880099505964e-05,1.30606580385591e-05,1.43038465040293e-05,1.54676503157921e-05,1.66435018719675e-05,1.79823006747938e-05,1.95142303545021e-05,2.12723018778181e-05,2.320256701955e-05,2.51842860315661e-05,2.73145529412474e-05,2.95925529613668e-05,3.18191842291969e-05,3.4064761135452e-05,3.66041263565417e-05,3.95253440831602e-05,4.28526265665854e-05,4.63751919898138e-05,4.97790933333007e-05,5.31002264015513e-05,5.65722049682236e-05,6.04499644721696e-05,6.47588317305244e-05,6.9335280899086e-05,7.39135408332833e-05,7.82306442880881e-05,8.26435871400612e-05,8.75779595881387e-05,9.27733737027647e-05,9.81680648539742e-05,0.000103899798568089,0.000109433670571457,0.000114045307181548,0.000118184774139356,0.000122627263229507,0.000127311736815474,0.000131868042786056,0.0001364930248499,0.00014071226276947,0.000143385292574934,0.000144959713274771,0.00014696804718818,0.000148302207808984,0.000148122186422069,0.000147972244230818,0.000147161546599409,0.000143467204765868,0.000139172988568911,0.000135633575759832,0.000130748272501035,0.000124859201718397,0.000118657573145608,0.000110859199183789,0.000102384011764045,9.37965429248081e-05,8.51311858389308e-05,7.67248713527214e-05,6.75429373316766e-05,5.81986606452116e-05,5.00176815567627e-05,4.25595367820665e-05,3.5133007497941e-05,2.81881060355121e-05,2.25656372172693e-05,1.78568370249787e-05,1.36474857227096e-05,1.02578927739834e-05,7.50478836627254e-06,5.46133449492418e-06,3.89238844306019e-06,2.62634672301018e-06,1.75210473355099e-06,1.15005740206168e-06,7.48093079308852e-07,4.66692460629751e-07,2.52560848865942e-07,1.55969432484008e-07,9.28901831299397e-08,4.09844658974373e-08,2.8030675688723e-08,7.22430453023578e-09,1.16737364225892e-08,7.802735105024e-10,-4.76494821997926e-09,7.77831323832928e-09,-5.43438510712777e-09,1.48010361741763e-09,3.01706674954745e-09,-1.56519130887781e-09,0
1.30651233418441e-10,0,1.60053854815694e-09,2.93624161155161e-09,-3.41369222706471e-09,-2.83319575380578e-09,1.09082254742826e-08,-4.98727677305338e-09,-7.10092415551814e-09,1.69542082489151e-08,-9.44499081748327e-09,-4.35885480009693e-09,1.92180413247345e-08,-1.80997028851689e-08,9.4914287717598e-09,8.4212749145083e-09,-1.67129389059188e-08,2.17400029680764e-08,-1.11782060115754e-08,3.27983687056706e-09,1.1799307560265e-08,-1.36048879161669e-08,1.88327546657588e-08,-8.32640169544708e-09,6.77295616628809e-09,7.25507593800228e-09,-5.25829092604893e-09,1.55244612451601e-08,-5.46192255454221e-09,1.20809938223236e-08,2.89843735719955e-09,4.87106479038138e-09,1.13507302620487e-08,1.83646514791823e-09,1.44037492749153e-08,4.39315803311962e-09,1.36383279467882e-08,1.00583765172348e-08,1.18273108787926e-08,1.53097620897107e-08,1.24085872715573e-08,1.89604877990934e-08,1.53467888914157e-08,2.16378792848495e-08,2.06794589626824e-08,2.42375425421704e-08,2.57793199546428e-08,2.73040740582954e-08,3.20254898830644e-08,3.35645761943322e-08,3.90505235901956e-08,4.14301207776945e-08,4.76028574577086e-08,5.18130299334541e-08,5.77004089401824e-08,6.30697826570973e-08,6.85431679466716e-08,7.61710390687809e-08,8.47338748142803e-08,9.55492228273973e-08,1.05609940540459e-07,1.16845700197503e-07,1.2685033262601e-07,1.37939752398879e-07,1.51438111518157e-07,1.68204890330941e-07,1.86849388136648e-07,2.06036027918146e-07,2.26672264137698e-07,2.49245008199891e-07,2.73796918967598e-07,2.97638659386321e-07,3.22797758655144e-07,3.54697589430421e-07,3.94762417744596e-07,4.34563984139453e-07,4.75278179569594e-07,5.20617066210197e-07,5.6214236695443e-07,6.10011449193118e-07,6.81714733940102e-07,7.65848952291774e-07,8.50925486605574e-07,9.34215719024082e-07,1.01463558137853e-06,1.10309304912203e-06,1.20260162000387e-06,1.31078417394393e-06,1.43998404885849e-06,1.59887906394065e-06,1.77507642873895e-06,1.95723845257779e-06,2.14941508325792e-06,2.35623825232481e-06,2.57579927491013e-06,2.80715033702856e-06,3.05921315665373e-06,3.3453852659152e-06,3.67252965408586e-06,4.03303094302547e-06,4.39753427910556e-06,4.76335092848925e-06,5.18403282872664e-06,5.6988042823933e-06,6.2667747129664e-06,6.84874015032519e-06,7.43646442678332e-06,8.03247404791825e-06,8.69954659234956e-06,9.49966855537858e-06,1.03803862219709e-05,1.1330562928677e-05,1.24096977095365e-05,1.35692923984286e-05,1.46827160625906e-05,1.58310411768098e-05,1.71402365165157e-05,1.85992177013687e-05,2.02316701147612e-05,2.20293628095244e-05,2.38772635151886e-05,2.58925998090165e-05,2.81255541180854e-05,3.03115497965758e-05,3.24528375093096e-05,3.4858142545544e-05,3.76036740406734e-05,4.06947510049163e-05,4.40183134208974e-05,4.72761649240163e-05,5.04532430010352e-05,5.3795403535725e-05,5.74780789599207e-05,6.15170745164084e-05,6.58546958802388e-05,7.02327159680301e-05,7.43286260963279e-05,7.84321334327633e-05,8.2967298370256e-05,8.77363268872517e-05,9.27588776578578e-05,9.81807945791299e-05,0.000103369157523931,0.000107629173719074,0.00011156095497344,0.000115947696283815,0.000120485931379405,0.000124586890589566,0.000128623247982273,0.000132484063241777,0.000135064150772064,0.000136588456067275,0.000138480262381353,0.000139699725808017,0.000139429192854962,0.000139197836206511,0.000138444315632965,0.000135026338929528,0.000130857876840537,0.000127227384402565,0.000122383422040739,0.000116472595877654,0.000110312836031361,0.000102936441062433,9.47748313494635e-05,8.64160974516945e-05,7.8216288662914e-05,7.03915937558124e-05,6.17847573088109e-05,5.29516390496108e-05,4.53858151039327e-05,3.85954223210785e-05,3.17834192939504e-05,2.54176096431945e-05,2.02756919649926e-05,1.60334958269231e-05,1.21918007564586e-05,9.0885234501246e-06,6.62866930200112e-06,4.78298423873515e-06,3.39146309839655e-06,2.27299003909296e-06,1.48864367474899e-06,9.74411470306911e-07,6.34182771540305e-07,3.89814746301416e-07,2.09535986842821e-07,1.28979322478266e-07,8.03413730336746e-08,3.70108289473372e-08,2.26492552586813e-08,9.59983206463333e-09,9.42846702296284e-09,2.76109437047776e-09,-4.46044221133759e-09,6.41956906784938e-09,-2.90203294144943e-09,-1.20197234484549e-09,3.74251640904412e-09,-1.90817400249793e-09,0
1.27662475862252e-10,0,1.30493851787197e-09,3.3954320245524e-09,-2.83057450986969e-09,-3.86817203990251e-09,1.03854808333729e-08,-3.52178750174606e-09,-7.31536384351403e-09,1.5420739123605e-08,-8.29065165008002e-09,-3.72387781335202e-09,1.72255009731384e-08,-1.68901215575255e-08,1.00262226605791e-08,6.3282182598627e-09,-1.46665991697279e-08,2.08172815088158e-08,-1.20906530256018e-08,5.20853866647692e-09,9.4190161269674e-09,-1.21237571567984e-08,1.84239783692287e-08,-9.39479471484197e-09,8.38936642681612e-09,5.09565482863618e-09,-3.79329732521959e-09,1.4527142131676e-08,-5.77535605317261e-09,1.26738297622916e-08,1.28006976910203e-09,6.04793530696993e-09,9.89043619639102e-09,2.30096993989056e-09,1.37980439858997e-08,3.75878435161396e-09,1.38270336530482e-08,8.69667516238608e-09,1.20148255624009e-08,1.3918245617265e-08,1.21805561267719e-08,1.79889410773288e-08,1.45974074990763e-08,2.10289580729976e-08,1.93080664425382e-08,2.33623084785094e-08,2.39778200621734e-08,2.61859438420117e-08,3.02570614857271e-08,3.19923646519077e-08,3.7134128491374e-08,3.93964471158066e-08,4.56135196167025e-08,4.94071927839624e-08,5.52543351648293e-08,5.97756307285757e-08,6.51268930363002e-08,7.24124695497884e-08,8.10346882827252e-08,9.14032303117087e-08,1.00614818749499e-07,1.1064830099915e-07,1.19896360987503e-07,1.31543009145229e-07,1.45649043050832e-07,1.61851030327025e-07,1.78263918352206e-07,1.96241731373489e-07,2.17559365836716e-07,2.39556486981827e-07,2.59744612363598e-07,2.79971785971969e-07,3.06438441332055e-07,3.40492134397036e-07,3.78728029860514e-07,4.15111559515568e-07,4.53134899064491e-07,4.94657678646457e-07,5.35671433319477e-07,5.86884970835594e-07,6.54236817357734e-07,7.26643074771771e-07,8.02931598965284e-07,8.80996345013034e-07,9.61630056451574e-07,1.05483315299465e-06,1.15391123854752e-06,1.25521852954632e-06,1.37538866277344e-06,1.52289985729005e-06,1.68627662033221e-06,1.86017701918019e-06,2.04708409723635e-06,2.24151391583726e-06,2.44637703683677e-06,2.67350797063815e-06,2.92641260118426e-06,3.20518523874081e-06,3.511681265813e-06,3.84124364019932e-06,4.17980370891686e-06,4.53684864206546e-06,4.95364935737945e-06,5.45476438454611e-06,5.9984292035887e-06,6.53738026562194e-06,7.0690484688389e-06,7.62654846072233e-06,8.26618126393048e-06,9.03699494911861e-06,9.91934591668883e-06,1.08665622921844e-05,1.18577233895716e-05,1.2887090292558e-05,1.39200394125151e-05,1.50341140436027e-05,1.6303225018201e-05,1.76919309988486e-05,1.92588645766251e-05,2.10274402118625e-05,2.28118761472459e-05,2.46912147990599e-05,2.67588359251694e-05,2.87499159200388e-05,3.07662674646613e-05,3.31872004260382e-05,3.59116475944457e-05,3.8833950728024e-05,4.19113655451861e-05,4.4934654884646e-05,4.79372852098351e-05,5.11589099323984e-05,5.47267801633203e-05,5.85972085212533e-05,6.27042527614325e-05,6.67967861700728e-05,7.05964777856643e-05,7.44778372376705e-05,7.88746567244934e-05,8.35640919272967e-05,8.84820321888238e-05,9.35411984497388e-05,9.8022999542635e-05,0.000101729650060239,0.000105743162922669,0.000110456528419666,0.00011491569656831,0.00011850653275909,0.000121954018700656,0.000125444637330091,0.00012804249955452,0.000129764623925686,0.000131498888267863,0.00013238580249328,0.000132166956408093,0.000131860846180356,0.00013073880172925,0.000127628002530215,0.00012395367068954,0.000120233278303007,0.000115564525402057,0.000110023741113488,0.000103964603566837,9.70237291427948e-05,8.93608678232201e-05,8.12738820820521e-05,7.36023307562797e-05,6.63001545619288e-05,5.7995457931102e-05,4.95864219782295e-05,4.25395210490676e-05,3.61486107009282e-05,2.96837488051149e-05,2.37309324594771e-05,1.89614323814534e-05,1.49731399134607e-05,1.13518439871445e-05,8.47354933514718e-06,6.20048685097978e-06,4.47885034813892e-06,3.19023028038211e-06,2.1423982239435e-06,1.39609564402074e-06,9.2612032612892e-07,6.14602884780155e-07,3.75008330501634e-07,2.03602223906008e-07,1.2921423721206e-07,7.73470013108003e-08,3.9399792464692e-08,2.47660552161526e-08,8.09069280197448e-09,1.10902243092309e-08,1.52871745489772e-09,-3.91146119375835e-09,6.90831984321415e-09,-3.94013150645529e-09,1.75801415545213e-10,3.66820916649508e-09,-2.09270639192274e-09,0
1.2474208866504e-10,0,9.22941475499148e-10,-4.15193979969059e-10,4.97678863823087e-10,1.43448918258889e-09,-6.88259993545797e-11,-3.8762027191296e-10,2.87159702989432e-09,-1.13064806454585e-09,8.53760993058182e-10,2.72805510870717e-09,-1.77979095797861e-09,3.21190309436404e-09,5.78975059990317e-10,6.09716597048233e-11,3.72582962971413e-09,-1.02608931988933e-09,3.44741263280302e-09,1.26956369877292e-09,1.31245477163159e-09,3.76079717575246e-09,5.42542919022724e-10,4.25823803484661e-09,1.92168619257956e-09,3.4766172169193e-09,3.9269603381732e-09,3.00944372523885e-09,5.28650622215029e-09,3.73128863863571e-09,5.8928661180799e-09,5.29193990353857e-09,6.3152443783898e-09,7.05232345656299e-09,7.21831892530289e-09,8.77669463547656e-09,8.76091195518984e-09,1.04796454266001e-08,1.09477013877049e-08,1.24380890773875e-08,1.3523042183815e-08,1.48297257835642e-08,1.65005082043077e-08,1.78572738067906e-08,1.99696905421825e-08,2.17147588632985e-08,2.41813173142718e-08,2.64297921415201e-08,2.91582056101611e-08,3.19862953623504e-08,3.51711456632436e-08,3.86955328317168e-08,4.24743415126161e-08,4.68059516205886e-08,5.15106689045467e-08,5.69545091404743e-08,6.2880481010243e-08,6.94113026609259e-08,7.64108882991208e-08,8.40833951621293e-08,9.26134591580868e-08,1.02218722624888e-07,1.1297902556086e-07,1.24590402887468e-07,1.37147806219349e-07,1.51079974092479e-07,1.66943709422465e-07,1.84187339286832e-07,2.02425069313017e-07,2.22530210067157e-07,2.45999422402719e-07,2.7190061277328e-07,2.98787733805669e-07,3.27270488826218e-07,3.59090607063062e-07,3.94640043255002e-07,4.33842183874224e-07,4.76943735394367e-07,5.23987970481489e-07,5.74352285701825e-07,6.30237940465923e-07,6.93085951428035e-07,7.61088381253605e-07,8.34464490253874e-07,9.13905850971413e-07,9.99654588474339e-07,1.09525972702635e-06,1.20348693290264e-06,1.3235803938913e-06,1.45392475432778e-06,1.59521852447032e-06,1.74790471436981e-06,1.91303027315275e-06,2.09592685620964e-06,2.29806580376633e-06,2.51710033369959e-06,2.75524729789785e-06,3.01831058314839e-06,3.30813038019555e-06,3.6256358477954e-06,3.96935949617573e-06,4.34023274443715e-06,4.74150596675695e-06,5.17639586899908e-06,5.64632950809769e-06,6.16354466748165e-06,6.73346313705453e-06,7.35358964882371e-06,8.02394794997476e-06,8.74830633408095e-06,9.51127730409517e-06,1.03291785392756e-05,1.123493344098e-05,1.22347116134317e-05,1.33108150361181e-05,1.44711486246747e-05,1.5710217568108e-05,1.70460409965814e-05,1.84819742309797e-05,2.00036747128988e-05,2.16387195486994e-05,2.34218352371626e-05,2.53318071486732e-05,2.73997684304059e-05,2.9611752789823e-05,3.19087705057488e-05,3.43304476582061e-05,3.6938114896276e-05,3.97183931450344e-05,4.26546149725317e-05,4.57553442471066e-05,4.90314174337284e-05,5.24664109184629e-05,5.60408110829396e-05,5.97539339738289e-05,6.36124007790377e-05,6.76410724831304e-05,7.18146858032399e-05,7.60749180384356e-05,8.03815021431794e-05,8.47389120755285e-05,8.91209782010584e-05,9.36078514623139e-05,9.81441257657379e-05,0.000102486096568628,0.000106499950398717,0.00011039967629659,0.000114241282010558,0.000117875008316469,0.000121023968667266,0.00012364469113163,0.000125721963292303,0.000127333013648289,0.000128343136006947,0.000128650968869416,0.00012818600666924,0.00012701668245162,0.000124874473487516,0.000121941713905872,0.000118270237105863,0.000113757092270427,0.000108415130148461,0.000102432326263122,9.5775140891395e-05,8.86533864841442e-05,8.12587416407629e-05,7.35728851220351e-05,6.56853881608371e-05,5.79369120208337e-05,5.04846217624146e-05,4.3280026500371e-05,3.65020997498338e-05,3.03000041042864e-05,2.47461403444412e-05,1.98028046094012e-05,1.55386604052868e-05,1.19587368076119e-05,9.00900926033014e-06,6.61491321945946e-06,4.75788996817957e-06,3.32245099100948e-06,2.26944149306586e-06,1.51273774136404e-06,9.79172331877008e-07,6.0899197603165e-07,3.70301923548876e-07,2.2052208613687e-07,1.2470300802104e-07,7.10100042539585e-08,3.79321072323842e-08,1.99017751532132e-08,1.10186336033437e-08,4.55081624610254e-09,2.45143466635615e-09,1.92428804931547e-09,-1.99850671144634e-10,4.70437913098537e-10,1.72921307096225e-10,-5.10580242998088e-10,1.62796376773293e-11,0
1.21888507796972e-10,0,8.50119328316734e-10,2.70644975575203e-09,-1.61915268912114e-09,-2.56841892063414e-09,7.12456806176006e-09,-3.28995154873218e-09,-2.45420962641369e-09,8.85554543545552e-09,-6.75984625923999e-09,2.82401267074086e-09,5.2631522561136e-09,-7.15430762169905e-09,9.17235379739799e-09,-3.47065904350662e-09,1.20955034241296e-09,5.99661465163829e-09,-5.43378788720389e-09,8.7474926741224e-09,-2.96315484385026e-09,3.72439383089897e-09,4.09374093580937e-09,-1.65773460141216e-09,7.9387800687957e-09,-1.7268785390117e-09,6.76703648113677e-09,2.33237088474903e-09,3.532230250194e-09,6.45382635903272e-09,2.13225813322688e-09,8.31632617263396e-09,3.56937910487218e-09,8.17327641249369e-09,6.46010139669914e-09,7.77414865248831e-09,9.47776847094828e-09,8.34868942155134e-09,1.17795492741006e-08,1.04260687112361e-08,1.37628626594462e-08,1.35425832728087e-08,1.59023202433293e-08,1.72040630877447e-08,1.85868587645822e-08,2.11113390559261e-08,2.24417626630645e-08,2.57992963856873e-08,2.77430994922624e-08,3.13772520755475e-08,3.41614640717044e-08,3.79382500880198e-08,4.15614656675014e-08,4.5394703718011e-08,4.97227782564902e-08,5.41256974981411e-08,5.98699740139969e-08,6.60322925979824e-08,7.33659070211038e-08,8.07189287832581e-08,8.86125912477125e-08,9.67763890577006e-08,1.06484409775495e-07,1.17997600087363e-07,1.30244253811472e-07,1.42432838552948e-07,1.55976593379111e-07,1.73257400842789e-07,1.92433184782814e-07,2.09703745777427e-07,2.27125853833499e-07,2.51765229871623e-07,2.83307334380148e-07,3.14902522346481e-07,3.45055091477535e-07,3.77710180515098e-07,4.14834478518609e-07,4.5597742289001e-07,5.03298918282841e-07,5.53783324269585e-07,6.02815777095246e-07,6.59890338018974e-07,7.30907876795946e-07,8.09569243476672e-07,8.94718586941139e-07,9.81300483691598e-07,1.06532346106803e-06,1.15590429371749e-06,1.2635755308467e-06,1.38767810521941e-06,1.5244598744877e-06,1.67746370344627e-06,1.84217131961895e-06,2.01544945175556e-06,2.20919987536357e-06,2.42378162384751e-06,2.64628958041146e-06,2.87714614018923e-06,3.12870259310315e-06,3.42105645069249e-06,3.76571876082106e-06,4.14441681377951e-06,4.53965717718992e-06,4.96343053705643e-06,5.4122681353815e-06,5.88373505500475e-06,6.40637043639103e-06,6.9946868315906e-06,7.63643675554455e-06,8.36777846286208e-06,9.1893972163437e-06,1.00099813729244e-05,1.0812623690792e-05,1.17069104440448e-05,1.27231464166497e-05,1.38527024068045e-05,1.50774747819529e-05,1.63665798936617e-05,1.77790446101236e-05,1.93173279644968e-05,2.08496719237243e-05,2.24729131918494e-05,2.42385802452662e-05,2.61002654597555e-05,2.82521465811732e-05,3.06598650490895e-05,3.30367036434204e-05,3.54206077892269e-05,3.79887544083737e-05,4.0767068931669e-05,4.36820139854736e-05,4.67538393928829e-05,5.00431959008187e-05,5.35139201287283e-05,5.7138986046879e-05,6.08660074382529e-05,6.4631079730458e-05,6.85091186079969e-05,7.25789567352233e-05,7.6726524327829e-05,8.09330555174239e-05,8.50582520126096e-05,8.89835462594618e-05,9.31632215464054e-05,9.78365705208096e-05,0.000102166276591147,0.000105603677672191,0.000108519047807599,0.000111551416596315,0.000114796518897506,0.000117759756535438,0.000119724098369042,0.000120804651767846,0.000121540932650245,0.000121897295964456,0.000121269756861905,0.000120127817771598,0.000118408778545492,0.000115371748103476,0.000111499795588361,0.000107333498999709,0.000102264728439187,9.66584235422732e-05,9.05370347884989e-05,8.34916214605195e-05,7.61107534494424e-05,6.89256472720449e-05,6.1612355679924e-05,5.40123811104677e-05,4.67413472345454e-05,4.00642164868337e-05,3.36988277455949e-05,2.77777115860507e-05,2.25809140102824e-05,1.80485806971749e-05,1.4104711649756e-05,1.07635654951186e-05,8.10795596191249e-06,5.94299783317583e-06,4.26008410095912e-06,2.97843770755457e-06,1.99883774033962e-06,1.30968600721683e-06,8.54859187316893e-07,5.38668165660156e-07,3.15717485919264e-07,1.84080129430608e-07,1.06787767802309e-07,5.56727170778337e-08,3.42721580941721e-08,1.6780306378493e-08,9.10506862533715e-09,7.25212020645385e-09,-7.7092209626022e-10,2.66267345746226e-09,1.64881676146962e-09,-1.04438209860741e-09,1.53478435742292e-09,4.97360998356795e-10,-9.06437719995637e-10,0
1.19100205006718e-10,0,1.90791624933244e-09,2.56990216538226e-09,-4.41463975126172e-09,-1.21160270376233e-09,9.55699469942156e-09,-5.94580613469754e-09,-2.94884128370536e-09,1.12514285200919e-08,-8.28592549011113e-09,2.0464599614719e-09,7.30480048258925e-09,-8.86115898368219e-09,9.20585768620239e-09,-2.0527181476815e-09,-9.74042571544777e-10,7.56781064091502e-09,-5.99348649581455e-09,7.92738292887374e-09,-1.47428653870954e-09,1.91755435201983e-09,5.31746990273193e-09,-2.43422235089678e-09,7.67648589711613e-09,-1.06173824288037e-09,5.53710095741686e-09,3.27134390393961e-09,2.44368967910941e-09,6.81617196186367e-09,1.81332714517389e-09,7.82811478657697e-09,3.77380826485539e-09,7.25680733359273e-09,6.75412876035661e-09,6.9725854897786e-09,9.4401104274813e-09,7.83486686598425e-09,1.13142675353613e-08,1.00567735517691e-08,1.28899475302853e-08,1.3122525862772e-08,1.48929848898788e-08,1.65384557795219e-08,1.74839343424389e-08,2.01721357803187e-08,2.13316215943821e-08,2.45034755625882e-08,2.63635406964228e-08,2.9699116304447e-08,3.25384191210245e-08,3.59757761847177e-08,3.95581788610701e-08,4.3053762944141e-08,4.73221994009398e-08,5.17004690263759e-08,5.74781239218776e-08,6.34321505523876e-08,7.02398777016345e-08,7.70617501003983e-08,8.42937418198119e-08,9.20567087278693e-08,1.0174131646023e-07,1.13346132301531e-07,1.24800199075664e-07,1.35780344355599e-07,1.48947483287648e-07,1.66409574496588e-07,1.84082457323085e-07,1.98252530720666e-07,2.14680033580142e-07,2.41088367529006e-07,2.72473956487416e-07,2.99711405011184e-07,3.25525697389794e-07,3.56838633734501e-07,3.93851409610288e-07,4.34961642097965e-07,4.80702545352238e-07,5.25525770987681e-07,5.68849414687998e-07,6.24869100689361e-07,6.96221649257285e-07,7.72556467818156e-07,8.52198519171225e-07,9.31120067428424e-07,1.00958472307e-06,1.10079421193533e-06,1.20964473616797e-06,1.32662442351015e-06,1.45139421551e-06,1.59545697918978e-06,1.75427040797953e-06,1.92308443752225e-06,2.11205950753383e-06,2.31678776341329e-06,2.52251589513962e-06,2.73269608322267e-06,2.96987193141771e-06,3.26226937249522e-06,3.6056373707196e-06,3.96296973642935e-06,4.32740551716404e-06,4.72083322604655e-06,5.13575629422687e-06,5.58321700249272e-06,6.09435065908768e-06,6.65565879358492e-06,7.26118858313149e-06,7.96742978846526e-06,8.74365531387583e-06,9.49125062251699e-06,1.02421357903611e-05,1.11120927908257e-05,1.21038465441986e-05,1.31884035347057e-05,1.43345147532066e-05,1.55505165971361e-05,1.69120998540798e-05,1.83593196734543e-05,1.97829283387694e-05,2.13352730682091e-05,2.3023281348579e-05,2.48111257670556e-05,2.69127971267733e-05,2.91886795043752e-05,3.13544432555832e-05,3.35955977798966e-05,3.6103948116904e-05,3.8789716909184e-05,4.15149382620547e-05,4.43385166481062e-05,4.7415900161699e-05,5.07432869038405e-05,5.42296570802894e-05,5.77711155051886e-05,6.13275009992746e-05,6.49757776427909e-05,6.87524785885552e-05,7.26261283158827e-05,7.66019178000558e-05,8.03884988525523e-05,8.4028209087627e-05,8.82323217497093e-05,9.28546877183414e-05,9.66686057115883e-05,9.95102342567929e-05,0.00010220149272101,0.000105304780244923,0.000108624658118385,0.000111330278125164,0.000112729506140199,0.000113548192696248,0.000114469792933466,0.000114846673989456,0.00011408393305072,0.000113025648733464,0.000111337342245672,0.000108211677090618,0.000104517777869331,0.000100660840675749,9.58491889917866e-05,9.06096987969653e-05,8.48048643732202e-05,7.79736436251952e-05,7.1076352558484e-05,6.45050267946531e-05,5.75780422737899e-05,5.03454117549275e-05,4.3621530728992e-05,3.74712419663918e-05,3.14587984565024e-05,2.58901316480653e-05,2.11077394035985e-05,1.68967043008062e-05,1.32127678225881e-05,1.0111641683048e-05,7.63838179358154e-06,5.63196833400279e-06,4.06889613696256e-06,2.84838706216332e-06,1.91640606373485e-06,1.2867623376121e-06,8.62826646777085e-07,5.42903257232481e-07,3.15712201107545e-07,1.89302317402651e-07,1.16628901344545e-07,6.17176580668719e-08,3.67160591686305e-08,1.73022555850111e-08,9.55960111657892e-09,7.30779132514876e-09,-1.72418550113973e-09,3.49518306729136e-09,1.47986550493598e-09,-1.59565338956678e-09,2.22979602774161e-09,1.98498767969642e-10,-1.14836926425349e-09,0
1.16375687002992e-10,0,1.87792856612525e-09,3.19941365416111e-09,-4.77484124851556e-09,-2.30926067085828e-09,1.09345149109333e-08,-5.67085685241991e-09,-5.06295776211831e-09,1.31050411761753e-08,-8.20049541478487e-09,-8.64463680636271e-12,9.62268302668818e-09,-9.99408403880249e-09,8.48402788993754e-09,-2.70488892748952e-10,-2.91969175336319e-09,8.56023629251471e-09,-5.9688921998254e-09,6.90411915530439e-09,-2.53868739311829e-10,7.32155425820966e-10,5.78508877222298e-09,-2.51667220360648e-09,7.10795465413726e-09,-5.10058684082474e-10,4.74360724744109e-09,3.57657371081374e-09,2.09251511398426e-09,6.61020965641993e-09,1.82879582938387e-09,7.26648447774578e-09,3.79134768747387e-09,6.74755600904315e-09,6.60505799602779e-09,6.59948624017199e-09,9.06752781932642e-09,7.59471765621564e-09,1.0788705264722e-08,9.66753059150125e-09,1.22096218595228e-08,1.25673771825393e-08,1.41739210153505e-08,1.57935716330968e-08,1.67199542940323e-08,1.93089529489787e-08,2.04660342642244e-08,2.34040725211823e-08,2.52034409984386e-08,2.83654526901377e-08,3.10917921009338e-08,3.43082523771741e-08,3.77058990236809e-08,4.10648609404237e-08,4.52398893422106e-08,4.96056431457786e-08,5.5185364052514e-08,6.08000863996304e-08,6.70944829773942e-08,7.34663947564891e-08,8.03346549319739e-08,8.7812046449501e-08,9.71444422714867e-08,1.08205386332616e-07,1.19136278271548e-07,1.29833895048407e-07,1.4245113850637e-07,1.58498866409936e-07,1.74842146559164e-07,1.88908504044689e-07,2.05594608565232e-07,2.30962064364096e-07,2.60228206066344e-07,2.85505777634339e-07,3.09841011522079e-07,3.39899187490776e-07,3.7584577096058e-07,4.15707555624958e-07,4.59175692574703e-07,5.01539806452568e-07,5.43310294286098e-07,5.97341897120918e-07,6.65537832671532e-07,7.37709519125796e-07,8.1190398989723e-07,8.86775031378291e-07,9.64453228879615e-07,1.05506507853612e-06,1.16013046186895e-06,1.26894891483541e-06,1.38336640703798e-06,1.51990689462488e-06,1.67589251758519e-06,1.84101316671633e-06,2.01932491895714e-06,2.20996562094465e-06,2.4041767482672e-06,2.6050669866535e-06,2.834823621489e-06,3.119810778581e-06,3.44973963055823e-06,3.78805316200571e-06,4.13194514445768e-06,4.50176199417235e-06,4.89481927410242e-06,5.32834954898861e-06,5.8236774067593e-06,6.36163317991977e-06,6.94225602415452e-06,7.60858492975371e-06,8.32802084419838e-06,9.04383716905816e-06,9.78938710713079e-06,1.06277597947113e-05,1.1562189827258e-05,1.25974239053313e-05,1.37024883352041e-05,1.48678632962027e-05,1.61511153683777e-05,1.75100976909008e-05,1.88723382838435e-05,2.03763100155685e-05,2.20170026351967e-05,2.37474212222261e-05,2.57238180316138e-05,2.78375453256702e-05,2.99102820532424e-05,3.21062610228421e-05,3.45308128043881e-05,3.70914124141213e-05,3.96653017093952e-05,4.23006041824529e-05,4.51988252901297e-05,4.84034609257976e-05,5.17873406453871e-05,5.52207872333981e-05,5.86531248073551e-05,6.21058619639202e-05,6.56190473967316e-05,6.92582895496435e-05,7.30587628201311e-05,7.67104578216062e-05,8.02676808127706e-05,8.43377573017276e-05,8.86695515110275e-05,9.22119884647741e-05,9.4983438157734e-05,9.76528378193116e-05,0.000100574935176182,0.000103656046784045,0.000106237869194047,0.000107612881372706,0.000108419501892913,0.000109301780631205,0.00010965602766063,0.000108938783568188,0.000107926856967629,0.000106322400492394,0.000103372870732563,9.983258674573e-05,9.61297105999616e-05,9.15744516727789e-05,8.66007989064285e-05,8.10597378496242e-05,7.45518492506263e-05,6.79685975970537e-05,6.16466375958685e-05,5.50209948030204e-05,4.81858925535518e-05,4.17900471241254e-05,3.58664636220817e-05,3.00953729631138e-05,2.48018519480916e-05,2.02446079460259e-05,1.61901945911368e-05,1.26788450148699e-05,9.72718406499964e-06,7.33154900247707e-06,5.41237602737102e-06,3.92342846173396e-06,2.73846328233289e-06,1.84480923360641e-06,1.24275915929966e-06,8.30907194499224e-07,5.23329362378685e-07,3.03059367867287e-07,1.81737552830739e-07,1.13251677024372e-07,5.82851946035647e-08,3.4826812710616e-08,1.67428797055981e-08,8.81752368780825e-09,6.9934688863216e-09,-1.70753618377737e-09,3.42888870417816e-09,1.30684060333603e-09,-1.4239281562367e-09,2.16156681170399e-09,1.62872389917794e-10,-1.02923102729347e-09,0
1.13713494654812e-10,0,1.91797818499992e-09,3.52635755382529e-09,-5.18476926953752e-09,-2.81953588990551e-09,1.19310613748908e-08,-5.77809969053969e-09,-6.38794836542945e-09,1.45200072189678e-08,-8.3713203155369e-09,-1.37227540044627e-09,1.13427884660597e-08,-1.09675071232858e-08,8.04735640922684e-09,1.02642314482536e-09,-4.45456916536505e-09,9.38557729525703e-09,-6.02039873520075e-09,6.112719935741e-09,7.11743765961108e-10,-2.61749286754171e-10,6.17589639229691e-09,-2.61545492445799e-09,6.63365327147744e-09,-6.8193856191601e-11,4.05778197808675e-09,3.81626116428984e-09,1.778749822287e-09,6.40941109091558e-09,1.81637901828683e-09,6.75815798223778e-09,3.77646696046135e-09,6.28731626533024e-09,6.43846885154982e-09,6.25331319791554e-09,8.70643959476473e-09,7.34919400649394e-09,1.02810943112678e-08,9.27274937032786e-09,1.15676087886546e-08,1.2021132942923e-08,1.34877717076927e-08,1.50719391608189e-08,1.59881111813766e-08,1.84780855395615e-08,1.96236667473549e-08,2.23480801360659e-08,2.40862824843733e-08,2.70848145899677e-08,2.96875249407116e-08,3.27013228518954e-08,3.5931195677635e-08,3.91793598236866e-08,4.32755780712075e-08,4.76175725039842e-08,5.2987658174689e-08,5.82660808405452e-08,6.40772974741908e-08,7.00217766051909e-08,7.65482548363578e-08,8.37732714335911e-08,9.27881493719513e-08,1.03321254031839e-07,1.13737116715211e-07,1.24146801130236e-07,1.3622965727061e-07,1.50958940667044e-07,1.66067104412229e-07,1.80047883404933e-07,1.97011952715295e-07,2.21363892531623e-07,2.48469013571628e-07,2.7180081469026e-07,2.94834698572729e-07,3.23808712112363e-07,3.58689212555491e-07,3.97255059678019e-07,4.38531123512721e-07,4.78653526074473e-07,5.19226795410043e-07,5.71612241567742e-07,6.36715374105149e-07,7.04654700535527e-07,7.73541817302307e-07,8.44659631263876e-07,9.21756608476762e-07,1.01184978457119e-06,1.11318743653719e-06,1.21437242769956e-06,1.319863705556e-06,1.45018256034352e-06,1.60312220196589e-06,1.76329086094773e-06,1.93054712264072e-06,2.10830133809743e-06,2.29253218928175e-06,2.48511639512554e-06,2.70790527035655e-06,2.98492562997021e-06,3.29987379505097e-06,3.61791879716326e-06,3.94122062800139e-06,4.28847195933084e-06,4.66110769342731e-06,5.08159523577995e-06,5.56109406202372e-06,6.07541036018811e-06,6.63053715538331e-06,7.25611733539251e-06,7.92010391185868e-06,8.60646332807121e-06,9.34541044457811e-06,1.01507746456917e-05,1.1029555188692e-05,1.20145145450366e-05,1.30756117171706e-05,1.41955742411326e-05,1.54132237416769e-05,1.66888084642649e-05,1.79819010198446e-05,1.94336650874464e-05,2.10360283324965e-05,2.27158113835136e-05,2.45671354941639e-05,2.6526815569338e-05,2.85150842098986e-05,3.0661369393052e-05,3.29917541381152e-05,3.54176402272206e-05,3.78481796113172e-05,4.03304169929446e-05,4.30784309287416e-05,4.61647631264892e-05,4.94411274449678e-05,5.27488796962223e-05,5.60337976989096e-05,5.92942428072607e-05,6.25796176355589e-05,6.60231725047841e-05,6.96573708027741e-05,7.31583129084953e-05,7.66273645429455e-05,8.05675946652768e-05,8.46058796904353e-05,8.78854710491444e-05,9.05992138506164e-05,9.32348378361039e-05,9.59796776063523e-05,9.88516202939068e-05,0.000101312473497174,0.000102658675339947,0.000103454744217135,0.000104276226821192,0.000104606375048602,0.000103961472187701,0.000102984652957186,0.000101430910673196,9.86620868346768e-05,9.52987677102779e-05,9.17521957915168e-05,8.74440753420241e-05,8.27254950704864e-05,7.74283945350871e-05,7.12268236564092e-05,6.49555047067488e-05,5.8890876609605e-05,5.25631632131294e-05,4.61049937324256e-05,4.00193969521707e-05,3.4315367090215e-05,2.87848645494487e-05,2.37549844100646e-05,1.94092560702341e-05,1.55111324125184e-05,1.21613463701233e-05,9.34612177988432e-06,7.03165467859063e-06,5.19911592149984e-06,3.77662623781983e-06,2.62709524415134e-06,1.77401914627055e-06,1.1985595444926e-06,7.98837022130902e-07,5.0298116547096e-07,2.9003347489132e-07,1.74861481517672e-07,1.09709757586176e-07,5.49507814536704e-08,3.32009405024113e-08,1.61395394941325e-08,8.22771835548585e-09,6.62360583440028e-09,-1.63599770598103e-09,3.44593656716257e-09,1.03508690587379e-09,-1.16492744791758e-09,2.05769233582713e-09,1.06053544643985e-10,-8.66493947323309e-10,0
1.1111220221005e-10,0,1.48129526380073e-09,6.45963127100865e-10,-3.34946140688459e-09,7.21917396047472e-10,8.54180196203598e-09,-7.37015914316363e-09,-3.33656490185744e-09,1.42647818629414e-08,-1.03683125232862e-08,-1.50053104741914e-10,1.2000658170196e-08,-1.26463377976744e-08,9.16255187380535e-09,9.23433493306589e-10,-5.28882625705905e-09,1.04025176112095e-08,-6.92035094084703e-09,6.50940364647052e-09,6.09182546462817e-10,-6.06880072601656e-10,6.49237426976666e-09,-3.12207891410739e-09,6.99726735720957e-09,-4.94539839166754e-10,4.118718739354e-09,3.60898700122221e-09,1.6366910043195e-09,6.38016091367402e-09,1.38997270096674e-09,6.79282357933096e-09,3.30140348210892e-09,6.24487129716773e-09,5.97859145924255e-09,6.01702672847466e-09,8.41016075707429e-09,6.93866970327509e-09,9.98855439885267e-09,8.64633116282043e-09,1.11850126430262e-08,1.12591323297852e-08,1.28469636680871e-08,1.42383100263816e-08,1.52351613343666e-08,1.76580587933681e-08,1.86351896496578e-08,2.1376275325627e-08,2.28615433348939e-08,2.57518502642289e-08,2.7981202688923e-08,3.09312853992634e-08,3.40094992719525e-08,3.72613605550276e-08,4.1358820505856e-08,4.56597161465228e-08,5.0886818887033e-08,5.57945680038807e-08,6.10299221375108e-08,6.60814721389227e-08,7.21071148277514e-08,7.93324433680449e-08,8.81339277959295e-08,9.77217917587807e-08,1.07619214753565e-07,1.18354410603445e-07,1.30002074246557e-07,1.42546569475039e-07,1.55800285901893e-07,1.70762606400054e-07,1.89489544088563e-07,2.12053181540673e-07,2.34228000971158e-07,2.5441702721923e-07,2.77588314462113e-07,3.06791335390882e-07,3.40592823072257e-07,3.77270723279021e-07,4.15504629209944e-07,4.54537574382447e-07,4.97474672277065e-07,5.49200942913432e-07,6.07213204879405e-07,6.64973563158914e-07,7.25401737589564e-07,7.96125438105237e-07,8.80419585473561e-07,9.74565969077415e-07,1.06847213174756e-06,1.15646441880796e-06,1.25690504255456e-06,1.38942591530379e-06,1.53702371466627e-06,1.67903687244151e-06,1.82575529448761e-06,1.99282397019411e-06,2.17483206915427e-06,2.37017216720989e-06,2.59933288495889e-06,2.86734369097032e-06,3.15026244736098e-06,3.44056835840696e-06,3.74756865910312e-06,4.07190784820443e-06,4.42566340089586e-06,4.83980144380225e-06,5.3117735108489e-06,5.81885706590877e-06,6.34893874190955e-06,6.89855031323078e-06,7.49006035996669e-06,8.18448168072639e-06,8.94483741116544e-06,9.69699698659171e-06,1.05119354215008e-05,1.14732795004526e-05,1.25120246792197e-05,1.35901886805239e-05,1.47143348539756e-05,1.58715164815814e-05,1.71225840844729e-05,1.85944675861016e-05,2.02077032624409e-05,2.17939751773819e-05,2.34039520003437e-05,2.52053691544743e-05,2.72525372097667e-05,2.94482938120572e-05,3.16679452421179e-05,3.39153797699804e-05,3.61889700196184e-05,3.85232764960529e-05,4.11478083791188e-05,4.41458193395682e-05,4.73139844432253e-05,5.05154801162305e-05,5.37030541901633e-05,5.68024831125216e-05,5.99263503661343e-05,6.32371645975538e-05,6.66272293643301e-05,6.99869211989382e-05,7.36130150445968e-05,7.74271565514135e-05,8.08677267270658e-05,8.3905996897901e-05,8.69445099325953e-05,8.97389410279487e-05,9.22152149531513e-05,9.47575428514448e-05,9.70641841077961e-05,9.84930852731471e-05,9.94838808190325e-05,0.000100315545525961,0.000100566195454011,0.000100005467269775,9.90637667852654e-05,9.75661728738823e-05,9.51283949857186e-05,9.20046093862209e-05,8.85692737754303e-05,8.45370291235852e-05,7.99788489187422e-05,7.47987975798705e-05,6.90238198401691e-05,6.31568863496563e-05,5.71559688138889e-05,5.09496793752853e-05,4.4893908955015e-05,3.90579291853542e-05,3.34204069925443e-05,2.80779629651096e-05,2.32511935556525e-05,1.90088295340235e-05,1.51812196430079e-05,1.19191720863198e-05,9.16751207997333e-06,6.89326948474516e-06,5.11400279460381e-06,3.69129790771433e-06,2.54316352746352e-06,1.73657205908297e-06,1.17691984977255e-06,7.61734108797504e-07,4.64803991921457e-07,2.71531283114821e-07,1.69288248226395e-07,1.00557607667021e-07,4.37865282640237e-08,2.80053672810277e-08,1.49112659333939e-08,6.50202544372744e-09,5.02120584529183e-09,-1.03202262524025e-09,3.52552152057289e-09,6.12666414305852e-11,-4.59665521381136e-10,1.95466764267062e-09,-4.37945890830585e-11,-5.18958854218971e-10,0
1.08570416531866e-10,0,-1.56847455392453e-09,-9.08889150877411e-10,5.3328179255966e-09,-4.65038953831878e-10,-1.56177517442637e-09,-4.967860174579e-10,1.22963842032861e-09,5.75759020675072e-09,-7.82702722777892e-09,3.93653312648262e-09,6.96205846969122e-09,-1.13659587221112e-08,1.15127344125706e-08,-2.45028221584191e-09,-3.54313778777173e-09,1.07894507816122e-08,-8.83509099325191e-09,8.51307990716163e-09,-7.93458036375751e-10,-3.94992740777928e-10,6.9746084865735e-09,-4.1326602909195e-09,7.91985079485449e-09,-1.46286834643381e-09,4.4851461033534e-09,3.40198867206204e-09,1.39640789736221e-09,6.48750459129875e-09,8.15934145703291e-10,7.05368916098686e-09,2.72219012258939e-09,6.22247123100975e-09,5.53967500315155e-09,5.80489958295808e-09,8.14021254804029e-09,6.40822903539072e-09,9.7366746145961e-09,8.11047026587126e-09,1.09549382640289e-08,1.05637687797874e-08,1.22755661932327e-08,1.35288896671313e-08,1.45548155057721e-08,1.68389099341659e-08,1.7622160972063e-08,2.04320646452644e-08,2.16984392352207e-08,2.45807147066854e-08,2.65812769587325e-08,2.9479661857404e-08,3.22864083606317e-08,3.5434324766502e-08,3.94042445267996e-08,4.34675769411776e-08,4.83817072557301e-08,5.29120961354965e-08,5.80200251596277e-08,6.32445393428585e-08,6.96455201833187e-08,7.64756682867778e-08,8.39586166478578e-08,9.22501960532874e-08,1.01622106168792e-07,1.11986834374543e-07,1.23056534925961e-07,1.35136914537519e-07,1.48496184370677e-07,1.63956403470658e-07,1.81305039774752e-07,1.99749564194836e-07,2.19231904316823e-07,2.41117857798394e-07,2.66113920635039e-07,2.93021858790803e-07,3.22338312608495e-07,3.55228757265258e-07,3.91210671084695e-07,4.30637544965277e-07,4.75118958505411e-07,5.2543811945152e-07,5.79486842980198e-07,6.34809061287986e-07,6.9352252153539e-07,7.59575544080541e-07,8.35284120396998e-07,9.1688561650107e-07,1.00315160576945e-06,1.10180063300365e-06,1.21812217068419e-06,1.34271130701399e-06,1.46315569317936e-06,1.58886881464931e-06,1.73419714838509e-06,1.89705914990127e-06,2.07322341397335e-06,2.26967378421617e-06,2.49205927880316e-06,2.7348823088476e-06,2.99299594927551e-06,3.26758132775661e-06,3.5570973176706e-06,3.87146601358819e-06,4.22957148246755e-06,4.6347342038926e-06,5.07226485607574e-06,5.53594166699887e-06,6.03000882600622e-06,6.57690914814223e-06,7.17546554997665e-06,7.80312024517827e-06,8.46591593033822e-06,9.21520915541457e-06,1.00657230920884e-05,1.09819628108116e-05,1.19335957165162e-05,1.29432156694314e-05,1.40104582406293e-05,1.51521801093669e-05,1.6419357267102e-05,1.77890939619781e-05,1.91838181694155e-05,2.06754721094352e-05,2.23724983276603e-05,2.42247838008777e-05,2.61160682925123e-05,2.80468256421528e-05,3.00981799043924e-05,3.22779250777194e-05,3.45338916770674e-05,3.68995035246144e-05,3.94578334295227e-05,4.22168811837885e-05,4.5101973096659e-05,4.80674330510499e-05,5.11185367015061e-05,5.41962390699278e-05,5.7275450766411e-05,6.0397790304306e-05,6.36312650285827e-05,6.69885990746948e-05,7.03826954440237e-05,7.3678454668263e-05,7.69483499026679e-05,8.01393489912113e-05,8.30335667251007e-05,8.56114226601736e-05,8.81547356458838e-05,9.05447159983165e-05,9.24100924170479e-05,9.38091534887926e-05,9.51057418759852e-05,9.59134417521908e-05,9.59600601242625e-05,9.54584686740077e-05,9.45745793372489e-05,9.30370214510567e-05,9.08144691029981e-05,8.80129656628921e-05,8.47319660780207e-05,8.08225485042307e-05,7.6357518695269e-05,7.13656486821418e-05,6.60414308731374e-05,6.05011154743784e-05,5.46390262014477e-05,4.87249357088718e-05,4.29557323566197e-05,3.73022918538497e-05,3.19572765980425e-05,2.69194030584211e-05,2.22604159959453e-05,1.81935729718904e-05,1.45598418393294e-05,1.14070328544405e-05,8.78732375554022e-06,6.65889089809452e-06,4.91378265564469e-06,3.50581029897153e-06,2.44805342659371e-06,1.69708697613858e-06,1.12906809723079e-06,7.13025112950309e-07,4.40221071479607e-07,2.76577985596968e-07,1.64918111682515e-07,8.71865063474787e-08,4.37304737357335e-08,2.72996206067762e-08,1.47284276381783e-08,6.41055959593845e-09,4.26446787180959e-09,6.04419649144059e-10,2.88215505007094e-09,-7.8364642895048e-10,7.90472291009812e-10,1.47284718855145e-09,-8.38465555660621e-10,2.79634614392825e-10,0
1.06086776352604e-10,0,1.61425513676371e-09,1.10007665667128e-09,-3.33728418012792e-09,1.65522877065158e-09,4.89845603578979e-09,-6.40516865017597e-09,3.13819666137155e-09,4.79947431702734e-09,-7.40629630305066e-09,6.81199701892478e-09,-1.7474502403786e-10,-3.34961788197973e-09,7.31678834751302e-09,-4.74334649618414e-09,3.96846075192206e-09,1.42176840374748e-09,-1.51061826051413e-09,5.26926583242199e-09,-2.22833262325221e-09,4.28747138510518e-09,6.37670243904963e-10,1.69410083405297e-09,3.50361947231231e-09,4.86735711655327e-10,4.56662653599297e-09,1.18988330930543e-09,4.2512824200157e-09,2.92744554084468e-09,3.66603964041692e-09,4.60010133166056e-09,3.76499392978235e-09,5.86346452447318e-09,4.74772503801456e-09,6.74077732893812e-09,6.30768737896415e-09,7.55589312096637e-09,8.04439733133933e-09,8.66209648964359e-09,9.9885633376164e-09,1.04819519801678e-08,1.21965954784605e-08,1.28662430024693e-08,1.46627684711432e-08,1.5811353943743e-08,1.75906772332456e-08,1.92533808218477e-08,2.11619997152951e-08,2.33506400224573e-08,2.54869285542702e-08,2.81443571447249e-08,3.07428791044762e-08,3.39119462966079e-08,3.72072652107264e-08,4.10602594067826e-08,4.51523021636779e-08,4.95574128684342e-08,5.41360840677868e-08,5.91054562115004e-08,6.49523523446393e-08,7.17755454346254e-08,7.94544288089756e-08,8.75072530758699e-08,9.62719340233516e-08,1.05986220871958e-07,1.16955776597459e-07,1.29269905846056e-07,1.42955273025468e-07,1.57634157994979e-07,1.73648425786717e-07,1.91377251253845e-07,2.10843637145735e-07,2.324284806206e-07,2.56563681857878e-07,2.82868778375097e-07,3.11466551982489e-07,3.42396715724102e-07,3.76481936286483e-07,4.1432604840958e-07,4.5555201165329e-07,5.00537869939003e-07,5.49615102665218e-07,6.01793764042024e-07,6.56495469012738e-07,7.16298483776652e-07,7.85191765851873e-07,8.64441228826232e-07,9.52050627018431e-07,1.04374014423767e-06,1.1402050891998e-06,1.24613521649542e-06,1.36183002404942e-06,1.48597201326676e-06,1.62288965803033e-06,1.78005443236434e-06,1.95757775390284e-06,2.15209350619843e-06,2.36018739834038e-06,2.58021162166538e-06,2.8168288353913e-06,3.07822478897833e-06,3.36677775300071e-06,3.68583219065618e-06,4.03605532818725e-06,4.42004461817139e-06,4.83794283253266e-06,5.28038822154141e-06,5.74508597414405e-06,6.25466026226833e-06,6.81761665855664e-06,7.43777559296464e-06,8.10831606380765e-06,8.82160139938477e-06,9.5931672209944e-06,1.04426445099181e-05,1.13390230276657e-05,1.22834200553166e-05,1.3295294820708e-05,1.43822328397881e-05,1.5570589705167e-05,1.68878678554324e-05,1.82931500892412e-05,1.9751084224456e-05,2.12951872568205e-05,2.29793533087525e-05,2.47859668284891e-05,2.66712019949752e-05,2.86228282913383e-05,3.06769285639503e-05,3.28955677972617e-05,3.52840024692611e-05,3.78065521668004e-05,4.04518302690582e-05,4.31800019242369e-05,4.59400566610409e-05,4.87638998552938e-05,5.17030768348623e-05,5.47598915887173e-05,5.78819755656316e-05,6.10740543364561e-05,6.43057777848279e-05,6.75099098802106e-05,7.06565681045844e-05,7.37461191423691e-05,7.67259879765979e-05,7.96291676590594e-05,8.23004765623737e-05,8.46841929397665e-05,8.69372132671215e-05,8.89991534664157e-05,9.05417884596769e-05,9.16573388887668e-05,9.23747645897699e-05,9.25825094689774e-05,9.2196802462879e-05,9.1323909896846e-05,8.98284315974112e-05,8.77601540614767e-05,8.50804850976145e-05,8.17578521404866e-05,7.78820973883225e-05,7.35673238925551e-05,6.87051130713464e-05,6.35282611347356e-05,5.81422712296253e-05,5.25233402033381e-05,4.6914667438183e-05,4.13539231510664e-05,3.58892677825024e-05,3.07435189130184e-05,2.59258279760064e-05,2.14599862057274e-05,1.74921001133945e-05,1.40006281376511e-05,1.09883776558888e-05,8.41758848828427e-06,6.31772594639813e-06,4.6380419484624e-06,3.32771167605273e-06,2.31621738212256e-06,1.57421207732338e-06,1.04787098014551e-06,6.77255878232957e-07,4.205843523965e-07,2.54789795991743e-07,1.5029627976073e-07,8.73582915647962e-08,4.99768769929385e-08,2.73719106158789e-08,1.47660503635596e-08,9.05732607877456e-09,3.56010844293453e-09,1.8321479501662e-09,2.17576591743765e-09,-2.43996915945488e-10,6.15514954717629e-10,1.23472926172413e-10,-2.64700313634428e-10,-3.45983937784538e-10,0
1.03659951544758e-10,0,2.07510380633952e-09,7.66883486091767e-10,-4.57113616467094e-09,2.81381957884301e-09,5.7178774111529e-09,-8.25724409005326e-09,3.75739670843547e-09,5.81382919553269e-09,-8.94731304793322e-09,7.53506039865916e-09,1.39507196932443e-10,-4.38152666893653e-09,8.24683312220563e-09,-5.23487875209469e-09,3.7625610048574e-09,1.95878209241198e-09,-2.25519305579614e-09,5.72756176400201e-09,-2.49094104184964e-09,4.11025016476357e-09,8.94615248979408e-10,1.2037335676948e-09,3.78061837910829e-09,1.46151079064448e-10,4.54058759490466e-09,1.12559040648854e-09,3.96461372987807e-09,2.99366684514707e-09,3.29794459710281e-09,4.59477603725605e-09,3.46146407380203e-09,5.69106204143632e-09,4.52079814597184e-09,6.40662986942613e-09,6.09669908509313e-09,7.13480806505275e-09,7.77104535287919e-09,8.19686707968463e-09,9.60074846739357e-09,9.97919062757827e-09,1.16584036539146e-08,1.22854730892244e-08,1.39811696512833e-08,1.51205085962398e-08,1.67404511249558e-08,1.83870172758902e-08,2.01774061841315e-08,2.23441461075041e-08,2.43524587541256e-08,2.68904180495551e-08,2.93604920039533e-08,3.23975664366427e-08,3.55483685848562e-08,3.92130695471204e-08,4.31943612641311e-08,4.74374758424865e-08,5.17847522252277e-08,5.64019451623474e-08,6.19440108988365e-08,6.84758076046771e-08,7.57890669054095e-08,8.3393997949981e-08,9.17150370622587e-08,1.00995564891048e-07,1.11491686511261e-07,1.23306643191688e-07,1.36349777582825e-07,1.50172974027618e-07,1.65165442079967e-07,1.81846712862676e-07,2.00432407715761e-07,2.21373166838764e-07,2.44674407758393e-07,2.69690553366018e-07,2.9662537965464e-07,3.25703366897927e-07,3.5835056784394e-07,3.95316306091545e-07,4.35174585287252e-07,4.77868967677857e-07,5.24621996889267e-07,5.7461452375831e-07,6.26439921231966e-07,6.82777631494572e-07,7.48566505831641e-07,8.25197796179941e-07,9.10046774499159e-07,9.98052219255393e-07,1.08937667600847e-06,1.18948744090628e-06,1.29988964266455e-06,1.4189498749435e-06,1.54953302052142e-06,1.69851492639553e-06,1.86738125330828e-06,2.05358749376666e-06,2.25184737407353e-06,2.45957823887735e-06,2.68390672499754e-06,2.93421366213289e-06,3.21122130627485e-06,3.51606587844253e-06,3.84874696217758e-06,4.21427483353736e-06,4.61354537194465e-06,5.03403307752585e-06,5.47442659331136e-06,5.96050762455292e-06,6.49933477858279e-06,7.09262505025522e-06,7.73451828002941e-06,8.41548549344732e-06,9.14977427682202e-06,9.9603899319923e-06,1.08160194149432e-05,1.17142651072482e-05,1.26779936093226e-05,1.37172121681614e-05,1.48555037302986e-05,1.61170199410772e-05,1.74551704681275e-05,1.8835140459144e-05,2.03054442129929e-05,2.19229848838825e-05,2.36516559951843e-05,2.54395398095328e-05,2.72881836106813e-05,2.92490697893466e-05,3.13839548119217e-05,3.36742498791182e-05,3.60646157089803e-05,3.85657310628745e-05,4.11646164124196e-05,4.37995122580944e-05,4.64943782556992e-05,4.93138053043022e-05,5.22404369884252e-05,5.51936461550506e-05,5.82150885465362e-05,6.13066976880879e-05,6.43634308728951e-05,6.73471871767663e-05,7.02862179471667e-05,7.31338333643784e-05,7.59217104897921e-05,7.84677526013828e-05,8.06887585696055e-05,8.28059579536201e-05,8.47995687307435e-05,8.62820711447185e-05,8.73180905842554e-05,8.79781979864147e-05,8.81687164633998e-05,8.77993575075313e-05,8.69539710143705e-05,8.55068395458695e-05,8.35373231263124e-05,8.09868137750469e-05,7.77916016234813e-05,7.40835029081645e-05,6.99740556417698e-05,6.53265770232837e-05,6.04019289879171e-05,5.52851543439972e-05,4.99239146329264e-05,4.45858193187006e-05,3.92906639049485e-05,3.40818279796703e-05,2.92107330486729e-05,2.46454699369983e-05,2.03845942126163e-05,1.66146733557901e-05,1.33141556259489e-05,1.04576095451622e-05,8.01131219457739e-06,6.01591812276238e-06,4.42664555537549e-06,3.1864052153449e-06,2.22169796614636e-06,1.51244971280025e-06,1.0145706041657e-06,6.60033830923096e-07,4.1077022116361e-07,2.50997023967411e-07,1.4888703607316e-07,8.86773319966118e-08,5.13425453656636e-08,2.7501462396947e-08,1.53980790157075e-08,9.42724577877549e-09,3.63797569979601e-09,1.86529812011801e-09,2.31612690815949e-09,-2.74625146495551e-10,5.83015449906241e-10,1.98552226270553e-10,-3.02238115013449e-10,-2.95241342614865e-10,0
1.01288642408614e-10,0,-2.55742551969746e-08,8.79028123132364e-09,7.37792050158659e-08,-6.24420501147289e-08,-6.01482808376584e-08,1.31874424503768e-07,-5.67684572015161e-08,-7.7136443333471e-08,1.4220318223519e-07,-9.19232345329376e-08,-1.33323669202453e-08,9.83002217318394e-08,-1.13668829670739e-07,7.24166310502758e-08,-3.37104270055452e-09,-5.00519208524953e-08,7.6660355078828e-08,-6.62663041166783e-08,4.03191914058634e-08,-3.03083058209469e-09,-2.16873909645659e-08,4.02217431906379e-08,-3.77952698321518e-08,3.32958911054472e-08,-1.45070294923776e-08,5.03645227535722e-09,1.24264047324109e-08,-1.31262404252376e-08,2.19906155946621e-08,-1.26760441424974e-08,1.63269626835122e-08,-1.36291416973923e-09,6.04439515802423e-09,9.28239148652064e-09,2.74812539125888e-10,1.42899222004495e-08,5.52221968802855e-10,1.38982894980829e-08,5.41346892003938e-09,1.20870870394626e-08,1.10384445685099e-08,1.10672482689309e-08,1.56780789548792e-08,1.2173268956157e-08,1.80492105096877e-08,1.47346243914156e-08,2.03731119110066e-08,1.9882453533303e-08,2.33428118375211e-08,2.51046509904895e-08,2.69517982336414e-08,3.04787803382367e-08,3.17867625214512e-08,3.64291993673748e-08,3.85126787434825e-08,4.34701703958089e-08,4.75393578332405e-08,5.4692691591972e-08,6.15131083189594e-08,6.81300707394792e-08,7.47782822001765e-08,8.17073640700694e-08,9.09074262360724e-08,1.00092499590601e-07,1.09983145027404e-07,1.21205494577217e-07,1.36790805427617e-07,1.5242559062006e-07,1.64965815587864e-07,1.76879421890907e-07,1.92100254783027e-07,2.08581827206976e-07,2.26618083743947e-07,2.48758681398208e-07,2.75924689250652e-07,3.06967956393677e-07,3.31355700039212e-07,3.54675182941541e-07,3.92736367855218e-07,4.4070772750187e-07,4.91372266215412e-07,5.3600258924833e-07,5.69702456216423e-07,6.05817805756963e-07,6.59746549183928e-07,7.45015633289558e-07,8.57642221029433e-07,9.76132387246419e-07,1.07205318111404e-06,1.12760642066752e-06,1.18396130886572e-06,1.31034032931408e-06,1.50839196823317e-06,1.71718392967984e-06,1.89963161265216e-06,2.04319658709894e-06,2.156699646603e-06,2.31694222178513e-06,2.56719423222953e-06,2.84204211215886e-06,3.12578547284107e-06,3.46122575432662e-06,3.77092116658928e-06,4.02604726014075e-06,4.36738326055325e-06,4.82680576781765e-06,5.2836279739852e-06,5.70337040376292e-06,6.14270722121846e-06,6.60173558423532e-06,7.05541910212618e-06,7.73306046922555e-06,8.75946894336475e-06,9.6554520630274e-06,1.01635202803197e-05,1.08174149760723e-05,1.18226718164139e-05,1.28371455445118e-05,1.39062439914537e-05,1.52516831945088e-05,1.67451591774855e-05,1.81230918227275e-05,1.92619192499149e-05,2.05148025439363e-05,2.22857053851574e-05,2.42910004229919e-05,2.60067441789489e-05,2.77239373840439e-05,2.9940165795233e-05,3.22647339163976e-05,3.46396770363167e-05,3.72980837282233e-05,3.96422752693078e-05,4.17242686520829e-05,4.41185117236427e-05,4.66325237816881e-05,4.94976269898616e-05,5.2997017302059e-05,5.62216544145004e-05,5.88911726123543e-05,6.18179301430421e-05,6.44613758975962e-05,6.64829348471953e-05,6.93632065916512e-05,7.28672336402627e-05,7.53231682760653e-05,7.7661287281084e-05,8.02316152058827e-05,8.09879733143433e-05,8.08169509935237e-05,8.27452104363292e-05,8.5286112279637e-05,8.5061270955901e-05,8.26592244585247e-05,8.10486232235414e-05,8.07409643718304e-05,7.94867803280074e-05,7.63743501240827e-05,7.30882406269257e-05,6.97507762218136e-05,6.61762298471403e-05,6.23309363287903e-05,5.7580643121737e-05,5.25327634212218e-05,4.74242903460619e-05,4.26444113964501e-05,3.82785299051086e-05,3.3013383334685e-05,2.78587466474711e-05,2.38520122512507e-05,1.99965898421209e-05,1.59478259744572e-05,1.24221764084822e-05,9.96655494846077e-06,7.80929323149068e-06,5.77437375855848e-06,4.18342678410315e-06,3.01846567453661e-06,2.22543808701863e-06,1.54074862136411e-06,9.88138156917139e-07,6.39475634762349e-07,4.30801721686868e-07,3.15285233184821e-07,1.64076992651712e-07,8.50658762892534e-08,6.36090925070937e-08,3.0478908890084e-08,2.34361603591344e-08,2.97744863496215e-09,8.19884994809157e-09,5.13068247189681e-09,-7.54977276108572e-09,5.19540161244514e-09,-1.18875071632234e-09,-2.67020770757915e-09,3.66643254571436e-09,1.31147965161636e-09,0
9.89715789761912e-11,0,-3.23666418422575e-09,-2.30977946854817e-08,1.78608211330946e-08,2.35471930432975e-08,-2.7914990180735e-08,1.1155347623795e-09,1.36069839911328e-08,-8.18468680219783e-09,5.24108195312575e-09,-5.3265377677045e-09,6.50300797448894e-09,-3.54422913044102e-10,-5.464984164724e-09,1.27002140548929e-08,-1.15919623624782e-08,8.81674263320142e-09,1.27280237707519e-09,-6.28854687437157e-09,1.28665353934528e-08,-9.52962184671646e-09,8.73683069001894e-09,5.18477802452739e-11,-1.06471025530444e-09,8.24437407426347e-09,-4.52095457683508e-09,8.59004691648077e-09,-1.06460360051426e-09,4.64887783408622e-09,4.16665360153651e-09,1.52798269061168e-09,7.14748907435037e-09,1.47614420105046e-09,7.63480679376525e-09,3.70562680257586e-09,6.80421451037508e-09,6.59414815980903e-09,6.58414262897951e-09,8.98341944639448e-09,7.4413375255948e-09,1.0713873175828e-08,9.58367975832244e-09,1.21705782802084e-08,1.22498311759691e-08,1.39001900854822e-08,1.54078776602697e-08,1.6351758608471e-08,1.86743722075833e-08,1.97586305599801e-08,2.26534284684561e-08,2.42048561337459e-08,2.70469762301931e-08,2.93694288827363e-08,3.24051596731886e-08,3.56457670589914e-08,3.92273969657402e-08,4.35407384980528e-08,4.76974275893244e-08,5.27294758794044e-08,5.79412957232987e-08,6.40951768530308e-08,7.03922388666433e-08,7.71695276644579e-08,8.44514873932296e-08,9.30616072875837e-08,1.03055322551783e-07,1.13183152977796e-07,1.23720089824847e-07,1.35983031503741e-07,1.50136674322562e-07,1.64555667348957e-07,1.79807116204018e-07,1.97153275444791e-07,2.17891594992038e-07,2.40513341571545e-07,2.64121862645751e-07,2.91208319516994e-07,3.21961856545951e-07,3.543343012714e-07,3.88250118244676e-07,4.25643807116078e-07,4.68560286181549e-07,5.16049215455329e-07,5.67406055891296e-07,6.22950036942843e-07,6.84252148383424e-07,7.53534629021832e-07,8.29302023739284e-07,9.1124378213443e-07,1.00292674831446e-06,1.1034548783522e-06,1.20509401248043e-06,1.31055139128046e-06,1.4346540584683e-06,1.57964964191962e-06,1.73705318293193e-06,1.90481366209654e-06,2.07757308857171e-06,2.25461185473295e-06,2.45943828586787e-06,2.7036187816919e-06,2.96072829034246e-06,3.22723354442327e-06,3.53145034774141e-06,3.8704777136537e-06,4.21076756124379e-06,4.56660879424906e-06,4.97866552087045e-06,5.43307467673274e-06,5.90788227962526e-06,6.45038911498622e-06,7.0487728331371e-06,7.63657079882374e-06,8.27288085296557e-06,9.05584735366636e-06,9.88557031487413e-06,1.06654551858864e-05,1.14996749336393e-05,1.25123985881723e-05,1.36355779971716e-05,1.4752816412363e-05,1.59134267637395e-05,1.72357117190339e-05,1.86629290736864e-05,2.00469209732732e-05,2.14578880276932e-05,2.31523737197554e-05,2.50567487501558e-05,2.69036170186148e-05,2.87748849589819e-05,3.08378275782377e-05,3.30185423376262e-05,3.52450096222309e-05,3.75447535950824e-05,3.9912674210195e-05,4.23685847145444e-05,4.49165829566329e-05,4.75328071664163e-05,5.0312502050526e-05,5.3222790935173e-05,5.59390537850216e-05,5.85453975689636e-05,6.13240370298863e-05,6.40015976414851e-05,6.63709334882316e-05,6.88959699928991e-05,7.14699316707611e-05,7.35217714918369e-05,7.52614120417045e-05,7.70989586034582e-05,7.84191202355619e-05,7.89417041003283e-05,7.93827059357308e-05,8.00319002917341e-05,7.99107399956933e-05,7.86347831996937e-05,7.69434580271602e-05,7.53778170842609e-05,7.34362031732005e-05,7.06301909565186e-05,6.70739031002035e-05,6.33279304561482e-05,5.93244526550926e-05,5.48937114206501e-05,5.02702235164055e-05,4.54817019682767e-05,4.05274548157581e-05,3.5673761866206e-05,3.11065123136104e-05,2.66283606614012e-05,2.22176489677107e-05,1.83110918191187e-05,1.49588971156066e-05,1.1902960953878e-05,9.21481075043513e-06,6.99718161087475e-06,5.27619596400521e-06,3.85882836516475e-06,2.70126080753041e-06,1.8286927415979e-06,1.22966066753644e-06,8.23545456991207e-07,5.05459486851755e-07,2.81381662209012e-07,1.65945607020531e-07,1.04232753801132e-07,5.89068535672289e-08,1.99139330719876e-08,6.85965150305128e-09,8.19719921163666e-09,3.5046291241151e-09,2.29161337324927e-09,7.92534261424411e-10,5.598871783654e-10,2.40052585411542e-11,3.63052949551877e-11,6.53179367313251e-10,-2.60655462403503e-11,1.3584840095719e-10,0
9.67075203310987e-11,0,-1.45226691817497e-08,-2.15417548669262e-08,4.6341888040631e-08,1.04910788631114e-08,-5.30121961850084e-08,2.48159795946163e-08,1.76419655796738e-08,-2.40290353912264e-08,1.34364035980846e-08,-5.07459770728268e-09,3.97773075009724e-09,1.71261619645206e-09,-7.19550092948174e-09,1.363445658391e-08,-1.1635790568776e-08,8.52833815497444e-09,7.27186495781989e-10,-4.98110468699645e-09,1.15146844044512e-08,-9.47438496926184e-09,1.00456734630442e-08,-2.35496391822391e-09,1.13023622491216e-09,6.78370699760405e-09,-4.47883861497914e-09,9.36552132028787e-09,-2.67890348577283e-09,6.12607905395627e-09,2.73088488420707e-09,2.10847799916209e-09,6.72165137645009e-09,1.11066309589093e-09,7.94842722043073e-09,2.73681312374818e-09,7.22845942841358e-09,5.74805383453231e-09,6.70026426573864e-09,8.354689087283e-09,7.07918901750551e-09,1.04204585862512e-08,8.89115138127746e-09,1.18997600965936e-08,1.13999311262271e-08,1.35601157561781e-08,1.4503347281013e-08,1.56252794689227e-08,1.77350911558987e-08,1.88886834583218e-08,2.1761845654972e-08,2.29908519877377e-08,2.58743135985252e-08,2.78831760147937e-08,3.09612104470897e-08,3.39426514190506e-08,3.75494493572349e-08,4.15065796811892e-08,4.53536253508338e-08,5.02656251443523e-08,5.53999081519254e-08,6.13756092943068e-08,6.71540842780341e-08,7.34068256920632e-08,8.03164651301464e-08,8.91197187343524e-08,9.880973459257e-08,1.0771200791495e-07,1.17375899293031e-07,1.29972525864326e-07,1.43900585382931e-07,1.56591692143333e-07,1.70235762468079e-07,1.87193750696867e-07,2.07832797517149e-07,2.29225538741456e-07,2.51545097525213e-07,2.78203782069124e-07,3.0739378390742e-07,3.36524214384711e-07,3.67952727692917e-07,4.04549173360783e-07,4.46948352196793e-07,4.92548487050016e-07,5.40399842201435e-07,5.92491768430957e-07,6.51519083671726e-07,7.17662352483209e-07,7.88795670907951e-07,8.6894985758721e-07,9.61874418737733e-07,1.0580609528926e-06,1.14742632141573e-06,1.24382450239577e-06,1.36608911693124e-06,1.50824423003715e-06,1.66020278408123e-06,1.8204692727242e-06,1.98034458765353e-06,2.14799526274085e-06,2.35351174033892e-06,2.58734619943531e-06,2.81241573621473e-06,3.057565474132e-06,3.37131103819365e-06,3.71497533957028e-06,4.02636572208091e-06,4.34816275134832e-06,4.74035897449327e-06,5.17192796392311e-06,5.63328724221461e-06,6.17315336997338e-06,6.72499396081429e-06,7.24847102439283e-06,7.8925556498582e-06,8.68807450341352e-06,9.43047328170001e-06,1.0113331480032e-05,1.09409724683619e-05,1.19699271835339e-05,1.30376033118922e-05,1.40559733108373e-05,1.51834589987274e-05,1.65185387377522e-05,1.78434302938465e-05,1.90278128263487e-05,2.03840036228506e-05,2.21715031437272e-05,2.40206851761068e-05,2.56472176909951e-05,2.74007224393679e-05,2.9456037318338e-05,3.1563580099256e-05,3.3658398922549e-05,3.58441275025851e-05,3.80963504534278e-05,4.03892944005436e-05,4.27538192991579e-05,4.53118513554725e-05,4.81274337098243e-05,5.08625364906166e-05,5.32816420649862e-05,5.58671310471001e-05,5.86624584814712e-05,6.09994265975981e-05,6.31081956845005e-05,6.57518940303126e-05,6.82683912876296e-05,7.00108761145383e-05,7.17494400627908e-05,7.3646458678017e-05,7.46080666889173e-05,7.49543290510182e-05,7.58346042364151e-05,7.66433008018979e-05,7.59775543226336e-05,7.44469667292225e-05,7.32134821970068e-05,7.20845088591294e-05,7.0122445758294e-05,6.71077599602301e-05,6.36994825891349e-05,6.03935003537612e-05,5.65170053130713e-05,5.20590681482011e-05,4.77302686216036e-05,4.33053817180071e-05,3.85082124499888e-05,3.38405107536837e-05,2.95502955590722e-05,2.52236490630161e-05,2.09602617481937e-05,1.7324251543308e-05,1.41829738840555e-05,1.12464833953557e-05,8.69000631679434e-06,6.62820621861311e-06,5.02374355649153e-06,3.6634454616702e-06,2.54539768735671e-06,1.72776919841901e-06,1.1950777764847e-06,8.10142912739189e-07,4.75161450208474e-07,2.62320140486236e-07,1.76169203268972e-07,1.18908137855156e-07,5.61145785660916e-08,1.40274580171957e-08,1.15816250184385e-08,1.3316118566001e-08,3.3694095840225e-09,1.85543702252676e-09,1.90802150278197e-09,2.25576294412073e-10,-4.26607437267488e-10,6.31865681537462e-10,4.72166166180926e-10,-2.90144514978969e-11,2.84861234004225e-10,0
9.44952539439597e-11,0,-2.25703223016352e-08,2.17883712640208e-08,5.81709397383436e-08,-7.68604644724723e-08,-2.65839246400232e-08,1.21633320329666e-07,-8.57283685435368e-08,-3.72461792337247e-08,1.27840142920599e-07,-1.13612839066499e-07,2.52873376616873e-08,6.9555495936656e-08,-1.10737154907876e-07,9.27092848510318e-08,-3.34787233784769e-08,-2.57411324200208e-08,6.69208850125689e-08,-7.27033827239651e-08,5.71209402262903e-08,-2.31341399462509e-08,-5.93442486166882e-09,3.20694140277826e-08,-3.88728256196337e-08,4.06916274941041e-08,-2.61058839911472e-08,1.61150224301159e-08,3.14811277746198e-09,-8.73521697251714e-09,2.10017013528795e-08,-1.6247824930985e-08,2.11511867779085e-08,-8.28178495528592e-09,1.10387553777689e-08,4.17891213198567e-09,1.84988065369671e-09,1.28871384584146e-08,-1.60430348884096e-09,1.51128464235501e-08,1.3027101142603e-09,1.36698803605209e-08,7.25642561471203e-09,1.148469495901e-08,1.30397577794252e-08,1.05401440891889e-08,1.66082955100145e-08,1.19852050890656e-08,1.95797965541108e-08,1.65023446995189e-08,2.20363660678805e-08,2.14680554061583e-08,2.45665046085242e-08,2.68479284773046e-08,2.81077030075023e-08,3.21969843865656e-08,3.29630507031127e-08,3.79000649393459e-08,4.04462639309716e-08,4.71886047348748e-08,5.12814002600225e-08,5.67693320181754e-08,6.17030754375687e-08,6.77182379487404e-08,7.5804646521105e-08,8.4120561535921e-08,9.30367868061375e-08,1.02719354287957e-07,1.17832750531266e-07,1.32280124999837e-07,1.4243098581974e-07,1.50789110216964e-07,1.64268133754506e-07,1.80731117278363e-07,1.99943424650193e-07,2.22115579204948e-07,2.46349825487235e-07,2.73015122568834e-07,2.95735867187262e-07,3.19618199563071e-07,3.53027630655375e-07,3.90588389811456e-07,4.3120532188337e-07,4.71250797430124e-07,5.06880026140277e-07,5.43989691528383e-07,5.84884098852655e-07,6.40499770040726e-07,7.22205086719037e-07,8.25012862975411e-07,9.22638177984609e-07,9.93617470544489e-07,1.05732192189254e-06,1.14558526712239e-06,1.26246413993724e-06,1.39923583435211e-06,1.56309549068954e-06,1.74354079043952e-06,1.91681430303227e-06,2.08517258204967e-06,2.23662926265255e-06,2.36817334551394e-06,2.56611082248411e-06,2.91074421007353e-06,3.30614805416033e-06,3.60674388825584e-06,3.84769930406182e-06,4.15822881983134e-06,4.53337188977829e-06,4.91919920920609e-06,5.35599053925353e-06,5.83430643472396e-06,6.30658229970904e-06,6.9192091323635e-06,7.68379515559777e-06,8.29261533723381e-06,8.74961212794168e-06,9.39483150940436e-06,1.02154973865706e-05,1.11195620221912e-05,1.21809416182087e-05,1.33598793301637e-05,1.46236424587861e-05,1.5751914680899e-05,1.65985664867283e-05,1.77140480192473e-05,1.93631947572586e-05,2.10175328126052e-05,2.23482538668153e-05,2.38555895793073e-05,2.59396779961942e-05,2.81027867654774e-05,3.01781992981176e-05,3.23787607701019e-05,3.43837364331326e-05,3.61551400823896e-05,3.81048026419319e-05,4.03928334996577e-05,4.29991530675532e-05,4.56782545446639e-05,4.82459555538845e-05,5.10721176683468e-05,5.39929372585939e-05,5.60478682564835e-05,5.77933034845518e-05,6.05185563378554e-05,6.34047267269635e-05,6.52359536841118e-05,6.7043613757865e-05,6.92247338381279e-05,7.0426030011637e-05,7.11429906776611e-05,7.28821089588556e-05,7.40544750257036e-05,7.29976770513274e-05,7.14536449649924e-05,7.10586094005264e-05,7.04036838465815e-05,6.86893009000809e-05,6.65334055648138e-05,6.38992422144262e-05,6.1090429345926e-05,5.79039168939789e-05,5.34428491533792e-05,4.96037567469489e-05,4.63474859876652e-05,4.1583652183503e-05,3.70605866763312e-05,3.33176897050192e-05,2.89087745618577e-05,2.44899486586796e-05,2.06238533290171e-05,1.72378886855945e-05,1.39731025572241e-05,1.09928230849927e-05,8.71348268749625e-06,6.68791167361551e-06,5.08952352115419e-06,3.75203056464259e-06,2.62004419803725e-06,1.95448232461115e-06,1.39375465264881e-06,8.78499563608073e-07,5.56245949188743e-07,4.04998708201011e-07,2.84447953316697e-07,1.4156108247843e-07,8.2915619230704e-08,5.37607773246778e-08,3.23399342551983e-08,1.90841580833886e-08,2.19335452611572e-09,9.88249473571372e-09,1.77193249547407e-09,-5.75803991773511e-09,5.1220593898703e-09,-1.62650539538267e-09,-1.75831607246836e-09,4.24176612274027e-09,4.89779491802451e-10,0
9.23335950230335e-11,0,8.22192007695909e-09,-6.93840863367472e-09,-1.8121333190928e-08,2.25205336307092e-08,9.26608253039573e-09,-3.11679329771738e-08,1.93405712161177e-08,1.03919504861493e-08,-2.57969413001071e-08,2.14347503130783e-08,-3.27884510911709e-09,-1.06374991625506e-08,1.76718512764458e-08,-1.28502288642313e-08,6.40214015626468e-09,3.24425384943e-09,-6.31736421747877e-09,9.6591447516751e-09,-5.725132373371e-09,5.13456015568858e-09,8.97869901841718e-10,-3.94502249882818e-10,5.08008311704646e-09,-1.74461758316648e-09,5.17191735369126e-09,2.0482310514893e-10,3.3872570332216e-09,2.83398061528298e-09,2.13794593843941e-09,4.57583394415397e-09,2.17689964913208e-09,5.14698293194655e-09,3.38794947051813e-09,5.30327553100959e-09,4.94530691239461e-09,5.56248783472311e-09,6.57152323312248e-09,6.45666002822245e-09,8.00027699764419e-09,7.81321126837728e-09,9.40623769570611e-09,9.68110479841298e-09,1.10644325562697e-08,1.20131112387308e-08,1.32827872000927e-08,1.47394964458165e-08,1.58737342172705e-08,1.76372928899721e-08,1.91229338068564e-08,2.13232541623272e-08,2.32349592765892e-08,2.56729285001435e-08,2.81251515425075e-08,3.0926963960136e-08,3.40224039076495e-08,3.74037868676855e-08,4.10208831209776e-08,4.47107961899402e-08,4.91291732280575e-08,5.40558949092309e-08,5.96475122312812e-08,6.56193737604355e-08,7.19808425964276e-08,7.8853550374872e-08,8.70472288763206e-08,9.6171128218905e-08,1.05209938344744e-07,1.15005651784979e-07,1.27500980998319e-07,1.42032846187027e-07,1.56873489327614e-07,1.72350308692919e-07,1.89308391814852e-07,2.08290862744668e-07,2.29177972852734e-07,2.51831325907709e-07,2.78066734723122e-07,3.07379824716923e-07,3.38135712942777e-07,3.71158554516706e-07,4.07086586719347e-07,4.46938901547269e-07,4.91467524117503e-07,5.40476780265026e-07,5.95072019811761e-07,6.54421171027417e-07,7.15133277780131e-07,7.76441557304409e-07,8.45018182550168e-07,9.28204674956713e-07,1.02387174200136e-06,1.12522839127622e-06,1.23213687422356e-06,1.34757941277798e-06,1.46939872988887e-06,1.60006597617881e-06,1.74635404679029e-06,1.91085501884573e-06,2.09894832228133e-06,2.31716116045847e-06,2.54744756695807e-06,2.76293739794928e-06,2.98031064955628e-06,3.25274255851691e-06,3.58436939874453e-06,3.93152318306845e-06,4.28669144935777e-06,4.67481409862617e-06,5.089331451358e-06,5.54140024692436e-06,6.05210173865559e-06,6.58661581006566e-06,7.12562653222264e-06,7.74478440208667e-06,8.45776247687981e-06,9.20544276457073e-06,9.97756411699089e-06,1.07933945701971e-05,1.16634051426401e-05,1.26037739709599e-05,1.35900427918187e-05,1.46762894323573e-05,1.59317656733873e-05,1.72494662691634e-05,1.85137363047975e-05,1.98268458823484e-05,2.13417042347067e-05,2.29850827718124e-05,2.46089244172252e-05,2.62803131392195e-05,2.8085524512597e-05,2.99957865765712e-05,3.20206204381303e-05,3.41656366806009e-05,3.6368624713959e-05,3.85514767733095e-05,4.07188924217121e-05,4.29849275324996e-05,4.53780291342534e-05,4.76667665067785e-05,4.98488547843817e-05,5.22304771417374e-05,5.47341943272078e-05,5.68928844522224e-05,5.87959308621687e-05,6.07849010270934e-05,6.26571051410512e-05,6.41240625796303e-05,6.54977890361296e-05,6.67174419813547e-05,6.73172190938386e-05,6.74891418927091e-05,6.77895277860731e-05,6.77201007311884e-05,6.67616556032542e-05,6.52917238447366e-05,6.36267963800482e-05,6.14986962791038e-05,5.89816112899772e-05,5.59409361698538e-05,5.25591038955359e-05,4.91861570461483e-05,4.53370002122331e-05,4.10090050697728e-05,3.69374699103795e-05,3.29391889088911e-05,2.87823494007207e-05,2.48230172648973e-05,2.11925285695637e-05,1.7797792430114e-05,1.46116396326022e-05,1.18207248658503e-05,9.41918739296239e-06,7.34901816482525e-06,5.61407932340076e-06,4.18657291580262e-06,3.07194030557008e-06,2.24311624870722e-06,1.56387345580337e-06,1.05981776360202e-06,7.32923120713995e-07,5.03080847278259e-07,3.12942778993039e-07,1.87967542525855e-07,1.24978291331993e-07,8.16636834111825e-08,4.85859829660943e-08,2.57725380875199e-08,1.53617045474534e-08,1.00556527554807e-08,3.39297615349922e-09,2.09614710392442e-09,2.53304309002845e-09,-3.34825213987137e-10,1.61354857669714e-10,5.7271437264152e-10,-7.23883132316233e-10,-1.77387032662693e-10,0
9.02213858796926e-11,0,5.22516657295147e-09,6.66704376281597e-10,-1.40721183133174e-08,8.36673208628141e-09,1.46992350758366e-08,-2.22170443922051e-08,6.75721324156069e-09,1.61128161131545e-08,-2.32932417113001e-08,1.48229328059365e-08,3.04236804617551e-09,-1.4594015391409e-08,1.881089297349e-08,-1.18211182060706e-08,3.86816573944199e-09,6.35157424940374e-09,-9.37138155584281e-09,1.18663598883189e-08,-6.88030175836303e-09,4.95203755894167e-09,2.01088957135194e-09,-2.24547421832795e-09,6.97960646631403e-09,-3.51995491167866e-09,6.25701917676861e-09,-3.91578422057416e-10,3.18467727949801e-09,3.31595073556735e-09,1.13046254852303e-09,5.39631422201073e-09,1.16583085754997e-09,5.6620888131241e-09,2.7699409901183e-09,5.25365659729078e-09,4.79307238383968e-09,5.07582156243935e-09,6.6113908585068e-09,5.76934922102274e-09,8.03193556504572e-09,7.17312261699079e-09,9.23683240986796e-09,9.12920160545537e-09,1.06449721200676e-08,1.15260287473419e-08,1.26440303825643e-08,1.42599684846058e-08,1.51646424058664e-08,1.71217183744319e-08,1.82900919142978e-08,2.05748450398725e-08,2.22719410178773e-08,2.47179459410204e-08,2.70353160576526e-08,2.97470023672714e-08,3.27283550644431e-08,3.58856918427486e-08,3.94216555068549e-08,4.28784982529917e-08,4.70794236060435e-08,5.1609419620721e-08,5.68532352012662e-08,6.23938145917148e-08,6.84586174322318e-08,7.49298356581886e-08,8.24235319041977e-08,9.08511090540012e-08,9.95791605607444e-08,1.08958077572055e-07,1.20382713842545e-07,1.33980713620841e-07,1.48419273651549e-07,1.63690360143969e-07,1.80200876321089e-07,1.98339881202275e-07,2.18478844095632e-07,2.40236819467776e-07,2.6478981957405e-07,2.92699023471266e-07,3.22746725047068e-07,3.55105175585713e-07,3.89868927015086e-07,4.27771058384819e-07,4.69866809451877e-07,5.16259633001251e-07,5.68420927359708e-07,6.25859295615456e-07,6.85451564917852e-07,7.45137117155495e-07,8.08676736376082e-07,8.82512031392417e-07,9.68457047531844e-07,1.06411535076728e-06,1.16795324486301e-06,1.28024942572013e-06,1.39813632175064e-06,1.52173573309585e-06,1.65643603850402e-06,1.80794663931559e-06,1.9827217054231e-06,2.18669434561792e-06,2.41094770861243e-06,2.6350682340037e-06,2.85718297245193e-06,3.11095777782793e-06,3.41408669160254e-06,3.74495992685983e-06,4.0946265221745e-06,4.47739262291821e-06,4.88474762281391e-06,5.32779068743408e-06,5.82588768159559e-06,6.35361064303883e-06,6.89102772477095e-06,7.48527539083132e-06,8.15804738631454e-06,8.8889466760336e-06,9.65896559769862e-06,1.04621302513031e-05,1.13087204162035e-05,1.22234948327176e-05,1.31848509041697e-05,1.42221930169807e-05,1.53937399264012e-05,1.66571458717267e-05,1.79409211592181e-05,1.92511738054998e-05,2.06674724414174e-05,2.22133400262504e-05,2.38085901803006e-05,2.5440539077825e-05,2.71573741514381e-05,2.89858517648186e-05,3.09395274233188e-05,3.30051158170627e-05,3.51482232439685e-05,3.72942185402e-05,3.94113942445406e-05,4.15838055664776e-05,4.38782796484432e-05,4.61330324315541e-05,4.82655538927998e-05,5.04613068678444e-05,5.28022040257881e-05,5.50137153801875e-05,5.69787908110294e-05,5.88440828239003e-05,6.06232751426895e-05,6.21205044296246e-05,6.34351320693597e-05,6.45916564411892e-05,6.53238735531455e-05,6.56026804087472e-05,6.58244789807245e-05,6.57628263203892e-05,6.50132184360097e-05,6.37726468651037e-05,6.22671922092421e-05,6.02098435444512e-05,5.77621217654444e-05,5.49407558227397e-05,5.17326299326027e-05,4.84087565649893e-05,4.47535031028646e-05,4.066837575245e-05,3.66633713092505e-05,3.27200449577747e-05,2.87174945289122e-05,2.48582217204939e-05,2.12392247402809e-05,1.78917818442381e-05,1.47680525330849e-05,1.19903098596886e-05,9.58345740726087e-06,7.50253980921412e-06,5.7558281636709e-06,4.30170296673046e-06,3.14634097081164e-06,2.28146154441282e-06,1.58575754201013e-06,1.06888207914596e-06,7.17627448251877e-07,4.78619655286548e-07,2.95169407224965e-07,1.72373884484772e-07,1.07008628331367e-07,6.49640894866759e-08,3.72403848191249e-08,1.93724471663399e-08,1.05046241362409e-08,6.98589168806337e-09,2.30470617091587e-09,1.03025879259757e-09,1.92117626239682e-09,-2.00042631006786e-10,7.33351054432655e-11,4.47852196409143e-10,-5.3739205248683e-10,-3.6705535543399e-10,0
8.81574953084177e-11,0,8.48566703066074e-09,-7.59077495960904e-09,-1.84732858315411e-08,2.39077910786798e-08,8.27064827089437e-09,-3.20325352640576e-08,2.14300862766907e-08,9.00008791565331e-09,-2.64136171749556e-08,2.32487247905386e-08,-4.98127070355033e-09,-1.00984314842392e-08,1.81169128358969e-08,-1.39792127344126e-08,7.43509610655867e-09,2.44834855703088e-09,-6.17557110080216e-09,9.82746793001997e-09,-6.3570948084446e-09,5.64721647395832e-09,2.78181001636962e-10,-2.20494936088282e-10,4.87894599005068e-09,-2.01750792325011e-09,5.24149565969173e-09,-2.49011635497339e-10,3.43431284125083e-09,2.44010151499665e-09,1.99709115326921e-09,4.29007577502664e-09,1.85105899078683e-09,4.91127985939089e-09,2.94494562297428e-09,5.02176419697572e-09,4.45590559341146e-09,5.18256972011993e-09,6.04426530077254e-09,5.92692612624016e-09,7.40220761182427e-09,7.14151421668274e-09,8.7219011272415e-09,8.8723419196636e-09,1.02285930835407e-08,1.10336121274415e-08,1.22531886771487e-08,1.35697344833113e-08,1.46020109374006e-08,1.62334293077105e-08,1.75764126296209e-08,1.96317877288648e-08,2.13551896651365e-08,2.36253471268361e-08,2.58515207162459e-08,2.84432220538203e-08,3.12536640041373e-08,3.43522310715645e-08,3.76709430153125e-08,4.10500907342177e-08,4.5078444517165e-08,4.95927831935607e-08,5.47714026147154e-08,6.0274362007628e-08,6.61465552148874e-08,7.25111128356289e-08,8.00449529222274e-08,8.83290925290193e-08,9.66251425958978e-08,1.05791548221124e-07,1.17368856710864e-07,1.30607147091403e-07,1.44160504183428e-07,1.58465124166862e-07,1.74158380754565e-07,1.916346801745e-07,2.10676602576299e-07,2.31409016101976e-07,2.55755683551783e-07,2.8281254483269e-07,3.10786263509601e-07,3.40714347741194e-07,3.73483689061559e-07,4.10279490086552e-07,4.51819201329054e-07,4.97406563573771e-07,5.46892585151254e-07,5.99262905755502e-07,6.53130094659824e-07,7.09385456632478e-07,7.74204219214265e-07,8.53293115478499e-07,9.42327126754275e-07,1.0327429002912e-06,1.12579535004502e-06,1.22835063157147e-06,1.34051468590591e-06,1.46412158707746e-06,1.60352976451348e-06,1.75656717725579e-06,1.92505730307091e-06,2.11769284111367e-06,2.32183444989775e-06,2.51808075879117e-06,2.72563967950948e-06,2.98292834785255e-06,3.28265779352651e-06,3.59276222053432e-06,3.91543006046907e-06,4.27220359017149e-06,4.65458882079099e-06,5.07038183104056e-06,5.53839643932285e-06,6.02198442884438e-06,6.50192602054222e-06,7.06791341542934e-06,7.73731043514515e-06,8.42462662717334e-06,9.11625397151959e-06,9.85788939884355e-06,1.06553790650303e-05,1.15092732052954e-05,1.24113071025819e-05,1.3414164027209e-05,1.45634206566154e-05,1.57530678253985e-05,1.68895321340056e-05,1.80924127546339e-05,1.94946163605199e-05,2.09870298214981e-05,2.24501048686809e-05,2.39892882116908e-05,2.56440159108499e-05,2.73602875423692e-05,2.92013565983582e-05,3.1172330330404e-05,3.31804088962167e-05,3.51809479381105e-05,3.71650862822515e-05,3.91839406502352e-05,4.13185596409604e-05,4.34318900611324e-05,4.54739023902132e-05,4.76604360604209e-05,4.99144912661664e-05,5.18290290407666e-05,5.35474748734132e-05,5.53898821306139e-05,5.70880250077255e-05,5.84026629570167e-05,5.9701694679707e-05,6.08572902232248e-05,6.13664922503001e-05,6.14622107252313e-05,6.17151486401838e-05,6.17017650922388e-05,6.08970071164153e-05,5.95338701063499e-05,5.79653384739324e-05,5.60498222365166e-05,5.37954580587348e-05,5.10657097275904e-05,4.8002179920825e-05,4.48722489714592e-05,4.13583706336592e-05,3.75084402211995e-05,3.38539850017075e-05,3.01786012940199e-05,2.63682024436311e-05,2.28035279884768e-05,1.95254750063273e-05,1.64084238295586e-05,1.34936666699527e-05,1.09700156759188e-05,8.78216638706971e-06,6.86086474938531e-06,5.25423246191705e-06,3.95300022239729e-06,2.92688007900968e-06,2.14476859146263e-06,1.50728065699488e-06,1.03705929987963e-06,7.22727222301692e-07,4.98516021243006e-07,3.15946092683707e-07,1.9374677069139e-07,1.29658980324914e-07,8.47273872580423e-08,5.09595194213786e-08,2.78129657462673e-08,1.63769937267957e-08,1.04981912237979e-08,3.72156544780741e-09,2.39377434584893e-09,2.48162554066455e-09,-2.94830352582203e-10,2.30776998045051e-10,5.06541554528049e-10,-6.9514178637727e-10,-1.48607289010209e-10,0
8.61408179809725e-11,0,5.6010958874612e-09,-5.36598231984823e-10,-1.47349651891816e-08,1.08090420152819e-08,1.3871758931016e-08,-2.44296870650057e-08,9.5632132414602e-09,1.52936896233942e-08,-2.4999194247163e-08,1.74552910503447e-08,1.07539735224242e-09,-1.4322226856285e-08,1.99198144723832e-08,-1.37456551312265e-08,5.54878256397359e-09,5.27177679353679e-09,-9.34202368895841e-09,1.24666405940856e-08,-8.07453338518379e-09,6.01505164019399e-09,9.99821850970739e-10,-1.87728372664678e-09,6.80609257011589e-09,-3.98000914735974e-09,6.63077608117871e-09,-1.17041368862958e-09,3.53319635093284e-09,2.70587193923078e-09,1.11785151030229e-09,5.0990345145985e-09,7.77681172857016e-10,5.56011585250005e-09,2.18198440563827e-09,5.14348226814004e-09,4.17709477914534e-09,4.81709180861037e-09,6.050152759214e-09,5.29549465214169e-09,7.48622427186239e-09,6.49532963636459e-09,8.64969499967415e-09,8.30004738650299e-09,9.92711338702426e-09,1.0554304130233e-08,1.17230459065128e-08,1.31354530736761e-08,1.39770826856054e-08,1.5791986696304e-08,1.68139648520499e-08,1.89908839475927e-08,2.04632035405263e-08,2.27884635170815e-08,2.48413333493968e-08,2.73902173577403e-08,3.00787784653919e-08,3.30008472897121e-08,3.62309986303573e-08,3.93930344823881e-08,4.32213047033009e-08,4.73214262712566e-08,5.21577697780019e-08,5.72672347888493e-08,6.28923197524857e-08,6.88412209943207e-08,7.57716339500119e-08,8.35038781492749e-08,9.1484033143567e-08,1.00097483999271e-07,1.10682412218917e-07,1.23233063431673e-07,1.36503841080181e-07,1.50587962687833e-07,1.65784076456646e-07,1.82417190054565e-07,2.00778957543356e-07,2.20739486238248e-07,2.4362483676981e-07,2.69449003312012e-07,2.96808096826212e-07,3.26381160839113e-07,3.58379135634315e-07,3.93439718900556e-07,4.3259364846023e-07,4.75710799971618e-07,5.23396426735109e-07,5.74787217378063e-07,6.27791166201407e-07,6.81565360158169e-07,7.40323367737469e-07,8.10040915585558e-07,8.90847025397143e-07,9.78288420830849e-07,1.07097465630561e-06,1.1710426330097e-06,1.27689261145785e-06,1.389630936057e-06,1.51527779747511e-06,1.65758835096745e-06,1.82030135616321e-06,2.00827256441953e-06,2.21041440339031e-06,2.40701989546429e-06,2.6039101072545e-06,2.83639456973388e-06,3.1172308092806e-06,3.42400488745292e-06,3.74519427395404e-06,4.0957288641069e-06,4.47242185574467e-06,4.87584846013713e-06,5.3230904500844e-06,5.80289079904132e-06,6.29267779401643e-06,6.83967921074911e-06,7.46806582554685e-06,8.13667330421591e-06,8.83380361675102e-06,9.57361212982158e-06,1.03462046788814e-05,1.11704446844233e-05,1.20428570371068e-05,1.29917800050814e-05,1.40786103039706e-05,1.52477980508175e-05,1.64029951037439e-05,1.75805073523475e-05,1.88918356433356e-05,2.03238859056318e-05,2.17644457071804e-05,2.32362977824779e-05,2.48080200818563e-05,2.64764961186897e-05,2.82561272440741e-05,3.01396612837326e-05,3.20791721272202e-05,3.40335801195709e-05,3.59931751982403e-05,3.79898596328982e-05,4.00531916147278e-05,4.20620894261717e-05,4.40001696179009e-05,4.60577877371159e-05,4.82177311485476e-05,5.01665835939017e-05,5.19155409609891e-05,5.36644682955902e-05,5.53021478357543e-05,5.66316279260585e-05,5.78530030037899e-05,5.89336349455976e-05,5.9554642366508e-05,5.97832855866859e-05,6.00200747662076e-05,6.00021579920574e-05,5.93240427642275e-05,5.81357802241235e-05,5.67035883903866e-05,5.48646377626892e-05,5.26975371070002e-05,5.0098486137468e-05,4.71153486136867e-05,4.4096460219004e-05,4.07923763153976e-05,3.70638959114046e-05,3.342433322873e-05,2.98403895675713e-05,2.61750227996625e-05,2.26620344544471e-05,1.93848959459891e-05,1.63393762472524e-05,1.34928852477083e-05,1.09661159307639e-05,8.77366875433701e-06,6.86491701597031e-06,5.26737081271801e-06,3.94565024086625e-06,2.88552495430019e-06,2.091374736463e-06,1.45532322214337e-06,9.79952763187611e-07,6.58311287304365e-07,4.38684539832871e-07,2.69852196271995e-07,1.57588385884907e-07,9.74317130573411e-08,5.8984425078482e-08,3.39789385205203e-08,1.74526038595783e-08,9.23295791625862e-09,6.41547864951226e-09,1.92200293176412e-09,9.78565194892542e-10,1.78095725116319e-09,-2.69929048036697e-10,8.22695386515103e-11,3.71489276769424e-10,-5.49812998712722e-10,-3.78789414649238e-10,0
8.417027385444e-11,0,-3.48288649161959e-09,8.17955499602111e-10,9.06667105236025e-09,-2.51033147705406e-09,-7.58460622528621e-09,2.65900264175808e-09,8.74306971983024e-09,-5.36492837485014e-09,-6.74294608841222e-09,1.48448430159012e-08,-8.4728206790855e-09,-2.88802340982386e-09,1.35695181731089e-08,-1.38270471723226e-08,9.50512809120721e-09,4.30854062322223e-10,-5.81729021530544e-09,1.08828689373481e-08,-8.37290075815768e-09,7.35862149575708e-09,-8.7503402918208e-10,-2.58804059653825e-10,5.57650420110882e-09,-3.49553965038259e-09,6.59303584419666e-09,-1.74364538554519e-09,4.18468439375887e-09,1.84564290545216e-09,1.67548382110517e-09,4.48426902880857e-09,8.81600883236499e-10,5.45499606929335e-09,1.83426092683289e-09,5.2332308716027e-09,3.65908969456706e-09,4.95555920045533e-09,5.56637703146724e-09,5.18084647993884e-09,7.10645149271105e-09,6.18999378710998e-09,8.3718352417265e-09,7.83865410842945e-09,9.67736928993831e-09,1.00128392219201e-08,1.13052770524213e-08,1.2423465051034e-08,1.33918533923079e-08,1.51477042352998e-08,1.61449215391294e-08,1.81975579436237e-08,1.95161752070771e-08,2.18357337083071e-08,2.37277959064517e-08,2.62723379040271e-08,2.87580115798786e-08,3.1468515176086e-08,3.44586111123281e-08,3.76709678514298e-08,4.14751011402669e-08,4.53386958548583e-08,4.98015378121389e-08,5.4463420514254e-08,5.99070643714476e-08,6.59039622269404e-08,7.2429783968794e-08,7.9091186334461e-08,8.67996945782058e-08,9.61355835456567e-08,1.06519080285445e-07,1.17463444409103e-07,1.29466913846647e-07,1.43233536751697e-07,1.58254127820439e-07,1.74139679344903e-07,1.9160511340364e-07,2.11266978580156e-07,2.33276054704517e-07,2.57175115598437e-07,2.82974069899198e-07,3.11606690948328e-07,3.42750083877523e-07,3.76654907599491e-07,4.14223359107273e-07,4.55905139263004e-07,5.01320585412912e-07,5.4828187203624e-07,5.97309536559332e-07,6.5152781683375e-07,7.12733700609991e-07,7.79509116521318e-07,8.51705800087582e-07,9.32488483255519e-07,1.02214876776033e-06,1.11794073372011e-06,1.21897782388715e-06,1.32867352138827e-06,1.45044522446532e-06,1.58898992705727e-06,1.74701601344544e-06,1.91694880040706e-06,2.09014619430677e-06,2.27889642816063e-06,2.49850034637909e-06,2.73988998824051e-06,2.98895455444613e-06,3.26025838583736e-06,3.56801226786899e-06,3.90677465450752e-06,4.27350811125003e-06,4.67344035948994e-06,5.09074459499744e-06,5.53138971474591e-06,6.02699880681305e-06,6.58055944920532e-06,7.16164886208168e-06,7.77471119836429e-06,8.44095029496644e-06,9.16071570203345e-06,9.91250971197487e-06,1.07036559061297e-05,1.15637365848297e-05,1.25187722167844e-05,1.35303101992698e-05,1.45615270354659e-05,1.56726684702815e-05,1.69018483714698e-05,1.81877920617397e-05,1.94810624501155e-05,2.08227640677833e-05,2.22804358773214e-05,2.38372574454976e-05,2.54617132575938e-05,2.71658384072956e-05,2.8940098270399e-05,3.07600975052746e-05,3.26294229946499e-05,3.45805054187489e-05,3.6550504748739e-05,3.84484585217365e-05,4.03359996982572e-05,4.23630114618473e-05,4.44201790760701e-05,4.63202981787564e-05,4.81317660245515e-05,4.99882088181151e-05,5.17205921227937e-05,5.32341852821419e-05,5.46244422344314e-05,5.5850510823842e-05,5.67093918133676e-05,5.73800182574116e-05,5.79753895307655e-05,5.81974078574007e-05,5.78476918145022e-05,5.72476496576335e-05,5.64230143857889e-05,5.51350169481011e-05,5.33080728804136e-05,5.11791855449228e-05,4.87790319381572e-05,4.60936691580471e-05,4.30726127814771e-05,3.97464851167805e-05,3.63786626218326e-05,3.29845132700716e-05,2.93766281555969e-05,2.58330856854895e-05,2.25188339244985e-05,1.92963387594842e-05,1.62644065264151e-05,1.35043278381383e-05,1.10487775016012e-05,8.85551982422304e-06,6.94259906079882e-06,5.34725571364805e-06,4.03547035737533e-06,2.97421971721952e-06,2.13016596876453e-06,1.4766908933214e-06,1.02488688923554e-06,6.84638218058851e-07,4.29030327252552e-07,2.65980977330331e-07,1.71694074027039e-07,1.03426347185507e-07,5.32537500573284e-08,3.01887871863154e-08,1.91524844823568e-08,1.10639312001006e-08,5.56352816566692e-09,2.68021014615433e-09,2.29871558530358e-09,9.55049420229987e-10,-1.22759438614156e-10,7.48518728042323e-10,-1.32772293881394e-10,-4.65740727969554e-10,-5.13801941523851e-11,0
8.22448075927993e-11,0,9.45085224858545e-11,9.06541785371404e-10,7.25514124463871e-10,7.76772064709374e-10,-2.34544177206536e-09,-3.11168917800262e-10,6.58813016363668e-09,-5.98611144999053e-09,1.52954409956955e-10,7.56889886532325e-09,-8.50214167326793e-09,5.86291668361838e-09,1.00827889196037e-09,-4.4019160533742e-09,7.33113865843748e-09,-4.81964675930038e-09,3.70726493905538e-09,8.9054385436153e-10,-1.21409475887032e-09,4.34571285067687e-09,-2.12480108949736e-09,3.84146014047596e-09,-5.25180856935795e-11,1.86945596856215e-09,2.25649029234056e-09,6.94456350989335e-10,3.39825398356948e-09,9.09848280183646e-10,3.47234559505019e-09,1.98057178583736e-09,3.21297842848669e-09,3.23533985497245e-09,3.22043568061884e-09,4.2573477586941e-09,3.7324684828312e-09,5.07346642432587e-09,4.69046407914372e-09,5.81658569540151e-09,5.92410912386041e-09,6.71507404705905e-09,7.33881980009554e-09,7.92540840128622e-09,8.94253645423184e-09,9.53913781164171e-09,1.07516601636669e-08,1.15234093981704e-08,1.28551348580463e-08,1.39637989164764e-08,1.54364506048545e-08,1.69229065153543e-08,1.8601990580231e-08,2.049956406862e-08,2.24843096508376e-08,2.47901143512847e-08,2.7163650351112e-08,2.98891098623865e-08,3.27786227202906e-08,3.61095111523864e-08,3.9735307206507e-08,4.37413763740895e-08,4.81097711029467e-08,5.29062809475368e-08,5.82253737082145e-08,6.40743029159168e-08,7.0470785636698e-08,7.73914416598499e-08,8.52214217038702e-08,9.40076484246681e-08,1.03639490638462e-07,1.13885703939123e-07,1.25072157701235e-07,1.37413415950246e-07,1.50822892310428e-07,1.65467538372785e-07,1.8176607798154e-07,1.99881183589026e-07,2.20031501895323e-07,2.41826489955482e-07,2.65564687098734e-07,2.91659586029493e-07,3.20197799190447e-07,3.51678670164615e-07,3.86458332085221e-07,4.24878720782037e-07,4.66717892442956e-07,5.1161871711638e-07,5.60419266081167e-07,6.14684377546116e-07,6.75432750800649e-07,7.42567386581238e-07,8.16332773667374e-07,8.97174516865078e-07,9.84915051381124e-07,1.0792730576086e-06,1.18102310888185e-06,1.29279844000171e-06,1.41661706279693e-06,1.55446742801836e-06,1.70622434894552e-06,1.86861940530622e-06,2.03962361153875e-06,2.22504619647124e-06,2.4301165026853e-06,2.65465726064173e-06,2.89620325092451e-06,3.1589395154601e-06,3.44582752327484e-06,3.75646400145546e-06,4.09073459096685e-06,4.45275948101154e-06,4.83764191857757e-06,5.25178952063823e-06,5.70581715627367e-06,6.20176637719525e-06,6.72963007253562e-06,7.29496267386419e-06,7.90305107215765e-06,8.55535645135902e-06,9.25245979300521e-06,1.00004286726821e-05,1.08091929371858e-05,1.16904784608495e-05,1.26243595146303e-05,1.36050747924954e-05,1.46481372226909e-05,1.57623946099166e-05,1.69437338170195e-05,1.81804429155387e-05,1.94851621988646e-05,2.08806998565921e-05,2.23612110389254e-05,2.39105745225813e-05,2.55201759921737e-05,2.71822579943186e-05,2.88901920524801e-05,3.06440486495257e-05,3.24585701647291e-05,3.43084802504231e-05,3.61630126730861e-05,3.80334952456861e-05,3.99595441936223e-05,4.18823214256917e-05,4.37356379108386e-05,4.55072024011525e-05,4.72224256931041e-05,4.88230189364724e-05,5.0283627096691e-05,5.1587827811033e-05,5.27189561621416e-05,5.36021022272182e-05,5.42728777277893e-05,5.47042536982343e-05,5.48167320596688e-05,5.45252965198101e-05,5.39430789105333e-05,5.30402643720852e-05,5.17461606277662e-05,5.00713346444558e-05,4.81307970419873e-05,4.58622798285014e-05,4.33163968075788e-05,4.05090886739688e-05,3.74632619529425e-05,3.43119855662027e-05,3.10740920662694e-05,2.77511231772274e-05,2.44841938417775e-05,2.13186439653042e-05,1.82735619255753e-05,1.54151842635128e-05,1.27804346362335e-05,1.04240096799146e-05,8.32309438100545e-06,6.51565239185607e-06,4.99252284595905e-06,3.74293376754739e-06,2.73983401171444e-06,1.95281363779327e-06,1.35600181064205e-06,9.26800989910508e-07,6.10624087327795e-07,3.88152221866855e-07,2.41824891196438e-07,1.49688027187026e-07,8.73440142573196e-08,4.8373274263704e-08,2.83965619013545e-08,1.58874865616765e-08,8.98347483410978e-09,4.44511714178531e-09,2.27658091761635e-09,1.5620489490281e-09,4.57325557196388e-10,7.7392590181805e-11,2.68942241105661e-10,-1.3341865013628e-10,-1.86972043924385e-10,1.75216039360773e-10,0
8.03633880017342e-11,0,5.88891224428099e-10,2.55023602513612e-09,-1.16813917527766e-09,-1.19781179403723e-09,8.68856253310643e-10,6.10379115785045e-11,3.32336543134607e-09,-4.15325849231833e-09,1.45651063839711e-09,4.92104290556291e-09,-7.08803794397636e-09,6.425364813269e-09,-7.80042511230874e-10,-2.7791994415425e-09,6.57820378748458e-09,-5.13992490742666e-09,4.60431828226112e-09,-2.26224062957768e-10,-4.11608121566298e-10,3.88064650452167e-09,-2.18528304018762e-09,4.12484564307758e-09,-6.18207403157143e-10,2.32876971042745e-09,1.7535205688755e-09,8.92626283870395e-10,3.21232404594616e-09,7.61799216882851e-10,3.52873335543528e-09,1.64824761072742e-09,3.32322028256099e-09,2.89100084053095e-09,3.2187161315976e-09,4.00720157728957e-09,3.58333545964958e-09,4.89817733992069e-09,4.40655070480335e-09,5.65901378358748e-09,5.57431529006655e-09,6.50814551881702e-09,6.95439728086877e-09,7.62208936579576e-09,8.52413997947045e-09,9.10947797274731e-09,1.02797616685395e-08,1.09847840228952e-08,1.23160483639708e-08,1.33078978541632e-08,1.47645045579473e-08,1.61305817485839e-08,1.77808936971012e-08,1.95631389412367e-08,2.14724990311004e-08,2.36606100443171e-08,2.59137269989038e-08,2.85315727348162e-08,3.1298120938796e-08,3.44942924663437e-08,3.79103805862726e-08,4.17295819234846e-08,4.58879125120533e-08,5.04924764834945e-08,5.55672423551234e-08,6.10999448965786e-08,6.71454057597719e-08,7.38251571363562e-08,8.14281122524359e-08,8.97617922022642e-08,9.87945839874881e-08,1.08557158194984e-07,1.19350000686719e-07,1.31151311612977e-07,1.43876163627804e-07,1.57827254401934e-07,1.73463181532655e-07,1.90763802241644e-07,2.09828097706483e-07,2.30491769230493e-07,2.53214774315286e-07,2.78211195438587e-07,3.05408179677146e-07,3.35292816353897e-07,3.6825951884481e-07,4.04602477049133e-07,4.4412720206308e-07,4.86969761878522e-07,5.34149389345029e-07,5.86524280656675e-07,6.44344087108981e-07,7.07730738566366e-07,7.7756788621488e-07,8.54213995431022e-07,9.37301810568961e-07,1.02713307528632e-06,1.12487815511864e-06,1.23247902929661e-06,1.35131686632471e-06,1.48290822718939e-06,1.62655879272673e-06,1.78037466129632e-06,1.94513981367436e-06,2.12564295601122e-06,2.32203314988117e-06,2.5331169902185e-06,2.7617254769278e-06,3.01355195921074e-06,3.28807204949421e-06,3.58503339567406e-06,3.90462374543152e-06,4.24888729907191e-06,4.61699773350995e-06,5.01703211547867e-06,5.45233483119639e-06,5.92192295319748e-06,6.42088700875282e-06,6.95959556679492e-06,7.54249447706694e-06,8.16591562546275e-06,8.83013014039119e-06,9.54528859650592e-06,1.03198749390948e-05,1.11561240627611e-05,1.20381506319181e-05,1.29744703311367e-05,1.39757747954221e-05,1.50382548417645e-05,1.6156935483596e-05,1.73314762068945e-05,1.85832717230053e-05,1.99236486965496e-05,2.13345618175727e-05,2.28039243518703e-05,2.43332103046557e-05,2.59178096720213e-05,2.75492146495147e-05,2.92264304489744e-05,3.09546507476043e-05,3.27092717693346e-05,3.44851377218638e-05,3.62971806188367e-05,3.81441904546862e-05,3.99570976078355e-05,4.17125324136798e-05,4.34159120314259e-05,4.50659931445178e-05,4.65967626181686e-05,4.79953027362377e-05,4.92368796155788e-05,5.03073635778487e-05,5.1173051595089e-05,5.18431569799262e-05,5.22291239552806e-05,5.23066016829696e-05,5.20634824744063e-05,5.1540292674775e-05,5.06545133005479e-05,4.94130542239874e-05,4.78459978840901e-05,4.60025191124259e-05,4.3836263104685e-05,4.14075727316864e-05,3.87338320359552e-05,3.58588361021954e-05,3.28614768423261e-05,2.97604534375726e-05,2.66071657848959e-05,2.35021012694553e-05,2.04728008651095e-05,1.75634106991287e-05,1.48335825865703e-05,1.23115360776962e-05,1.00495668264419e-05,8.03233425880853e-06,6.30002124669782e-06,4.83747003713558e-06,3.63153910897158e-06,2.65947587763028e-06,1.90132545424066e-06,1.32818996805076e-06,9.07711368495462e-07,5.97313186848771e-07,3.84455011994103e-07,2.43242780736219e-07,1.49572637338642e-07,8.65364517736864e-08,4.943894786729e-08,2.97850432580735e-08,1.63941051574008e-08,9.1246949136039e-09,4.68275952090244e-09,2.48651120436844e-09,1.48394271598936e-09,3.95202490818926e-10,2.18781055389646e-10,1.84313229195498e-10,-1.63686174463318e-10,-8.82459072305787e-11,1.55879409346074e-10,0
7.85250074763712e-11,0,5.38196723317624e-10,4.015898669815e-09,-1.56539690492571e-09,-3.22444748161191e-09,2.19327038908257e-09,1.32971580095255e-09,1.33448707663477e-09,-3.93708624635037e-09,3.06724660404425e-09,3.08486226327564e-09,-6.5774272456946e-09,7.40133388862865e-09,-2.55210886659758e-09,-1.30259690832068e-09,5.92808706648573e-09,-5.5177356118789e-09,5.59204733244913e-09,-1.5005693528691e-09,5.99342740447703e-10,3.22200778223589e-09,-2.11921321158892e-09,4.38588434824624e-09,-1.25642176164614e-09,2.93843658637868e-09,1.07199127523255e-09,1.26872250576517e-09,2.89011752100418e-09,7.06606709257051e-10,3.56167896069554e-09,1.29514942823409e-09,3.50329972698716e-09,2.46848289248111e-09,3.32079489628624e-09,3.67501686571297e-09,3.51402069499624e-09,4.68760267580881e-09,4.15869000783059e-09,5.51146865192883e-09,5.21747390089886e-09,6.34409558091272e-09,6.54436583489293e-09,7.37034770001047e-09,8.08636270918544e-09,8.72860531006552e-09,9.80563479023978e-09,1.04738505413251e-08,1.17878133783307e-08,1.26717229363816e-08,1.41288164019971e-08,1.53563088420046e-08,1.70030371553602e-08,1.86499063401837e-08,2.05149345553945e-08,2.2573840676293e-08,2.47350206229841e-08,2.72320570162607e-08,2.9880749216526e-08,3.29575983219047e-08,3.61911579235285e-08,3.98420365823165e-08,4.37915622470073e-08,4.82161388866768e-08,5.30587133011866e-08,5.83367737939236e-08,6.40695738343831e-08,7.04886454189593e-08,7.78436922884675e-08,8.58082773696703e-08,9.43253999263629e-08,1.03584463270311e-07,1.13944277245429e-07,1.25248266690259e-07,1.37348969584351e-07,1.50596179653395e-07,1.6553168142951e-07,1.82060607403376e-07,2.00158147706347e-07,2.19758124389645e-07,2.41505791596179e-07,2.65451840149513e-07,2.91332604166612e-07,3.19626753048495e-07,3.50919345661477e-07,3.85568306407463e-07,4.23156829914516e-07,4.6397690725049e-07,5.09344404722125e-07,5.59902060231732e-07,6.15283738047824e-07,6.75437501625067e-07,7.4158334940683e-07,8.1429114978392e-07,8.93305287024805e-07,9.79146586091598e-07,1.07312470288801e-06,1.17677718320533e-06,1.29105393919401e-06,1.41724398699448e-06,1.55441710006953e-06,1.70096031108019e-06,1.85870299003147e-06,2.03279405358264e-06,2.22155737659611e-06,2.42172191511105e-06,2.63813845780145e-06,2.87921355561609e-06,3.1424948090149e-06,3.42612618905368e-06,3.7319434643957e-06,4.06146919608218e-06,4.41353690280286e-06,4.79762596766381e-06,5.2160741501705e-06,5.6642455447232e-06,6.13594139709539e-06,6.64682223192511e-06,7.20541575543953e-06,7.8033322144778e-06,8.43675187048617e-06,9.11823296382143e-06,9.8585209535641e-06,1.06543495157974e-05,1.14905709861805e-05,1.23821694817123e-05,1.33364146470071e-05,1.43478985281992e-05,1.5411889279601e-05,1.65292333641311e-05,1.77262946767463e-05,1.900982227569e-05,2.03544742614386e-05,2.17476347137556e-05,2.31974237071046e-05,2.4703747194143e-05,2.62567153999659e-05,2.78570793541056e-05,2.95077126466176e-05,3.11790137321792e-05,3.28688237677705e-05,3.46005258889587e-05,3.63713977302597e-05,3.81011018213078e-05,3.97602529302209e-05,4.13706320081954e-05,4.29495859497129e-05,4.44201163910475e-05,4.57503601852967e-05,4.69228323712247e-05,4.79393527219358e-05,4.87715739565493e-05,4.94070924935652e-05,4.97481985179337e-05,4.98052829630849e-05,4.95897180133725e-05,4.90959831980437e-05,4.82202599423863e-05,4.70274116526865e-05,4.55564332476463e-05,4.37997477823161e-05,4.17235269552212e-05,3.94098326381964e-05,3.68744722667854e-05,3.41546016096878e-05,3.13046724140147e-05,2.83527738737745e-05,2.53601044759305e-05,2.24061500331243e-05,1.95228455501074e-05,1.67539876222215e-05,1.41482346603553e-05,1.17414084258161e-05,9.58047151424108e-06,7.65142228218024e-06,5.99970467684355e-06,4.60409206004846e-06,3.45093640608275e-06,2.52085450771453e-06,1.79912956654641e-06,1.25611882706885e-06,8.54663084927654e-07,5.59160552688765e-07,3.60302671849996e-07,2.2893745332585e-07,1.39616762453877e-07,7.94941631898845e-08,4.56626988119475e-08,2.7957321029717e-08,1.53080772213664e-08,8.47758050899481e-09,4.30486636544746e-09,2.41050783221882e-09,1.38322651164362e-09,2.32351778922515e-10,3.1315590838745e-10,1.17262358695968e-10,-1.81356227336021e-10,-3.24416024460269e-11,1.69740216967096e-10,0
7.67286814616513e-11,0,3.32153249647683e-10,6.40364432248133e-09,-2.07469256323255e-09,-6.42896325077843e-09,4.67271537063478e-09,2.47713986216377e-09,-1.70720079118965e-09,-2.17683045462647e-09,3.8266409052948e-09,7.80986929109273e-10,-4.74048120329105e-09,7.15379045775936e-09,-3.82091317644894e-09,4.21994703477073e-10,4.60931229413619e-09,-5.16462950294905e-09,6.03854840996975e-09,-2.52076687824804e-09,1.63946591395867e-09,2.33487649322388e-09,-1.72176607872741e-09,4.32314891510697e-09,-1.63796678050246e-09,3.40633690092898e-09,4.27496450677805e-10,1.70604317654955e-09,2.45521850767605e-09,7.97454558974682e-10,3.46087163174605e-09,1.05993480978739e-09,3.61421503267921e-09,2.0872386394011e-09,3.431390144591e-09,3.32052360814791e-09,3.50195536456894e-09,4.42911711391878e-09,3.97481693249349e-09,5.32754327984993e-09,4.90916258320135e-09,6.17506761139614e-09,6.15896759130192e-09,7.14029152619875e-09,7.65361955244695e-09,8.38608871065021e-09,9.33479572627755e-09,1.00105076155227e-08,1.12727307202282e-08,1.208150304721e-08,1.35169177922544e-08,1.4621787164578e-08,1.62624988763648e-08,1.77751120216137e-08,1.96033561629017e-08,2.15269158560263e-08,2.36157751150735e-08,2.59876717703451e-08,2.85385364765199e-08,3.14881602594095e-08,3.4542728368897e-08,3.80194378487892e-08,4.17718230209632e-08,4.60272308667267e-08,5.064992478958e-08,5.56909761946394e-08,6.11263194281514e-08,6.73042326936353e-08,7.44098472922148e-08,8.19821530036743e-08,8.99662618166694e-08,9.87711986952364e-08,1.08773992970937e-07,1.19653110859391e-07,1.3116070522198e-07,1.43677089453442e-07,1.57910053942792e-07,1.73702642640807e-07,1.90875631667922e-07,2.09495405811669e-07,2.30338262157546e-07,2.53245901220947e-07,2.777708690055e-07,3.04442461384716e-07,3.34194246495517e-07,3.67399491739687e-07,4.03196388716029e-07,4.41955487551874e-07,4.85400216848193e-07,5.33999462393991e-07,5.86788917290479e-07,6.43651498027797e-07,7.06163207070862e-07,7.75105502388687e-07,8.50354533684808e-07,9.32529757201401e-07,1.02285262150989e-06,1.12243219226848e-06,1.23190767257223e-06,1.35253220151252e-06,1.48354623370961e-06,1.62358667672493e-06,1.77474891698225e-06,1.94225849599613e-06,2.12314252586312e-06,2.31235703038504e-06,2.51716491638573e-06,2.74896155738934e-06,3.00183995450636e-06,3.27126485775782e-06,3.56261555930814e-06,3.87809467445305e-06,4.21530953793173e-06,4.58494415496579e-06,4.98788350250585e-06,5.41482945843414e-06,5.85840151794688e-06,6.34163409323377e-06,6.87993885276409e-06,7.45675109561574e-06,8.05936718139014e-06,8.70580527941129e-06,9.41071238308297e-06,1.01665376776149e-05,1.09624393145884e-05,1.18152096050134e-05,1.27241042066507e-05,1.3684637903077e-05,1.46965160805789e-05,1.57633359486189e-05,1.69110393982667e-05,1.81381849722352e-05,1.94156072600441e-05,2.0734372233848e-05,2.210951952292e-05,2.3543580473895e-05,2.50267657049982e-05,2.65601977015435e-05,2.81401439814804e-05,2.97324574649737e-05,3.13362860980632e-05,3.29844677211003e-05,3.46866006849259e-05,3.63516580129789e-05,3.79242640144119e-05,3.94412803644971e-05,4.09535729841138e-05,4.23715055404285e-05,4.36385978534223e-05,4.47525988170096e-05,4.57338334194316e-05,4.65425799035914e-05,4.71351878197217e-05,4.74259190102218e-05,4.74828248076845e-05,4.73170190719969e-05,4.68463985899444e-05,4.5971266300971e-05,4.48377171672203e-05,4.34750382029264e-05,4.18047741250301e-05,3.98023332850083e-05,3.75916593576675e-05,3.52043744502197e-05,3.26401761728381e-05,2.99222504711136e-05,2.71061927314416e-05,2.42557566219443e-05,2.14377774096569e-05,1.86926199600358e-05,1.60493898325864e-05,1.35521004337687e-05,1.1246753225658e-05,9.16989908847035e-06,7.31559082533301e-06,5.73462760051367e-06,4.39547707614117e-06,3.28545721882164e-06,2.39044880496674e-06,1.70043328603284e-06,1.18279182438896e-06,7.97073252634916e-07,5.16197351535639e-07,3.3221020440967e-07,2.10989082972747e-07,1.26240442039894e-07,6.98860791016444e-08,3.99110974946629e-08,2.46787242880695e-08,1.35620115702165e-08,7.41986067374253e-09,3.66674937093642e-09,2.25269843406508e-09,1.15421082276565e-09,8.34868683740609e-11,4.26728945038964e-10,2.83320621460018e-12,-1.56287253259876e-10,2.53519504634133e-11,1.49503768190632e-10,0
7.49734479250458e-11,0,4.79753423325798e-10,7.70017743104025e-09,-3.07751514443926e-09,-7.58652591856151e-09,6.51091484319257e-09,1.83380393950574e-09,-2.71982810374126e-09,-4.51383186875949e-10,2.84225409442483e-09,1.4557809950365e-10,-3.18201160397315e-09,5.95374842964937e-09,-3.85481344598054e-09,1.39349312500685e-09,3.37756803363695e-09,-4.43186785270225e-09,5.93213939413252e-09,-3.02679436213623e-09,2.327277454065e-09,1.60461928546438e-09,-1.28723440856097e-09,4.08364682914552e-09,-1.76155190249458e-09,3.61398108324627e-09,2.89598311669336e-12,2.00964661948781e-09,2.07043560822709e-09,9.22160399013255e-10,3.27948922347176e-09,9.43959460673378e-10,3.60731851521655e-09,1.81543238261889e-09,3.47133930552959e-09,3.01673529422701e-09,3.47874794472207e-09,4.16362137750905e-09,3.83202553323281e-09,5.11146731080069e-09,4.65688592751083e-09,5.9741945502553e-09,5.82123305670929e-09,6.89787770685507e-09,7.25262091094096e-09,8.06114207423127e-09,8.88665043533596e-09,9.58273532065323e-09,1.07667455618485e-08,1.15291809868233e-08,1.29179667270248e-08,1.39315554634425e-08,1.55416413962008e-08,1.69368885437696e-08,1.87182096806299e-08,2.05167540460636e-08,2.25417844919897e-08,2.47910677638825e-08,2.72409457061385e-08,3.00480721702719e-08,3.29476197137957e-08,3.62655683417285e-08,3.98378210166991e-08,4.39132146965074e-08,4.83167141722417e-08,5.31383237514949e-08,5.83096975165951e-08,6.4224012371899e-08,7.10088324610807e-08,7.81987551902479e-08,8.57729184982739e-08,9.42121820614034e-08,1.03831388259825e-07,1.14245727292297e-07,1.25171971017091e-07,1.37015928986558e-07,1.5055724329486e-07,1.65583574141846e-07,1.81926114798831e-07,1.99727862472014e-07,2.19676151020482e-07,2.41496899932487e-07,2.64742695659869e-07,2.89980971628578e-07,3.18346717231929e-07,3.50154796120339e-07,3.84211832250189e-07,4.2094643903015e-07,4.62357018915334e-07,5.08848735198216e-07,5.5918086123759e-07,6.13183852930932e-07,6.72509000123592e-07,7.38119187803242e-07,8.10028756727884e-07,8.88686555445919e-07,9.75222798725378e-07,1.0706758405043e-06,1.1752714323941e-06,1.29003354714236e-06,1.41487325978796e-06,1.54890035241665e-06,1.69343358961829e-06,1.85312017077164e-06,2.02578615782348e-06,2.20674355805048e-06,2.40330463762815e-06,2.62672381961402e-06,2.86842571251466e-06,3.12252623956491e-06,3.39874893295176e-06,3.70182990998707e-06,4.0262119833534e-06,4.37852693273809e-06,4.76084163934759e-06,5.16996050241967e-06,5.59779946423753e-06,6.05834774682844e-06,6.56770066597307e-06,7.11798146954676e-06,7.6952927210294e-06,8.31046958308445e-06,8.97905035171831e-06,9.69955597400968e-06,1.046160173808e-05,1.12761363699567e-05,1.21415415077152e-05,1.30551253162608e-05,1.40201026151105e-05,1.50420921573251e-05,1.61355041958197e-05,1.72976017527942e-05,1.85136778659132e-05,1.97729603709558e-05,2.10813390181858e-05,2.24481431872919e-05,2.38695747188448e-05,2.53339468976431e-05,2.68335411182095e-05,2.83516170739233e-05,2.98893000316074e-05,3.14640567962296e-05,3.30833958393397e-05,3.46720095515819e-05,3.6178932308452e-05,3.76267611425512e-05,3.90631897564725e-05,4.04168676048956e-05,4.16317779449394e-05,4.26955537549303e-05,4.36381863681206e-05,4.44161953817122e-05,4.49631907764802e-05,4.52230922014904e-05,4.52937597105824e-05,4.51504164841217e-05,4.46943297089115e-05,4.38599471882476e-05,4.27832440580428e-05,4.14786876898073e-05,3.98896522421645e-05,3.7986774775321e-05,3.58774490016806e-05,3.36136121687799e-05,3.11824151431575e-05,2.85878830128788e-05,2.59012987427321e-05,2.31861478790697e-05,2.0499075921443e-05,1.78751915573294e-05,1.53456459752152e-05,1.29608547438465e-05,1.07549452598792e-05,8.75714942108e-06,6.97845842130364e-06,5.46809223124579e-06,4.18363419710518e-06,3.11753547104159e-06,2.26066143813699e-06,1.60238773508358e-06,1.10869964088695e-06,7.40797330362421e-07,4.76639135918851e-07,3.05960669967644e-07,1.92830706173989e-07,1.13296903049535e-07,6.16678866010182e-08,3.4787576734691e-08,2.1459500738253e-08,1.20757261249696e-08,6.51624010318148e-09,3.07407719107366e-09,2.03110112435462e-09,9.44399609435208e-10,4.10782573614625e-11,4.50884348092882e-10,-9.34431908333505e-11,-8.49742401734154e-11,3.06870730361431e-11,1.09727879747829e-10,0
7.32583668413346e-11,0,6.33106695264947e-10,9.08412832334882e-09,-3.98407712576847e-09,-8.78769393095836e-09,7.88776925160397e-09,1.4250444008449e-09,-3.00889752402565e-09,4.27951356265581e-10,1.68271433598266e-09,5.06238116186653e-10,-2.35911457264951e-09,4.64999964159953e-09,-3.24411943136817e-09,1.78383368757008e-09,2.34601623765898e-09,-3.56189997267218e-09,5.5576983921187e-09,-3.29031454943315e-09,2.86760478775411e-09,9.34293345468396e-10,-8.38999572269004e-10,3.78566416820805e-09,-1.79376529092409e-09,3.72816505819515e-09,-3.36153849923254e-10,2.26095937218496e-09,1.70932470556747e-09,1.06430760707274e-09,3.06426808542064e-09,8.81640927318089e-10,3.55471553851947e-09,1.59294746865206e-09,3.48723348668033e-09,2.73162152419073e-09,3.46248923044537e-09,3.89531627205563e-09,3.71624911556853e-09,4.88264250813879e-09,4.43688270779835e-09,5.7668445937915e-09,5.509441142384e-09,6.66060297895475e-09,6.87191643058548e-09,7.7572154339112e-09,8.4543499497359e-09,9.18305651539846e-09,1.02757678593522e-08,1.10114455509208e-08,1.23411326920119e-08,1.32780776434567e-08,1.48496227478473e-08,1.61366855462852e-08,1.78709142224435e-08,1.95497234027571e-08,2.15181680353141e-08,2.36423284253881e-08,2.59966148350413e-08,2.86639716299275e-08,3.14251487442581e-08,3.45853417415328e-08,3.79812081168947e-08,4.18790447088557e-08,4.60854586917717e-08,5.07115766532708e-08,5.56190371583292e-08,6.1251450861676e-08,6.77274176554073e-08,7.45870889343656e-08,8.17785410770636e-08,8.98399685103346e-08,9.90838882615669e-08,1.09082794080374e-07,1.19446485789572e-07,1.30613452183817e-07,1.43492778252897e-07,1.57823126577692e-07,1.73396096576724e-07,1.90371775819771e-07,2.09399418150923e-07,2.30198857374251e-07,2.52268406127536e-07,2.76129928005362e-07,3.03190550560489e-07,3.33741610086988e-07,3.66131212138202e-07,4.00749780752756e-07,4.40019171373655e-07,4.84494152992417e-07,5.32627585137622e-07,5.83992522440821e-07,6.40297602185907e-07,7.02806989600405e-07,7.7155956054815e-07,8.4663811796583e-07,9.2921894118143e-07,1.02054112371019e-06,1.12043408670195e-06,1.22972750724035e-06,1.34903567773438e-06,1.47747690837319e-06,1.61518709270697e-06,1.76684129548286e-06,1.93186680399634e-06,2.10531803229531e-06,2.29366194757245e-06,2.50891853231249e-06,2.74052020154468e-06,2.98014063681202e-06,3.24170338386167e-06,3.53315688467255e-06,3.84487295767006e-06,4.1788081911393e-06,4.54014551195102e-06,4.93409826952226e-06,5.35018521252382e-06,5.78850302370859e-06,6.26645488021105e-06,6.79098343886996e-06,7.34659095307484e-06,7.93181535355481e-06,8.56423786424933e-06,9.25061899544451e-06,9.97933889807535e-06,1.07574223253565e-05,1.15838314784503e-05,1.24534356086297e-05,1.33726228849392e-05,1.43508426428717e-05,1.53890101231049e-05,1.64853033273391e-05,1.76450507579321e-05,1.88532397879498e-05,2.00998063427128e-05,2.14009313537864e-05,2.27605454226867e-05,2.41548741383174e-05,2.55764530760199e-05,2.70269008358955e-05,2.85058282904751e-05,3.00111902121405e-05,3.15469636547698e-05,3.30606706853835e-05,3.45088993808782e-05,3.58899546354322e-05,3.72492884160166e-05,3.85461606699279e-05,3.97179551381999e-05,4.07317447887142e-05,4.16358470759047e-05,4.23858622480794e-05,4.28895483284271e-05,4.31228401787646e-05,4.32053218306297e-05,4.30788732449033e-05,4.26467526016153e-05,4.18601188433043e-05,4.08246847787791e-05,3.95675928531334e-05,3.80662402388666e-05,3.6263514708454e-05,3.42461059425727e-05,3.20947550178298e-05,2.97883636179354e-05,2.73123502491947e-05,2.47462454513305e-05,2.21570354301184e-05,1.9596977068815e-05,1.70869693271584e-05,1.46614490785563e-05,1.23840899688047e-05,1.02741469100919e-05,8.35244166888852e-06,6.64573810191174e-06,5.20272713003095e-06,3.97290991268854e-06,2.95003440930065e-06,2.12916351671337e-06,1.50239070263724e-06,1.03409541818977e-06,6.84674254743605e-07,4.36638124236823e-07,2.79159203775907e-07,1.74737209521636e-07,1.00764240477597e-07,5.33753120209251e-08,2.94191098741626e-08,1.85573335190875e-08,1.08379166715889e-08,5.56155689830917e-09,2.49787676045224e-09,1.83963759156527e-09,7.64806828482369e-10,1.62495984377389e-11,4.39410752731698e-10,-1.55383883911312e-10,-2.67787952238671e-12,-9.54928976810361e-12,8.19178305373864e-11,0
7.15825196891698e-11,0,1.06225106131208e-09,1.13234912554905e-08,-5.61705067154027e-09,-1.08973750720795e-08,9.81740810229837e-09,1.84464298699045e-09,-3.53405139918334e-09,8.86135529333427e-11,1.53345216171812e-09,1.39676481477346e-09,-2.93248906911065e-09,4.21519971173512e-09,-2.45816126874861e-09,1.46893607993506e-09,1.83881044897394e-09,-2.73969945300736e-09,4.92081385507324e-09,-3.28701600687453e-09,3.3423401983334e-09,1.18605329791796e-10,-1.287175831312e-10,3.23993123804828e-09,-1.66972635182618e-09,3.81566151870697e-09,-7.57133337859213e-10,2.67313231180705e-09,1.16546824599615e-09,1.38886116366223e-09,2.71011807301869e-09,9.13294550095567e-10,3.47983224898169e-09,1.35613477397231e-09,3.56992949141384e-09,2.36632846970831e-09,3.55646628376287e-09,3.54544168541816e-09,3.68914341303738e-09,4.60987174231583e-09,4.26451445445119e-09,5.56572961672982e-09,5.19944535493886e-09,6.46529446298999e-09,6.47210586946612e-09,7.51038271558973e-09,7.99879867008208e-09,8.8365782072793e-09,9.78043042254331e-09,1.05391729534505e-08,1.17799245043263e-08,1.2659427032765e-08,1.42034105448744e-08,1.53794463629054e-08,1.70930787148536e-08,1.86357018150812e-08,2.05781882535841e-08,2.25535877718632e-08,2.48450599712296e-08,2.73694143890437e-08,3.00144358101025e-08,3.30097143352853e-08,3.62451366635155e-08,3.99912450201132e-08,4.40319156512316e-08,4.84762745962165e-08,5.30864507817039e-08,5.84444170335452e-08,6.46737045871568e-08,7.12569831993224e-08,7.80227289886106e-08,8.56882917398494e-08,9.46375614271354e-08,1.04305666691493e-07,1.14060684923423e-07,1.24523399101366e-07,1.36847832004718e-07,1.50611968536637e-07,1.65450876361193e-07,1.81561518426632e-07,1.99723361432328e-07,2.19657235874742e-07,2.40621290185694e-07,2.63087120721544e-07,2.89007486120109e-07,3.18524930693528e-07,3.49035768361874e-07,3.81098091814097e-07,4.18353742752142e-07,4.61407281288838e-07,5.07537706669963e-07,5.56082371455544e-07,6.09424158986937e-07,6.6907624346477e-07,7.3473577684318e-07,8.06168264744948e-07,8.85031021084591e-07,9.72812377507997e-07,1.06808814107396e-06,1.17143585049568e-06,1.28544496321796e-06,1.40913639195876e-06,1.54090183953693e-06,1.68593996588235e-06,1.84334986235404e-06,2.00684796197232e-06,2.18710691399404e-06,2.39843038992477e-06,2.6214010275363e-06,2.84408174489722e-06,3.09208949106341e-06,3.37712777165807e-06,3.67702014400306e-06,3.98806290561036e-06,4.32843530907164e-06,4.71475579132598e-06,5.12357232382531e-06,5.53560879384817e-06,5.97935137420327e-06,6.48384379028082e-06,7.02462709100534e-06,7.58095439930403e-06,8.17592602383187e-06,8.82694769995378e-06,9.52142733382167e-06,1.02680153024459e-05,1.10635934008976e-05,1.18884276563225e-05,1.27563481969856e-05,1.36953101945276e-05,1.4686194099511e-05,1.57155938926998e-05,1.68201812198036e-05,1.7989275821089e-05,1.91796541410911e-05,2.04050038230933e-05,2.16948080186518e-05,2.30263993258994e-05,2.43802717514909e-05,2.57659758455351e-05,2.71914189715097e-05,2.86347720303803e-05,3.00827624518776e-05,3.15114211242747e-05,3.28996165009088e-05,3.42278160491871e-05,3.55328176653378e-05,3.67724389626007e-05,3.78724053951207e-05,3.88346621044169e-05,3.97341555839567e-05,4.0457983481186e-05,4.08864621772963e-05,4.10883992049876e-05,4.11960060911258e-05,4.10795029190016e-05,4.06584663572371e-05,3.99179413237896e-05,3.89280281741282e-05,3.77226010117393e-05,3.63087319258542e-05,3.45972901560607e-05,3.26539217034408e-05,3.06159627101425e-05,2.84684067944948e-05,2.61175873701255e-05,2.36277633870794e-05,2.11446652625756e-05,1.87341614818765e-05,1.63409449557106e-05,1.3997675253595e-05,1.1816280460316e-05,9.79965465113354e-06,7.94681816535878e-06,6.30316733167381e-06,4.92561270439493e-06,3.75113116318879e-06,2.76589751906329e-06,1.97798365500209e-06,1.38812949564029e-06,9.49518703657898e-07,6.18613408160685e-07,3.87259116039282e-07,2.46129861832907e-07,1.5368401965165e-07,8.59978814921532e-08,4.24938230482564e-08,2.26230023220546e-08,1.5545846238006e-08,9.30700258897744e-09,4.27659135552138e-09,1.86380802035501e-09,1.62811842531234e-09,5.58716504536504e-10,-3.01973882488379e-11,4.00151204715285e-10,-1.57406833536752e-10,5.5400814709029e-11,-1.08691804386562e-10,1.43942869846892e-10,0
6.99450089591574e-11,0,1.90608148959995e-09,-1.18205340733117e-08,2.64960421374946e-09,1.75486523188457e-08,-1.77416027441324e-08,-1.24808998178921e-09,1.91688784252371e-08,-1.96821235270868e-08,7.7295242642631e-09,7.33972991986879e-09,-1.4486184984113e-08,1.45127337820347e-08,-7.57134744423273e-09,1.00648564672039e-09,5.607218450733e-09,-7.30000892157866e-09,8.38596470473265e-09,-5.16537587838529e-09,3.74818166986888e-09,5.32722310542865e-10,-1.04592517801411e-09,4.12787601556724e-09,-2.56741059978362e-09,4.4206459701959e-09,-1.2583052526292e-09,2.83733221042585e-09,1.01363316154448e-09,1.23729311120023e-09,2.79851230022683e-09,5.9533178078614e-10,3.54372799852301e-09,1.04044102846275e-09,3.60896842087286e-09,2.09924166348641e-09,3.42367217653901e-09,3.34329553451385e-09,3.51551223063032e-09,4.43487349727451e-09,3.94507432109255e-09,5.32655370050676e-09,4.83684128572986e-09,6.1981314741925e-09,6.10451552366122e-09,7.19760761309114e-09,7.59618985703019e-09,8.38351266800391e-09,9.23840630162582e-09,9.95319831242639e-09,1.12198476360001e-08,1.20356749319486e-08,1.35125357967271e-08,1.45892710248261e-08,1.6300022194465e-08,1.77331505751674e-08,1.95866469641257e-08,2.14070765023552e-08,2.3458539855117e-08,2.5789694466064e-08,2.84464419628024e-08,3.14634413421279e-08,3.45220234795593e-08,3.79222975910086e-08,4.1466413904095e-08,4.55687914728781e-08,5.01031407583861e-08,5.5101253764732e-08,6.05510012951546e-08,6.71517688948913e-08,7.46089626318802e-08,8.18474879126861e-08,8.91004291127565e-08,9.72892332875777e-08,1.06930193588086e-07,1.17835675481936e-07,1.29342694317661e-07,1.42106621534552e-07,1.5685268018152e-07,1.72462511449716e-07,1.89572793962678e-07,2.08499446388329e-07,2.29170480130474e-07,2.51253697956971e-07,2.73793785947213e-07,2.98885140929588e-07,3.29817930357465e-07,3.65080822013311e-07,4.01013070986622e-07,4.38974197437323e-07,4.81805124542715e-07,5.28915627198755e-07,5.79173801884474e-07,6.33487208611862e-07,6.9412282882774e-07,7.62419228744e-07,8.3834062046505e-07,9.22159778115633e-07,1.01489821123852e-06,1.11478387170451e-06,1.21735101852241e-06,1.32576838203484e-06,1.4460876002854e-06,1.58016350653809e-06,1.73261091296485e-06,1.90575324353129e-06,2.0833290545442e-06,2.25943292753075e-06,2.45831871904499e-06,2.6870818925643e-06,2.91914268722779e-06,3.16818112162696e-06,3.46505451492539e-06,3.79066680994912e-06,4.11916364634298e-06,4.4574942706236e-06,4.82451093886955e-06,5.25146005036234e-06,5.70215369431907e-06,6.14146084294734e-06,6.62499517099496e-06,7.18234195865161e-06,7.78234101808881e-06,8.41977706623876e-06,9.09430343986317e-06,9.7890880446439e-06,1.05057782822299e-05,1.1286168295907e-05,1.21319409825144e-05,1.3027634710408e-05,1.40042957085099e-05,1.50420982873883e-05,1.60705565368751e-05,1.7120573352781e-05,1.82544599452339e-05,1.9424435735791e-05,2.06225490411081e-05,2.18986835746862e-05,2.3229669693148e-05,2.45685863194844e-05,2.59024075782588e-05,2.72278900944561e-05,2.85681564924985e-05,2.9896142805106e-05,3.1196024114496e-05,3.24815806186429e-05,3.37211019878726e-05,3.48487871788568e-05,3.58955095491143e-05,3.67700732425494e-05,3.74172553861464e-05,3.79779221337458e-05,3.85081076520471e-05,3.87721745360086e-05,3.87255770303955e-05,3.84737323033362e-05,3.79906098645921e-05,3.71763636744754e-05,3.61810128878556e-05,3.4969502080204e-05,3.35243588069144e-05,3.19347974845861e-05,3.01436624314181e-05,2.80591255236764e-05,2.58409485393591e-05,2.36234797029877e-05,2.13733047458755e-05,1.90509830529863e-05,1.67224976846482e-05,1.44887182629983e-05,1.23794248525837e-05,1.03627957663817e-05,8.5421347248473e-06,6.97561582969509e-06,5.54474467796446e-06,4.31205150025158e-06,3.30586627872453e-06,2.49786571934881e-06,1.8514641081958e-06,1.34436717002965e-06,9.634316842286e-07,6.92179159366347e-07,4.85432352077643e-07,3.23064647500901e-07,2.12625406592192e-07,1.4484264030266e-07,9.56404166985333e-08,6.18822408663547e-08,3.81140073955154e-08,2.11319305765921e-08,1.41375809708162e-08,6.91129297591595e-09,3.03419819034675e-09,2.83103711297684e-09,5.2238106273389e-10,4.00464094709034e-11,4.10909578651205e-10,-1.03701988185369e-10,-1.37773941357002e-10,5.01618534187107e-10,0
6.83449576731903e-11,0,1.81472977040365e-09,-4.99124403365154e-09,-9.77945097469926e-10,9.78793145691278e-09,-7.33044321297229e-09,-2.90730011021955e-09,1.14933253081403e-08,-1.04970911639076e-08,3.8299096900651e-09,4.86694435252276e-09,-8.93261708540498e-09,9.64273186322695e-09,-5.45828142353397e-09,1.56882298305607e-09,3.45892902144422e-09,-4.90940401656551e-09,6.5527300450992e-09,-4.32925485459237e-09,3.74986404166691e-09,-1.3196878625052e-10,-1.57987879233411e-10,3.20001974862612e-09,-1.91074415562765e-09,3.98913614846883e-09,-1.21229780407945e-09,2.95360306428398e-09,6.44279434077629e-10,1.56873664482737e-09,2.35552297626677e-09,8.4098028036997e-10,3.27847304859143e-09,1.04477631962844e-09,3.53222667086213e-09,1.91298569983974e-09,3.47209070854667e-09,3.05398353248918e-09,3.5408967516934e-09,4.15644420113641e-09,3.90774132004001e-09,5.10978286237863e-09,4.68615218702864e-09,6.01294229721847e-09,5.83370790211765e-09,6.99252344176423e-09,7.24546866012461e-09,8.14668216144555e-09,8.8549622975416e-09,9.63276790197691e-09,1.07637568376923e-08,1.15906130027196e-08,1.30046283898536e-08,1.40266307216623e-08,1.56774688945088e-08,1.70154531208549e-08,1.8847604508767e-08,2.05758864018809e-08,2.26395093929555e-08,2.48473522888728e-08,2.73651234377171e-08,3.01874387627429e-08,3.31518798900388e-08,3.64658792331548e-08,3.99372519245634e-08,4.39029500236282e-08,4.82181234558868e-08,5.30798082110752e-08,5.83641258213761e-08,6.44772778687105e-08,7.13131576058399e-08,7.84129355057858e-08,8.57755917146318e-08,9.38916829836461e-08,1.0306506149829e-07,1.13345147111686e-07,1.24454599574749e-07,1.36698355288208e-07,1.50674156766735e-07,1.65686684787518e-07,1.82084261103012e-07,2.00000580704038e-07,2.19583682992777e-07,2.40947912561845e-07,2.63698864547452e-07,2.88642350764105e-07,3.17345855484274e-07,3.49584022398948e-07,3.83829656795321e-07,4.20771056777113e-07,4.61983367157922e-07,5.07363956967623e-07,5.56191139525735e-07,6.08900028946307e-07,6.67444280574134e-07,7.33046135837447e-07,8.05563351865368e-07,8.85195406988883e-07,9.72569512579024e-07,1.06730872534953e-06,1.16771952602631e-06,1.27545466105886e-06,1.39320040332057e-06,1.5227226933629e-06,1.66739236053346e-06,1.82961155881271e-06,2.00155827279202e-06,2.17920208077643e-06,2.37215277319428e-06,2.58610471406582e-06,2.81179920954981e-06,3.05699457086858e-06,3.33675870711109e-06,3.64480574184121e-06,3.96662119532977e-06,4.30182844226132e-06,4.65689017194042e-06,5.05729935011716e-06,5.49219186606553e-06,5.93497023530892e-06,6.40743039063848e-06,6.93445528807394e-06,7.50355003981423e-06,8.11114300113683e-06,8.76082164808818e-06,9.4445487397983e-06,1.0154877889876e-05,1.09100813792187e-05,1.17196126051822e-05,1.25835077321357e-05,1.35163222282803e-05,1.45096820240246e-05,1.55199617591492e-05,1.65511400909297e-05,1.76468721085672e-05,1.87886985162304e-05,1.99672368277973e-05,2.12052386458722e-05,2.24885841073669e-05,2.37861200220246e-05,2.50872510144084e-05,2.63925932568302e-05,2.77247656522281e-05,2.90517873422574e-05,3.03440701856714e-05,3.16077679475036e-05,3.28329598314177e-05,3.39557144332361e-05,3.4994147617574e-05,3.59076289917036e-05,3.66461151281286e-05,3.72472694439636e-05,3.77508737421895e-05,3.80332266627989e-05,3.80803882650104e-05,3.79199991382901e-05,3.75233462653964e-05,3.68189947785692e-05,3.59094695024177e-05,3.47897842173775e-05,3.34502439861923e-05,3.19156716843166e-05,3.01883548104597e-05,2.82396491569096e-05,2.61369417928255e-05,2.39654189314313e-05,2.17410085439901e-05,1.94533680877256e-05,1.71615007604806e-05,1.49347771361756e-05,1.2803419922555e-05,1.07725624761436e-05,8.90876375635241e-06,7.26348308189804e-06,5.78027919137966e-06,4.50108034987165e-06,3.43123526873682e-06,2.56492067389179e-06,1.87398214205381e-06,1.33529488614081e-06,9.29628154817528e-07,6.38286632537717e-07,4.27890935844629e-07,2.75148165959001e-07,1.71676501575269e-07,1.07485543009693e-07,6.58188466416933e-08,3.9787327972357e-08,2.32585363680637e-08,1.21260028172242e-08,7.71789882479015e-09,3.58425578006785e-09,1.48930199061668e-09,1.3231937121135e-09,1.48457902489985e-10,1.22922415162186e-11,5.46268018023647e-11,3.33716552751661e-12,-1.46071356121503e-10,3.75728592270947e-10,0
6.67815089147774e-11,0,1.49521249672235e-09,-6.44995848221786e-09,7.26692328984201e-10,1.07042218384792e-08,-1.02796040853241e-08,-9.47333964346558e-10,1.21789359370778e-08,-1.2990602555376e-08,6.14097456948785e-09,3.93229485448267e-09,-9.45798176838486e-09,1.09176182378775e-08,-6.84806161602241e-09,2.58229547562658e-09,2.89241429740563e-09,-4.85096223115404e-09,6.81886070188283e-09,-4.88811795706881e-09,4.36424997859323e-09,-7.91132817261088e-10,3.13668562394064e-10,2.84255419373852e-09,-1.84630851132451e-09,4.0384980765735e-09,-1.51065504867542e-09,3.24007838725072e-09,2.16957057114654e-10,1.84064727725035e-09,2.02079342873007e-09,9.25929894792225e-10,3.12695190072113e-09,9.21909327860916e-10,3.52995799866726e-09,1.64843348854992e-09,3.51737835743331e-09,2.75188023840999e-09,3.53986284928578e-09,3.87667015020099e-09,3.79971977917756e-09,4.8765707603235e-09,4.46909505256463e-09,5.80655636370342e-09,5.5220699709251e-09,6.76399519649432e-09,6.85345274329e-09,7.84390423842746e-09,8.39639681034092e-09,9.23408486555614e-09,1.02530356346121e-08,1.10809564061762e-08,1.24210442056683e-08,1.33852135435014e-08,1.49861551312948e-08,1.62155850642327e-08,1.80025298148419e-08,1.96016060692859e-08,2.16118987523523e-08,2.36907926877039e-08,2.6139383571348e-08,2.88135957237463e-08,3.16517261418469e-08,3.47963063967741e-08,3.81022699404482e-08,4.18939428644519e-08,4.60034205720039e-08,5.06432506523574e-08,5.5696830754916e-08,6.16215724281664e-08,6.81644898537556e-08,7.48395595995489e-08,8.17313078238419e-08,8.94811328690783e-08,9.83350495710182e-08,1.08214246524813e-07,1.18748254302573e-07,1.30443780903548e-07,1.43831818418259e-07,1.58029176693686e-07,1.7349915052827e-07,1.90479803920884e-07,2.09167704965654e-07,2.29604512080238e-07,2.51357656849282e-07,2.7526943284284e-07,3.02751958083276e-07,3.33192048223734e-07,3.65183743852443e-07,4.00139428014751e-07,4.39816578065792e-07,4.83456370746159e-07,5.298042236339e-07,5.79686517132926e-07,6.35657152160217e-07,6.98579316736936e-07,7.67777512157052e-07,8.43744643675982e-07,9.27217823887221e-07,1.01731194948726e-06,1.11273307914031e-06,1.21556237522505e-06,1.32758290131119e-06,1.45074185159539e-06,1.59004313371996e-06,1.74669361277679e-06,1.91039398466771e-06,2.07885706002146e-06,2.26356784698789e-06,2.4669869998881e-06,2.68013030084575e-06,2.91601048098963e-06,3.18750182822783e-06,3.48194186069538e-06,3.7859436134057e-06,4.10241388444443e-06,4.44060519414319e-06,4.82516112219235e-06,5.23885855330705e-06,5.65826617675459e-06,6.11268537072111e-06,6.61941682576909e-06,7.15952586624828e-06,7.7368381482844e-06,8.35627472481456e-06,9.00407364702164e-06,9.67631379643008e-06,1.03962832663179e-05,1.117188253894e-05,1.19962725749271e-05,1.28817356758062e-05,1.38270730141234e-05,1.47873992110673e-05,1.57633628209452e-05,1.68057777202858e-05,1.78999075270299e-05,1.90306735979299e-05,2.02109467327897e-05,2.14230978310711e-05,2.26440714365266e-05,2.38760522387441e-05,2.51292131609648e-05,2.64143420154727e-05,2.76786592246686e-05,2.89003336722902e-05,3.01034429891436e-05,3.12716712469831e-05,3.23389879299921e-05,3.33263230443841e-05,3.41869821103969e-05,3.48776203777812e-05,3.54526788824022e-05,3.5939745226871e-05,3.61962388985842e-05,3.6226712337844e-05,3.60792927439763e-05,3.570440635467e-05,3.50225838377665e-05,3.41467526018467e-05,3.30850502825876e-05,3.18307943911124e-05,3.03874572324496e-05,2.87464946098075e-05,2.68921405914439e-05,2.48933716854938e-05,2.2836274206109e-05,2.07334483064777e-05,1.85584901209423e-05,1.63734023316998e-05,1.42580023962443e-05,1.22304809062639e-05,1.02959500108388e-05,8.528801108267e-06,6.96464197227222e-06,5.54809327262815e-06,4.3314765183431e-06,3.31477481492871e-06,2.49031404043747e-06,1.83301596625429e-06,1.31857160627489e-06,9.28803358098367e-07,6.47192745447595e-07,4.40807431485991e-07,2.88566278943699e-07,1.84334530499894e-07,1.18384327601713e-07,7.47745062369714e-08,4.64524055544991e-08,2.76118259887068e-08,1.49459726814104e-08,9.56860222444333e-09,4.47005605505237e-09,2.05715110802116e-09,1.68933119614264e-09,2.38777710218814e-10,7.65058447303571e-11,1.38715209755437e-10,1.36807762896448e-11,-1.17713083207068e-10,4.65956210874881e-10,0
6.52538253701185e-11,0,8.54339176247423e-10,-8.16192938948409e-09,3.60424545516044e-09,1.0401524271668e-08,-1.37840461359264e-08,3.72504981595054e-09,1.04091156055635e-08,-1.5712594889113e-08,1.10990305458048e-08,1.61179026718769e-10,-8.77444393708432e-09,1.28312138102457e-08,-9.81849496729345e-09,5.09779111434434e-09,1.44453703971707e-09,-4.56964163009934e-09,7.30970412458926e-09,-5.8695608690713e-09,5.42782267564613e-09,-1.83352878022271e-09,1.06459949678117e-09,2.31765263159177e-09,-1.71531153256526e-09,4.10719930973191e-09,-1.88693548444187e-09,3.64091540492467e-09,-3.3126427947824e-10,2.22663577490049e-09,1.59405437601249e-09,1.07599072541585e-09,2.94097918441719e-09,8.12742197154683e-10,3.53506708374874e-09,1.36656503513204e-09,3.59621573538758e-09,2.42100288483496e-09,3.57124899692683e-09,3.56839942143348e-09,3.71739407123204e-09,4.62787660931812e-09,4.26916763229678e-09,5.60047832042206e-09,5.21871596174411e-09,6.54161463855951e-09,6.45776195538196e-09,7.55169450483172e-09,7.93779101526965e-09,8.85826475049378e-09,9.75214228723395e-09,1.06001674652141e-08,1.18544825291048e-08,1.27708889763125e-08,1.43092036294649e-08,1.54302661406841e-08,1.71675847674323e-08,1.86383290244484e-08,2.06065962250977e-08,2.25676286122615e-08,2.4954277049064e-08,2.74684916971847e-08,3.01793017250491e-08,3.31448581693941e-08,3.62860078826429e-08,3.98943277219084e-08,4.38067526675848e-08,4.82719145736215e-08,5.31654001378593e-08,5.8910025807179e-08,6.50700717188106e-08,7.12444336304134e-08,7.76989484229862e-08,8.51318700967712e-08,9.36866480414371e-08,1.03187132579182e-07,1.13193274160456e-07,1.24407201802356e-07,1.37138460903822e-07,1.50437545370981e-07,1.65030364000044e-07,1.81128604651112e-07,1.98954021929004e-07,2.18538538052141e-07,2.39426612386394e-07,2.62375544852139e-07,2.88442105946064e-07,3.16811859639473e-07,3.46688227477102e-07,3.80122700847816e-07,4.18446913946549e-07,4.60124107438834e-07,5.03791697057154e-07,5.50937816195941e-07,6.0450251285064e-07,6.64785068363532e-07,7.30840372097176e-07,8.03488263386158e-07,8.830832771584e-07,9.68172113610076e-07,1.05828715582698e-06,1.1559697707514e-06,1.26233979701537e-06,1.38017787505036e-06,1.5151252633885e-06,1.66555967280754e-06,1.81991969737263e-06,1.97915556321347e-06,2.15515291425342e-06,2.34744934713209e-06,2.55047761424745e-06,2.78061141404858e-06,3.04298041694356e-06,3.31998298706421e-06,3.60495136772009e-06,3.90428979613275e-06,4.22735304709492e-06,4.5945514238736e-06,4.98396059507653e-06,5.38414360863002e-06,5.82735326861563e-06,6.3119719466854e-06,6.8196088971707e-06,7.3670107670285e-06,7.95399154631299e-06,8.564483224355e-06,9.20208307565449e-06,9.88947170856691e-06,1.06322732740905e-05,1.14179387953635e-05,1.22536314375237e-05,1.31461987988122e-05,1.40556206477031e-05,1.49815687050906e-05,1.59763182710363e-05,1.70254875122304e-05,1.81060936308126e-05,1.92173943754973e-05,2.03460570403088e-05,2.14897812908819e-05,2.26646587677422e-05,2.3876647562879e-05,2.51071113317272e-05,2.62913405898662e-05,2.74366615107893e-05,2.85782554961911e-05,2.96854499827595e-05,3.06944776726528e-05,3.16182021089775e-05,3.240877243339e-05,3.30494057875385e-05,3.35978052867904e-05,3.40562199803224e-05,3.42807673522207e-05,3.42950499350024e-05,3.41492093662694e-05,3.37787793183615e-05,3.31123465971955e-05,3.22694337510209e-05,3.12695148099766e-05,3.0109557280465e-05,2.87566642869449e-05,2.7192170831985e-05,2.54315948367176e-05,2.35494414110554e-05,2.16180180363969e-05,1.96430941235864e-05,1.75943108715039e-05,1.55369178924369e-05,1.35502863335695e-05,1.16422775010872e-05,9.82979337028142e-06,8.1848385304749e-06,6.71579549978314e-06,5.38340723689897e-06,4.24838068784851e-06,3.29230223182901e-06,2.51225729089472e-06,1.88933066312807e-06,1.39449381273829e-06,1.01155638372037e-06,7.27634909154457e-07,5.11919124986911e-07,3.48209030703189e-07,2.32680511985107e-07,1.553429954728e-07,1.01965865705041e-07,6.56460311346562e-08,3.9967058876526e-08,2.26811693598344e-08,1.42209292217569e-08,6.78595850329696e-09,3.60704209781032e-09,2.4700892155767e-09,4.57168929783057e-10,3.353074961688e-10,2.75429703749182e-10,-2.78936649349234e-12,1.94369743984823e-11,5.64540825990479e-10,0
6.3761088879675e-11,0,8.84413940100606e-10,-6.22454020807283e-09,2.3359604923984e-09,8.64076184342078e-09,-1.08612330981772e-08,2.52014216048479e-09,8.99851692499225e-09,-1.31233873846384e-08,9.31526409029635e-09,1.03421134571795e-10,-7.35207905223102e-09,1.11366954073989e-08,-8.84282434803454e-09,5.0695709365814e-09,7.24561243088935e-10,-3.64877695874403e-09,6.51496130647781e-09,-5.50013067503905e-09,5.40638019921643e-09,-2.16618401512264e-09,1.49404808746389e-09,1.8076021866697e-09,-1.36188519450963e-09,3.82053528586865e-09,-1.84973432247859e-09,3.65879940146078e-09,-5.62846609564951e-10,2.4101624857178e-09,1.26969604032754e-09,1.24272919452336e-09,2.68510516335679e-09,8.40483706629935e-10,3.40404499546583e-09,1.24218411479934e-09,3.56506843381935e-09,2.19032420349779e-09,3.56248442754432e-09,3.30414003113025e-09,3.67072964096676e-09,4.37548447900113e-09,4.13605202198914e-09,5.36439626873415e-09,4.98429884146622e-09,6.30379085850668e-09,6.13695715339074e-09,7.28871170887356e-09,7.5494984320077e-09,8.53007524614408e-09,9.29173037363987e-09,1.01729078914619e-08,1.13243932551891e-08,1.22293165950973e-08,1.36896374287062e-08,1.4757782061551e-08,1.64437662398629e-08,1.78296327214829e-08,1.97566890739943e-08,2.15989405258196e-08,2.3905621012065e-08,2.62745090172123e-08,2.89001232993359e-08,3.17352141081915e-08,3.47780330605256e-08,3.82406725714958e-08,4.19957426393476e-08,4.62829459700347e-08,5.09658121687896e-08,5.64164811597533e-08,6.22531640222678e-08,6.82193251178035e-08,7.44710828190935e-08,8.16327466740856e-08,8.97785962110727e-08,9.88389022341346e-08,1.08435797364048e-07,1.19144891729572e-07,1.31243045550158e-07,1.43941375920885e-07,1.57881869949381e-07,1.73261960971796e-07,1.90328094563899e-07,2.0909118279915e-07,2.29189531843642e-07,2.51150827566234e-07,2.7578106518295e-07,3.0261849882168e-07,3.31194457316406e-07,3.63224123815314e-07,3.99769964491195e-07,4.39560242612549e-07,4.81484251325404e-07,5.26837642314791e-07,5.78189596717169e-07,6.35784259411205e-07,6.98844363043715e-07,7.68175792576933e-07,8.44103963811623e-07,9.25566557846513e-07,1.01252833848643e-06,1.10701821678878e-06,1.20951024136116e-06,1.32248886324109e-06,1.45083410026447e-06,1.59346720487628e-06,1.74162371157413e-06,1.89621563659858e-06,2.06577380845158e-06,2.25035879363411e-06,2.44659860153749e-06,2.66714920361903e-06,2.91549454816824e-06,3.17901232290857e-06,3.45307778447377e-06,3.74296114634492e-06,4.05423932562286e-06,4.40273045175364e-06,4.77374861795826e-06,5.16135310557589e-06,5.58900224426386e-06,6.05144486323388e-06,6.53503199232861e-06,7.05692360647375e-06,7.6174247429667e-06,8.20381474366132e-06,8.8179016237885e-06,9.47655475690317e-06,1.01867309471274e-05,1.09381157232508e-05,1.17322162922337e-05,1.25799578073923e-05,1.34555441573697e-05,1.43520903718527e-05,1.53076420450489e-05,1.63131274434965e-05,1.7347535627037e-05,1.84067899657766e-05,1.94850741871469e-05,2.05846050043148e-05,2.17193775833534e-05,2.28893968406708e-05,2.40714480642326e-05,2.52108175569274e-05,2.631723312173e-05,2.74154222936674e-05,2.84822526048991e-05,2.94610481262272e-05,3.03531480960311e-05,3.11225955291083e-05,3.1758674948142e-05,3.22913294710217e-05,3.27279475861784e-05,3.29568329472291e-05,3.29889388234246e-05,3.28586750017822e-05,3.25228128733553e-05,3.19130308695103e-05,3.11221456290204e-05,3.01757651779197e-05,2.90786087999906e-05,2.77912492288866e-05,2.63023017781194e-05,2.46358810134846e-05,2.28494828274334e-05,2.09950694565874e-05,1.90878136687888e-05,1.71153598340939e-05,1.51321618370729e-05,1.32032427876078e-05,1.13451433869719e-05,9.58124573095789e-06,7.9707254164204e-06,6.5253151420447e-06,5.21967820639185e-06,4.10602797199525e-06,3.16528990589287e-06,2.39788156691612e-06,1.78601751504597e-06,1.30450993158951e-06,9.34168875199332e-07,6.6117367962975e-07,4.57801027114376e-07,3.06701497939974e-07,2.014121117368e-07,1.31762170838891e-07,8.49019268247075e-08,5.36587007679515e-08,3.23181546657499e-08,1.80623408062479e-08,1.12910383532666e-08,5.26664227756624e-09,2.81677562341348e-09,1.87307599831446e-09,3.21341759560361e-10,2.59671021746925e-10,1.71097818385352e-10,6.15689609714397e-11,-6.44132114246404e-12,5.62973484665088e-10,0
6.23025e-11,0,1.25898465026189e-09,-4.79595630265508e-09,4.83749682723818e-10,8.14556592165885e-09,-8.34502257129249e-09,3.31984308561444e-10,9.07356525099655e-09,-1.13162544577744e-08,7.12706712140729e-09,1.22908934200053e-09,-7.10164438785311e-09,1.00161114319276e-08,-7.7111986302857e-09,4.3908313161979e-09,7.88425985635847e-10,-3.35166240044662e-09,6.03709485413265e-09,-5.13287110855118e-09,5.15232022842189e-09,-2.14163021841324e-09,1.54784102254534e-09,1.61127680569959e-09,-1.21629888337664e-09,3.61883185832525e-09,-1.78651919019243e-09,3.56498353548538e-09,-6.33284035020667e-10,2.41660909816412e-09,1.1093381679241e-09,1.28210733707484e-09,2.51047084869888e-09,8.35834565433987e-10,3.26380494579383e-09,1.16315536343425e-09,3.46778015622136e-09,2.03680244047006e-09,3.48188289953129e-09,3.10764350808008e-09,3.57488303304734e-09,4.1552811315611e-09,3.98746824250409e-09,5.12752718100724e-09,4.76633998661103e-09,6.04905744609095e-09,5.85158941489251e-09,7.00544553737365e-09,7.19621954756182e-09,8.18659009492463e-09,8.85976587915373e-09,9.74661509969719e-09,1.08178521433892e-08,1.17086728623865e-08,1.30985050577581e-08,1.41294439271686e-08,1.57543282599229e-08,1.70744368610143e-08,1.89406065897028e-08,2.06832272904562e-08,2.29069241886466e-08,2.51621320476197e-08,2.77053791303579e-08,3.04236766258533e-08,3.3363838601713e-08,3.66822721632481e-08,4.02875104101208e-08,4.43940588730279e-08,4.88646192403812e-08,5.40494970462097e-08,5.96460273187762e-08,6.54477196492911e-08,7.14844247725641e-08,7.83323517828363e-08,8.6059503064463e-08,9.47122186790925e-08,1.03926683068644e-07,1.14147878207096e-07,1.25708967103785e-07,1.37921382401564e-07,1.51290755978692e-07,1.65990249889022e-07,1.82277450207596e-07,2.00197150751269e-07,2.19460548792455e-07,2.40458180934343e-07,2.6392436221956e-07,2.8962168661404e-07,3.17049679565409e-07,3.47567186782132e-07,3.82279883820652e-07,4.20343647780421e-07,4.60755041613051e-07,5.04374715000384e-07,5.53448149222361e-07,6.08469792386613e-07,6.68878960262002e-07,7.35292530817759e-07,8.08089117121508e-07,8.8648842383572e-07,9.70318122519766e-07,1.06129514250243e-06,1.15990614449326e-06,1.26813951450893e-06,1.39030125649474e-06,1.52646138434815e-06,1.66938244955273e-06,1.81881650722576e-06,1.98172102618636e-06,2.15924632178438e-06,2.34800358107331e-06,2.55808304207211e-06,2.79439559815178e-06,3.04749482922335e-06,3.3119080920731e-06,3.59166840642043e-06,3.89032320190267e-06,4.22263978970292e-06,4.57855808017741e-06,4.95120632573525e-06,5.35973216425025e-06,5.80234498779215e-06,6.26657656610315e-06,6.76592874315532e-06,7.30250099886224e-06,7.86594309616579e-06,8.45583718537087e-06,9.08576836950858e-06,9.76343228970733e-06,1.04823686815176e-05,1.12424389714521e-05,1.2053684586984e-05,1.28961238862751e-05,1.37588724751064e-05,1.46729211091963e-05,1.56346083104699e-05,1.66269413963145e-05,1.76451937402471e-05,1.8683699100733e-05,1.97414593925005e-05,2.08294064486953e-05,2.19498195278393e-05,2.30869761659551e-05,2.41909779950921e-05,2.52623420369989e-05,2.63189265615487e-05,2.73467066768669e-05,2.82952221089888e-05,2.91609514720795e-05,2.99113571476282e-05,3.05338972484626e-05,3.10467093638653e-05,3.14663588089176e-05,3.1700068334656e-05,3.17461184937572e-05,3.16288237763187e-05,3.1321565823403e-05,3.07592168622313e-05,3.00155317880567e-05,2.91122543307242e-05,2.80617968302211e-05,2.68368467042693e-05,2.54243944548679e-05,2.3839762619669e-05,2.21319366080075e-05,2.03480122003217e-05,1.85087336901813e-05,1.66079022505679e-05,1.46922580948202e-05,1.28196241024896e-05,1.10121637863228e-05,9.29236190170669e-06,7.71427408569961e-06,6.29843709465585e-06,5.02185548438671e-06,3.93010414465881e-06,3.00846254281129e-06,2.25805291362436e-06,1.66175122395533e-06,1.19727526909225e-06,8.4363175236562e-07,5.8596576822726e-07,3.98131508055519e-07,2.61436193157275e-07,1.67604551373502e-07,1.06877145892082e-07,6.72924485617755e-08,4.1684073655602e-08,2.48695354276305e-08,1.35210592458717e-08,8.55072564717151e-09,3.8730373859945e-09,2.01140666009018e-09,1.36828575342653e-09,2.03607716076106e-10,1.53122566441454e-10,8.73692626642869e-11,1.08582766257163e-10,-5.84382737766517e-11,5.67457911315705e-10,0
