#"f_a, f(q)"
1000000,0,8.03145170172475e-05,1.71745696954888e-06,9.03925916386536e-05,9.22610257664713e-06,9.98285892660497e-05,8.27317793478142e-06,0.000122831910405991,9.28283666362889e-06,0.000128554200724443,3.78140583010801e-05,0.000116010789058469,7.43172090966444e-05,0.000110279623796959,0.00010171221958615,0.000117638808811589,0.000122278947759777,0.000132864114120221,0.000141745566328446,0.000152155163772798,0.000162894892329702,0.000174438328761165,0.000186701993257858,0.000199747302527773,0.000213647623648513,0.00022840873206243,0.000244138764550872,0.000260844784078317,0.000278644737485934,0.000297536721122551,0.000317675227934235,0.000339047326091221,0.00036182381930178,0.000386012771922407,0.000411780054346453,0.000439163430114229,0.000468325618903292,0.000499336614283239,0.000532363444279007,0.000567502656660226,0.000604931587309638,0.000644772261326862,0.000687215631523728,0.000732419755363944,0.000780586961644844,0.000831910589131491,0.000886613553046354,0.000944929532212255,0.00100709813193905,0.00107340530527777,0.00114411121084957,0.00121955920475224,0.0013000338002804,0.00138594582199958,0.00147760912707865,0.00157551293311885,0.00168000110578511,0.00179165787386517,0.00191086283256648,0.0020383088050008,0.00217441962570056,0.0023200212514037,0.00247557885970483,0.00264207288687038,0.00282001783627596,0.0030105702652944,0.0032143030426705,0.00343259833638397,0.0036660753006737,0.00391637494676748,0.00418419411962379,0.00447148659481666,0.00477898995818957,0.00510906706708254,0.00546254884023948,0.00584213195956789,0.00624893343861894,0.00668591533236886,0.00715461418331282,0.0076582515561185,0.00819883346184608,0.00877990445099573,0.00940399071495456,0.0100750273113865,0.0107961375649235,0.0115716537994849,0.0124053310241026,0.0133019350005328,0.0142659998616223,0.0153026805404993,0.0164174289553132,0.0176156730350501,0.0189038026812354,0.0202873999416866,0.0217742142602399,0.0233698333969432,0.0250833541954452,0.0269199648332692,0.0288904561962891,0.0309992532695811,0.0332590482986616,0.0356730363710203,0.0382563905946677,0.0410105421005038,0.0439533703736059,0.0470837348103221,0.0504234031176382,0.0539679216380362,0.0577428177747522,0.0617392090894651,0.065988941389097,0.0704778654703363,0.075243768371468,0.080268553200236,0.0855938779731156,0.0911993053899331,0.0971291683101927,0.103364086704698,0.109945970431619,0.116859910750658,0.124145308608684,0.131790816341809,0.139832612940092,0.148263821143703,0.157114979891926,0.166383963616777,0.176094013814931,0.186247932613847,0.196858933511886,0.207935663900857,0.219477449612609,0.231499188470851,0.243983113744011,0.256949596447508,0.270359824932229,0.284239502508597,0.298524873731735,0.313245674534353,0.328308416036514,0.343745213825595,0.359428054544973,0.37539214490614,0.391468606819542,0.407692650387039,0.423849064634058,0.439972871377379,0.455795275605715,0.471354074081762,0.486323036666313,0.500740007206995,0.514216567927338,0.52680044309646,0.538043071184306,0.547996440690327,0.556169943918436,0.562613865117718,0.566853913392901,0.568901973037034,0.568338220757522,0.565163035827174,0.559040069178296,0.549992218653438,0.537799814081343,0.522539308215372,0.504142290955054,0.482776802189697,0.458566179548561,0.431788283925058,0.402767245378138,0.371896032798641,0.339690127675474,0.306628732109533,0.27335980506811,0.240392375930126,0.208404448593638,0.177846057746146,0.149311041636935,0.123103551521702,0.0996240728928219,0.0789682285317254,0.0612826381404861,0.0464476739286946,0.0343646451436459,0.0247482097161449,0.0173407345751556,0.0117847386887651,0.00776336501106642,0.00494025983905296,0.00303434597179453,0.00179230071512038,0.00101656703023006,0.000551977126504119,0.000285793859188804,0.00014127319141838,6.57386641734023e-05,2.93770430702625e-05,1.20445872210303e-05,4.70574943789007e-06,2.00742560507236e-06,0
1023411.40210545,0,7.85369648455495e-05,1.79460950082423e-06,8.83579434187105e-05,9.25345134575291e-06,9.77019750018684e-05,8.41780302447863e-06,0.000120168151069083,9.75167277196083e-06,0.00012572749067862,3.78382923719175e-05,0.000113742381971254,7.35531941106821e-05,0.000108527061932333,0.00010044945029901,0.000116073247949575,0.000120804849954906,0.000131306757038901,0.000140181535931125,0.000150559841051533,0.00016128095337852,0.000172806279459202,0.000185056572910101,0.000198091615869812,0.000211985696491481,0.000226743937095821,0.000242474778799119,0.000259184990550775,0.000276992486037185,0.000295894528842382,0.000316045965200709,0.000337432598615586,0.00036022568220481,0.00038443170856436,0.000410216907672779,0.000437617299570327,0.000466795804515242,0.000497820760842174,0.000530859373349042,0.000566006568238951,0.00060343978670174,0.000643279309260488,0.000685716287681354,0.000730907580285824,0.000779055707150579,0.000830353001008869,0.000885022645785865,0.000943297885968982,0.00100541813154076,0.00107166922784795,0.00114231085470275,0.00121768631529217,0.00129807812761198,0.00138389668350728,0.00147545244975887,0.00157323341343494,0.00167757743617654,0.00178906643539077,0.00190807168952638,0.00203528217680921,0.00217111150770211,0.00231638149855615,0.00247154599499674,0.00263758145350333,0.00281499163256059,0.00300493044046143,0.00320796248942748,0.00342546916633496,0.00365806055642251,0.00390737518092995,0.00417410626470479,0.0044602037868728,0.00476639862342916,0.00509504717549243,0.00544696343416268,0.00582483361567855,0.00622976330247512,0.00666469360403414,0.00713113856047635,0.00763229282026872,0.00817015112859249,0.00874821493605899,0.00936899547012855,0.0100363909456661,0.0107535039843475,0.0115246352891454,0.0123535143555336,0.0132448864609556,0.0142032678054479,0.015233789471732,0.0163418896113832,0.0175329955412587,0.0188134854777338,0.0201889628189254,0.02166715903971,0.0232537145470328,0.0249577295659966,0.0267844762107729,0.0287447449572164,0.030843095913555,0.0330922115399431,0.0354954888465777,0.0380680777658269,0.0408116421383884,0.043744054522484,0.0468644455931473,0.050194501193139,0.053730124735826,0.0574966817601801,0.0614856956265349,0.0657287267389692,0.0702120642092886,0.0749731409146792,0.0799942437413639,0.0853166653690787,0.0909201530207179,0.0968487818632829,0.103083133533208,0.10966489809453,0.116579002223667,0.123864668302979,0.131510298747817,0.13955192062004,0.147982394855423,0.156832116246723,0.166098717740475,0.175805366434613,0.185954629798689,0.196559735798028,0.207629077934137,0.21916214161688,0.231173509948879,0.243645732942507,0.256598756259178,0.269994236076264,0.283857336607531,0.298124859890951,0.312825879386439,0.327867623795774,0.343281443242644,0.358940116206833,0.374878048353728,0.390927224660279,0.40712210079255,0.423248353139656,0.439340343834833,0.455130234928184,0.47065526836879,0.485590206658291,0.499972360483468,0.513414317777528,0.525963614152005,0.537172444078744,0.547092842625475,0.555234313570291,0.561648082042517,0.565859372345786,0.56788140732211,0.567293720721598,0.564098199877229,0.557957770109798,0.548897533942615,0.5366970024988,0.52143517947002,0.503042233757499,0.481688845070262,0.457496569255587,0.430746070127253,0.401759615879601,0.370932384275245,0.338777686412959,0.305775616160757,0.272571703140109,0.239674537243436,0.207759746637282,0.17727575672147,0.148814743143462,0.12267876553519,0.099267330248493,0.0786738721173899,0.0610449038400815,0.0462594891914156,0.0342198065349973,0.0246396718173085,0.0172622279895677,0.0117296791868947,0.00772616966791271,0.00491592494943266,0.00301896201821435,0.00178290816862012,0.00101094879829445,0.000548791487112285,0.000283951808328243,0.000140337386629852,6.51902483436016e-05,2.91687750323317e-05,1.18947270109359e-05,4.69442518227047e-06,1.96832258014816e-06,0
1047370.89795945,0,7.67493850608226e-05,1.86603320253341e-06,8.63092904384701e-05,9.26833403895641e-06,9.55600446441362e-05,8.53760306886535e-06,0.000117499996205812,1.01642086144603e-05,0.000122905095300215,3.78092217433071e-05,0.000111437443702792,7.27649613901765e-05,0.000106705576107049,9.91589949594216e-05,0.000114437112931308,0.000119281867819472,0.00012967991820325,0.00013855124677828,0.000148890123143296,0.000159588365954293,0.000171091773907707,0.000183322755973117,0.000196344566095338,0.000210227481798813,0.00022498007830187,0.000240708391673611,0.000257420805167931,0.000275234176317592,0.00029414587944773,0.000314310644386499,0.000335713562805224,0.000358526189742359,0.000382753839706666,0.000408563166390382,0.000435988484054289,0.000465193065956649,0.000496243506111848,0.00052930749384578,0.000564477806110008,0.000601931975567089,0.000641788218844584,0.000684237736396417,0.000729435342532225,0.000777583062969977,0.000828871235912409,0.000883522506699287,0.000941768474965578,0.00100384745651027,0.00107004403262344,0.00114061632423267,0.0012159070031943,0.00129619688234447,0.00138189668055499,0.0014733144912225,0.00157093907095332,0.00167510541548977,0.00178639665188834,0.00190518001852792,0.00203214541877698,0.00216770021261439,0.002312665763593,0.0024674880464658,0.00263314208157632,0.00281012017660405,0.00299957105497351,0.0032020459678344,0.00341891957205471,0.0036507872481762,0.00389927951877561,0.00416507512618597,0.00445011328447377,0.00475510894876236,0.00508240921052463,0.00543281468320867,0.00580900044403492,0.00621205482431609,0.00664490632093383,0.00710905466964847,0.0076076704561968,0.00814273112868398,0.0087177169640522,0.00933512021179285,0.00999880354853527,0.0107118469751994,0.0114785204109539,0.0123025311840412,0.0131885864561694,0.0141411761409634,0.0151654087270498,0.0162666993778084,0.0174504638692644,0.0187230645875139,0.0200901173711465,0.0215593374334789,0.0231364081479512,0.0248304251845451,0.0266467505600951,0.0285961645896079,0.0306833695925454,0.0329210496973407,0.0353127934580059,0.0378737450431378,0.0406058186224163,0.0435268545858494,0.0466363005615858,0.0499557756014704,0.0534815334358268,0.057238820289582,0.0612195225863566,0.0654549944362762,0.0699319007209576,0.0746873994199097,0.0797040773406377,0.0850229158424624,0.0906238044301593,0.0965505486395675,0.102783765348971,0.109364808358388,0.116278570543448,0.123563912765114,0.131209162576,0.139250054213852,0.147679297447945,0.156527108333987,0.165790886376095,0.175493776524562,0.18563802671208,0.196236948354254,0.207298597873411,0.218822638467233,0.230823382122524,0.243283549448059,0.25622286765367,0.269603132372199,0.283449398459286,0.297698559577174,0.312379633232116,0.32739995676557,0.342790783755095,0.358425095891313,0.374337083895782,0.390359190997754,0.406525323800197,0.422621907135123,0.438682409104594,0.454440192905665,0.469931283046605,0.484831914672299,0.499178024353005,0.512583821837668,0.525095825203223,0.536267544633869,0.546150780836296,0.554255844990262,0.560634905241415,0.564813188159225,0.566805465270526,0.566191451646772,0.562974577547365,0.556817939372055,0.54774781527324,0.535543334026485,0.52028456483426,0.501901607514437,0.480566466804265,0.456400142435814,0.429683888090989,0.400738653523567,0.369959681085515,0.337858837312176,0.304916324507113,0.271776472911486,0.238947390848159,0.207103475713226,0.176692014694575,0.148303794372421,0.122239033317424,0.0988962865588571,0.0783670907685692,0.0607972738106051,0.0460641031173191,0.0340694972631767,0.0245265357844727,0.0171792393758476,0.0116703365153555,0.00768508540697491,0.00488848113313329,0.00300135352933006,0.00177219816248325,0.0010047082867147,0.000545462517024585,0.00028221350136502,0.000139588304255105,6.48166391360074e-05,2.90773969645899e-05,1.18110292480546e-05,4.70818543799294e-06,1.93694279738892e-06,0
1071891.31920513,0,7.49405403068971e-05,1.91260821176122e-06,8.42972097861701e-05,9.26398340674015e-06,9.33377750119171e-05,8.71596270468572e-06,0.000114773591881886,1.05364270204209e-05,0.000120083692140952,3.771464774903e-05,0.00010911287135384,7.19133277392231e-05,0.00010484679569822,9.77985087743489e-05,0.000112744567882541,0.000117684069190835,0.000127975701037565,0.000136837464969155,0.00014712556158938,0.000157798642021742,0.000169267677970679,0.000181475956492189,0.000194474102968799,0.000208340581744702,0.00022307924649246,0.000238798841820768,0.000255506879392716,0.000273320097264788,0.000292236301499849,0.000312409163420776,0.000333824267469601,0.000356652206416432,0.000380898313192334,0.000406728175660296,0.000434175445431273,0.000463402645306669,0.000494475292057835,0.000527560458317023,0.000562749219709769,0.000600218650585698,0.000640084970430138,0.000682538955310674,0.000727733417552973,0.000775869871780338,0.00082713685061712,0.000881756549139839,0.000939959020075693,0.00100198186645859,0.00106810882678369,0.00113859660779779,0.00121378691570569,0.00129395890334376,0.00137952320342351,0.00147078505097106,0.00156823319572734,0.00167219880976719,0.00178326503570755,0.00190179408322175,0.00202847585527715,0.00216371070031587,0.00230831934059696,0.00246273933995584,0.00262794456204042,0.00280441643283303,0.00299330093628579,0.00319513826454898,0.00341129983940498,0.00364236723098117,0.0038899670877127,0.00415476803684737,0.00443870146958118,0.004742467798635,0.00506840901337366,0.00541731094573874,0.00579184303560044,0.00619307543276,0.00662392098113692,0.00708586552154055,0.00758205701066154,0.00811445357976492,0.00868650441427361,0.00930068101142214,0.00996081040348236,0.010669943495519,0.0114323144220103,0.0122516076223202,0.013132497744895,0.0140794438680856,0.0150975328026753,0.0161921582007955,0.0173687295035632,0.018633591141648,0.0199923749327344,0.0214527813720258,0.0230205387716684,0.024704734476782,0.026510811583448,0.0284495450792966,0.0305257647170895,0.0327521516859765,0.0351324719810919,0.0376818537145883,0.0404024507216165,0.0433120653472155,0.0464104440734694,0.0497191263764557,0.05323472383175,0.0569823507630368,0.0609542747096792,0.0651816471513548,0.0696515410646656,0.0744008030066364,0.0794124196212488,0.084727019003385,0.0903247417042121,0.0962490778803241,0.102480733545669,0.109060744426949,0.115973970906251,0.123259006098578,0.130903982845684,0.13894444373196,0.14737278569312,0.156219070509734,0.165480404408046,0.17517982895391,0.185319317100226,0.195912181902915,0.206966175014205,0.218481108966418,0.230471026520581,0.24291902263731,0.255844597273859,0.269209910868279,0.283039846035649,0.297271589837646,0.311933977968366,0.326934569522153,0.342304103589705,0.357915633360996,0.373802784238047,0.389798524382166,0.405935916422123,0.422002113656208,0.438029625049507,0.453753290113535,0.469208103016812,0.484072315609772,0.498381021027232,0.511750631926521,0.524226603102688,0.535364089124066,0.54521386614247,0.553287058271274,0.559636221405752,0.563786881660364,0.565754074460477,0.565117551787935,0.561881447836044,0.555709138669988,0.546627989450543,0.534417755137079,0.519159951965586,0.500784523225626,0.479464157147461,0.455318843090719,0.428631043033999,0.399721171324578,0.368985537667715,0.336935375962923,0.304050718832345,0.270974349658326,0.238213385707977,0.206441235241889,0.17610319333705,0.147788920788589,0.121796108727696,0.0985227629063701,0.0780574241898071,0.0605458554052332,0.0458637680291327,0.0339142527172891,0.0244093500315377,0.0170940450085337,0.0116104367412156,0.00764464674593496,0.00486208515794772,0.00298475125863842,0.00176212901459616,0.000998767320472845,0.000542168195598262,0.000280387213660539,0.00013871602313845,6.43416633233623e-05,2.89195243226677e-05,1.16935594635526e-05,4.70840577885909e-06,1.9015315701365e-06,0
1096985.79789238,0,7.31251980775863e-05,1.97375717895106e-06,8.22208711273165e-05,9.23581755304543e-06,9.11689528352159e-05,8.79017948930456e-06,0.000112039335705883,1.09035913095105e-05,0.000117181034826087,3.76019790868663e-05,0.000106730435328783,7.10032355793644e-05,0.000102929962656756,9.63654019127583e-05,0.000110978612138202,0.000115999548806383,0.000126183914410116,0.000135020146927145,0.000145257656810108,0.000155889073743443,0.000167321736724073,0.000179493392286804,0.000192462358443998,0.000206301246330314,0.000221018149262071,0.000236719870554981,0.000253414860034111,0.000271219978903316,0.000290132159825206,0.000310306408740512,0.000331726678681335,0.000354564866598048,0.000378824457769968,0.000404672389613479,0.00043214006916958,0.000461390841533312,0.000492488125185641,0.000525599610245578,0.000560814113780619,0.000598308777744147,0.000638197254943218,0.000680669940401585,0.000725877385017739,0.000774020538050743,0.000825285610766754,0.000879893651317388,0.00093807265250627,0.00100005913727571,0.00106613565629065,0.00113655775128272,0.00121166673399332,0.00129173981220153,0.00137718768833753,0.00146831366633129,0.00156560729768937,0.00166939593786116,0.0017802636013579,0.00189856789829815,0.00202499989500785,0.00215995449159921,0.00230425332053902,0.00245832578884279,0.00262314647936498,0.0027991883068205,0.00298759729007565,0.0031889024797208,0.00340447254022146,0.00363487602189431,0.00388173562584885,0.00414570545499495,0.00442870823285757,0.00473142668938375,0.00505619275724434,0.00540376549982395,0.00577680227474555,0.00617635191513204,0.00660530845070797,0.00706513220677598,0.00755894744281046,0.00808869837801786,0.00865780786704225,0.00926872609875795,0.00992524963159643,0.0106304154681113,0.0113884276199939,0.0122029485334234,0.013078623492122,0.0140198899256116,0.0150318120052173,0.0161197541329419,0.0172891096644828,0.0185461999647296,0.0198966593941299,0.0213481661835304,0.022906478878036,0.0245806627449401,0.0263762379895096,0.0283039681152907,0.030368801517685,0.0325834114457671,0.0349517461074425,0.037488930878998,0.0401973503450869,0.0430947907979758,0.0461812966483881,0.0494783774964752,0.0529829865926848,0.056720145344429,0.0606825145752538,0.0649010611593486,0.0693632646838257,0.0741057377240232,0.0791118276421376,0.0844218859099005,0.0900162569771756,0.0959381745441122,0.102168369829438,0.108747649842128,0.115660750603838,0.122946005654097,0.130591378646757,0.138632143378152,0.147060523076049,0.155906377300802,0.165166547728885,0.174864012788706,0.185000387597833,0.195589083039759,0.206637559233545,0.218145741070946,0.230127349895048,0.242565559265036,0.255479497769252,0.268831479595655,0.282645915726844,0.296860269592396,0.311502866677939,0.326481776402237,0.341827499878135,0.357413902475209,0.373274242362456,0.389242097094601,0.40535033908037,0.421386926288826,0.437384068371264,0.453077178104343,0.468500685071444,0.483333248157858,0.4976088725078,0.510944608847401,0.52338547110879,0.534487616017049,0.544301883731608,0.552339962214118,0.558654904841555,0.562772337654769,0.564708808178238,0.564044578401154,0.560784766726435,0.554593156866423,0.545498128917388,0.533279381175883,0.518019626740157,0.499649072428514,0.478341928434905,0.454217790178676,0.427560066319438,0.398688172203297,0.367999041320694,0.336002342158193,0.303178234507196,0.270167732822294,0.237477211546336,0.205778299077374,0.175514799911904,0.14727479612443,0.121354259223852,0.0981504017972376,0.0777500227819397,0.0602981801404166,0.0456688273568007,0.0337650033263245,0.0242978394036733,0.0170130059508966,0.0115529376767924,0.00760498227066266,0.00483550900361335,0.00296752778428776,0.00175144143546948,0.00099233221851639,0.000538545270510699,0.000278351099610784,0.000137716489050787,6.37925173423971e-05,2.87201054820951e-05,1.15559267282681e-05,4.69916527453663e-06,1.86222864154794e-06,0
1122667.77351081,0,7.12955485794798e-05,2.00891791562019e-06,8.01447363423684e-05,9.22240888676586e-06,8.89304997176449e-05,8.85735862468581e-06,0.000109330896941512,1.11525646248076e-05,0.000114334517218353,3.73909444994657e-05,0.000104340373643735,7.00330166492164e-05,0.000100966456898644,9.48748851183096e-05,0.000109149849589222,0.00011424793965139,0.000124316131109967,0.000133123921032167,0.000143300441480293,0.000153887330761111,0.000165273769028714,0.000177404278079975,0.000190335891912121,0.00020414122689234,0.000218829660638807,0.000234506765959412,0.000251182766675144,0.000268973240469454,0.000287876302281382,0.000308045953931591,0.000329466751862056,0.000352310208957149,0.000376579746061734,0.000402442010522893,0.000429927759969855,0.000459200450698368,0.000490322485809058,0.000523461926952895,0.000558706109424728,0.000596232413366915,0.000636152751993597,0.000678657619375729,0.000723895635511813,0.000772067192342611,0.000823356146588697,0.000877982974867254,0.000936173525805947,0.000998162125886599,0.00106422819821131,0.00113462427818516,0.0012096890904367,0.00128969640774191,0.00137505477944842,0.00146606303376468,0.00156320930510861,0.00166681629648831,0.00177746805798716,0.00189551789191831,0.00202165811245017,0.00215627850766947,0.00230020298603103,0.00245385470339167,0.00261821081260348,0.0027937373340696,0.00298158171551426,0.00318226416412527,0.00339715373361574,0.00362680703223301,0.00387284396787707,0.00413590423348265,0.00441790249180132,0.00471950575397086,0.00504304019512794,0.00538924314287883,0.00576076005304273,0.0061586157160515,0.0065856885081652,0.00704342020310505,0.0075349109133708,0.00806207772844907,0.00862831670369034,0.00923606049246718,0.00988907379159931,0.01059036856505,0.0113441187150743,0.012153961894466,0.0130245099606458,0.0139601762034043,0.0149660026266354,0.0160473233137839,0.0172095175569381,0.0184588809520692,0.019801053986981,0.0212436914121051,0.022792582941833,0.0244567710922241,0.0262418460949336,0.0281585585429478,0.0302119709139424,0.0324147420872776,0.0347710006324602,0.0372958443003096,0.039991895035736,0.042876899594365,0.0459512045506382,0.0492362721347055,0.052729409186159,0.0564555199161579,0.0604076632588918,0.0646166302786115,0.0690703202493812,0.073805100587646,0.078804691298882,0.0841092012581538,0.0896991972731886,0.0956176448025923,0.101845350860422,0.108422887730493,0.115334895702971,0.122619462181682,0.130264376911314,0.138304709064918,0.146732446561567,0.155577270048919,0.164835725812841,0.174530645547859,0.184663389873254,0.195247416255868,0.206289987388002,0.217791007720597,0.229763926570773,0.242192032997147,0.2550941849447,0.268432851374868,0.282232148089847,0.296429779753454,0.311053765468528,0.326012465442431,0.34133601185087,0.356898671797448,0.37273339825454,0.38867427827709,0.404753722356603,0.420760302267656,0.436725730164426,0.452386261473373,0.46777576756508,0.482573921010749,0.496813985607335,0.510114143381155,0.522518899321145,0.533585325164729,0.543364274048993,0.551367906072606,0.557650227144514,0.56173662048805,0.563644965160849,0.562955215102037,0.559673811227149,0.55346434079784,0.544356845295991,0.532131114581083,0.516871198866111,0.49850628269647,0.477212147921348,0.453108254759331,0.426479348166053,0.397643830629629,0.366999521347823,0.335055070400234,0.302290686318849,0.269346189908993,0.236726786276297,0.205102645518254,0.174915563132649,0.146752516934739,0.120906662471038,0.0977743383514938,0.0774398016012373,0.0600482574070923,0.0454716556735429,0.0336135219853978,0.0241841601135751,0.0169302955028379,0.0114944697198423,0.00756520750278529,0.00480945070927828,0.0029511447623029,0.00174163791950103,0.000986674337456396,0.000535522968638427,0.000276740154495952,0.000136987055131578,6.34041373996635e-05,2.86001213945558e-05,1.14588852551841e-05,4.70393576989399e-06,1.82914732722951e-06,0
1148951.00018731,0,6.94479722076604e-05,2.04644313532253e-06,7.80985871496746e-05,9.14279494887135e-06,8.66743125300059e-05,8.98208080898897e-06,0.000106506807965144,1.14256169155095e-05,0.000111465008301285,3.70950127889025e-05,0.00010196463981011,6.89658692926645e-05,9.89777419610123e-05,9.33031679590143e-05,0.000107256218615677,0.000112412892436603,0.000122357808178385,0.000131127976474362,0.000141231504018445,0.000151764092835675,0.000163091633390396,0.00017516989390052,0.000188051058253577,0.000201810709074352,0.000216457057852858,0.000232097064566216,0.000248740579130586,0.000266503659397664,0.000285384304606553,0.000305536835485201,0.000326945577031173,0.000349782215880293,0.000374049749452771,0.00039991493993281,0.000427407535995775,0.000456691030502644,0.000487826711515494,0.000520982689459682,0.000556244668114834,0.000593789879113736,0.000633728445252746,0.000676250579890443,0.000721502997609428,0.00076968555999686,0.000820979988622067,0.000875605904423366,0.000933787268217558,0.000995757115439481,0.00106179289643358,0.00113214538909473,0.00120715178222437,0.00128708332735888,0.00137234768999953,0.0014632404328866,0.0015602488968083,0.00166369172597382,0.00177415306397399,0.00189198069897487,0.00201786693014703,0.00215219468330623,0.00229578865789273,0.00244906389759694,0.00261299803041302,0.00278804644022769,0.0029753566166684,0.00317543822395085,0.00338965992126852,0.00361856410183033,0.00386376885476607,0.00412590285968716,0.0044068751683436,0.00470733617700834,0.00502960955556757,0.00537441371335821,0.0057443872441227,0.00614053354864061,0.00656571890012131,0.00702136711037597,0.00751055226921442,0.00803517329838703,0.00859859795336497,0.00920323851947046,0.00985282310427889,0.0105503366223955,0.0112999213838081,0.0121051841375409,0.0129707032512216,0.0139008642178706,0.0149006787716668,0.0159754542348197,0.0171305521336933,0.018372239345303,0.0197061603867396,0.0211399443651675,0.022679404192021,0.0243335614907463,0.0261080694365134,0.0280136548434436,0.0300554902535469,0.0322462187549141,0.0345901270794984,0.0371023028481892,0.039785578719532,0.0426576811276044,0.0457192404093449,0.0489916708773928,0.0524726165088652,0.0561869128477139,0.0601280180983835,0.0643265498871094,0.0687708693995892,0.0734970981496168,0.0784894061437133,0.0837876037122572,0.0893725740118591,0.0952870441905647,0.101511980120844,0.10808767017404,0.114998774526192,0.122283104038455,0.129928297157184,0.137969131503265,0.146397326452428,0.155242303878668,0.16450029263177,0.174194009132854,0.184324365503622,0.19490473737509,0.205941893725535,0.217435897111089,0.229399976161561,0.241817612519457,0.254707518653446,0.268032315817208,0.281816223149772,0.29599693248049,0.310602561964522,0.325541441818625,0.340843799950172,0.356383781761288,0.372194177090333,0.388109221192861,0.404161068646481,0.420138538844511,0.436072855573218,0.451700950790081,0.467056159915299,0.481819240014256,0.496022824015987,0.509286402597611,0.521653891062031,0.532683788550503,0.542426635144626,0.550395364970006,0.55664450353453,0.560699543717206,0.562579196435372,0.561863632917408,0.558560147071541,0.55233269600973,0.543212422478593,0.530979482650101,0.515719125539832,0.497360514693072,0.476080452376901,0.451997572431714,0.425397789605082,0.39659868737816,0.365999029315699,0.334106067913118,0.301400267889785,0.268519743181482,0.235969312879781,0.204417600978502,0.174305196842842,0.14621743317857,0.120445583891196,0.097384880570143,0.0771173942277342,0.0597875052042524,0.0452654408606456,0.0334547790043791,0.0240649437717198,0.0168434690732277,0.0114330517468739,0.00752323165796611,0.004781730306451,0.00293349197409781,0.00173088398572417,0.000980323467274046,0.000532022884504146,0.000274813966912178,0.000136068600310485,6.29088674618029e-05,2.84276757464375e-05,1.1337715357434e-05,4.69936330769947e-06,1.79230963193007e-06,0
1175849.55405216,0,6.76124851784872e-05,2.07995134551215e-06,7.60017798242591e-05,9.08247626772132e-06,8.44580717612203e-05,8.98526640559274e-06,0.000103751670606782,1.1654158279326e-05,0.000108544252641474,3.6806914421245e-05,9.95322444255219e-05,6.78619303932113e-05,9.69545892714446e-05,9.16665737204733e-05,0.000105318708504037,0.000110504713847418,0.000120335428951451,0.000129049935467085,0.000139079367696521,0.000149545559694722,0.000160808454501696,0.000172824288371643,0.000185647122613312,0.000199351556849976,0.000213947273917562,0.000229540781737471,0.000246142861095272,0.000263869626481294,0.000282719487391395,0.000302846674221014,0.000324235880383142,0.00034705890209567,0.000371318543851944,0.000397181627123477,0.000424677277684546,0.000453969107690993,0.00048511737980695,0.000518290368848677,0.000553572316364562,0.00059114041110279,0.000631102939123635,0.000673649764248388,0.000718925596354257,0.000767129845767029,0.000818442299527226,0.000873081953121403,0.00093127074026429,0.000993240744096161,0.00105926795980617,0.00112960151162843,0.00120457701929474,0.00128446365156146,0.00136966797511837,0.00146048221867695,0.0015573929061088,0.00166071381959751,0.00177102798246805,0.00188867732790017,0.00201435417002446,0.00214843430007545,0.00229174227453941,0.00244468352916628,0.00260823615461821,0.00278284606718025,0.00296966170044172,0.00316918160228859,0.00338277527609711,0.00361097211419381,0.00385539147828874,0.00411664882975196,0.00439664898041782,0.00469602603835065,0.0050171011907452,0.00536057041091845,0.00572906698981139,0.00612357192373774,0.00654693503205585,0.00700055928289729,0.00748750019630466,0.00800963515239997,0.00857030192522857,0.00917188892282988,0.00981809574032429,0.0105118860030064,0.0112573635673423,0.0120581137126881,0.0129186795305715,0.0138434174589619,0.0148373120621175,0.0159056368899156,0.0170537330853358,0.0182878421661068,0.0196136025672553,0.02103860953586,0.0225686959480268,0.0242128567328652,0.0259767973641092,0.0278712243218385,0.0299014041478845,0.0320799602990903,0.0344113356958177,0.0369105843241653,0.0395807635146673,0.0424395540534282,0.0454878826786029,0.0487471075075317,0.0522152098927517,0.0559169459679197,0.059846169573481,0.0640333403366786,0.0684672580993375,0.0731838284484996,0.0781676467205005,0.0834582710601161,0.0890369047643247,0.0949460175560322,0.10116671281152,0.107739079627052,0.114647758157576,0.121930340983029,0.129574339279843,0.137614312392534,0.146041748907452,0.154885904825633,0.164142674023036,0.173834659223962,0.183962376836126,0.194539226243548,0.205571595521734,0.217059608576261,0.229016031028822,0.241424547769317,0.254303406586488,0.267615564965155,0.281384638242896,0.295548806446659,0.310135600770777,0.325054043426959,0.34033377859862,0.355849752303763,0.371634205044074,0.387522227658948,0.403545392333683,0.419493456838565,0.435396993115186,0.450993958894808,0.466316791377301,0.481047283283798,0.495217032522703,0.508446730593287,0.520779462733294,0.531774739425474,0.541482769036372,0.549417152957074,0.555633221958195,0.559656431250637,0.561507056206413,0.56076509853425,0.557439524261956,0.551193876933568,0.542061140240911,0.529820376588914,0.514559250691341,0.496205731981447,0.474939411917161,0.450877064004068,0.424307046662181,0.395544548908088,0.364990448751061,0.333149499349849,0.300503549404305,0.267688227558158,0.235208468410684,0.203730594659955,0.173694063178144,0.145682491641324,0.119985192586093,0.0969963487343747,0.0767956687689482,0.059527240860769,0.0450592648535342,0.0332958982378476,0.0239454042535742,0.0167563390661691,0.0113712038775454,0.00748088808775049,0.00475364746524082,0.00291559123223892,0.0017199364391815,0.000973860131910654,0.000528445341946791,0.000272851576352724,0.000135125785461484,6.24056387669335e-05,2.8248597246532e-05,1.12158572348691e-05,4.69325921186526e-06,1.75514088596199e-06,0
1203377.84077759,0,6.5767072245888e-05,2.09545150780426e-06,7.39465753966598e-05,9.00220535041691e-06,8.21782392984288e-05,9.03987332952016e-06,0.000100984821623206,1.1777248917864e-05,0.000105720121384878,3.63938320389106e-05,9.71151077042977e-05,6.67146740380424e-05,9.48692088349696e-05,9.0003049019219e-05,0.000103303561207012,0.000108545151463311,0.000118231677365399,0.000126894786211419,0.000136833906318481,0.000147227554344153,0.000158413478266981,0.000170357065353191,0.000183109671310465,0.000196747289655336,0.000211279898781462,0.000226814203622879,0.000243361989160555,0.000261038914932575,0.000279844482302799,0.00029993245969152,0.000321288531863482,0.000344083935684227,0.000368322144911748,0.00039416970087395,0.000421655765333376,0.000450943776217347,0.000482093654869921,0.000515273694991989,0.000550567191999994,0.000588151153362218,0.00062813245291936,0.000670700903604999,0.000715999678492264,0.000764227531961094,0.000815561909454602,0.000870220939985638,0.000928424555216851,0.000990403143792263,0.00105642966348548,0.00112675071921181,0.00120169938142228,0.00128154130488862,0.00136668098851239,0.0014574069563194,0.00155420379746356,0.00165738033763906,0.00176751958565222,0.00188495863476789,0.00201039054934425,0.00214418564589054,0.00228717076394716,0.0024397445088471,0.00260288806495327,0.00277703955664846,0.00296335023655495,0.0031623086317313,0.0033752852976148,0.00360279553906452,0.00384645876538675,0.00410687478344074,0.00438594252581698,0.00468427691030524,0.0050041951908009,0.00534636693652506,0.00571341968688323,0.00610630926230896,0.00652787473284532,0.00697949660947664,0.00746420647806927,0.00798385923873715,0.00854176748076169,0.00914030240332428,0.00978313270598397,0.0104731965947772,0.0112145671789543,0.0120108053792283,0.0128664189086829,0.0137857367095444,0.0147737179988156,0.0158355998265822,0.0169767051975998,0.018203240907357,0.019520838859264,0.0209370641683574,0.02245776477432,0.0240919033797414,0.0258452330730121,0.0277284332210251,0.0297468614764125,0.0319131167317108,0.0342317858864081,0.03671790969421,0.0393747462753653,0.0422199529191908,0.0452547187773886,0.0485003714294014,0.0519552416368167,0.0556440051185905,0.0595609332159887,0.0637363391308206,0.0681594918268309,0.072866078666816,0.0778411831099331,0.0831241026055327,0.0886963816859434,0.094600265958187,0.100817030029811,0.107386504281101,0.114293336134042,0.121574853690282,0.129218415495649,0.137258331335014,0.145685809796357,0.154529862478434,0.163786049232849,0.173476778707865,0.183602271655181,0.194175822987939,0.20520360431427,0.216685751858575,0.228634854672837,0.241034732502793,0.2539034301559,0.267204139717197,0.28096029682983,0.295110290013977,0.309681346035047,0.324582655454504,0.339843533327442,0.355339042189038,0.371100971934485,0.386964701470089,0.402961278911771,0.418880937982127,0.434753539861777,0.450317986340189,0.465605957729454,0.480300617068599,0.494432542934638,0.50762413927921,0.51991764966665,0.53087455473189,0.540544593003597,0.548442623725586,0.5546241216771,0.558614959517743,0.560435971296653,0.559667585717092,0.556319131868324,0.550054881985829,0.54090845159458,0.528660080977064,0.513397496399002,0.495049420421136,0.473795397826264,0.449753417825432,0.423211430826648,0.394485433612228,0.363975245654255,0.332186278536469,0.299598740816517,0.266848452540922,0.234437950204671,0.203033578178208,0.173072067683066,0.145136816092422,0.119513981996666,0.096597658377975,0.0764646156371891,0.0592589602903081,0.0448464973453743,0.0331318044348143,0.0238218380452608,0.0166662044584734,0.01130729817592,0.00743717694124475,0.00472473220359847,0.0028971822573,0.00170870902056908,0.000967237164950271,0.000524787336720329,0.00027084541471875,0.000134160697691851,6.18933296568616e-05,2.80621448870659e-05,1.10940631677461e-05,4.68420357747628e-06,1.71847044324261e-06,0
1231550.60329283,0,6.39473591760635e-05,2.09804601196792e-06,7.18921943829852e-05,8.93735550623277e-06,7.99355155882339e-05,9.02316172334818e-06,9.82730639038605e-05,1.19039705305046e-05,0.000102835555719909,3.60380841816536e-05,9.46487107371057e-05,6.55556232800152e-05,9.27915023361435e-05,8.82823051860038e-05,0.000101292422216454,0.000106535953610341,0.000116098358457422,0.000124696751780957,0.000134538678852258,0.000144856461769516,0.000155956680441072,0.000167823060360238,0.000180496616226037,0.00019406255724493,0.000208523199255647,0.000223992627365802,0.000240478804156188,0.000258099481654233,0.000276854726543463,0.000296897900025508,0.000318215678159374,0.00034097938456354,0.000365192761620967,0.000391022599438127,0.000418497700022654,0.000447781585645923,0.000478933809672246,0.000512122846585246,0.000547431026772496,0.000585035412350699,0.000625041456147103,0.000667638746933919,0.000712968704989105,0.000761229734768719,0.000812597502570286,0.000867289636389999,0.00092552405206976,0.00098753008706936,0.00105357911321758,0.0011239162556773,0.00119887291774344,0.00127871272563835,0.00136383872004685,0.00145453607503921,0.00155128838245671,0.00165439982863817,0.00176445212886801,0.00188177612235312,0.00200706381073765,0.00214067754234508,0.00228344356527794,0.0024357505476949,0.00259857942138227,0.00277235622089814,0.00295823200173933,0.00315668329121328,0.00336908217846139,0.00359592797540686,0.00383884015426869,0.00409840650108477,0.00437652444090089,0.00467379068990209,0.00499252347290479,0.00533337092209162,0.00569895798334303,0.00609021786221357,0.00650997681385555,0.00695959457157524,0.00744208576755294,0.00795928847306896,0.00851448746163808,0.00911002821054881,0.00974954435475125,0.0104359538782842,0.0111732948972257,0.0119650969003043,0.012815831680977,0.013729794735682,0.0147119121231616,0.0157673925989042,0.0169015240293889,0.0181204814154222,0.0194298848947012,0.0208372651094371,0.0223484785033143,0.023972455630968,0.0257149925384379,0.0275867339286954,0.0295931359207877,0.0317467718448353,0.0340523634141218,0.0365249206822543,0.0391679315437677,0.0419990107469468,0.0450196324446117,0.0482510700221299,0.0516920386514909,0.0553671067961504,0.0592709503689059,0.063433778650234,0.0678452866735172,0.0725409899353425,0.0775064110328454,0.0827806171917411,0.0883454770153096,0.0942430557440649,0.100454794748209,0.107020325554695,0.113924312254382,0.121203848171147,0.128846204158315,0.136885477798042,0.145312641313978,0.154156530080564,0.163412389479066,0.173102439536737,0.183226555444909,0.193797905101454,0.204822290273326,0.216299744597929,0.228242518770009,0.240634416712419,0.253493288887724,0.266782313497818,0.280524746551488,0.294659089160317,0.309212301338581,0.324093960469082,0.339333073789508,0.354805339553187,0.370541894936013,0.386378877654759,0.402346890081142,0.41823698214838,0.434078506871201,0.449611122506116,0.464866047034867,0.479527140796195,0.493624686219231,0.506782046862463,0.519041064111055,0.529963837212857,0.539599778143017,0.547464076945206,0.553613066484858,0.557572565205828,0.559364641988001,0.558569800539421,0.555198663464256,0.548915707158564,0.539755730481317,0.527498670916453,0.51223409637625,0.493890362104681,0.47264899467913,0.448626131693845,0.422112025759277,0.393420886452643,0.362954575760814,0.331216153795766,0.298687266085628,0.266001243916129,0.233661029760419,0.202330637297936,0.172445862519748,0.144587794149518,0.119040794969295,0.0961974758514086,0.0761325048226693,0.0589890334648261,0.0446316449087176,0.0329652436523497,0.0236960881572247,0.0165742114595856,0.0112420952103985,0.00739251887228126,0.00469522206732583,0.00287834068853701,0.0016972119265022,0.000960414002308096,0.000521014566412265,0.000268766199963395,0.000133162100052044,6.13643901466006e-05,2.78700680886694e-05,1.09702539201505e-05,4.67488794576054e-06,1.68110346160126e-06,0
1260382.92967973,0,6.21266428924774e-05,2.12578552978976e-06,6.9827386406103e-05,8.80730444429644e-06,7.77434514157249e-05,8.99690048924313e-06,9.54948547609743e-05,1.20333601710639e-05,9.99671521590087e-05,3.5561301108574e-05,9.22385843409961e-05,6.42956103891578e-05,9.06792861914158e-05,8.65178270554335e-05,9.91966857413642e-05,0.000104462896698736,0.000113881680664782,0.00012239720543432,0.000132143977747737,0.000142362319709471,0.000153370353402546,0.000165141035733524,0.000177724297300855,0.0001911984218701,0.000205573432081038,0.000220958037384314,0.000237364179157587,0.000254909254162443,0.000273593103821105,0.000293570634229706,0.000314828088540591,0.000337537812867445,0.000361703475381608,0.0003874925402991,0.000414933261030276,0.00044419002827229,0.00047532148161489,0.000508496892349359,0.000543797384930819,0.000581400557254066,0.000621410330194701,0.000664016189475937,0.000709357700797756,0.000757633226740442,0.000809016432504795,0.000863724034786259,0.00092197160235314,0.000983987373375525,0.00105004043169228,0.00112037395053463,0.00119531700114677,0.00127513059715762,0.00136021560420821,0.00145085360108413,0.0015475267008993,0.00165053428154165,0.00176045651314326,0.00187761867715749,0.00200271289636434,0.00213609501058562,0.00227859267081567,0.00243058630079931,0.00259305809857025,0.00276642505652025,0.00295184207569273,0.00314977630505629,0.00336160232721834,0.003587805685325,0.00383000929444939,0.00408878532693387,0.00436603009901733,0.00466232221405219,0.00497997999512954,0.0053196254263769,0.00568387987932501,0.00607364861175237,0.00649174811314419,0.00693951326218854,0.0074199367754238,0.00793483263315671,0.00848745953558108,0.00908013775500185,0.00971647145858305,0.0103993500669494,0.0111327753740313,0.0119202478800029,0.0127662055670112,0.0136749182940027,0.0146512720164332,0.0157004397298487,0.016827685716276,0.0180391544657849,0.0193404523967712,0.0207390760633548,0.0222408841662759,0.023854772987758,0.0255865830280027,0.0274469294323412,0.0294413373586464,0.0315823486221405,0.033874838191669,0.0363337713498806,0.0389628270996895,0.0417795788261351,0.0447857838602465,0.0480026561840467,0.0514292487546131,0.055090046891389,0.0589801672691647,0.0631296603690383,0.0675286954882186,0.072212615328624,0.0771674110218443,0.0824319343771329,0.0879884433239263,0.0938787659366399,0.100084606052629,0.106645374596384,0.113545805269149,0.120822756393307,0.12846343757368,0.1365016421708,0.144928232430712,0.153771687822462,0.16302710665794,0.17271644339758,0.182839260540778,0.193408557587109,0.204429725779059,0.215902830519715,0.227839695733128,0.240224381400405,0.253074166692705,0.266352667596876,0.280082450129092,0.294202468797167,0.308739081878377,0.323602409573152,0.338820937870851,0.354270826059428,0.369982908471497,0.385793882078528,0.401733944420428,0.41759485894936,0.433405588859226,0.448906786259831,0.464128878990019,0.47875691527027,0.492820138507642,0.505943284827208,0.518167127009132,0.529055071138308,0.538655976965041,0.546485894056764,0.552601629370473,0.556529107298009,0.558291564988704,0.557469586618785,0.554075091096555,0.547772537575643,0.538598053042753,0.526331470384643,0.511063835768231,0.492723230111302,0.47149265167032,0.447488197743333,0.4210010648222,0.392344724274481,0.361921704720463,0.330234192141246,0.297763954800796,0.265143271009284,0.232874133308678,0.201618955046424,0.171811755620094,0.14403223524068,0.118562382216118,0.0957937033140966,0.0757986360656384,0.0587197804380291,0.0444193731339327,0.0328021269617395,0.0235733566318366,0.0164841280060763,0.0111774927523646,0.00734762721928263,0.0046650904159717,0.00285886970149015,0.00168523299582403,0.000953296460875627,0.000517075019846002,0.000266603399578086,0.000132117832680078,6.08139924361943e-05,2.7663388510066e-05,1.08423263185563e-05,4.66113499432883e-06,1.64333702786459e-06,0
1289890.26125331,0,6.02967580261956e-05,2.13067232548244e-06,6.77818603081841e-05,8.68123292662337e-06,7.54925996037916e-05,8.98279252644107e-06,9.27285879168605e-05,1.20738734910245e-05,9.71407433266064e-05,3.50154537321913e-05,8.98080151901628e-05,6.29942549625008e-05,8.85242933409876e-05,8.46958199726234e-05,9.7046753576959e-05,0.000102322862195435,0.000111585895803075,0.000120019078877057,0.000129651079413387,0.000139766372549101,0.000150667736999959,0.000162332483990152,0.000174811991309922,0.000188182430446352,0.000202457281338297,0.000217743189738432,0.000234055068019749,0.000251508682090156,0.000270106429319338,0.000290001978342752,0.000311183637562845,0.000333823022264478,0.000357925263232253,0.000383657435670603,0.000411048485043579,0.000440262791591435,0.000471359135116566,0.00050450683947351,0.000539786647855272,0.000577376188961148,0.00061737842315607,0.000659982642412671,0.000705326938834543,0.000753609415136475,0.000805001957867087,0.000859720552137368,0.000917978861486477,0.000980003901512572,0.00104606243936036,0.00111639607248452,0.00119133194111565,0.00127112872923993,0.00135618534669579,0.0014467803265743,0.0015433946756391,0.00164632381609455,0.00175614723670625,0.00187318544795531,0.00199813081346724,0.00213133225861013,0.00227361754306035,0.00242535843105711,0.0025875383025281,0.00276056273080223,0.00294558575421991,0.00314305968291681,0.00335435977857489,0.00357995469386476,0.00382146783771939,0.00407945367456707,0.00435580482419386,0.00465107883156483,0.00496759745245998,0.00530595691150775,0.00566877882104952,0.00605694526218605,0.00647326780714225,0.00691905971034069,0.00739729827347488,0.00790978039608591,0.00845974186846422,0.00904948477925723,0.00968258240467829,0.0103618996574682,0.0110914087039468,0.0118745875520765,0.0127158339938292,0.0136193827106334,0.0145900891018058,0.0156330875895753,0.0167536138589268,0.0179577764166906,0.0192511598976669,0.02064121746589,0.0221338096064504,0.0237377906005595,0.0254590264871473,0.0273080926413366,0.0292905774837476,0.0314189899643822,0.0336983149949486,0.036143486793219,0.0387583424982566,0.0415604313338197,0.0445517385990964,0.0477534455476104,0.051164906564103,0.054810551048094,0.0586858891501145,0.0628208412257709,0.067206063531069,0.0718767017376722,0.0768192591492335,0.0820723970697758,0.0876187900923189,0.0935001031805685,0.0996982860216957,0.106252630055128,0.113147924567152,0.120420886359122,0.128058665991733,0.136094865056881,0.144520161302231,0.153362800938878,0.162617522320427,0.172306071492539,0.182427565715537,0.192994925424077,0.204013109264153,0.215482133697047,0.227413410673629,0.239790975048782,0.252631823552779,0.265899619079472,0.279616843201697,0.29372257359317,0.308243124199152,0.323088757358423,0.33828779793715,0.353716594657902,0.369405832476645,0.385192552630547,0.401106568484103,0.416939975373796,0.432721111441072,0.448191437438532,0.463380722061433,0.477975177360157,0.492002884861256,0.505090191236992,0.517276897339654,0.528128424637147,0.537692633814431,0.545487106234577,0.551568465320406,0.555463479181225,0.557195738918254,0.5563466695837,0.552928399395687,0.546606274122359,0.537417129348149,0.525141743816017,0.509871782914797,0.491535629276656,0.470317119189312,0.446332339718825,0.419873313003451,0.391252951420777,0.360874487785344,0.329239025213722,0.296828381813586,0.264273054317624,0.232074468852082,0.200893455759738,0.171162933701709,0.143461000965672,0.118067877038927,0.0953738446250456,0.0754492448747522,0.0584358352807371,0.0441940030159745,0.0326282527708726,0.0234428178601086,0.016389289654905,0.011110715609518,0.00730227838973603,0.00463534892828887,0.00284007234114674,0.00167385385986662,0.0009466176547571,0.000513400327207755,0.000264593235790367,0.00013114820373539,6.03024555712652e-05,2.74720737176537e-05,1.07226755868034e-05,4.64922959211458e-06,1.60652873737455e-06,0
1320088.40083142,0,5.8503409606395e-05,2.12944496915155e-06,6.57681325468132e-05,8.55277835774283e-06,7.32905668732055e-05,8.93744229276876e-06,9.00098522120323e-05,1.21163787358526e-05,9.43149084884281e-05,3.44905280266105e-05,8.73797441741697e-05,6.16886918154785e-05,8.63845122540395e-05,8.28550831026571e-05,9.49032940855027e-05,0.000100163232695426,0.000109279545869228,0.00011761836804683,0.000127132235101246,0.000137138508085722,0.000147925173301476,0.000159478470984077,0.000171844760679439,0.00018510470479648,0.000199269644985445,0.000214448540849826,0.000230655726544213,0.000248008327887895,0.000266509021067549,0.000286311901976297,0.000307406293253895,0.000329963951358866,0.000353990807916729,0.000379654193955484,0.000406983502029847,0.000436143491654481,0.000467193188512782,0.000500302606419581,0.00053555207678178,0.000573119486153515,0.000613107090947792,0.000655704633563949,0.000701049361558022,0.000749339070946506,0.000800743797464458,0.000855479505488881,0.000913758486283162,0.000975806732248634,0.00104188862484002,0.00111224407356752,0.00118719795196184,0.00126700665337277,0.00135206720977789,0.0014426549578859,0.00153924845949291,0.00164213799072261,0.00175190136592015,0.00186885310935587,0.0019936842419973,0.00212673601784041,0.00226883533548757,0.0024203437933154,0.00258224437738551,0.00275493038962598,0.00293955728315213,0.00313656539070072,0.00334733040090221,0.00357230358632949,0.00381311191003607,0.00407029630236457,0.00434575075905867,0.00464001315306786,0.0049554087639545,0.00529251088116993,0.00565394668488467,0.00604057267708439,0.00645519297457015,0.00689910193085669,0.0073752615590608,0.00788544536975724,0.00843286332437509,0.00901979441407237,0.00964978012057815,0.0103256546410936,0.0110513507700925,0.0118303166999176,0.0126669117673376,0.0135653295135117,0.0145303893702658,0.0155671899697648,0.0166809349935118,0.0178776920116479,0.0191630259180344,0.0205443485823183,0.0220275239739969,0.0236213736569456,0.0253317858375456,0.0271692953136681,0.0291395631866855,0.0312550661675332,0.0335209152981518,0.0359519997686664,0.0385523514379464,0.0413394696767621,0.0443156108291117,0.0475018929462438,0.0508980329222248,0.0545283675901672,0.0583888483839737,0.0625092344404778,0.0668806922298388,0.0715381922823115,0.0764687407501886,0.0817107864052892,0.0872474344706595,0.0931201346083873,0.0993111396383952,0.105859537323643,0.112750259238582,0.12001981003755,0.127655298748895,0.135690095744354,0.144114664913083,0.152957085748047,0.162211727170647,0.171900210815192,0.18202114404648,0.192587414483905,0.203603507321345,0.215069469583775,0.226996192540307,0.239367955301812,0.252201248256717,0.265460093505278,0.279166242139065,0.293259277332806,0.307764759251565,0.322593709283538,0.337773664558726,0.353181782443613,0.368847880153435,0.38460988912519,0.400496885221864,0.416301853328478,0.432052530893557,0.447491386619496,0.462647454322441,0.477207944433348,0.491200572276786,0.504252738571208,0.516403630150967,0.527219424391502,0.536748017276941,0.544507336202149,0.550555053645458,0.554417643462338,0.556120122189083,0.555243566125104,0.551801714627036,0.545459798584509,0.536255870246526,0.523970091729804,0.508696297471431,0.49036249557989,0.469154537971152,0.44518724893597,0.41875468253999,0.390168357876955,0.359832975405959,0.328248011005367,0.295896041839605,0.263405938679924,0.231278539446738,0.200173040776863,0.170520473535403,0.142897522549818,0.117581870396762,0.094963034432598,0.0751084377838075,0.0581594034938243,0.0439742399884106,0.0324582647008915,0.0233145447163618,0.0162955869177891,0.0110441882437831,0.00725664885884175,0.00460506530259731,0.00282069319103674,0.00166196992856096,0.000939556108091667,0.000509471923001401,0.000262427789667252,0.000130094034207796,5.9749929909446e-05,2.7259930501588e-05,1.05970077214897e-05,4.63271659660835e-06,1.56936567794664e-06,0
1350993.52119803,0,5.67289852278839e-05,2.12136510379906e-06,6.37684685976775e-05,8.42285845729252e-06,7.11056945590153e-05,8.86152402947414e-06,8.73364515781479e-05,1.21028600458164e-05,9.15303498308597e-05,3.39197779024549e-05,8.49590779892039e-05,6.03582323885731e-05,8.42199188474202e-05,8.09935160204451e-05,9.27194572334257e-05,9.7968299325553e-05,0.000106923531356226,0.000115162929002122,0.000124549810069389,0.000134436421794102,0.000145099643789736,0.000156528820112866,0.00016877139532195,0.000181906726095674,0.000195948886923018,0.000211005360308808,0.000227093105034562,0.000244327927813694,0.000262714898513212,0.000282407192319101,0.000303396297741861,0.00032585320368168,0.000349785665400289,0.000375360796690168,0.000402609058937383,0.000431695148013642,0.000462678834844315,0.000495730520041102,0.000530930641241781,0.000568457330323892,0.00060841253664133,0.000650986249091347,0.000696314915756139,0.000744596258037437,0.000795999124185917,0.000850739289939894,0.000909027279806336,0.000971088188730491,0.00103718456417818,0.00110755452300108,0.00118252015244119,0.00126233557767911,0.00134739596593448,0.00143797314868807,0.00153454284499199,0.00163739051392428,0.0017470920162571,0.00186395582927398,0.001988671583569,0.00212157349939457,0.00226348789750155,0.00241476720481573,0.00257639545479446,0.00274875619546899,0.00293300699848669,0.00312957652734841,0.00333984406379141,0.00356424697375601,0.00380441700438584,0.00406087895913625,0.00433552695664356,0.00462888078098307,0.00494327086791928,0.00527924058347008,0.00563941750424532,0.00602462993549222,0.00643767559200971,0.00687982079495554,0.00735400773015632,0.00786198580266254,0.00840694105501209,0.00899112561149046,0.00961805191346568,0.0102905299296454,0.0110124612614799,0.0117872614161521,0.0126192540248571,0.0135126083291974,0.0144721089545541,0.0155028153835883,0.0166098986864903,0.0177993935211122,0.0190768475926768,0.0204496267514182,0.0219235817405063,0.0235074833982693,0.0252072509521562,0.0270333763783382,0.0289915736566634,0.031094272641319,0.0333466907559667,0.0357636760874576,0.0383494227900009,0.0411213815529278,0.044082067505667,0.0472525361425613,0.0506328154033815,0.0542471869770534,0.0580919875628442,0.0621968774679154,0.0665535225252314,0.0711966825803139,0.0761139064368497,0.0813434757091921,0.0868689128029505,0.0927315481177021,0.0989139053996401,0.105454942432111,0.11233972450277,0.119604546732704,0.127236568159304,0.135268918892858,0.143691962801195,0.152533506908319,0.161787636233134,0.171475711273722,0.181595977839952,0.192161211372274,0.203175475067848,0.214638818190046,0.226561643962719,0.238928303248435,0.251754734688633,0.26500515800091,0.278700965526647,0.29278194605599,0.307273386562703,0.322086416937777,0.337248562789648,0.352636958122824,0.368281402063633,0.384019908481798,0.399881655741383,0.415659667979222,0.431381374446393,0.446789563096852,0.4619131980361,0.476440073477197,0.490397411112139,0.503413444962264,0.515527231506324,0.526306138379759,0.535798039709245,0.543521443035843,0.549534785528588,0.553364258086612,0.555036421272967,0.554132145654439,0.550666353040243,0.544304065592556,0.535085106259606,0.522790011177503,0.507513802281942,0.489184113400234,0.467987824160637,0.444039472764318,0.41763416289107,0.389082963904617,0.358791278718986,0.32725773961846,0.294964868494111,0.26253993192093,0.230483094460071,0.199452157956668,0.169876652055532,0.14233154465382,0.117092535005103,0.0945481088812698,0.0747633947626699,0.057878991751463,0.0437513634636457,0.0322858099849097,0.0231843826683498,0.0162002796766322,0.010976395757097,0.00721003205420829,0.00457410305683609,0.00280086033673459,0.00164982995285748,0.000932349253861966,0.00050547774069085,0.000260229030289651,0.000129027006701009,5.91908373029155e-05,2.70446668246034e-05,1.04706664468059e-05,4.61497527965886e-06,1.53205737610025e-06,0
1382622.17376466,0,5.49716953055385e-05,2.11458897964792e-06,6.17864822312658e-05,8.27496739474956e-06,6.89520677391871e-05,8.7695629922222e-06,8.46752049416365e-05,1.20769919611159e-05,8.8759675091813e-05,3.33208491513511e-05,8.25521325784328e-05,5.89941734439601e-05,8.20546811095315e-05,7.90985727659955e-05,9.05160461839947e-05,9.57367716239266e-05,0.000104530407577577,0.000112660584777579,0.000121913971826625,0.000131671718824551,0.000142202727039402,0.000153497405404603,0.000165605483993782,0.000178604601565455,0.000192511459159614,0.000207432327251931,0.00022338623572103,0.000240488551721195,0.000258746153014223,0.000278311608588073,0.000299178248987534,0.000321516848339343,0.000345336786997456,0.000370805221002549,0.00039795351223701,0.000426946855454484,0.000457845624946136,0.000490820760545032,0.000525952850914277,0.000563420616265405,0.00060332577913951,0.000645858642222641,0.000691154924511092,0.000739412601895667,0.000790799374050144,0.000845530874465204,0.000903816399767945,0.000965880354536272,0.00103198297527958,0.00110236123984625,0.00117733551376846,0.00125715787386687,0.0013422211406089,0.00143279443428184,0.00152935152478645,0.00163217351649065,0.0017418349270758,0.00185863954361712,0.00198327532156377,0.00211606929918353,0.00225784804224544,0.00240895534092361,0.00257037523825345,0.00274247961307279,0.00292642664989998,0.00312263214879691,0.00333247650825583,0.00355637934694334,0.00379597449803962,0.00405176954859928,0.00432565848555685,0.00461813719949408,0.00493154157684407,0.0052663871718263,0.00562530305582103,0.00600908864197446,0.00642053766170877,0.00686089399064229,0.00733308551454217,0.0078388388820751,0.00838131995151385,0.00896275865572622,0.00958663910012168,0.0102557469282392,0.0109739518621598,0.0117446437795194,0.0125721112970536,0.0134604908018012,0.0144145298317232,0.0154392499853472,0.0165397885047657,0.0177221459803572,0.0189918349589332,0.0203561785194337,0.0218210158760756,0.0233950765847973,0.0250842882947442,0.0268990954206028,0.0288452591958816,0.0309351650461541,0.0331741267017622,0.0355769391438334,0.0381479594044026,0.0409045864732182,0.0438495575462077,0.0470038795146532,0.0503678832086161,0.0539657793179759,0.057794306560931,0.0618830105755243,0.066224022631458,0.0708519550705993,0.0757548968086787,0.0809709092701437,0.0864840238273812,0.0923353657757484,0.0985078360680988,0.105040238276515,0.111917813190238,0.119176727617484,0.126804136335472,0.13483298259094,0.143253517479077,0.152093277261076,0.161346193460668,0.171033362934364,0.181152724036707,0.191716782806375,0.202729153743856,0.214189740129311,0.226108576195339,0.238470040523282,0.251289823847329,0.264532201938909,0.278218381903262,0.292288134225689,0.306766573830188,0.321564930619206,0.336710435365574,0.352080426381717,0.367704181023058,0.383420149982542,0.399256866400566,0.415008125736748,0.430700683181635,0.446078426808892,0.461169334995905,0.475662650050141,0.489584643960161,0.502565541122894,0.514643012153977,0.525386337736313,0.53484197800181,0.542530244396624,0.5485090171263,0.55230573351197,0.553946734394714,0.553014144809504,0.549522903161101,0.543139521863576,0.533903796303961,0.521597311798217,0.506315564828098,0.487987174659009,0.466799887645546,0.442868697747011,0.416489366979869,0.387972502400204,0.357723993198427,0.326241744374259,0.294008285808017,0.261649668435197,0.229665177791609,0.19871105200684,0.169215101421907,0.141750711388234,0.116591207971183,0.0941237716483432,0.0744111407395791,0.0575932552334211,0.04352464564607,0.0321106280269787,0.0230523407533913,0.0161036894685436,0.0109077448565246,0.00716285035805727,0.00454277923690947,0.00278079747894294,0.00163754330133545,0.000925060490352831,0.000501427977941769,0.00025800528396866,0.000127940007280282,5.86272903917745e-05,2.68219328025209e-05,1.03453994453691e-05,4.59440498193962e-06,1.4953148916343e-06,0
1414991.29743458,0,5.3239301578371e-05,2.10067198435653e-06,5.98328305510538e-05,8.12488865532424e-06,6.68211728581007e-05,8.6643541025289e-06,8.2051044568856e-05,1.20255753991233e-05,8.60195819040079e-05,3.27043417438421e-05,8.01574761396593e-05,5.76182878740621e-05,7.98878925042813e-05,7.71891594445328e-05,8.83000291332763e-05,9.3483366709066e-05,0.000102112399465873,0.000110125858407292,0.000119239058656107,0.000128860670520004,0.000139250464740064,0.000150402035817694,0.00016236515166802,0.000175217521017078,0.000188977157208203,0.000203750015821845,0.000219556595439822,0.000236512141609757,0.000254625226143835,0.000274047887607803,0.000294775467064224,0.000316978511425168,0.000340668112208413,0.000366011253851578,0.000393040538830712,0.000421921585491492,0.000452715756384816,0.000485594550624792,0.000520638997381584,0.00055802840049475,0.00059786459533802,0.000640338302617727,0.000685584910817211,0.000733802861890727,0.000785159030790878,0.00083986910391318,0.000898141115484994,0.000960198982673203,0.00102630140226474,0.00109668431649031,0.00117166592000941,0.00125149661049821,0.00133656703720744,0.00142714338042509,0.00152369724482167,0.00162650564840522,0.00173614042680427,0.00185289972334444,0.00197747051582525,0.00211017321023421,0.00225183298029334,0.00240278429638761,0.00256401088968149,0.00273587348084628,0.00291953143263179,0.0031153879595561,0.00332482470250481,0.00354824386347107,0.00378728336095762,0.00404243359296471,0.00431558830646239,0.00460722166444907,0.00491967605344241,0.00525343685046218,0.00561113833777758,0.00599355136462765,0.00640346588879621,0.00684210132587471,0.0073123715732905,0.00781597945686698,0.00835607081273824,0.00893485198724597,0.00955577970125674,0.0102216109238084,0.0109361844668344,0.0117028593293654,0.0125258853639061,0.0134093664839877,0.0143580132736096,0.0153768091601996,0.0164708543586692,0.0176461073779584,0.0189080534968192,0.0202639750305296,0.0217196908494612,0.0232838791040038,0.0249624781231244,0.0267658872531876,0.028699908242407,0.0307768780003074,0.0330022004459184,0.0353906172805112,0.0379466321665665,0.0406875914659089,0.0436164587286912,0.0467541734361535,0.050101390556898,0.0536822244734904,0.0574938364823504,0.0615656271578384,0.0658902365280134,0.0705021089261739,0.0753898724382614,0.0805914258067067,0.0860912810987501,0.091930421652203,0.098092094857269,0.104615037662426,0.111484653786186,0.11873702611429,0.126359328625878,0.134384349854094,0.142802235104407,0.151640309304958,0.160892276976451,0.1705789654531,0.180697948040866,0.191261510517504,0.202272828964787,0.213731599280575,0.22564739154106,0.238004496519621,0.250818152636889,0.264052656104963,0.277728819928905,0.291786611408517,0.306250880572223,0.321033136993266,0.33616043269034,0.351510459067872,0.36711241170788,0.382805113240744,0.398616880495445,0.414341831651764,0.430006457660561,0.445354996643022,0.460415143958651,0.474876392195412,0.48876470151745,0.501710574736853,0.5137518303801,0.524458325663954,0.533877285053727,0.541529062270315,0.547473113791775,0.551236120058931,0.552846526392991,0.551885762296423,0.548370519208916,0.541966656402921,0.532715948522756,0.520399556380475,0.505114896535514,0.486789556292424,0.465613353239659,0.441700210822625,0.415348011545962,0.386865863785621,0.356661475115041,0.325230541302097,0.293056838509054,0.260764047511665,0.22885142453493,0.197972553245688,0.168554589068526,0.141169102756127,0.116087660987376,0.0936957044478476,0.0740540629377295,0.0573020155463757,0.0432923019801206,0.0319302113986831,0.0229158177626336,0.0160035325532655,0.0108364219392874,0.00711381445283099,0.00451024892000584,0.00275999612014843,0.00162482466043776,0.000917519654212923,0.000497239992452703,0.000255700567944279,0.000126809829930492,5.8041112449067e-05,2.65872352524588e-05,1.02167688357126e-05,4.57071600007334e-06,1.45852521969829e-06,0
1448118.22767453,0,5.15266445045605e-05,2.08031978064622e-06,5.79236915641477e-05,7.9594134752032e-06,6.46972972132999e-05,8.57863245438691e-06,7.94469116856284e-05,1.19288341464465e-05,8.3354994127857e-05,3.20193178173602e-05,7.7811203586697e-05,5.62091276442166e-05,7.77243324336393e-05,7.52640685752681e-05,8.60659021622022e-05,9.12083231928937e-05,9.96647860414797e-05,0.000107556058536935,0.000116520975710088,0.000125998456067402,0.000136237517412713,0.000147236186776726,0.000159042884281757,0.000171736701535427,0.000185335553703193,0.000199946436229886,0.000215590114292723,0.000232382467151167,0.000250333073171054,0.000269594210091216,0.00029016263226184,0.000312208874973897,0.000335745549015878,0.000360940058298134,0.000387826142421424,0.000416569802336815,0.000447233282703133,0.000479988951074539,0.000514918470136644,0.000552201783009548,0.000591940990319737,0.000634327490883106,0.000679496432793427,0.00072764667080995,0.000778944541965688,0.000833606103834852,0.000891838452456751,0.000953865285255992,0.00101994352190076,0.00109030821608511,0.00116527589390541,0.00124509546747362,0.00133015517833254,0.00142071872185048,0.0015172552536751,0.0016200377227971,0.00172963565185739,0.00184634226719949,0.00197084226038278,0.00210344910052301,0.00224498676209682,0.00239578062618932,0.00255681340452507,0.00272843455233196,0.00291180348748545,0.00310731047881976,0.00331633866143896,0.00353927284509395,0.00377775392648029,0.00403225565086937,0.00430467213795824,0.00459545465323406,0.00490695161975621,0.00523961989554411,0.00559609908348506,0.00597713063250589,0.00638550276168345,0.00682240872062638,0.00729075091439369,0.00779220809146488,0.00832990572374703,0.00890602593795991,0.00952400033238879,0.0101865589040413,0.0108975098967006,0.0116601827689036,0.0124787912725757,0.0133574044904215,0.0143006944642406,0.0153136063253743,0.0164012054400241,0.0175694097918517,0.0188236701148202,0.020171217922377,0.0216178565839662,0.0231722221792654,0.0248402538407354,0.026632291107705,0.0285541710225231,0.03061818669232,0.0328298201069319,0.0352037540251149,0.0377446318586449,0.0404697433125019,0.0433822658348589,0.0465030757653229,0.049833106019589,0.0533964125226442,0.0571905385735873,0.0612447650988167,0.0655522049166718,0.0701471643211237,0.0750187944024374,0.0802048459468178,0.0856903094494819,0.0915160689943165,0.0976657318075747,0.104177956932314,0.111038375787237,0.118282947189808,0.125898989288172,0.13391908513026,0.142333353685343,0.151168911312477,0.160419238474654,0.170104951685606,0.180223241517276,0.190786177036621,0.201796515884831,0.2132538043136,0.225167091927081,0.237520655030862,0.250329215143676,0.263557193206854,0.277224835827431,0.291272353850622,0.305724076716672,0.320492012447316,0.335602558137999,0.350934109287241,0.366515224286964,0.382185642640435,0.397972946748516,0.413672131095162,0.429308912830725,0.444628646583952,0.45965813178557,0.474088142419097,0.487943498706844,0.500856412319299,0.512863210589978,0.52353567151977,0.532919590084588,0.540537115706366,0.546447289301405,0.550177780770378,0.551757390508299,0.550768381396574,0.547228027889398,0.54080303347293,0.531535627797671,0.519207466065352,0.5039166989356,0.48559197358655,0.464423884119947,0.440526944411386,0.414199403765495,0.385750679887414,0.355588051987334,0.324207258845831,0.292091402905034,0.259864085312715,0.22802296684877,0.197220852843564,0.167882618691648,0.140578707939437,0.115577860916279,0.0932644362004274,0.0736964879042604,0.0570123562096134,0.0430627850007103,0.0317530879867564,0.0227824404115715,0.0159059463917518,0.0107669848057548,0.00706595840826452,0.00447838603333193,0.00273951812434085,0.00161224421031614,0.000910042552974815,0.000493085481408019,0.000253424490037494,0.000125699832893911,5.74705346963877e-05,2.63593610981421e-05,1.00929121031405e-05,4.54736260482862e-06,1.42227875811371e-06,0
1482020.70579886,0,4.98445340660566e-05,2.05575822858945e-06,5.60290477617473e-05,7.80145141022443e-06,6.26151250041544e-05,8.44921137996411e-06,7.69057502023485e-05,1.18093021268234e-05,8.0706091351549e-05,3.13436485422568e-05,7.54637675088758e-05,5.48023161227035e-05,7.55611300861295e-05,7.33312780583204e-05,8.38251777103315e-05,8.89192114139108e-05,9.71993199686628e-05,0.00010496263602416,0.00011377280491781,0.000123099059065354,0.000133179821269559,0.000144016369280168,0.000155657668593104,0.000168181792813779,0.00018160903160172,0.000196044845238346,0.00021151253342727,0.000228126768584365,0.000245899662451545,0.000264982210143237,0.000285373954303777,0.000307244586568165,0.000330608917912166,0.00035563391802815,0.000382355179654109,0.000410938961658583,0.000441448979750057,0.000474058144463608,0.000508849037872007,0.000546002192536769,0.000585620353989864,0.000627895650914208,0.000672963570463007,0.000721023729631716,0.000772241975888345,0.000826834751110512,0.000885008769991122,0.000946987773584389,0.00101302724644322,0.00108336182292927,0.00115830633684205,0.00123810846230616,0.00132315456530931,0.00141370616691449,0.00151023004986272,0.00161299560190162,0.0017225698186903,0.00183924123535746,0.00196369269567943,0.00209623115756136,0.0022376789464766,0.00238835299034424,0.00254923479765318,0.00272066262667183,0.00290379584648173,0.00309901175642388,0.00330769360660155,0.0035302084743655,0.00376820013355339,0.00402212386916614,0.0042938736225931,0.00458387737082855,0.00489449065320829,0.00522613939034248,0.00558146883443608,0.00596118943990299,0.00636808977925745,0.00680333779235885,0.00726982376944624,0.00776920097261439,0.00830457975839413,0.00887811782347913,0.00949322082007266,0.0101525920497745,0.010860009740032,0.0116187722681521,0.0124330569715436,0.0133068998994417,0.0142449350069634,0.0152520655710772,0.0163333179811744,0.0174945710699129,0.0187412403068625,0.0200805113954135,0.0215181612321539,0.0230627709978258,0.024720279629734,0.0265009782311911,0.0284107276129,0.0304617610067216,0.0326596341569694,0.0350189727675891,0.0375445449399749,0.0402535763314279,0.043149443608347,0.0462529510935668,0.0495653351770877,0.053110553278296,0.0568865332666141,0.0609224374714242,0.0652118675016204,0.0697889685298622,0.0746434316169642,0.0798128597426176,0.0852827519218984,0.0910938800791128,0.0972302704218447,0.103730480793494,0.110580434747825,0.117815974425111,0.125424566702538,0.133438651277859,0.141848337873199,0.150680534513522,0.1599285726068,0.169612803567296,0.179730068216395,0.190292285122476,0.201301668378626,0.212757733115762,0.224668879750548,0.237019407114092,0.249823431219438,0.263045488031556,0.276705300021829,0.29074329096209,0.305183389027801,0.319937843283515,0.335032771770406,0.35034681328369,0.365908422039164,0.381557532596766,0.39732165087448,0.412995917869024,0.428605943611353,0.443897425607604,0.458896968457381,0.473295699354412,0.487118062328461,0.499996892106861,0.51196832843543,0.522605021563439,0.531952624294004,0.539533924908447,0.545408596061271,0.549104606749856,0.550651770014515,0.549633029807405,0.546066360450214,0.539619302363732,0.530334736688595,0.517995092034274,0.502699319700573,0.484376262595574,0.463217611625614,0.439337740029763,0.413036159698051,0.38462143720744,0.354502114930594,0.323172447940069,0.291116276410469,0.258955197951883,0.227186657201266,0.196461321406115,0.167202837715353,0.139979808943211,0.115058907266416,0.0928231239290188,0.0733282418744398,0.0567119893661062,0.0428230612063002,0.0315669480676221,0.0226416861997666,0.0158029157920963,0.0106939079835246,0.00701601669859835,0.00444551459747186,0.00271869601611319,0.00159966025309211,0.000902667450781335,0.000489037039452643,0.000251218321183372,0.00012462458810518,5.69161771274157e-05,2.61338317068111e-05,9.97229848252636e-06,4.52209187038766e-06,1.38676680566334e-06,0
1516716.88847092,0,4.81954280127501e-05,2.03272694632911e-06,5.41796323865854e-05,7.62536005485669e-06,6.05789332716112e-05,8.32585750864478e-06,7.43891542944873e-05,1.16910779991284e-05,7.81028017477136e-05,3.06492911665615e-05,7.31615730009918e-05,5.33867727337851e-05,7.34223286204824e-05,7.14003238105519e-05,8.15943274964523e-05,8.66312991043873e-05,9.47341845011809e-05,0.000102363829198801,0.000111014911046505,0.000120184250795591,0.000130100217008602,0.000140767896660993,0.000152235589303995,0.000164581551711632,0.000177827190463065,0.000192077515787768,0.000207357552352866,0.000223781207181155,0.000241362663033928,0.000260252018505763,0.000280451376235143,0.000302129494735497,0.000325303514405293,0.000350140092173529,0.000376676700628783,0.000405079724839961,0.000435414424892365,0.000467854316558719,0.000502483269123498,0.000539482527414327,0.000578955652923468,0.000621095466070164,0.000666037908603357,0.000713983447406383,0.000765098112727774,0.000819599081975566,0.000877692693226498,0.000939602991972454,0.00100558456583555,0.00107587185274964,0.00115077798052926,0.00123054963125319,0.00131557150833989,0.00140610330078764,0.00150260943994107,0.00160535607724383,0.00171490770526658,0.00183154828897092,0.00195595845440839,0.00208843966056332,0.00222981283707298,0.00238038599256179,0.0025411391424535,0.00271240032612717,0.00289532890415343,0.00309029018050415,0.00329866817705957,0.00352081142980111,0.00375836493445394,0.00401176623861429,0.00428291053692344,0.00457220181497919,0.00488200090160321,0.00521270085813156,0.00556695343187796,0.00594543701679671,0.00635093809913067,0.00678459888123527,0.00724929918813504,0.00774666572198958,0.00827979510182893,0.00885081971020197,0.00946311965568598,0.010119369362083,0.0108233190759432,0.0115782401971919,0.0123882733204033,0.0132574191245363,0.0141902763280805,0.015191708034195,0.0162666987666977,0.0174210846528211,0.0186602469142718,0.0199913290092602,0.0214200826111703,0.0229550297228776,0.0246020983164028,0.0263715278389586,0.0282692025124124,0.0303072942351401,0.0324914254478073,0.0348361636887997,0.037346398631434,0.0400392817681919,0.042918378632407,0.0460044401078165,0.0492989640676238,0.0528258338571275,0.0565833586047614,0.0606005747066209,0.0648715566530144,0.0694303034779783,0.0742670686299861,0.0794192738061831,0.0848729576982451,0.0906687699668091,0.0967911589610141,0.103278616625562,0.110117321276571,0.117343051576299,0.124943389498296,0.132950702653982,0.141355073685287,0.15018326135724,0.159428391078411,0.169110642842816,0.179226476171334,0.189787716887909,0.200796147565505,0.212251176737512,0.224160700831239,0.236508970846005,0.249309594383527,0.262527112568057,0.276180818026675,0.290211158778325,0.304641646863658,0.319384597124481,0.3344658647205,0.349764092751259,0.365307402549873,0.380935856321686,0.396676882993154,0.412325841562199,0.427908177665902,0.443170121053403,0.458138202895229,0.472504352731443,0.486292776308574,0.499137416923125,0.511073971700375,0.521676300134402,0.530989534031367,0.53853723467852,0.544379325049111,0.548043752365388,0.549561128167546,0.548514469389308,0.544922573801744,0.538453327613412,0.529150799456871,0.516798083399121,0.501495565518782,0.4831722616211,0.462020916611568,0.438155496647332,0.411876751810745,0.383492898865262,0.353413630068759,0.322132704512281,0.290134024801583,0.25803775856906,0.22634062845035,0.195692366277077,0.166514510482035,0.139373868397024,0.11453460617064,0.0923788935138178,0.0729594649317176,0.0564130649874335,0.0425860569618814,0.0313838634792383,0.0225034432699189,0.0157013898932541,0.0106212902798247,0.00696560172555373,0.00441160636471331,0.00269665614028178,0.0015859568324122,0.000894421670594831,0.000484395872088115,0.000248654272908881,0.000123356979341457,5.62690262553346e-05,2.58679639675277e-05,9.83660331894298e-06,4.49095417830286e-06,1.3497310861929e-06,0
1552225.35742705,0,4.65783763710785e-05,2.00651306349999e-06,5.23435090327453e-05,7.45662146856664e-06,5.8591273333765e-05,8.15721340280954e-06,7.192842100672e-05,1.15703698222444e-05,7.54991836493107e-05,2.99728858908008e-05,7.08682122734228e-05,5.19590860260449e-05,7.13065214523719e-05,6.94481363170399e-05,7.9372725446976e-05,8.43260242999369e-05,9.22599473643402e-05,9.97446097915893e-05,0.00010823331611492,0.000117238452806552,0.00012698237901179,0.000137473157007322,0.000148757769012513,0.000160915705215817,0.000173968501876332,0.000188021298733549,0.000203099987495969,0.000219318525276676,0.000236692678681074,0.000255371809120628,0.000275360227029667,0.000296826171737035,0.000319789045268026,0.000344415278063191,0.000370744097254803,0.000398942119666573,0.000429076212565698,0.000461320587169828,0.000495760465603529,0.000532577984539188,0.000571877755552548,0.000613853499616842,0.000658641899479543,0.00070644437310904,0.000757427212188804,0.000811808541261139,0.000869794578724036,0.000931609964228751,0.00099750868045515,0.00106772525432888,0.00114257180227854,0.00122229474309821,0.00130727694560422,0.00139777671599275,0.00149425671574208,0.00159698040744886,0.00170650972483657,0.00182312461517795,0.00194750366435638,0.00207994280252999,0.00222126060511331,0.00237175692907126,0.00253240920833046,0.00270353456734242,0.00288629234642114,0.00308103419400684,0.0032891413886931,0.00351094505100252,0.00374809530849186,0.00400101041588476,0.00427158216552841,0.00456019016019675,0.00486920463892292,0.00519898939553304,0.0055522018880043,0.00592949022401482,0.00633364252100439,0.00676577352085236,0.00722875539987421,0.00772419177218504,0.00825516271261745,0.00882377478983792,0.00943338809668349,0.0100866462835931,0.0107872721176817,0.0115385053571382,0.0123444495236724,0.0132090683201006,0.014136917848989,0.0151328205986312,0.0162017222267577,0.017349415874332,0.0185812448614835,0.0199042971384762,0.0213242899405179,0.0228496985192367,0.0244864433059085,0.0262447018713575,0.0281303658336419,0.0301555574543703,0.0323259486568113,0.0346560338231791,0.0371508033413435,0.0398273563758098,0.0426894292847164,0.0457576865701295,0.0490338774417106,0.0525418155052408,0.0562801651607614,0.0602778351979813,0.0645293707268243,0.0690686247913119,0.0738863764113467,0.0790199372428843,0.0844558541631818,0.0902346803688998,0.0963413010294991,0.102814202398734,0.109639822140772,0.116853978617393,0.124444369059356,0.132443322777803,0.140840884982217,0.149663728645491,0.158904852160656,0.168584245434347,0.17869809173716,0.189257956476035,0.200265134892089,0.21171883336733,0.223626466990765,0.235972132883051,0.248769013403646,0.261981555395432,0.275628588826212,0.289650505614003,0.304070503982258,0.318801000307925,0.333867669603698,0.349149333904169,0.364673969398032,0.380281944073919,0.396000479446371,0.411625374260894,0.427181747335114,0.442416531186356,0.457355481501888,0.471691394046988,0.485447633838539,0.498259379959253,0.510161278591864,0.520728475759604,0.530005641398702,0.537517452396888,0.543324376397886,0.546954508902226,0.548439947257602,0.547363633399155,0.543746093833007,0.537255061166679,0.527936186871324,0.51557184446283,0.500264303338203,0.48194191164762,0.460799817456054,0.436951424564202,0.410699494210593,0.382350477911823,0.352315674307083,0.321086518957251,0.289148347410134,0.257119026919312,0.22549551379528,0.194924567070936,0.165827297405859,0.138768324355845,0.114010157425458,0.0919326753047778,0.0725868407270288,0.0561087305956837,0.0423431032439478,0.0311950727338865,0.0223605847088159,0.0155965645241158,0.0105465928091453,0.00691417845251173,0.00437747895457429,0.00267482644586706,0.00157260406632583,0.000886528839445187,0.000480017276617099,0.000246267566162536,0.000122181779509853,5.56753891421055e-05,2.56183748320718e-05,9.71377253083651e-06,4.45892628808269e-06,1.31554128068254e-06,0
1588565.12942805,0,4.49950261791029e-05,1.97139928192462e-06,5.05823721844079e-05,7.2790351381053e-06,5.66095860693518e-05,8.03340437952152e-06,6.95257676102359e-05,1.13713059056096e-05,7.30450158967881e-05,2.92207666712837e-05,6.86441533370529e-05,5.05505013235186e-05,6.91888896295752e-05,6.75406064923581e-05,7.71459203255948e-05,8.20470515005553e-05,8.97891579874264e-05,9.71340198242279e-05,0.000105452745035378,0.000114288485866029,0.0001238550216926,0.000134160803144422,0.000145255425651823,0.000157215567468636,0.000170065880582359,0.000183909654988429,0.00019877493721247,0.00021477454838753,0.000231926374721439,0.000250378967453433,0.000270138746153946,0.000291373262038455,0.000314104008927655,0.000338497388611215,0.000364594245209583,0.000392561511575778,0.000422467641320381,0.000454487642998156,0.000488708010274349,0.000525311664134001,0.00056440435972018,0.000606180873193909,0.000650778726922493,0.000698400453429245,0.000749212688313063,0.00080343444046501,0.000861272259169372,0.000922951813093373,0.000988726398416927,0.00105883080086503,0.0011335762875971,0.00121320926918528,0.00129811130575568,0.00138854009611645,0.00148495631495809,0.00158762109043547,0.00169709398868806,0.00181365187970828,0.0019379709540814,0.00207034200580552,0.0022115814942194,0.00236198238527954,0.00252251957499995,0.0026934994120301,0.00287607964960187,0.0030706013671908,0.00327844494210084,0.0034999220704616,0.00373668274980506,0.00398913043415665,0.00425915747366386,0.00454711691058308,0.0048553822780585,0.0051842870738815,0.00553649511567911,0.00591261966874039,0.00631544972763307,0.00674607241383801,0.00720734806710078,0.00770085214821112,0.00822964919207519,0.00879581967563148,0.0094027008210662,0.0100529083799528,0.0107501385827089,0.0114976027356717,0.0122993719793248,0.0131593768884712,0.0140821391664036,0.0150724437932585,0.0161352009728247,0.0172761564407408,0.018500613470879,0.0198156172970133,0.0212268562690988,0.0227427460963538,0.0243691873438228,0.0261162965427297,0.0279899728854309,0.0300022820595887,0.0321589421101542,0.0344743717158287,0.0369536555985479,0.0396138270511488,0.0424587898895132,0.045509128482393,0.0487668423562553,0.0522556561026585,0.0559745833788567,0.0599524261003327,0.0641841617401635,0.0687035050313085,0.0735017835795505,0.0786161644630836,0.0840337109202019,0.0897949080729508,0.0958850807776324,0.102342688740533,0.109154500348119,0.116356289321973,0.123936004350285,0.131925868185201,0.140316013259928,0.149132961891119,0.158369607942151,0.168045795473865,0.178157358681749,0.188715713705917,0.199721675460947,0.211174289187313,0.223080397374676,0.235424084708782,0.248217922817779,0.261426452320259,0.275067863909846,0.289082710199554,0.303493589563266,0.318213284877432,0.333267001500462,0.348534052081584,0.364041878364836,0.379631435590261,0.39532947378743,0.410932357208518,0.426464757487413,0.441674201402177,0.456585937152618,0.470893067093235,0.484618666563268,0.497398571954522,0.509266881508648,0.519799598394084,0.529040761667408,0.536516359079753,0.542286836176848,0.545881510207925,0.547332767002223,0.546225214449249,0.542579509827621,0.536065198364539,0.526727552078192,0.514350039732343,0.499034811586284,0.480711682098945,0.459576100221704,0.435742684647256,0.409514256404723,0.381197863381318,0.351204181891448,0.320024885829377,0.288144496646073,0.256180876429037,0.224629443281135,0.194136545759287,0.165120849968859,0.13814582088319,0.113471045505118,0.0914754082704797,0.0722069406275311,0.055800621523635,0.042098970173653,0.0310068857283755,0.0222193406839212,0.0154937257872131,0.0104739588870587,0.00686450253182711,0.00434465238467395,0.00265381526462371,0.00155971405051913,0.000878817303495666,0.000475670559053495,0.000243835570582454,0.000120948503924598,5.50283938044845e-05,2.5333946217436e-05,9.56911621186237e-06,4.41588272115581e-06,1.27591260582165e-06,0
1625755.66644379,0,4.34367208153437e-05,1.93531743736017e-06,4.88204757872019e-05,7.10810303797136e-06,5.46775665496781e-05,7.85911318837776e-06,6.71558889085757e-05,1.12038374498317e-05,7.05441843932188e-05,2.85142856699141e-05,6.64113764407068e-05,4.91275377597632e-05,6.70980809292875e-05,6.56027321338409e-05,7.49327049759564e-05,7.97474451937546e-05,8.7310461878435e-05,9.45048062214747e-05,0.000102649787449629,0.000111311944003296,0.000120693230731958,0.000130808753454378,0.000141704341916999,0.000153458990668226,0.000166096816426038,0.000179721100575453,0.000194361104812114,0.000210128970929692,0.000227044597200207,0.000245255040500011,0.000264769565816613,0.000285754445215724,0.000308233885269701,0.000332373450572785,0.000358216295986028,0.000385929274880628,0.000415582917341783,0.000447352519060957,0.000481326265863858,0.000517687953949724,0.000556544900681488,0.000598092818687434,0.000642470463119755,0.000689881528288723,0.000740493578902196,0.000794526971204238,0.000852188662897556,0.000913705465057475,0.000979330904491005,0.00104930051370318,0.00112392458361714,0.00120344988613749,0.00128825726174877,0.00137860370913296,0.00147494766304454,0.00157754850374918,0.00168696397469744,0.00180346799587479,0.00192773414742126,0.00206004863129586,0.00220122585977339,0.00235155137274158,0.00251199713495018,0.00268286008178065,0.00286529671101127,0.00305963494015553,0.00326725352378291,0.00348844940885608,0.00372487516229915,0.00397691444078158,0.00424645796555839,0.00453383644731868,0.0048414328193004,0.00516954770104385,0.00552085252026367,0.00589592941830121,0.00629756959273651,0.00672683102351998,0.00718656674714668,0.00767832320156601,0.00820515230911239,0.0087691050853735,0.00937349656981962,0.0100209068795206,0.0107150047654947,0.0114589690294522,0.0122568341252506,0.013112488418379,0.0140304179949094,0.0150153718470536,0.0160722091669873,0.0172066340808979,0.0184239132716412,0.0197310461635717,0.021133677187354,0.0226401694000657,0.0242563992384919,0.025992435361656,0.0278541759492414,0.0298536154209841,0.0319965140704636,0.0342972230126168,0.0367609120935438,0.0394045259112489,0.0422321251516768,0.0452642214446622,0.0485030621166387,0.0519722637360288,0.0556711739326849,0.0596284816323878,0.0638396242672404,0.0683381756615559,0.0731159642585918,0.0782100551312178,0.083608018184691,0.089350295497158,0.0954226422906955,0.101863514775768,0.108660045644638,0.115847946837373,0.123415461043087,0.131394705994091,0.139775989944418,0.148585679841793,0.157816657165261,0.167488547860739,0.177596982030979,0.188153153240573,0.199157561360963,0.210609015702648,0.222513893512723,0.234856071870508,0.247647568967052,0.260852888165375,0.274489608098927,0.288498364831872,0.302901173441633,0.317610958512779,0.332652551102086,0.347905432059005,0.363396662876518,0.378967383402889,0.394644195413665,0.410223833017582,0.425730743680093,0.440913050113972,0.455795691314811,0.470072374695276,0.483765799361802,0.496512647778107,0.508346861925782,0.51884535242712,0.528052205753806,0.535493593499189,0.541230947900562,0.544792939713862,0.546213561908721,0.545076850383357,0.541405099101601,0.534867567892411,0.52551151927878,0.513120296755372,0.497798483461564,0.479475431045556,0.458348365857125,0.434530293838441,0.408326060532894,0.380041968608829,0.350090432891653,0.318961745024846,0.287141024890895,0.2552441349831,0.223766175185906,0.193351641619633,0.164417856118446,0.137525857935542,0.112933305066123,0.0910177832996406,0.0718252068327872,0.0554889064126357,0.0418494762373593,0.0308119361509281,0.0220705210005071,0.0153831905684748,0.0103941372837468,0.00680869040015062,0.00430695672904601,0.00262928989900949,0.00154451703112485,0.000869755270142264,0.000470629032938703,0.000241111457077887,0.000119628154379921,5.43850361665442e-05,2.50736532799926e-05,9.45114332707806e-06,4.38703646132848e-06,1.24521661746469e-06,0
1663816.88607613,0,4.19104731868056e-05,1.9036491290705e-06,4.71147743526168e-05,6.91358972828716e-06,5.27843125933612e-05,7.71159103945873e-06,6.48169794488092e-05,1.1007448501667e-05,6.81442465961764e-05,2.77529814863069e-05,6.42484706471495e-05,4.77049355871822e-05,6.50253138359048e-05,6.36900293115727e-05,7.2726486424473e-05,7.74651801470293e-05,8.4839744157342e-05,9.18812666232769e-05,9.98498461177002e-05,0.00010833093681351,0.000117523559354843,0.00012744040865771,0.000138130762221545,0.000149670665032875,0.00016208678004497,0.000175480888967759,0.000189883624029304,0.000205406627603948,0.000222071265224629,0.000240023923849939,0.00025927561416908,0.000279992207986785,0.000302199609737708,0.000326063303314051,0.000351628078534067,0.00037906134700017,0.000408434997671857,0.00043992503324466,0.000473621153956778,0.000509708115696203,0.000548294759114874,0.00058957794053919,0.000633697358490003,0.000680858099623719,0.000731228924325142,0.000785031747099391,0.000842474331734599,0.000903784669632933,0.000969216109469815,0.00103900535604779,0.0011134627296429,0.00119283596288832,0.00127750481712963,0.00136772622650947,0.00146395732913774,0.00156645637741219,0.00167577883963253,0.00179219663631126,0.00191638118064281,0.00204861486754394,0.002189709891573,0.00233994566953955,0.00250029096443674,0.00267103434085785,0.00285333098918504,0.00304749811766084,0.00325491088043212,0.00347584878615055,0.0037119677513439,0.00396363531256432,0.0042327347198141,0.00451956904436924,0.00482652976120841,0.00515388947179238,0.00550431887097343,0.00587836204176153,0.00627881385051228,0.00670670505247945,0.0071648768018084,0.00765484427047518,0.00817964426958487,0.00874130290831035,0.0093431217089515,0.00998765045184206,0.0106785298329529,0.0114189059650145,0.0122127814077039,0.0130640145165735,0.0139770575997217,0.0149566187968547,0.0160075154836662,0.0171354009449926,0.0183455030748018,0.0196447814633872,0.0210388480638057,0.0225359891242061,0.0241420643224838,0.0258670827521608,0.0277169427997889,0.029703563549173,0.0318327332681899,0.0341187431095427,0.0365668359420403,0.0391938746987971,0.0420040611183214,0.0450178223540774,0.0482376173345287,0.0516869830709096,0.0553655957281018,0.0593020054183261,0.0634920692581593,0.0679692307318551,0.0727258532592046,0.0777988307217538,0.0831763057033378,0.0888986159781571,0.0949520015338424,0.101374927020106,0.108154855756994,0.11532755183121,0.12288150363621,0.130848831604299,0.139219935185709,0.148021157614949,0.157245296093068,0.166911893531673,0.177016220023884,0.187569510755272,0.198571715857426,0.210021701433372,0.221925110023957,0.234265809078049,0.247055131138296,0.260257547466514,0.273890063420755,0.287893321781444,0.302288826965209,0.316989657682655,0.332019959995488,0.347259656280248,0.362735192767714,0.378288406707506,0.393945157624299,0.409502930260744,0.424985446264795,0.440141859813251,0.454996499624569,0.469244176056276,0.482906621402117,0.49562178869278,0.507422717656356,0.51788820255193,0.527061178520081,0.534469577425801,0.540174130329194,0.54370457239938,0.545094890328615,0.54393035079403,0.540233126908397,0.533673565412755,0.524299108600075,0.511894804339081,0.496565365941355,0.478241412537995,0.457120291198464,0.433316350538551,0.407134586912063,0.378881860392268,0.348970755672654,0.317891394545871,0.286128976695027,0.254298285119978,0.222893615460959,0.192557304530728,0.163705510722168,0.136897624515297,0.112389121565585,0.090555399397881,0.0714400628517003,0.055175612245734,0.0416006977368641,0.0306198387529158,0.021926190813205,0.015278060492283,0.0103198525900812,0.00675794193489197,0.00427352438065823,0.00260801280069023,0.00153154803925835,0.000862076813305097,0.000466350569716148,0.000238757402523741,0.000118451924832702,5.37845043781008e-05,2.48125286915189e-05,9.32545057504181e-06,4.34890509050702e-06,1.21030862508607e-06,0
1702769.1722259,0,4.04390018924691e-05,1.86671484661228e-06,4.5447503516231e-05,6.73754673491352e-06,5.09625863969553e-05,7.52355578153138e-06,6.25717663817852e-05,1.08199268419728e-05,6.57708249689195e-05,2.70417634900926e-05,6.21176626730167e-05,4.63085830837715e-05,6.30075975756667e-05,6.17973646959055e-05,7.05700519398119e-05,7.52134429531911e-05,8.24077377775253e-05,8.92934220516138e-05,9.70826325224713e-05,0.000105383379566281,0.000114382405149573,0.000124099348698632,0.000134579425334983,0.00014590064292303,0.00015808945383078,0.000171246937994729,0.000185405377882842,0.000200674916421663,0.000217079312238889,0.000234762918517089,0.000253739965204566,0.000274174321156782,0.000296094722339225,0.000319665598752409,0.000344934165692844,0.000372067408204934,0.000401139252438164,0.000432326139214477,0.000465719606743582,0.000501505173905028,0.000539793191136138,0.000580781586167149,0.00062461163713175,0.000671489987935797,0.000721586556448759,0.000775124783117213,0.000832313375070408,0.000893382025885517,0.000958584703578203,0.0010281596074845,0.00110241694386933,0.00118160557742225,0.00126610482091393,0.00135617224075485,0.00145226402130085,0.00155463816888035,0.00166384807906353,0.00178016389925384,0.00190425543280293,0.00203640226247458,0.00217741350268624,0.00232756294750827,0.00248781769888017,0.00265845880617941,0.00284063791848073,0.00303466102281755,0.00324190293157311,0.00346262927942863,0.00369849166730855,0.00394983769410353,0.00421855363491979,0.00450492228836883,0.00481133523321569,0.00513802832740735,0.00548768028457022,0.00586080571705068,0.0062601947768212,0.00668684634701424,0.00714359633005212,0.00763193031470097,0.00815487652520843,0.00871442807222735,0.00931386218748883,0.00995569773868503,0.0106435585978458,0.0113805593949704,0.0121706665830949,0.0130177014477931,0.013926082077612,0.0149004729382702,0.0159456501141085,0.0170672295517042,0.0182703901012231,0.0195620371306411,0.0209477393307189,0.0224357355467123,0.0240318455955105,0.02574602100903,0.0275841483982367,0.0295580835483358,0.0316736243773016,0.0339449822813965,0.0363774782159983,0.0389878962314528,0.0417805528649731,0.0447757917776013,0.0479762853418575,0.0514054700820823,0.0550633276101484,0.0589782955807939,0.0631466427225692,0.0676016657841955,0.0723362349261499,0.0773871616751465,0.0827430779819487,0.0884442555487744,0.0944774172237851,0.100881027558135,0.107642961503375,0.114799008513572,0.122337899272013,0.130291776173609,0.138651215012964,0.147442499595546,0.156658434472907,0.166318475541897,0.176417743801239,0.186967257143654,0.197966602243168,0.20941445220565,0.221315960900203,0.23365494460725,0.246442107339544,0.259641880709871,0.273270661940393,0.287269090729713,0.301658144578182,0.316350924737769,0.33137123678601,0.346598984297766,0.362060269691804,0.377597043203015,0.393235092749901,0.40877192109289,0.424231134199745,0.439361931625722,0.454188712073458,0.468406536976212,0.482037361228711,0.494719662150058,0.506486505617989,0.516917501047481,0.526055560519018,0.533429443991675,0.539100394073353,0.542598486226146,0.543958431755711,0.542765932508365,0.539043652649899,0.532462456471808,0.52307069135171,0.510654009187939,0.495318416598729,0.476994275596021,0.455880603049265,0.432091434485767,0.405933574520021,0.37771295895639,0.347843534120808,0.316814205968185,0.285110748957624,0.253346520164032,0.222015211855738,0.191757429309989,0.162987538899375,0.136263514401871,0.111838553236932,0.0900865825484679,0.0710484554119855,0.0548557498724585,0.0413451626924895,0.0304210391758595,0.0217755423701782,0.0151673496448416,0.0102409717275689,0.0067035856030429,0.00423745672331565,0.00258496089155017,0.00151749270982421,0.000853788171812024,0.000461768521815193,0.000236274259619507,0.000117229711340121,5.31763612134375e-05,2.45511876836453e-05,9.20549724773054e-06,4.31114253302119e-06,1.17782889375756e-06,0
1742633.38600965,0,3.89830273616838e-05,1.82775514041148e-06,4.38198441424088e-05,6.54840500726286e-06,4.9146824263653e-05,7.36310235592789e-06,6.03420573208787e-05,1.06004546086702e-05,6.34687075316458e-05,2.628367958466e-05,6.00280907125628e-05,4.49075163640603e-05,6.09923161815398e-05,5.99155095426543e-05,6.8407801050387e-05,7.29642637957815e-05,7.99695083838716e-05,8.66972690471763e-05,9.43037355871641e-05,0.000102417509369738,0.000111218971297175,0.000120728250713746,0.000130991658869587,0.000142085458133082,0.000154037794506823,0.000166948372214885,0.000180850725162865,0.000195854029987002,0.000211983664227805,0.000229382856538495,0.000248067731961161,0.000268201187673686,0.000289813871168548,0.000313069819589305,0.000338017907842412,0.000364825148393869,0.000393567183288865,0.000424420974671337,0.000457479636378772,0.000492929466000479,0.000530882586585933,0.00057153791802144,0.000615038228130488,0.000661591634724079,0.000711369438120082,0.000764596684584755,0.000821483394731012,0.000882260937259157,0.000947183942957835,0.0010164924313011,0.00109049685130899,0.00116944747107183,0.00125372339293218,0.00134358355937217,0.00143948326551354,0.00154168037786083,0.00165072675481637,0.00176689165322636,0.00189084225545351,0.0020228565738753,0.00216374306313853,0.00231377090713478,0.00247390173010534,0.00264440797375228,0.00282644036743031,0.00302029840335332,0.0032273522366969,0.00344784879013028,0.00368344117942536,0.00393446503279174,0.00420280159345162,0.00448870770470988,0.00479457823058744,0.00512061977248345,0.00546951609082978,0.00584174941770365,0.00624011015627879,0.00666556369632716,0.00712093575468682,0.00760768772962514,0.00812883446089323,0.00868632930567861,0.00928343186493092,0.00992263344766672,0.010607534590482,0.0113412134552952,0.0121276057352444,0.0129704897544,0.0138742429605446,0.0148434931843699,0.0158829863722738,0.0169982899446827,0.0181945291102559,0.0194785586665632,0.0208559147234269,0.0223347776070818,0.0239209331446408,0.0256242692551101,0.0274506576588561,0.0294118864022684,0.0315137656491455,0.0337704216367716,0.0361872404399814,0.0387809231360644,0.0415559096068287,0.0445324548898267,0.047713386772837,0.0511220721798779,0.0547588072527115,0.0586518801197294,0.0627979513380694,0.0672301733876367,0.0719419699142409,0.076969958503638,0.0823033311204242,0.0879822697664869,0.0939939806545417,0.100376994970862,0.107119548929773,0.114257436167062,0.121779792094756,0.12971874022731,0.138065069353279,0.146845047467481,0.156051544738356,0.165703951222473,0.175797196560621,0.186342250240064,0.197338333809989,0.208784048547238,0.220683909985308,0.233021754227763,0.245807547291975,0.259005752087954,0.272631956746936,0.286626818689124,0.301010651056777,0.315696554788366,0.330707811154094,0.345924323372025,0.36137190916339,0.376892617865425,0.392512047658195,0.408027959840959,0.423463791161267,0.438569427736469,0.453368970342528,0.467558350430913,0.481159179890577,0.493811134220464,0.505546710405732,0.515946501926208,0.52505285511485,0.532395179397606,0.538035155595189,0.541502790168531,0.542833775378586,0.541613746555876,0.537866557253734,0.53126331230329,0.521853395384267,0.509422722039198,0.494078674142145,0.475752399353799,0.454643963377103,0.430867842592232,0.404731479653518,0.376541084981465,0.346711041305582,0.31573027493685,0.284084382920433,0.252385764410605,0.22112725705175,0.190948250778778,0.162261358079496,0.135622393805221,0.111282240066398,0.0896134005742943,0.0706540799097035,0.0545345026949111,0.041089374883778,0.0302226224283585,0.0216254743269315,0.0150570767692587,0.0101623370236184,0.00664924523784818,0.00420121143037457,0.00256160575491019,0.00150311477854552,0.000845217536178607,0.000456968128228419,0.000233642646458658,0.000115914511101353,5.25164559189074e-05,2.4261742326655e-05,9.07309412777147e-06,4.26650640502029e-06,1.14341526683963e-06,0
1783430.87693191,0,3.75700291677801e-05,1.78696407701356e-06,4.22355744830535e-05,6.36336121858504e-06,4.73837788199688e-05,7.1916387902851e-06,5.81798188624502e-05,1.03737181554083e-05,6.12223976200581e-05,2.55363881024151e-05,5.79818694476613e-05,4.35280174766241e-05,5.90145380155979e-05,5.80599329764336e-05,6.62796443460646e-05,7.07429668943112e-05,7.75621120264545e-05,8.4128046541324e-05,9.15515260691514e-05,9.94752314524015e-05,0.000108076523643809,0.000117374616093593,0.000127416769388997,0.000138278345006165,0.000149987810332041,0.000162644711734277,0.000176282495863604,0.000191010471535859,0.000206854527154179,0.00022395729814804,0.000242336342057083,0.000262153792775398,0.000283441942133908,0.000306364188336744,0.000330971165104693,0.000357429865539615,0.000385817602911231,0.000416311479440655,0.000449006344592566,0.000484089141055286,0.000521673776640809,0.00056196013273344,0.000605092535646489,0.000651280428158076,0.000700696636224359,0.000753567904402666,0.000810105679684641,0.000870543112152261,0.000935135527601241,0.00100412481701865,0.0010778221358847,0.00115647989176414,0.00124047725830745,0.00133007445875949,0.00142572592347816,0.00152769051629647,0.00163651903764293,0.00175248074855176,0.00187624144659552,0.00200807779526408,0.00214879540387912,0.00229866014309288,0.00245863261849626,0.00262898043869734,0.00281084982607442,0.00300452959414053,0.00321138854830156,0.00343166353729369,0.00366700497359631,0.00391772914867866,0.0041857148681812,0.00447119879578789,0.00477657764055488,0.00510202658649876,0.0054502314132781,0.00582163834214075,0.00621903959956696,0.00664337327812559,0.00709745776652408,0.00758271455980738,0.00810214522767094,0.00865768084062195,0.00925256446211312,0.00988924339162521,0.010571293510084,0.0113017629753226,0.0120845575846504,0.0129234184219572,0.013822686764452,0.0147869488168911,0.0158209025658014,0.0169300685640209,0.0181195385311679,0.0193961196306502,0.0207653054306546,0.0222352230610862,0.0238116135497268,0.0255042977353154,0.0273191298795147,0.0292678422816924,0.0313562458863241,0.0335984025925895,0.035999737551584,0.0385768489322882,0.0413342845078599,0.0442922097712517,0.0474536602884942,0.0508418848809135,0.0544574283680854,0.0583284619067216,0.0624520556318068,0.0668612291950706,0.0715498236148164,0.0765543697902743,0.0818645745133406,0.0875205778481192,0.0935100447571875,0.0998715202938723,0.106593654078751,0.11371233779367,0.121216976085788,0.129139783388677,0.13747173421905,0.146239083394219,0.155434795031158,0.165078205063793,0.175164082068962,0.185703285999462,0.196694684891805,0.208136776608352,0.220033624430468,0.23236888195363,0.245151990359981,0.25834733139456,0.271969811774681,0.285960065964248,0.300337756377394,0.315016142617055,0.330018011988437,0.34522347278052,0.360657816724059,0.376163483748766,0.391765647175547,0.407262622279564,0.422677394365502,0.437760586437759,0.452535665927326,0.466699177052897,0.480272269257705,0.492895554911159,0.5046005589716,0.514969183626843,0.524042848411785,0.531352437187213,0.536959314794285,0.540394257902361,0.541693306552912,0.540442920271083,0.536667545648211,0.530039449717026,0.520608598513711,0.508161843058699,0.492807994019087,0.474478869007722,0.45337589815009,0.429613205992265,0.403499827647692,0.375341201438587,0.345552819329437,0.314622623761846,0.283036607274073,0.251405940926621,0.220222443637031,0.19012431639722,0.161522082629752,0.134969886214181,0.110715875638556,0.0891314327097396,0.0702520533655546,0.0542067883456862,0.0408281483941597,0.0300198839698573,0.0214722197487572,0.0149446687723363,0.0100823185758632,0.00659414232191204,0.00416458523185376,0.00253809962308669,0.00148869339577298,0.000836659275397164,0.000452196901762464,0.000231036671678003,0.000114619517973234,5.18718913386459e-05,2.39791039196185e-05,8.94750330753871e-06,4.22303012091243e-06,1.11076007832812e-06,0
1825183.49431904,0,3.62034607642639e-05,1.73823043813076e-06,4.06829307716304e-05,6.20270808953977e-06,4.56735551312071e-05,6.98400759715212e-06,5.61084293155185e-05,1.01444916241094e-05,5.9004250375145e-05,2.48338247728641e-05,5.59618252741479e-05,4.21740817578243e-05,5.70861779310985e-05,5.62229808030359e-05,6.41976888773769e-05,6.85512518094817e-05,7.51909786757763e-05,8.15950081317169e-05,8.88311485159359e-05,9.65681711238251e-05,0.000104963695592915,0.00011405137153299,0.000123867584948279,0.000134494716882847,0.000145956656533638,0.000158355077126924,0.000171722592660899,0.000186168281983633,0.000201719038703568,0.000218516064615583,0.000236579188263923,0.000256068573736536,0.000277019018448513,0.000299592700932087,0.000323842518551321,0.000349934559319438,0.000377948083407142,0.000408060240449264,0.000440367852891281,0.000475058220575552,0.000512247249697195,0.000552135595953022,0.000594869288198066,0.000640658930429653,0.000689679175024407,0.000742158589032889,0.000798310021376536,0.00085836873931359,0.000922591438622902,0.000991221928415938,0.00106457201563267,0.00114289671543714,0.00122657561771881,0.00131587093044253,0.00141123688540717,0.00151293323825324,0.00162150955739449,0.00173723654373485,0.00186077848240389,0.00199241083745019,0.00213293741108381,0.0022826220960511,0.00244242202127105,0.00261259936783389,0.00279429809218558,0.00298780076139003,0.00319447247919393,0.00341453649381341,0.00364964222746108,0.00390009326640994,0.00416776296385736,0.0044528664604509,0.00475780353578904,0.0050827203881087,0.00543030401210558,0.00580096973154482,0.00619750845951994,0.00662082577225827,0.00707372787475643,0.00755760478039738,0.00807544981470377,0.00862915930155582,0.00922195252840739,0.00985624324496584,0.0105355878990727,0.0112629931541682,0.0120423318098912,0.0128773082749279,0.0137722324498662,0.0147316446285512,0.0157601974486857,0.016863378094246,0.0180462352200365,0.0193155211804409,0.0206766722647802,0.022137758081592,0.0237045004298267,0.0253866621802273,0.0271900496205817,0.0291263281069477,0.0312013169622793,0.0334289824277744,0.0358147754439372,0.038375235929358,0.0411149891541302,0.0440541026195436,0.0471957521266687,0.0505630955023859,0.0541569499326661,0.0580053546280787,0.0621057350513461,0.0664909655213181,0.071155379204053,0.0761354004143555,0.0814212036069917,0.087052889067084,0.0930186595849702,0.0993570314106383,0.10605709454226,0.113154825604043,0.120640009673071,0.128544857704662,0.136860681190363,0.145613751434533,0.154797084349,0.164430092911409,0.17450730166046,0.185039711951674,0.19602569889856,0.207463729823523,0.219357404602982,0.231690189972306,0.244471031094969,0.257664117416913,0.271283790963984,0.285270654328553,0.299643700924846,0.314316294989752,0.329310622120771,0.34450700152928,0.359930177568136,0.37542287432985,0.391010032846224,0.406489928407177,0.421885466692301,0.436947270433684,0.45169879917843,0.465836781839277,0.479381976645837,0.491975599584145,0.503648937821662,0.513984748617073,0.523024140964768,0.530299024877399,0.535871051860613,0.5392715593872,0.54053757811913,0.539256387007885,0.535453351928634,0.528801282456452,0.519351418404658,0.506891031495853,0.491529776781795,0.473199358624339,0.452102612105541,0.428354263354307,0.402264482814073,0.374138367546286,0.344392270474299,0.313513136781833,0.281987374579742,0.250424647231757,0.219316608409132,0.189298889469346,0.160781170452714,0.134315584116125,0.110148520222362,0.0886483994268517,0.069848635185443,0.0538772386126724,0.0405652036196148,0.0298154808170372,0.0213175094355885,0.0148309560134126,0.0100010927237711,0.00653793149642436,0.00412709304567668,0.0025139956685607,0.00147384833873423,0.000827825107176204,0.000447249132281693,0.000228330582103825,0.000113264260702996,5.1195649818745e-05,2.36795738313666e-05,8.81403913931751e-06,4.17527184185154e-06,1.07666513975072e-06,0
1867913.59902078,0,3.48571420954134e-05,1.69985667143787e-06,3.9188679291443e-05,6.00274985530446e-06,4.39927883670827e-05,6.83141370273815e-06,5.40288542380863e-05,9.9057434961147e-06,5.68829914382823e-05,2.406834069537e-05,5.40164829257981e-05,4.082307472608e-05,5.5169533266865e-05,5.44231461012193e-05,6.21190753578033e-05,6.63863404300388e-05,7.28332737507025e-05,7.90756874795092e-05,8.61255244541049e-05,9.36678968987973e-05,0.000101859280376074,0.00011072870296522,0.000120317027087389,0.000130702211354599,0.000141911268634491,0.000154043019662051,0.000167131984896517,0.000181285290343679,0.000196531716649118,0.000213010427974843,0.000230743344373849,0.000249889058918787,0.000270484123692067,0.000292689624339587,0.000316560104488371,0.000342261331856488,0.000369874160928459,0.000399575668005206,0.000431464339338335,0.000465727849015263,0.000502483689969203,0.000541933363553405,0.000584224714953905,0.00062956970968772,0.000678144509860073,0.000730179226287312,0.000785888482814423,0.000845509666115029,0.000909300610499762,0.000977507601061675,0.00105044346884925,0.00112836540659362,0.00121165359438524,0.0013005730309359,0.00139557795405748,0.00149692993297745,0.0016051775643798,0.00172059287830512,0.00184383961281769,0.00197519410169986,0.00211545790806398,0.00226489340799966,0.00242445516477507,0.00259440117635431,0.00277587254270494,0.00296914566714875,0.00317558167601813,0.00339539350412206,0.00363022824291461,0.00388037555874243,0.00414770526631578,0.00443241352625908,0.00473689881217204,0.00506127863772184,0.00540824354641795,0.00577817768214207,0.00617386964591667,0.0065961937376438,0.00704794954500958,0.00753049140580971,0.00804679898566935,0.00859873551327884,0.00918950493699169,0.00982148251630256,0.010498198005775,0.0112226267714119,0.0119986094853916,0.0128298061298489,0.0137204929079611,0.0146751707207839,0.0156984524248591,0.0167957732939751,0.0179721372296467,0.0192342474094106,0.0205874847498246,0.0220398668074833,0.0235970707318343,0.0252687930444401,0.0270608047664614,0.0289847028676813,0.0310463119289799,0.0332595235696403,0.0356297830152003,0.0381735422098418,0.0408955493049296,0.0438157732366426,0.0469375163724822,0.0502838285003009,0.0538558057781824,0.0576813331280479,0.0617581956379083,0.0661191596853134,0.0707589707651878,0.0757139111158673,0.0809747137984592,0.0865814218799992,0.0925226230842763,0.0988370010461161,0.105514023231856,0.112589713319245,0.120054237218759,0.127939929184414,0.136238331812749,0.144975753604081,0.154145455520928,0.163766660405176,0.173834080467837,0.184358416088732,0.195337980763284,0.206771130419581,0.218660928851256,0.230990922450878,0.243769303303795,0.25696031257421,0.270577567548626,0.284561571603537,0.298930803175217,0.313598334041307,0.328586118741659,0.34377412591276,0.359186946661162,0.374667150930466,0.390239442139536,0.405702365166672,0.421078269598839,0.436118566495786,0.45084603610458,0.464958215881598,0.478475384767878,0.491039550535656,0.502681779890679,0.512985653907472,0.521992294553872,0.529234183840429,0.534773691047781,0.538142101058354,0.539377512894689,0.538067713575832,0.534238596566637,0.527563965944337,0.518095316820453,0.505621358574777,0.490252022582917,0.471920276378235,0.450829296979768,0.42709472989949,0.401027375701463,0.372932617656923,0.343227454515188,0.312398263495331,0.280931803187061,0.249436377770187,0.218403196482562,0.188466013470516,0.160033048285465,0.133654434141422,0.109574266719489,0.0881593020506517,0.0694403130860841,0.0535441228988865,0.0402994241585166,0.029608963672735,0.0211611666655655,0.0147160852240594,0.00991916451208978,0.00648138610045379,0.00408944318803021,0.00248978320779504,0.00145897406733736,0.000818985643055521,0.000442306415294289,0.000225631103649174,0.000111911803671316,5.05250030797485e-05,2.33786572012185e-05,8.68399662178009e-06,4.12520311474391e-06,1.04405993523995e-06,0
1911644.0753857,0,3.35616247366753e-05,1.65043221071315e-06,3.77367196802988e-05,5.83200214013459e-06,4.23615740482746e-05,6.64795373158357e-06,5.20567968523776e-05,9.64788471482232e-06,5.48189526832212e-05,2.33388852305708e-05,5.2102804469009e-05,3.95181900943707e-05,5.32967752288227e-05,5.26536005905492e-05,6.01007628381958e-05,6.42550562773333e-05,7.05235139618351e-05,7.66050865879994e-05,8.34638302918976e-05,9.08127486089934e-05,9.88020956387713e-05,0.00010744898541467,0.00011680786893986,0.000126951351687413,0.000137901699147765,0.000149764312628925,0.000162570331179393,0.000176424770849979,0.000191360493316055,0.00020751322330808,0.000224906056802896,0.000243697985057267,0.000263925167879935,0.000285748788031996,0.000309224589674223,0.00033451756170736,0.000361710290167413,0.000390979819161564,0.000422425782775853,0.000456236331635173,0.000492530434132316,0.000531510552915239,0.000573326077888981,0.000618190143247728,0.000666280384493751,0.000717828725362658,0.000773051479762251,0.000832188112940045,0.000895497675198033,0.000963228936711021,0.00103569576377651,0.0011131581950535,0.00119599723634882,0.00128448051335808,0.00137906214337581,0.00148000627908641,0.00158786109897114,0.00170290053835894,0.00182578726822521,0.0019567991212261,0.00209673619417051,0.00224586037291603,0.00240512335021301,0.00257478107158147,0.00275597288661222,0.00294897076092009,0.0031551310252486,0.00337465737432212,0.00360919677276974,0.00385902716489509,0.00412601041571793,0.00441032522591038,0.00471437201023893,0.00503824110066036,0.0053846227368559,0.00575387033191536,0.00614877061924464,0.00657016539492522,0.00702084332235829,0.00750212816850688,0.00801698929485983,0.00856725371405557,0.00915610393749258,0.00978587851644001,0.0104600881407765,0.0111816638334798,0.0119544156813565,0.0127819634224663,0.013668546388701,0.0146186194940331,0.0156367514170642,0.016728335846013,0.017898326510376,0.0191533765117793,0.0204988156653473,0.0219426091608543,0.0234903881211664,0.0251517855321783,0.0269325420449827,0.0288441910652531,0.0308925252639702,0.0330913476395671,0.0354461473965444,0.037973305434592,0.0406775952213144,0.0435788819692679,0.0466806241053364,0.0500057773073377,0.0535556368829813,0.0573579803857475,0.0614109003095871,0.0657470049665215,0.0703615065308817,0.0752905642463933,0.0805253538139927,0.0861058906600936,0.0920212396256899,0.09831012496338,0.104962399740822,0.112014233140819,0.119456186413336,0.127320638898828,0.135599465961079,0.144319067366685,0.15347287601879,0.163080212842856,0.173135653807888,0.183650039088619,0.194621361282186,0.206047982487264,0.217932565054359,0.230258522768096,0.243033553281333,0.25622175627171,0.269836070933846,0.283816901148417,0.298181987143732,0.312844572642123,0.327825656468539,0.343005628983281,0.358408152340756,0.373876337455007,0.38943425460925,0.404880824015499,0.42023810884427,0.435257797466125,0.449962527687815,0.464050136219496,0.47754081368959,0.490077225555733,0.501690008938098,0.511963803143975,0.52093926455393,0.528149994088105,0.533658506786994,0.536996575483826,0.538202954555076,0.536866004218991,0.533012453357873,0.526316662605443,0.516830719630827,0.504343927712839,0.488967501284839,0.470634719726808,0.449550003122383,0.425829354150202,0.399784693824638,0.371721655286845,0.342057749440435,0.31127888554285,0.279871651208245,0.248443642282018,0.217485265199406,0.187628712919018,0.159280235116469,0.132988383462963,0.108995429149359,0.0876660628296493,0.0690283259733642,0.053207477930779,0.040030475687041,0.0293994812794122,0.0210022044179532,0.0145988865260115,0.00983528800673788,0.00642315004536262,0.00405040489621221,0.00246453793453686,0.00144336001668232,0.000809643361002037,0.000437040070550974,0.000222745532407402,0.000110454475811811,4.98007690141447e-05,2.30530302550758e-05,8.54504465329807e-06,4.06950393371231e-06,1.01057844742994e-06,0
1956398.34351706,0,3.22965133989739e-05,1.61330912689818e-06,3.63026812739906e-05,5.64677688440371e-06,4.0795534733612e-05,6.45220094539609e-06,5.01073054274717e-05,9.41970606013627e-06,5.27657593754868e-05,2.26315107115293e-05,5.02271918843257e-05,3.82090788842293e-05,5.14684966571898e-05,5.09062521252237e-05,5.80950286985036e-05,6.21579180014808e-05,6.82392561509859e-05,7.41516106515557e-05,8.08296424297925e-05,8.79827287419043e-05,9.57613491058876e-05,0.000104191783684387,0.000113317464800201,0.000123212374848422,0.000133905601908455,0.000145492861436659,0.000158010061583113,0.000171561920704419,0.000186179149537221,0.000201997898188029,0.000219042908105936,0.000237469822613649,0.000257318152526804,0.000278746907174609,0.000301813398297102,0.00032668222088543,0.000353436967507715,0.000382254458576622,0.000413235977180717,0.000446569678940892,0.000482376300012837,0.000520858778294355,0.000562168063840943,0.000606518446987218,0.000654089262538468,0.000705114055312917,0.000759810852644691,0.000818421207441639,0.000881205606285145,0.000948415463353199,0.00102036606555978,0.00109732039154664,0.00117966033958587,0.00126765671130079,0.00136176424257535,0.00146225018503117,0.0015696625773262,0.00168427804151018,0.00180675878693882,0.00193738499994712,0.00207695547963914,0.00222573312258581,0.00238466734747273,0.00255401304045938,0.00273490708107275,0.00292761822028869,0.00313349984913529,0.00335274822267234,0.00358700579901194,0.0038365407060775,0.00410321100287779,0.0043871776871184,0.0046908394360467,0.00501426296670916,0.0053601358884841,0.00572878308054416,0.00612298717335691,0.00654356085438989,0.00699328272292321,0.00747344141305552,0.0079869943431499,0.00853573532903204,0.00912282892165752,0.00975057410686862,0.0104224580323067,0.0111413746547412,0.0119111032855573,0.0127352189038256,0.0136179255300183,0.0145636355783845,0.0155768755549241,0.0166629866750663,0.01782687458519,0.0190751415191001,0.0204130688862716,0.0218485592006027,0.0233871940046305,0.0250385418396149,0.0268083027842555,0.0287079421756697,0.0307432302376584,0.0329278929598176,0.0352674192946574,0.0377780968787682,0.040464766650638,0.0433471823865276,0.046428919138592,0.0497328236797528,0.0532604067625817,0.0570393111847576,0.0610679448807673,0.0653787523580067,0.0699673804385252,0.0748698734065053,0.0800778651411172,0.0856313057097685,0.0915197834965011,0.0977820106218028,0.104408323686587,0.111434993084101,0.118852947421063,0.126694741492556,0.134952535884673,0.143652893277328,0.152789369642886,0.162381448593702,0.172423667404423,0.182926898988252,0.19388895415964,0.205308214835166,0.217186898054482,0.229508429785014,0.242279813038282,0.255465292812806,0.269076888558994,0.283055231507812,0.297417088235792,0.312075771394065,0.327051747625366,0.342225118018599,0.357619366392988,0.373077279564147,0.388622879354796,0.404055004711823,0.41939549140654,0.434396267899604,0.44907992213061,0.463144304694002,0.476609851752423,0.489119187350216,0.500703471196325,0.510947357390318,0.519891903423526,0.527070895547387,0.532547781430175,0.535853974476034,0.537029667001414,0.535663127941623,0.531782591817125,0.525062295506883,0.515556266227514,0.503053963255764,0.487668171740709,0.469332552520654,0.448252783425709,0.424545086886015,0.398522464146829,0.370490598934814,0.340867619540758,0.310139294740861,0.278792115335555,0.247432786020902,0.216550548801303,0.186776414103517,0.158514787914149,0.132312284339373,0.10840829209753,0.0871659883859431,0.0686109230695817,0.0528669386068087,0.0397591426019284,0.0291889442038215,0.0208432567451299,0.0144823790300736,0.00975256533420827,0.00636627525777432,0.00401273642526612,0.00244045411058102,0.00142863545932369,0.000800943960764811,0.000432200269550441,0.000220118159348189,0.000109140159510045,4.91594825868286e-05,2.27606000568922e-05,8.42327841238637e-06,4.02045362398677e-06,9.80392434252173e-07,0
2002200.37181558,0,3.10691533146282e-05,1.57261163771089e-06,3.49266350144811e-05,5.46170234157744e-06,3.92638860040143e-05,6.27382911919073e-06,4.82167487536242e-05,9.17235334554019e-06,5.08017855297239e-05,2.19104719823912e-05,4.84119826123684e-05,3.6932340299019e-05,4.9673816281636e-05,4.91991235230819e-05,5.61334222101579e-05,6.00988952758093e-05,6.59959580338627e-05,7.17443273676714e-05,7.82366996049541e-05,8.51941926757036e-05,9.27657238617366e-05,0.000100974536098881,0.000109866857527866,0.00011951271937936,0.000129944025337709,0.000141253290574648,0.00015347803582109,0.000166720876844653,0.000181013860990834,0.000196491022045635,0.000213178732525522,0.000231230635867456,0.000250687967992949,0.000271708159704379,0.000294349749551968,0.000318776362799496,0.000345073040016803,0.000373416034961007,0.000403907913885635,0.000436736952106879,0.000472025492405099,0.000509976584601697,0.000550742474506098,0.000594538639378965,0.000641546335125127,0.000692000455274297,0.000746120261409863,0.000804149357640554,0.000866350075022575,0.000932976608275688,0.00100434543407003,0.00108072228199836,0.00116248994460367,0.00124992310346451,0.00134347755144699,0.00144342389685412,0.00155030978946123,0.00166441477769649,0.00178640058189691,0.00191655134246415,0.0020556657095241,0.00220400880677075,0.00236252665491058,0.00253147153937594,0.00271197863034553,0.00290432005987107,0.00310984402329676,0.0033287334780324,0.0035626305373814,0.00381180438948091,0.00407810375133201,0.00436166649262279,0.00466489204949713,0.00498783201676877,0.00533316827426517,0.00570119400664636,0.00609469501909955,0.00651445651025037,0.00696323939972345,0.00744230260481756,0.00795459336020802,0.00850186320700143,0.00908725887136806,0.00971304634563044,0.0103826910839011,0.0110990412289387,0.0118658431025004,0.0126866263274651,0.0135655595852614,0.0145070158407777,0.0155154806411205,0.0165962327402299,0.017754121431956,0.01899572012462,0.0203262643644605,0.0217535760838318,0.0232831724155697,0.0249245827582089,0.0266834660198802,0.0285712057916532,0.0305935440653512,0.0327641316148992,0.035088441808837,0.0375826861879982,0.0402517631775756,0.0431153306654533,0.046177033019285,0.0494596262860405,0.0529648439320233,0.0567201741488463,0.0607242998903975,0.0650095564919614,0.0695719877407447,0.0744475092889984,0.0796281776172443,0.0851539171598309,0.0910147503615154,0.0972495474259327,0.103848934534834,0.110849267784928,0.118242037775266,0.126059825470064,0.134295129065098,0.142974580157871,0.152092171047206,0.161667245841203,0.171694540377932,0.182184964181351,0.193136227200691,0.204546630843987,0.216418132256528,0.228734115163024,0.24150108837989,0.254683209280855,0.268291872497168,0.282267577116409,0.296626426169499,0.311281712399301,0.326252926292426,0.341420571497104,0.356807120467169,0.372255766200465,0.387789632979445,0.403208040028711,0.418532223980783,0.433514688607883,0.448177389074435,0.462218907752245,0.475659030335072,0.488141673990452,0.499697229806958,0.509911651549323,0.5188254828477,0.525973563775028,0.53141973513439,0.534695639300869,0.535842400752897,0.534448512931338,0.530543363856816,0.523801377553545,0.514277688891742,0.501761749712756,0.486368031157686,0.468030452034103,0.446956272618218,0.423261750352568,0.397261307285292,0.369260381481657,0.339678241268931,0.30899974580296,0.277711989645549,0.246420439946556,0.215613663274561,0.185921063512135,0.157745562369019,0.131631753690555,0.107816693991458,0.0866615185172103,0.0681895275239622,0.0525229306881713,0.0394847412551288,0.0289756321098751,0.0206817571109069,0.0143635910489681,0.00966782668974252,0.00630777512335335,0.00397378383193064,0.00241539961682505,0.00141322853969158,0.00079179345876769,0.000427073203600802,0.000217323745820208,0.000107735719158268,4.84663239501723e-05,2.24479046293051e-05,8.29135786524053e-06,3.96571071572047e-06,9.49394868443981e-07,0
2049074.68981585,0,2.98840387656634e-05,1.52849043671155e-06,3.36052822964124e-05,5.28230887228392e-06,3.77741422953975e-05,6.10827699737908e-06,4.63889556935484e-05,8.91884509788766e-06,4.89161804635022e-05,2.11917866580661e-05,4.66644262257473e-05,3.56792521312826e-05,4.79361085291456e-05,4.75310638109977e-05,5.42245732041264e-05,5.80889577302573e-05,6.38050658722732e-05,6.93917149520956e-05,7.5698589418688e-05,8.24630671673606e-05,8.98274600130707e-05,9.78161320881708e-05,0.000106474553152796,0.000115871817368004,0.00012604002402364,0.000137070166560942,0.000149000082965372,0.000161930997913937,0.000175895869377502,0.000191026552807351,0.000207350915940248,0.000225020571481713,0.000244077927037614,0.000264678741285822,0.000286882982247441,0.000310853223359349,0.000336675519333845,0.000364525397589176,0.000394506636944853,0.000426807014119633,0.000461550171713456,0.000498939557594316,0.000539128844516058,0.000582334068612059,0.000628737707752804,0.000678575987240221,0.000732069928748471,0.000789465133588668,0.000851025114976867,0.000917006327772106,0.0009877265464123,0.00106345526759163,0.00114457661340342,0.00123136815893508,0.00132428574319684,0.00142360394588284,0.00152987091661837,0.00164337113014534,0.00176476618004246,0.00189434257927603,0.00203289684535052,0.00218069705246546,0.00233868820000376,0.00250712700745131,0.00268714525540292,0.00287900861702536,0.00308406239688915,0.00330249600880524,0.00353594567498562,0.00378466149598302,0.0040504901239576,0.00433357015214855,0.00463629253218176,0.00495868179108192,0.0053034240935315,0.00567079220307826,0.00606355552773724,0.00648246847646809,0.00693029296344992,0.00740825674688172,0.00791929044129768,0.00846511178625126,0.00904884839459468,0.00967272201087719,0.0103401741255119,0.0110540130049801,0.011817959653197,0.01263549860463,0.0135107612686501,0.0144480627124784,0.0154518401714107,0.0165273421254353,0.0176793815208582,0.0189144430620709,0.0202376884971064,0.0216569201610908,0.023177627654239,0.0248092395130654,0.0265573464061583,0.0284332939505354,0.0304427910970723,0.0325993912325453,0.0349085711914295,0.0373864693854987,0.0400379853359101,0.0428826873080025,0.0459243197162179,0.0491855345764404,0.0526682225738265,0.0563997456966783,0.0603790574335179,0.0646383575322483,0.0691740344268231,0.0740218661830128,0.0791744022530739,0.084671539319427,0.0905036149045393,0.0967095796454321,0.103280583178674,0.110253115389794,0.117618953157834,0.125410801692185,0.133621698894104,0.142278355570646,0.151374914079929,0.160930969383432,0.17094132403614,0.181416947659445,0.192355395499113,0.203755137700573,0.215617629195223,0.227926358523969,0.240687305626478,0.253864540991148,0.267468861840353,0.281440675856091,0.295795405415615,0.310446312281214,0.32541231070889,0.340573721477774,0.355952549944454,0.371391885214329,0.386914739955004,0.402320131309207,0.417629275389587,0.432594490549258,0.447237808587081,0.461257825879684,0.474674409413314,0.487131910382729,0.498660490516575,0.508846991529515,0.51773153513415,0.524850103919085,0.530266546080609,0.533513286141419,0.534631717265615,0.533211505150632,0.52928204660762,0.522519089629167,0.512977804342033,0.500449222888223,0.485048087005584,0.466709609566894,0.445641451255713,0.421961112372885,0.395983485040589,0.368014564354341,0.338473850489513,0.307846287224367,0.276618748933603,0.245395769775691,0.214665314512125,0.185055212454311,0.156966619311231,0.130942037187579,0.107216450556285,0.0861492531463741,0.0677608563615947,0.0521720542567148,0.0392039132794693,0.0287565622298513,0.020515169862372,0.0142405638138856,0.00957961966821529,0.00624638738404767,0.00393249935077603,0.00238858396234889,0.00139655261199217,0.000781767580599581,0.000421388411575254,0.00021419600240417,0.000106142279293795,4.76803448350192e-05,2.20863965703614e-05,8.14092744760339e-06,3.90128522704264e-06,9.15333096944743e-07,0
2097046.40132323,0,2.8726941340704e-05,1.48473357725344e-06,3.23037533381962e-05,5.10795030323595e-06,3.63255928843033e-05,5.92327638757732e-06,4.46076956727133e-05,8.6688085470356e-06,4.70507705648539e-05,2.04936611187362e-05,4.49367292766699e-05,3.44422178698136e-05,4.62237945059193e-05,4.58783187589551e-05,5.23397233389281e-05,5.60968157624097e-05,6.16352934233827e-05,6.70576577995709e-05,7.31790761399484e-05,7.97489205509837e-05,8.69046742221921e-05,9.46711005142528e-05,0.000103093130435071,0.000112238661275462,0.000122139986254563,0.000132886496177969,0.000144516389396742,0.000157129260477924,0.000170758838726573,0.000185534890840229,0.000201486544528297,0.000218763124943762,0.000237408325608772,0.000257576196136446,0.000279327879997314,0.000302824572987423,0.000328153315283545,0.000355488795270029,0.000384935872373405,0.000416681827766884,0.000450851542001536,0.000487648488260006,0.000527227603552879,0.000569805481291406,0.000615565928450801,0.000664746422957407,0.000717569652620716,0.000774282976549211,0.000835150943133162,0.000900432428795135,0.000970446627164427,0.00104546628004761,0.00112587661888235,0.00121195911616915,0.00130417032612978,0.00140278885003477,0.00150836320923495,0.00162118234534584,0.00174190731630012,0.00187082937376433,0.00200874504309839,0.00215592638489223,0.00231331616574849,0.00248117346461196,0.00266062778219294,0.00285194762940461,0.00305647481583171,0.00327439433501939,0.00350733975901305,0.0037555608128098,0.0040208980774797,0.00430347460344058,0.00460567804174625,0.00492752037937138,0.00527168119159284,0.00563840689000535,0.0060304681833348,0.0064485969562227,0.00689553873701769,0.00737248335400027,0.00788235078976367,0.00842682917134363,0.0090090292345361,0.00963112927284969,0.0102965509050882,0.0110080588699977,0.0117693371995995,0.0125838233750905,0.0134556162404211,0.0143889849670057,0.015388325587539,0.0164588230186937,0.0176052298664285,0.018833993759412,0.0201502358917173,0.021561672899507,0.0230737199687048,0.0246957641305765,0.026433357197841,0.0282977582787867,0.0302946281286295,0.032437454689409,0.0347316837631607,0.0371933689534277,0.0398274391194107,0.0426533642185033,0.0456749467578181,0.0489147377815083,0.0523747874715018,0.0560823330880821,0.0600365764415217,0.0642695650922225,0.0687780458662274,0.0735977037898138,0.0787214708504661,0.0841891768420044,0.0899916259643328,0.0961678614241349,0.102709373792271,0.109652750280091,0.116990298781314,0.124754839871669,0.132939748645997,0.141571879740982,0.15064576428192,0.160181121283036,0.170172799934893,0.180631978322727,0.191556084178667,0.20294371339341,0.214796042460377,0.227096574518561,0.239850809852447,0.253022821221464,0.266622814512799,0.280591088735167,0.294942386939237,0.309589904040645,0.324551892936913,0.339708658555571,0.355081478914496,0.370513546105527,0.386027274373706,0.401421938578851,0.41671814111832,0.43166871137312,0.446295105815069,0.460296365626028,0.473691872457245,0.486126522230105,0.497630149390408,0.507790209839978,0.516646663695025,0.523736076805423,0.529122732198523,0.532339062554137,0.533427552332377,0.53197852528275,0.528022162381317,0.521235232287151,0.511673695003443,0.49912994154579,0.483719423258651,0.465378286288755,0.444314989645859,0.420647965566085,0.394692950880496,0.366755950419161,0.337257085321929,0.306680944903074,0.275514552860869,0.244361416363052,0.213708546346072,0.184182179450046,0.156181805145594,0.130248209505182,0.106613764604529,0.0856356948297545,0.0673318633413345,0.0518219013780864,0.0389247884541903,0.0285399822315115,0.0203517507183607,0.0141208898757103,0.00949463413026456,0.0061880106166554,0.0038939330407679,0.00236398508051773,0.00138156652246128,0.00077295065182899,0.000416494139050578,0.000211555153570553,0.000104821272423673,4.70401707772216e-05,2.17930932162369e-05,8.02373871309753e-06,3.84951675268817e-06,8.87919673794482e-07,0
2146141.19785841,0,2.76150669027635e-05,1.43906760844379e-06,3.1048360331482e-05,4.94522916109804e-06,3.49296068952437e-05,5.73134278278355e-06,4.29072565495342e-05,8.4128603764914e-06,4.52507852729077e-05,1.98248085249421e-05,4.32538343637519e-05,3.32545864201272e-05,4.4556721521305e-05,4.42802773696728e-05,5.05080274649523e-05,5.41632481008914e-05,5.95259333083666e-05,6.4787498156698e-05,7.07262241037294e-05,7.71043986630558e-05,8.40543328634619e-05,9.16012636576334e-05,9.97894261490454e-05,0.000108685550051973,0.000118322014323356,0.00012878661062583,0.000140117786345351,0.000152413434655989,0.000165707872153858,0.000180128758784263,0.000195706425978841,0.000212587871731736,0.000230817864690108,0.000250548600305578,0.000271842258485893,0.000294858494208567,0.000319685111486769,0.00034649580808038,0.000375396554997299,0.000406573993109335,0.000440153948795501,0.000476339593693956,0.000515287001130872,0.000557213222587427,0.000602303323517806,0.000650795647795621,0.000702914065848611,0.000758907661741232,0.000819042459112722,0.000883579613264595,0.000952839446869604,0.00102709800054027,0.00110674163827451,0.00119205562186471,0.0012834974655996,0.00138135018406982,0.00148616230905041,0.00159822736940838,0.00171820707881917,0.0018463984206643,0.00198359671234537,0.00213007813933,0.002286784728736,0.00245398064552422,0.00263279225732383,0.00282348875941285,0.00302741001308442,0.00324474407632825,0.0034771193996088,0.00372477956220674,0.00398956103981125,0.00427158379852399,0.00457322993358783,0.00489449469779025,0.00523805552793236,0.00560413970114729,0.00599550796260542,0.00641286794998592,0.00685895801873975,0.00733493876934045,0.00784371495784203,0.00838694006471076,0.00896770638216993,0.00958815171992713,0.010251674345186,0.0109609977313486,0.0117197767946846,0.0125313986383261,0.0133999255147839,0.0143295766119227,0.015324698061869,0.0163904294597813,0.0175314782177169,0.0187542220668473,0.0200637178413729,0.0214676351226218,0.0229713335298637,0.0245841199009178,0.0263114868458666,0.0281646311757199,0.0301491622758722,0.0322784817846324,0.0345580204798294,0.0370037288779046,0.0396205440682894,0.0424278375568789,0.0454294759258373,0.0486479048125328,0.0520853012474271,0.0557687538834166,0.0596977196171421,0.0639041020720026,0.0683849429571199,0.0731758125454079,0.0782700569473876,0.0837074606836263,0.0894791729287412,0.0956243673777793,0.102134914380457,0.109047551101518,0.116354968291284,0.124090142533091,0.132246929161251,0.140852275001164,0.149901106131914,0.159413261150892,0.169383803944757,0.179824032472932,0.190731406660144,0.202104670627794,0.213944656664008,0.226235077547348,0.238980819965957,0.252146149638423,0.265740463240077,0.279704075456916,0.294051058049506,0.30869443022954,0.323651861635404,0.338803497622178,0.354170035970585,0.369594535631611,0.38509901371615,0.400482649309298,0.415765855440923,0.430701484167472,0.44531090025931,0.459292989637916,0.472667335046118,0.48507904099913,0.49655790377429,0.506692043117884,0.515521005170573,0.522582483706761,0.527940751387815,0.53112889391455,0.532189876712174,0.530714585706746,0.52673420699001,0.519925874655201,0.510346717975821,0.497789270452864,0.4823708195571,0.464027980234776,0.442970825152308,0.419317608615548,0.393385319300209,0.365480298443138,0.336023553386714,0.305499247753903,0.274394470218931,0.243311716759856,0.212737479004455,0.183296286735277,0.155386066083168,0.129544926556545,0.106003037278318,0.0851156673977737,0.0668983849123994,0.0514687668201295,0.0386436591826622,0.0283218426872266,0.020186955474319,0.014000032100778,0.00940877987002104,0.0061289676594224,0.00385481356670472,0.00233898093259277,0.0013663049580027,0.00076395587698441,0.000411500451189015,0.000208862381875214,0.00010347347519951,4.63885491812649e-05,2.14916832249488e-05,7.9037259772074e-06,3.7934626986687e-06,8.59379736503937e-07,0
2196385.37241655,0,2.65282223874171e-05,1.39522132742513e-06,2.98344177290671e-05,4.77366376276267e-06,3.35625433751363e-05,5.563243563289e-06,4.12273814889654e-05,8.16203078885613e-06,4.35079007439893e-05,1.91414621587869e-05,4.1631453336454e-05,3.20692816727538e-05,4.29332847972914e-05,4.27037095003605e-05,4.87105418970542e-05,5.22601740469665e-05,5.74491599580908e-05,6.25509023691051e-05,6.83067642235269e-05,7.44943005362693e-05,8.12378873633321e-05,8.85652993321628e-05,9.65186890144257e-05,0.000105164256941065,0.000114534258328587,0.00012471458573255,0.00013574409172233,0.000147718571647589,0.000160673371937814,0.000174733368017924,0.000189930192174199,0.000206408268734508,0.000224213553498518,0.000243495974141832,0.000264318633901669,0.000286839600510708,0.000311147424905086,0.000337414416337677,0.000365747050868368,0.000396331230191724,0.000429293900244379,0.000464837599240589,0.00050311886730648,0.000544355027314901,0.000588732510696788,0.000636490264752017,0.00068785295374791,0.000743071026781757,0.000802411589301097,0.000866138132420407,0.000934572108318253,0.00100799252368779,0.00108678656990132,0.00117124327162203,0.00126182071615715,0.00135880649845075,0.00146274961575892,0.00157394876338765,0.00169306501119864,0.00182040106511244,0.00195675305194701,0.0021024034577838,0.00225829062498666,0.0024246819655588,0.00260270473109818,0.00279263627459791,0.00299580922561186,0.00321240880380486,0.00344406637265511,0.00369103067470024,0.00395512363340842,0.00423645558852101,0.00453741022575522,0.00485797460021122,0.00520081520804273,0.00556614066904769,0.00595671052574477,0.00637320986570619,0.00681836180860977,0.00729330038631284,0.00780091983152987,0.00834283458307953,0.00892211969375976,0.00954087992603509,0.0102024905315782,0.0109096281104956,0.0116659186477946,0.0124747027287942,0.0133400026415423,0.0142659848899117,0.015256959203532,0.0163180055039565,0.0174537726254266,0.018670594657824,0.0199734721390654,0.0213699956928095,0.0228654422327281,0.0244690703210004,0.0261863333844,0.0280283560238306,0.0300006716540833,0.0321165932956648,0.0343815044015214,0.036811302740567,0.0394109307206157,0.0421996445454395,0.0451813311691551,0.0483783314983994,0.0517929605163428,0.0554522005169177,0.0593556834886777,0.0635351652555902,0.0679879802137296,0.0727496197426666,0.0778137832663406,0.0832202008561099,0.0889604016930386,0.0950736502351489,0.101552181206093,0.108432840208298,0.115708786296203,0.123413162293393,0.1315402034769,0.140117074907103,0.149138947292151,0.158625932944301,0.168573377223745,0.178992716768778,0.189881232193702,0.201237931089792,0.213063515098141,0.225341778180493,0.238077153322396,0.251233939545468,0.264821040878765,0.278778781928388,0.293120436269663,0.30775914317298,0.322711779395099,0.3378583483616,0.353219036482387,0.368636634349968,0.384132928458627,0.399506766878662,0.414778371288958,0.429700523194224,0.444294262768726,0.458258717549683,0.471613251809026,0.484003528019563,0.495459139877728,0.505568637974737,0.514371753761154,0.521406358896548,0.526737833752698,0.529898744968799,0.530933518404982,0.529432839168577,0.525429364711493,0.518600196272747,0.509003915894798,0.496433384737467,0.481007522446858,0.462663380972315,0.441612274619937,0.417973177752094,0.392064236595999,0.364191934602242,0.334777879571468,0.304306099084818,0.273263540463807,0.242252060916724,0.211756953943846,0.182401402064762,0.154581348874283,0.128832982090623,0.105384140420696,0.0845879590940814,0.0664574086740831,0.0511084047216802,0.0383560270028298,0.0280980965472253,0.0200175886124286,0.0138754973224347,0.00932001829906567,0.00606763911335217,0.0038139839843459,0.00231274448438859,0.00135017290879718,0.00075439299546615,0.000406137928098872,0.00020595398718471,0.000102003123041039,4.56744049000047e-05,2.11609190075559e-05,7.77123300819812e-06,3.73230864850187e-06,8.2985924967986e-07,0
2247805.83354873,0,2.54896429929987e-05,1.35299152427742e-06,2.86661665785768e-05,4.6103798801076e-06,3.22601402893084e-05,5.38691270478203e-06,3.96240306834907e-05,7.91988698780723e-06,4.18264781425607e-05,1.84904061830769e-05,4.00645340022023e-05,3.09298962136606e-05,4.1367130647229e-05,4.11827687004223e-05,4.69757456793068e-05,5.04205460936849e-05,5.54422398923812e-05,6.03855860598461e-05,6.59645094291619e-05,7.19637493172664e-05,7.85060662645691e-05,8.56173217369497e-05,9.33402151850255e-05,0.000101739013225964,0.000110846083420839,0.00012074582615867,0.000131476801232645,0.000143133388032279,0.000155750890133106,0.000169452293222361,0.000184269846459504,0.000200345630164951,0.000217726210235639,0.000236559576067172,0.000256909369540423,0.000278931907092067,0.000302716243566472,0.000328433390259514,0.000356190501185441,0.000386172117767133,0.000418505615746319,0.000453393087520685,0.000490992192000086,0.000531519936814081,0.000575163043129066,0.000622160854368887,0.000672739368827604,0.000727150378190597,0.000785661945244822,0.000848539477897449,0.000916104966062727,0.000988640165442299,0.00106653341396455,0.00115007761500671,0.00123973139378839,0.00133578669418949,0.00143879253893762,0.00154905315802551,0.00166723038969054,0.0017936328925119,0.00192905508345769,0.00207378551067126,0.00222876254792841,0.00239426074998638,0.00257140374380422,0.00276047188836028,0.00296279719729922,0.00317857217341942,0.00340941918508156,0.00365558480443022,0.00391889259822347,0.00419945598514236,0.00449964571336105,0.00481943518375718,0.0051614911917694,0.0055260141052806,0.00591575138332681,0.00633136681391668,0.00677557674469512,0.00724948837881129,0.00775598365913756,0.00829664701620743,0.00887453281335004,0.00949170543850065,0.0101515221512749,0.0108566153258914,0.0116105752749813,0.0124166961870656,0.0132789713991524,0.0142015157493626,0.0151885804694024,0.0162451911652745,0.0173759600174897,0.0185871528083312,0.0198836865079097,0.0212731026983871,0.022760647890556,0.0243554926252428,0.0260629820832072,0.027894186322418,0.0298546105070794,0.0319574739042039,0.0342081065011537,0.0366223161072245,0.039205021652689,0.0419753863293166,0.0449373165297541,0.0481130808657851,0.0515050899680377,0.0551401289465382,0.0590180044683479,0.0631704413675327,0.0675950636405153,0.0723270922281558,0.0773605985870536,0.0827353462439095,0.0884432081327086,0.0945234603433066,0.100968747737207,0.107816094480044,0.115059086759801,0.122730874398913,0.130826171686438,0.139372417888543,0.148365259745624,0.157824830868312,0.167746691619877,0.178142568673281,0.189009962076656,0.200347881453029,0.212156855984412,0.224420893559026,0.237144130209844,0.250290831741613,0.263869287651419,0.277819951456628,0.292155336038634,0.306788549737928,0.321735629256945,0.336876733277409,0.352230985818659,0.367641481807949,0.38312901383582,0.398492750002959,0.413752280192931,0.428660611317259,0.443238456019432,0.457185024081588,0.47051956276658,0.48288807484954,0.494320226469188,0.504405161735471,0.513182754374071,0.520191619156338,0.525497533170675,0.52863369908502,0.529644705957658,0.52812235269909,0.524099091628985,0.517253190661865,0.507643215844077,0.495063405254596,0.479633112265437,0.461290601587436,0.4402477780851,0.416624540631818,0.390739189080893,0.362899324017974,0.333527309024526,0.303107157899301,0.272125704897703,0.241184402160628,0.210767722307686,0.181497419878689,0.153767342369619,0.128112120873883,0.104756991935909,0.0840528566235218,0.0660101692722103,0.0507430904919118,0.0380644510569147,0.0278711561382065,0.0198456900616443,0.0137489959397273,0.00922973308943905,0.00600520006926541,0.00377235103271839,0.00228596497930636,0.00133369877253426,0.000744601462195498,0.000400639702035489,0.000202968884628488,0.000100485606205032,4.49400890935618e-05,2.08170881374523e-05,7.63456470981519e-06,3.66804008018948e-06,8.00153397649208e-07,0
2300430.11977292,0,2.44765799088512e-05,1.30893626568359e-06,2.752736516526e-05,4.45060791575826e-06,3.09852989762043e-05,5.20977516348624e-06,3.80638772020326e-05,7.66782653267548e-06,4.0190021336749e-05,1.78413816865124e-05,3.85295974684062e-05,2.98073415064487e-05,3.98254712032913e-05,3.9684680945185e-05,4.52646815427513e-05,4.86055473488332e-05,5.34592577144313e-05,5.82456915259095e-05,6.36462081855671e-05,6.94580355476142e-05,7.57976558287524e-05,8.26921774802768e-05,9.01830547316615e-05,9.83333172773462e-05,0.000107175249318522,0.000116791437695686,0.000127220323906781,0.00013855454004508,0.000150829704750188,0.000164166290844274,0.00017859730646693,0.00019426224622631,0.00021120842902216,0.000229581442937891,0.000249445484526313,0.000270955026384704,0.000294199535203825,0.000319348243645608,0.000346508539869201,0.000375863745014624,0.000407541923164017,0.000441744254716725,0.000478628802859234,0.000518412180327119,0.000561281765230966,0.000607477156657139,0.000657225038459577,0.000710778010806526,0.00076840472849494,0.000830372461336887,0.000897003976157037,0.000968583766231554,0.00104550078405388,0.00112805150505928,0.00121669482070386,0.00131172740484368,0.00141369851985419,0.00152291781797727,0.00164004668647699,0.0017654003805074,0.00189977352449679,0.0020434620600793,0.00219740136490655,0.00236187240526615,0.00253799881024549,0.00272606890685729,0.00292740826535372,0.00314221377756776,0.00337210857750458,0.00361734488131835,0.00387973491904913,0.00415939038027174,0.00445868159387722,0.00477758005736475,0.00511874189117222,0.00548235439377049,0.00587116258903368,0.00628581386266426,0.0067290113455659,0.00720183815362249,0.00770716567337285,0.00824654710536506,0.00882302187075481,0.00943861813606681,0.0100966688287494,0.0107997628954171,0.0115514621685464,0.0123550098897612,0.0132143605608577,0.0141335804763128,0.0151168789258853,0.0161692188767896,0.017295152960821,0.018500891393178,0.0197912937123771,0.0211738274505321,0.0226536661787871,0.0242399204385805,0.025937874125258,0.027758512344362,0.0297072679980585,0.0317972748143884,0.0340338180685241,0.0364326344916384,0.0389986142401904,0.0417508044740913,0.0446931141373303,0.0478477216119292,0.0512171327136031,0.0548280050230521,0.0586802732204758,0.0628055242597272,0.0672016454167417,0.07190375867706,0.0769062267515912,0.0822487633170995,0.0879235951440515,0.0939700582009884,0.10038111705867,0.107193940824127,0.114402552197228,0.122040255361523,0.130102201980767,0.138615987078819,0.14757766587966,0.157007613397933,0.166901678341077,0.177271767395482,0.188115490144417,0.199432107767476,0.2112220801949,0.223469487998862,0.23617815260715,0.249312574978627,0.262880360118545,0.276822119354389,0.291149583894854,0.305776021200451,0.320716557992516,0.335851407929221,0.351198925735249,0.366602036937702,0.382081050658044,0.397435015689875,0.412683093825585,0.427578351391683,0.442140757326323,0.45607002682939,0.469384760322401,0.481732139520016,0.493141373968816,0.503202639319204,0.511955184180236,0.518938554645891,0.524218912147592,0.527329790895633,0.528316645008175,0.526771652820352,0.522727509823,0.515862808038004,0.50623644334445,0.493643854776457,0.478205328733997,0.459861664672449,0.438825885902943,0.415218745342873,0.389358526850422,0.361555396958029,0.332232267652745,0.301872390065203,0.270958829139053,0.240091863761281,0.209755676358749,0.180572904119934,0.152936330196767,0.127377947204499,0.104119473952765,0.0835090412524079,0.0655553596779492,0.0503717324216434,0.0377690096133404,0.0276422497554639,0.0196727079614028,0.0136216433751149,0.0091387791293594,0.00594235931846319,0.00373061132170422,0.00225930856013242,0.00131748077508778,0.000735018713787307,0.000395220497508495,0.000199998840816928,9.89796778084468e-05,4.42146056447201e-05,2.04768269557917e-05,7.49808333638081e-06,3.60397677832507e-06,7.74520202184127e-07,0
2354286.41432242,0,2.34968038604269e-05,1.26608959209437e-06,2.6427421998023e-05,4.29328504774986e-06,2.97519085224371e-05,5.03899941238557e-06,3.65514534641037e-05,7.42286184438619e-06,3.86048962958456e-05,1.72090973098924e-05,3.70433157167913e-05,2.87133885339241e-05,3.83313594856152e-05,3.8226348240139e-05,4.36017736876183e-05,4.68394175086386e-05,5.1528903022149e-05,5.61610323735712e-05,6.13869088346047e-05,6.70140416645466e-05,7.31545013656039e-05,7.98355314770484e-05,8.70974624385548e-05,9.50024684515715e-05,0.000103582253594266,0.000112917810273416,0.000123047347163416,0.000134061600796803,0.000145996421356009,0.000158969804106532,0.000173015373807544,0.000188270023003377,0.000204781578398412,0.000222693233657145,0.00024206961165237,0.000263063101670943,0.00028576330251366,0.000310337651250441,0.000336893742203077,0.000365613401292233,0.000396624953116055,0.000430128370412481,0.000466281960773462,0.000505301717384304,0.000547375327501998,0.000592742248159195,0.00064162969375822,0.000694290920086179,0.000750994787917122,0.000812010104286533,0.000877660472084551,0.000948232814116413,0.00102411607631356,0.00110561017736871,0.00119317449594775,0.00128711021560731,0.00138796638657277,0.00149605818350614,0.0016120468847372,0.00173625437372745,0.00186947422974471,0.00201200988900288,0.00216479585484253,0.00232812088541947,0.00250310585836785,0.00269004672712617,0.00289026698945195,0.00310397054816043,0.00333277522211551,0.0035769393188363,0.00383827154891806,0.00411688652287392,0.00441514562059232,0.00473301813440004,0.00507315473460487,0.00543573495908032,0.00582349775124684,0.00623707812942598,0.00667916835940235,0.00715082648642197,0.00765491350023624,0.00819295850498804,0.00876798344788971,0.00938197633764088,0.0100382537211776,0.0107393668316218,0.0114888450719798,0.0122898795271923,0.0131463898242289,0.0140623911042811,0.0150420489458533,0.0160902658017962,0.0172115379202853,0.0184120154982366,0.0196964962473796,0.021072377954193,0.0225447579129575,0.0241226726687687,0.0258113383294145,0.027621670582711,0.0295590205349261,0.0316364417436297,0.0338591553057706,0.0362428045907333,0.0387922447764099,0.0415264358321591,0.0444492762057945,0.0475828293954318,0.050929666030022,0.0545163331908252,0.0583429145313388,0.0624408237545661,0.0668081760469703,0.0714800131652704,0.0764509966070758,0.0817607631808325,0.0874018371359849,0.0934136925514572,0.0997896312901243,0.106566896839648,0.113739952427461,0.121342283530774,0.129369488979095,0.137849321232208,0.146778283711903,0.15617701522425,0.166041647029085,0.176384338945675,0.187202809465149,0.198496644538287,0.210266140290498,0.222495703669374,0.23518875512693,0.248310084117242,0.261866676709342,0.275799330142592,0.290119089829596,0.304739195540256,0.319674152676837,0.334804093560331,0.35014667624038,0.365544788545919,0.38101820344074,0.396365922303996,0.411606589735374,0.426493294854807,0.441045795870759,0.454963622484648,0.468265374792358,0.480597764015846,0.49198991776368,0.502031758628189,0.510762870808837,0.517723028836619,0.522978771115839,0.526063400830292,0.527023238566846,0.525451384681805,0.521382122777383,0.514494922173222,0.50485056865321,0.492244941657273,0.476800053016313,0.458455679914422,0.4374260884529,0.413833249918982,0.387997282051608,0.3602268343132,0.330944822541778,0.300635345639371,0.26978453571679,0.238992392922238,0.208741099470849,0.179649271464028,0.15210680570146,0.12664432330694,0.103482389615611,0.0829672733838163,0.0651039603563999,0.050003331539074,0.0374747192722658,0.0274131110978203,0.0194995867930309,0.013495014470624,0.00904903468716517,0.00588057522515009,0.00368957508705553,0.00223289518831803,0.00130115023191086,0.000725355271402194,0.000389878921349416,0.000197157648815954,9.75495007544163e-05,4.35293618816833e-05,2.01578147421206e-05,7.37776540445389e-06,3.54381681246068e-06,7.45221585178541e-07,0
2409403.56023953,0,2.25569730020534e-05,1.22532273376516e-06,2.53719965727386e-05,4.13925726233815e-06,2.85702699557579e-05,4.87228060888787e-06,3.50989119401655e-05,7.18389500741728e-06,3.70831901894273e-05,1.65963181559392e-05,3.56123998377654e-05,2.76594645621967e-05,3.68877284347622e-05,3.68202614888192e-05,4.19944028178143e-05,4.51323236532402e-05,4.96617485969475e-05,5.41427711112602e-05,5.91982076699637e-05,6.46442498192806e-05,7.05898120037434e-05,7.70610822058255e-05,8.40982825736012e-05,9.17617154116091e-05,0.000100083205463795,0.000109141663097518,0.000118975260687284,0.000129672713651175,0.000141269993502391,0.000153882549363558,0.000167544557808613,0.000182390134900747,0.000198467510367892,0.000215917467828258,0.000234804844776125,0.000255279843638517,0.000277432010124738,0.000301426726104807,0.000327371741695667,0.000355447274240302,0.000385781638068533,0.000418573277861936,0.000453980465211806,0.00049221850737526,0.000533475492554714,0.000577990263453258,0.000625989921200809,0.000677728182820613,0.000733474218014411,0.000793497930771027,0.000858123144949753,0.00092763899679601,0.0010024342683564,0.00108281191584767,0.00116923164590744,0.00126199921855521,0.00136166301930316,0.00146854363465929,0.00158330236638439,0.00170626811391898,0.00183823274694185,0.00197950678133946,0.00213102415776184,0.00229308377449674,0.00246680236033175,0.00265248198897205,0.00285144552167038,0.00306390990102281,0.00329148620008757,0.0035344355027606,0.00379456239019853,0.00407199024139875,0.00436907322324304,0.0046857824190543,0.00502475890047127,0.00538617716706449,0.00577277244766045,0.00618517265893282,0.00662605592225629,0.00709645801946198,0.00759923318339357,0.0081358881473671,0.00870942765663669,0.00932180518453197,0.00997631665931548,0.0106754742517544,0.0114227779906517,0.0122213691314177,0.0130751326476489,0.0139880340770598,0.0149641970120265,0.0160084601767114,0.0171252596211339,0.0183206868807035,0.0195994850648644,0.0209689721445579,0.0224341597896859,0.0240040269046978,0.0256837261188893,0.0274840836605145,0.029410364698223,0.0314755384744516,0.0336847646393394,0.0360536061025119,0.0385868627061853,0.0413033854127897,0.0442070704888045,0.0473198652072647,0.0506443806227081,0.0542070812092669,0.0580081339416916,0.0620787676238877,0.0664173394729385,0.0710588286298565,0.0759981259515097,0.0812747711870425,0.0868815650904601,0.0928581367269659,0.0991981289501603,0.105938764494755,0.113074969390836,0.120640473431093,0.128631277033702,0.13707519418366,0.1459692670355,0.155334490946805,0.165167203246137,0.175479764633668,0.186270138884187,0.197538285920686,0.209284449733836,0.22149316826359,0.234167712270723,0.247273085930177,0.260815742010586,0.274736694756816,0.289046263399353,0.303657884160908,0.318585218717239,0.333708476566889,0.349044432531776,0.364436082705464,0.379902448915205,0.395242466963818,0.410474340629829,0.4253509867455,0.439891918332145,0.453796562058127,0.467083254128976,0.479399039945106,0.49077265304941,0.500794802448768,0.509504494593986,0.516442477873019,0.521675439378376,0.524736936557589,0.525674197592752,0.524080567400576,0.51999158526976,0.513086828444932,0.50342850208806,0.490812971654763,0.475363759150515,0.457021308600408,0.436001047200793,0.412425512255023,0.386615844185686,0.358880943840879,0.329644672523857,0.299390714907023,0.268605434456646,0.237887699049821,0.207719016769,0.178716398278409,0.151268021692824,0.125902203506411,0.102837123278721,0.0824169252489494,0.0646441204525779,0.0496276474376161,0.0371748533593157,0.0271797542924798,0.019322828038911,0.0133649151545143,0.00895625422110441,0.00581643101080814,0.00364682157051745,0.00220537803130835,0.00128420158092755,0.000715293584578763,0.000384215290639727,0.000194085791425242,9.59836664982311e-05,4.27744680629972e-05,1.97997091558319e-05,7.23806302545689e-06,3.47459568110391e-06,7.16559036641678e-07,0
2465811.0758226,0,2.16454911305539e-05,1.18443897998128e-06,2.43466431244088e-05,3.98844349753809e-06,2.74241230477029e-05,4.70394678713473e-06,3.3689363087985e-05,6.94683719732118e-06,3.56017110675298e-05,1.59943850339742e-05,3.421915202463e-05,2.66238165468648e-05,3.54798767671496e-05,3.54402222828221e-05,4.04215474283373e-05,4.34576338157048e-05,4.78300458622238e-05,5.21611357844822e-05,5.70475961068992e-05,6.23142070191255e-05,6.80659392366534e-05,7.4328840263332e-05,8.11423645150903e-05,8.85653754480043e-05,9.66294134412549e-05,0.000105411441533562,0.000114949353234685,0.000125329959591808,0.000136589286942103,0.000148840158091525,0.000162117117944157,0.000176551480098579,0.000192191813949979,0.000209176275238196,0.000227569848155286,0.000247520338601573,0.000269117139760059,0.00029252357384966,0.000317847121432127,0.000345266034365377,0.000374908667967984,0.00040697196047339,0.00044161388842497,0.00047904837212799,0.000519463308942506,0.000563097051059136,0.000610176746069247,0.000660956066243713,0.000715703967159719,0.000774691202730418,0.000838241295811838,0.000906645081983374,0.000980291535355902,0.00105948710522591,0.00114469074682559,0.00123621140991478,0.00133459720422505,0.00144017535367563,0.00155360624253241,0.00167522435224083,0.00180582064230731,0.0019457150960535,0.00209583929537843,0.0022564991690548,0.00242881006525557,0.00261308676642248,0.00281064722381922,0.00302171469699484,0.00324789726383207,0.00348946869487161,0.00374822828050764,0.00402430510393971,0.00432004251464707,0.0046354168397093,0.00497306821514709,0.0053331740443013,0.00571845306559652,0.0061295179586392,0.00656904751723914,0.00703807133184639,0.00753942741369806,0.00807458983684677,0.0086465538009925,0.00925725051998928,0.00990995435469445,0.0106071292553686,0.0113522477722757,0.012148417270568,0.0129994931113529,0.0139093762976508,0.0148821339854327,0.0159225616409911,0.0170350603413227,0.0182256363469279,0.0194989400421899,0.0208622380415049,0.0223205117740647,0.0238826372893466,0.0255536441342047,0.0273443079497102,0.029259847731148,0.0313131153292425,0.0335091684161735,0.0358635082479035,0.038380880259988,0.0410800426406783,0.0439648290846783,0.0470570879995392,0.0503594814569401,0.0538983120030467,0.0576738265774935,0.0617172028020589,0.0660269358615743,0.0706377781683249,0.0755449138122272,0.0807879488808401,0.0863598807679988,0.0923002796827268,0.0986031078809894,0.105305920153661,0.112403945318122,0.119930805819462,0.127883095534782,0.136289122339831,0.145146088157567,0.154475083927288,0.164272999575083,0.174552652268347,0.1853120540563,0.196551407569795,0.208270985765293,0.220455788763611,0.233108847226788,0.246195321954627,0.259721283377669,0.27362791569387,0.287924963465791,0.302525828683889,0.317443570797071,0.332558283237676,0.347886083343207,0.363269668163708,0.378727657213682,0.394058705814655,0.409280613048924,0.424146345595657,0.438674834828125,0.452565739175168,0.465836917044958,0.478136081167508,0.489491679739312,0.499494676901251,0.508184280194683,0.515101401252082,0.520313603002198,0.523354167943545,0.524271394715561,0.522658902753212,0.518552946926533,0.511633812879053,0.501964215557546,0.48934163572613,0.473890151907322,0.455551628603109,0.434541877051992,0.410984780720503,0.385202331189581,0.357504342991646,0.328314937250397,0.298118118847327,0.267399848533203,0.236758491187691,0.206674591630525,0.177764010093881,0.150412563102898,0.125146188557052,0.10218034232472,0.0818575252473707,0.0641773090141216,0.0492467165208075,0.0368711867460148,0.0269437526653931,0.0191443591323083,0.0132338156093349,0.00886303081277863,0.00575213907722472,0.00360409137483695,0.00217795188913672,0.00126737541011862,0.000705330911146712,0.000378635899847622,0.00019107826489031,9.44524451024418e-05,4.20422722037866e-05,1.94549325235926e-05,7.1046686122414e-06,3.4076957281707e-06,6.89967419714132e-07,0
2523539.17043477,0,2.07710694002495e-05,1.14468584073639e-06,2.33638332298947e-05,3.84293947064399e-06,2.63235449403963e-05,4.54253007234661e-06,3.23359400823256e-05,6.71754040921987e-06,3.41794797028974e-05,1.54141171007493e-05,3.28800294353935e-05,2.56267320312695e-05,3.41250953092869e-05,3.41109426419302e-05,3.89062643535318e-05,4.184307295512e-05,4.60632849277824e-05,5.02485478918635e-05,5.4970619546424e-05,6.00624376537553e-05,6.56252917129811e-05,7.16848611454583e-05,7.82797591678155e-05,8.54673914533031e-05,9.32790544510051e-05,0.000101789849900472,0.000111037203900964,0.000121105946178209,0.000132032168492286,0.000143926047665155,0.000156822326008862,0.000170849519777553,0.000186056422948054,0.000202578463958586,0.000220480485402072,0.000239907923772963,0.000260949883985907,0.000283767342738088,0.000308467608931151,0.000335226901781819,0.000364172881568294,0.000395500438215966,0.000429367624583584,0.000465987276830961,0.000505546259322217,0.000548281552121633,0.000594420533131329,0.000644216664929951,0.000697938056959981,0.000755856287239305,0.000818294783012953,0.000885545350102904,0.000957995948169489,0.00103595585368471,0.00111988383064553,0.00121009307226604,0.00130713045142663,0.00141132734951853,0.0015233435169603,0.00164352164304968,0.00177265013769155,0.00191105577406668,0.00205966988897627,0.0022188082948419,0.00238957983519398,0.00257230960287537,0.00276831825996511,0.0029778399319882,0.00320246873099439,0.00344248849079618,0.00369970262226473,0.00397425257041892,0.0042684647318093,0.00458232078677787,0.00491846069754258,0.00527706691533533,0.00566083925947242,0.00607038561090146,0.00650839069201979,0.00697587248569053,0.00747564372634143,0.00800915575827288,0.00857940724742464,0.00918830101567332,0.0098390795711474,0.0105341805842489,0.011277066827803,0.012070778959144,0.0129191274930434,0.0138259905497638,0.0147953977021831,0.0158320610784909,0.016940326327843,0.0181261444614827,0.0193941161158084,0.0207514479545666,0.0222030145720072,0.023757581311792,0.0254201431758167,0.0272014231649513,0.0291064999451066,0.0311481302873288,0.0333313268876867,0.0356714966412813,0.0381733121604751,0.0408553905372241,0.043721518543713,0.0467935185515153,0.050074054635022,0.0535891966366673,0.0573393077686749,0.0613554928219191,0.0656363426623109,0.0702165008809333,0.0750913815157825,0.0803004632976732,0.0858369837595018,0.0917407834966062,0.0980060054718165,0.104670088156788,0.111728756677377,0.119216052033561,0.127128824957847,0.135495265805337,0.144313390035133,0.153604681314141,0.163366080883151,0.173610715826446,0.18433703148384,0.195545453602386,0.207236367707684,0.219395054883448,0.232024305054885,0.245089593810354,0.258596746383009,0.272487012142013,0.28676966182005,0.301358254769419,0.316265058136444,0.331370430224214,0.346689539317469,0.362065354238819,0.377515437045467,0.39283878489808,0.408052359382055,0.422909208864652,0.437427898072683,0.451307547743823,0.464566312954274,0.476850904069366,0.48819063506028,0.498175732201016,0.506846148187168,0.513742773800483,0.518933753988704,0.521952482128106,0.522847748064851,0.521214125137186,0.517088646371529,0.510152253166562,0.500468735446233,0.487836819859945,0.472381671218531,0.454046181803529,0.433046964365984,0.409509326904574,0.383755233178195,0.356095748683913,0.32695484455418,0.29681732021004,0.266168200232729,0.235605924368417,0.205609085177615,0.176792234812965,0.149539245315725,0.12437430153333,0.101510317492245,0.0812866919959072,0.0637007464024473,0.0488578203206969,0.0365615120766015,0.0267034707603967,0.0189631265344696,0.013100940759137,0.00876855374515382,0.00568702266151078,0.00356093255039475,0.00215033132878948,0.00125044580280667,0.000695351302587912,0.000373046084583311,0.00018807289548422,9.29264378762984e-05,4.13151445761826e-05,1.91104036052934e-05,6.97286442940413e-06,3.34096270378945e-06,6.63610664433301e-07,0
2582618.76068267,0,1.99232279753304e-05,1.10445484718973e-06,2.24116173454048e-05,3.7006685884257e-06,2.52537817263991e-05,4.38375470013178e-06,3.10239447517815e-05,6.48617432402188e-06,3.28027190087262e-05,1.48408085399219e-05,3.15791350612367e-05,2.4650512293682e-05,3.28036231337488e-05,3.28114057639556e-05,3.74251547308611e-05,4.02636065582209e-05,4.4334043478886e-05,4.8375591005554e-05,5.29352768928169e-05,5.78547983658851e-05,6.32307110419867e-05,6.90892618890711e-05,7.54676934412516e-05,8.24221998194854e-05,8.9983521006531e-05,9.82249274641614e-05,0.000107183535411416,0.000116942094223826,0.000127536413787517,0.00013907408733029,0.000151590144236566,0.000165210121158823,0.000179982721227904,0.000196040693043768,0.000213448810688072,0.000232349959449279,0.000252832740422917,0.000275055649662683,0.000299125373880551,0.000325215867907174,0.000353454541850803,0.000384034357027623,0.000417112202240893,0.000452899005500537,0.000491581637739482,0.000533396065873385,0.000578568380201595,0.000627351272259263,0.000680012484350923,0.000736823479421649,0.000798106494309427,0.00086415488540642,0.000935355980719195,0.00101202076695126,0.00109460668378576,0.001183430659762,0.00127903846710626,0.0013817664542798,0.00149227210128672,0.001610904061187,0.0017384501718968,0.00187524608242672,0.00202221848322626,0.00217969299397363,0.00234877964029606,0.00252981359948871,0.0027241038701837,0.00293189751990817,0.00315479510833962,0.00339309395956344,0.00364857860079705,0.00392139827114984,0.00421388363269726,0.00452603236565163,0.0048604614915059,0.00521735411572494,0.00559942027216491,0.00600727158875134,0.00644356737981059,0.00690930908146999,0.00740731897598028,0.00793903930310464,0.00850744080290641,0.00911439472329269,0.00976314331508235,0.0104560898973985,0.0111966581950853,0.0119878558233856,0.0128334721407161,0.0137373224769728,0.0147033937851768,0.0157363445370693,0.0168404685666166,0.0180216627886147,0.0192844579708694,0.0206359561140254,0.0220809690561973,0.0236282290408762,0.0252826272245631,0.0270547604258982,0.0289496517107843,0.0309799802210014,0.0331506414768016,0.035476931856079,0.0379634799323429,0.0406288194586214,0.0434766604890207,0.0465286620766029,0.0497874998632495,0.0532791903053673,0.0570040970738263,0.060993142533544,0.0652450812357801,0.0697944569856425,0.0746368112695993,0.0798116369023759,0.0853123633479711,0.0911788170075471,0.0974053847651569,0.10402975446446,0.111047989278126,0.118494099308507,0.126365416657075,0.134690520171469,0.143467735640625,0.152718673789719,0.162440872362355,0.172647761216557,0.183337950016057,0.194512374648026,0.206171412464358,0.218300735424413,0.230903128173977,0.243944349083122,0.257429774742851,0.271301057155404,0.285566920559275,0.300141040765174,0.315035063242687,0.330129341717014,0.345438275390035,0.360804931437349,0.376246122192319,0.391560728530372,0.406765090716016,0.421612085912487,0.436119884517273,0.449987492724123,0.463232702022117,0.475502711449111,0.486826224921728,0.496794078982401,0.505445578167995,0.512322407344344,0.517493308076299,0.520491736576179,0.521367148812511,0.51971462034183,0.515572076589847,0.508621034106363,0.498927106249423,0.486289011711475,0.470833391678756,0.452502870605951,0.431515964987811,0.407998750018714,0.382275179592168,0.354656552744598,0.325567056293974,0.295490805032157,0.264912946633085,0.234431556765982,0.204524473410473,0.175804324491027,0.148652196109758,0.123590220339192,0.100829323126198,0.0807071610238768,0.0632178847275002,0.0484643915246361,0.0362484655420386,0.0264605020201686,0.0187795847588681,0.0129663385883061,0.00867311404651675,0.00562143614816185,0.00351742246982827,0.00212244131096695,0.00123331632598299,0.0006852264384402,0.000367400187161971,0.000185043546881296,9.13829504461525e-05,4.05818309973926e-05,1.87595481631846e-05,6.84011678201636e-06,3.27405047413037e-06,6.37432501054413e-07,0
2643081.4869741,0,1.91073326140528e-05,1.06227813085207e-06,2.14871927402138e-05,3.57213407692645e-06,2.4222358381227e-05,4.21441613165802e-06,2.97708411334852e-05,6.26046840208019e-06,3.14599134758069e-05,1.42991327285756e-05,3.031152945703e-05,2.37055479664765e-05,3.15258112093634e-05,3.15469899291488e-05,3.59912416278103e-05,3.87279664248651e-05,4.26552423926138e-05,4.65545719015814e-05,5.09553790845686e-05,5.57064580382302e-05,6.0897975930361e-05,6.65599225182314e-05,7.27246327689434e-05,7.9450206349206e-05,8.67645289192385e-05,9.47405161903387e-05,0.000103413829476114,0.000112865787767716,0.000123131588481902,0.000134316448352957,0.000146455318223405,0.000159670852985266,0.000174011700818195,0.000189607852679066,0.000206523726881124,0.000224899432597643,0.00024482297913294,0.000266450406674115,0.000289887722171932,0.0003153064189964,0.000342833185802587,0.000372658652699072,0.000404938851275627,0.000439882777552527,0.000477676378497193,0.000518554095321832,0.000562740997605426,0.000610488751545292,0.000662064168561607,0.00071773847957309,0.000777832682907962,0.00084264101821699,0.000912549423899481,0.00098787038835322,0.00106906001507826,0.0011564386298942,0.00125055029169883,0.00135173581012929,0.00146065051161853,0.00157764946132012,0.00170351881362477,0.00183860233469867,0.00198382281195387,0.00213951498733624,0.00230678607660278,0.00248598337197029,0.00267841195919201,0.00288433093797186,0.00310533456941044,0.00334173417811454,0.00359530882158368,0.00386622219932457,0.00415679546548335,0.00446703708297838,0.00479955721995935,0.00515454931120028,0.00553471177084839,0.0059406594120739,0.00637504599941494,0.00683886558652638,0.00733493354765542,0.00786467755981152,0.00843105653597865,0.00903592006833931,0.00968249826970496,0.0103731647558366,0.0111113197458468,0.011899930264503,0.0127427569546615,0.0136435686238923,0.0146063123002267,0.015635590962109,0.0167356510790475,0.0179123227151413,0.0191700729328517,0.0205159310193951,0.0219546327254708,0.0234948297383384,0.0251413369448969,0.0269046613523081,0.028789726491996,0.0308091168209147,0.0329676405050899,0.0352804928084296,0.037752220964935,0.040401254482019,0.0432312204076669,0.0462636745258259,0.0495012777258217,0.052969899072188,0.0566699241343831,0.0606321646536135,0.0648554644379485,0.0693742251176453,0.0741841409470985,0.0793246777841157,0.084789420389593,0.0906182625796838,0.0968057897886392,0.103389795080743,0.110366694536637,0.117770614666986,0.125599296039498,0.13388151227247,0.142616044801334,0.151824779600344,0.161505667708716,0.171672458198258,0.182324004880563,0.193461680444356,0.205086028407365,0.217183122675865,0.229755625695164,0.242769737109018,0.256230536956063,0.270079943363802,0.28432622233016,0.298883291967305,0.313762197558482,0.32884337016677,0.344140501854944,0.359496545360772,0.374927828101778,0.39023303590569,0.405428043446723,0.420265604227963,0.434763265104035,0.448619902977211,0.461853113163163,0.474109914831791,0.485419042775296,0.495371216169173,0.50400626246388,0.510865695419981,0.516018912613171,0.518999326550553,0.519857278734105,0.518188758092424,0.514031956673836,0.507068975259986,0.49736569501461,0.484722108195512,0.46926645977083,0.450942779648942,0.429970392074492,0.406475760392034,0.38078334971986,0.353205252594105,0.324167277579163,0.294153475052551,0.263648177478754,0.233248455584545,0.203431349942907,0.174808628217222,0.147758919942453,0.122802449497967,0.100146616226314,0.0801264442359673,0.062733701420224,0.048069814553945,0.035934517622112,0.0262169577670495,0.0185960132806962,0.0128317786307941,0.00857734997731612,0.00555534088328175,0.00347363609380321,0.0020944598065806,0.00121617128879232,0.000675096272155442,0.000361724329488636,0.000181994618764171,8.98281708105393e-05,3.98470237867445e-05,1.84096403304868e-05,6.70659012944906e-06,3.20555143059754e-06,6.11804618472643e-07,0
2704959.73046314,0,1.83184143002876e-05,1.02791021004196e-06,2.06061383074438e-05,3.42856573295014e-06,2.32308882776633e-05,4.07266154312076e-06,2.85404805319054e-05,6.04181515170515e-06,3.01855866161729e-05,1.37511786392578e-05,2.91007915484331e-05,2.27918624038242e-05,3.02831661756611e-05,3.03328377130783e-05,3.45964762434384e-05,3.72457025123233e-05,4.10269028349311e-05,4.47901871984796e-05,4.90362095742328e-05,5.36209981283345e-05,5.86346788221158e-05,6.41021213437711e-05,7.00592930126916e-05,7.65592287178816e-05,8.36318973883859e-05,9.13466645119763e-05,9.97396598030047e-05,0.000108889495955231,0.000118831543435566,0.000129668035461712,0.000141434116991679,0.000154249395977778,0.000168162316797892,0.000183299950555473,0.000199726381563619,0.000217579016574068,0.000236945132392835,0.000257978009469019,0.000280782757347975,0.000305528322675114,0.00033234053386629,0.000361407477093004,0.000392883987218291,0.000426976960308449,0.000463871267772417,0.000503799423371807,0.000546985237097901,0.000593679018607784,0.000644146062951179,0.000698657052899254,0.000757531545421729,0.000821064055082525,0.000889638937067114,0.000963570097782417,0.0010433116445269,0.00112918657974388,0.00122173655266754,0.00132130632260102,0.00142854948508642,0.00154382761232561,0.0016679228558861,0.00180118598089953,0.00194453796685289,0.00209832401918409,0.00226364483528646,0.00244085769486651,0.00263126621926106,0.00283514572751092,0.00305407996944817,0.00328839010577388,0.0035398532643332,0.00380865306731588,0.00409709507145139,0.00440520225832022,0.00473558033214321,0.00508843363779418,0.00546644795955168,0.00587024532540555,0.00630247578654332,0.00676412719752713,0.00725800679271653,0.00778553460154289,0.00834966265242049,0.00895222212206004,0.00959642738599228,0.0102846254042057,0.0110201997810119,0.0118060778560526,0.0126459904128489,0.0135436624468833,0.0145030078412197,0.0155285763685112,0.0166245624278449,0.0177967251015816,0.0190494765559493,0.0203897857608664,0.0218223037899061,0.0233555822093797,0.0249943647751337,0.0267490861791939,0.0286245573902857,0.0306332599253282,0.0327799192756956,0.0350796303996702,0.0375368444672613,0.0401698678327655,0.0429822518229754,0.045995461750332,0.0492121076461136,0.0526579145125268,0.0563332762989767,0.0602689050543986,0.0644636477822681,0.068951817998447,0.0737292625583881,0.078835377752787,0.0842638344886024,0.0900546421647283,0.0962026244316796,0.102745572501771,0.109680240975938,0.117040924360357,0.124825764158409,0.133063650586968,0.141753833745877,0.15091856479874,0.160556046486844,0.17068044343697,0.181290963546826,0.192389340385758,0.203976265920612,0.216038306692623,0.228578027890721,0.241562052355833,0.254995277270984,0.268819980073308,0.283043855685172,0.297581351578909,0.312442562907018,0.327508435330939,0.342791723907773,0.358135517081687,0.373555338028736,0.388849929785999,0.404034617697656,0.418861826125954,0.433348928562423,0.447194123808197,0.460415107313023,0.472658410416158,0.483953161469035,0.493889536993716,0.50250767692634,0.509349224128043,0.514484310239199,0.517445891712688,0.518285872570156,0.51659996745956,0.512428400116003,0.505452968563282,0.495741388912512,0.483093919386207,0.467640142535731,0.449324775065454,0.428368449099071,0.404899006262662,0.379241296950937,0.351707748106265,0.322724157391807,0.292775516321697,0.262345741672281,0.232031565366834,0.202308137309561,0.173785627994426,0.146840769227302,0.121991617301604,0.0994434443453552,0.0795287012264159,0.0622358699828101,0.0476641518312013,0.035611600767655,0.0259664538236811,0.0184070663617595,0.0126934798956336,0.00847934492352956,0.00548787778897583,0.00342883635554378,0.00206579442560877,0.00119869955128306,0.000664837166684974,0.000355977673404975,0.00017890792689594,8.82598166698948e-05,3.91068594777236e-05,1.80575267133216e-05,6.57251331443219e-06,3.13604603028655e-06,5.88297847738142e-07,0
2768286.63039207,0,1.75628395875508e-05,9.91296748341685e-07,1.97574193673799e-05,3.29787671700306e-06,2.22775183934046e-05,3.92606927558687e-06,2.73688473317955e-05,5.82780193103846e-06,2.89543885387087e-05,1.32294335254091e-05,2.79321867481486e-05,2.19087028967692e-05,2.90894893081384e-05,2.91567008644094e-05,3.32534686622218e-05,3.58119629409738e-05,3.945417171838e-05,4.30840006814155e-05,4.71789087066557e-05,5.160256475989e-05,5.64413997944045e-05,6.17200369113406e-05,6.74734411718597e-05,7.37532304163461e-05,8.05888356404282e-05,8.80477883595075e-05,9.61656273620221e-05,0.000105018853928232,0.000114642466544637,0.000125136063749221,0.000136534734978074,0.000148954972649722,0.000162444918139125,0.000177128842887161,0.00019307031703015,0.000210403880259936,0.00022921591569428,0.0002496569290542,0.000271831008115062,0.000295904246051276,0.000322001409937337,0.00035030809641164,0.000380977908110243,0.000414215266892999,0.00045020355736018,0.000489172948183579,0.000531345533463025,0.000576970258112012,0.0006263110736264,0.000679637600796073,0.000737267142578725,0.000799494162630573,0.000866701250123596,0.0009392029838537,0.00101745069629926,0.00110177009797754,0.00119270089477201,0.00129059102338058,0.00139608958003684,0.00150956351405582,0.00163179411476972,0.00176314050968966,0.00190451529348779,0.00205627209220516,0.00221951393101797,0.00239461085325457,0.00258285052961757,0.00278451943426701,0.00300120826573107,0.00323325785720104,0.00348242379279719,0.00374890163647632,0.00403499798270224,0.00434075647580692,0.00466876052467314,0.00501923053869421,0.00539485608342251,0.00579626093561946,0.00622608112402512,0.006685312783873,0.00717675965856352,0.00770182493814599,0.00826345368301765,0.00886346698195902,0.00950507131562063,0.010190584394877,0.0109233649265322,0.0117063121210364,0.0125431401502105,0.01343753431427,0.0143933671908047,0.0154151172727695,0.0165069486640075,0.0176745915444242,0.0189223736832524,0.0202571429238862,0.0216835175857309,0.0232100053282046,0.0248412329555225,0.026587539613483,0.0284536723921133,0.0304519713585108,0.0325870381950765,0.034873914569005,0.037316996388891,0.0399344440287865,0.0427296447135377,0.0457239810436801,0.0489200933071547,0.0523435144818226,0.0559945242509558,0.0599038172538235,0.0640703614431043,0.0685281966473585,0.073273167525304,0.0783448539604763,0.0837370416644881,0.0894896065733166,0.0955974216429408,0.102098655936815,0.108990417591528,0.116306796215052,0.124046312868159,0.132238348985296,0.140882488248765,0.15000094501104,0.159592645223507,0.16967211477734,0.180238692083257,0.191294648855533,0.202840848817972,0.214864296533805,0.227367635634671,0.240317878693087,0.25371966171712,0.267515793365209,0.281713557879095,0.296227616085547,0.3110675632032,0.326114567723902,0.341380607172901,0.356708970270781,0.37211455312561,0.387395633889662,0.402567559971502,0.417382118552011,0.431856524219016,0.445688989609646,0.458896374681129,0.47112618122021,0.482406073403804,0.492327543484694,0.500929968790562,0.507755974356785,0.512875777649755,0.515822791217983,0.516648624287456,0.5149506905902,0.51076849368293,0.503785451856196,0.49406918534449,0.481421542687542,0.465972524829646,0.44766846796562,0.426730303719773,0.403287918552557,0.37766630351779,0.350179374591331,0.321252946205036,0.29137120643383,0.261018303506397,0.230790543931864,0.201162708930426,0.172742873217575,0.145905545831685,0.121166589475292,0.0987284126664182,0.0789205692660508,0.0617293189901537,0.0472518559083496,0.0352842783104175,0.025713103354347,0.0182163909791689,0.0125539341112608,0.00838045334366422,0.00542000645542331,0.00338398486861611,0.00203716656085235,0.00118118602696204,0.000654531959172689,0.000350220450121604,0.000175830276530332,8.66902274171631e-05,3.83690860324291e-05,1.77058308238337e-05,6.44017961722304e-06,3.06730818710449e-06,5.64421850237529e-07,0
2833096.10183932,0,1.68335745289984e-05,9.54467203314124e-07,1.89374436107213e-05,3.17208215507607e-06,2.13556426175924e-05,3.78034531225009e-06,2.62403294957838e-05,5.61429116159543e-06,2.77657806865724e-05,1.27203809798858e-05,2.6800817241166e-05,2.1049887526043e-05,2.79320739805828e-05,2.80131271095333e-05,3.19492731277888e-05,3.44175735389453e-05,3.79247235051097e-05,4.14235396316286e-05,4.53706402824476e-05,4.96363882493004e-05,5.4303828915778e-05,5.93971590361383e-05,6.49504153165572e-05,7.10137569703331e-05,7.76161011644625e-05,8.48230280314157e-05,9.2669525533282e-05,0.000101229999113678,0.000110539019035932,0.000120693491892647,0.000131728361729253,0.000143757091150617,0.000156827451806599,0.000171060761761753,0.000186519946120247,0.000203336663617143,0.000221596312386345,0.000241446461677947,0.000262990085026446,0.000286390356571091,0.000311770732538833,0.00033931405028194,0.000369172485707783,0.00040154781226451,0.000436621688956043,0.000474621823753242,0.000515768537405129,0.000560308824317896,0.000608504528288287,0.000660623963052101,0.000716982108837557,0.000777872575224003,0.000843675367760822,0.000914705979990692,0.000991413045665772,0.00107412368806733,0.00116337422534349,0.00125951626313529,0.0013631961154768,0.00147478491211018,0.00159505751130743,0.00172438100461531,0.00186366775301373,0.0020132799375791,0.00217430849477034,0.00234713576473057,0.0025330527319624,0.00273235876237171,0.00294662467024736,0.00317620740023193,0.00342286864673209,0.00368682008487683,0.0039703438611855,0.00427350729220787,0.00459889389306047,0.00494673669618244,0.00531970549365917,0.00571843450666298,0.00614556224005043,0.00660208715918277,0.00709080407621137,0.0076131150724828,0.00817195973202044,0.00876914501116908,0.00940786043765269,0.0100904050415379,0.0108201366767152,0.0115999232008968,0.0124334443878803,0.0133243395042277,0.0142764575492489,0.0152942566955292,0.0163818441741063,0.0175448348017051,0.0187875315239002,0.020116776555747,0.0215370744186416,0.0230568008584344,0.0246805469203195,0.0264185649310448,0.0282754743349218,0.0302635473092932,0.0323873038808306,0.034661626849534,0.0370907808902252,0.0396928681108289,0.0424712326078022,0.0454470483336581,0.0486228304403617,0.052024085146266,0.0556511450676603,0.059534381030106,0.0636727003785477,0.0681002489650146,0.0728130443378294,0.0778502658895486,0.0832057115233889,0.0889196858360752,0.0949872582693112,0.101446281512597,0.108294038533133,0.115565190233146,0.123258578105325,0.131403358177477,0.139999701730735,0.149070381826164,0.158614436013054,0.168646810479356,0.179167170703762,0.190178259325424,0.201681198773488,0.213663476876359,0.226127702817841,0.239041477501254,0.252409357202289,0.266174435886642,0.28034377652678,0.294832393564603,0.309649425580571,0.32467624914905,0.339924209745858,0.355236769466704,0.370628030899872,0.385896669450783,0.401056671093353,0.415860424671224,0.430324086566439,0.444145708221372,0.457341862635058,0.469559363600431,0.480826697952407,0.490734014728344,0.49932202805953,0.506132190513697,0.511236658133695,0.514167599564811,0.514978478958755,0.513266185310947,0.509071924091105,0.502079274904386,0.492357298282699,0.479708685379047,0.464264509812176,0.445971437620004,0.425051803131811,0.401636161529072,0.376051440698991,0.348611763382462,0.319743697987482,0.289931587352097,0.259658584316444,0.229521202633577,0.199992443137991,0.171678991334775,0.1449523120517,0.120326311455455,0.0980009389029218,0.0783030869495886,0.0612158937374599,0.0468341888276644,0.0349526886682344,0.0254564393791673,0.0180233278347889,0.0124128996391274,0.00828071652655187,0.00535155749902968,0.00333875925945889,0.00200831840332183,0.00116355173842012,0.000644171000523673,0.000344433445513355,0.000172740318626307,8.51236558189657e-05,3.7635941822872e-05,1.73540073356205e-05,6.30776539574054e-06,2.99696425707313e-06,5.41363891330936e-07,0
2899422.85388288,0,1.61353389881375e-05,9.19230258069781e-07,1.81517239331777e-05,3.05099374007142e-06,2.04742686637458e-05,3.64006057763719e-06,2.51551154979271e-05,5.41449457316369e-06,2.66236157069587e-05,1.22302394903077e-05,2.57170624304432e-05,2.02233707556132e-05,2.68220451895323e-05,2.69108347984381e-05,3.06974554262676e-05,3.30752954833533e-05,3.64520591396577e-05,3.98245062997662e-05,4.36286021956213e-05,4.7740512018322e-05,5.22417480994291e-05,5.71554579773248e-05,6.25136319266183e-05,6.83665218453591e-05,7.47419272991684e-05,8.17031698042379e-05,8.92848547596394e-05,9.75595874063253e-05,0.000106561080529154,0.000116383752388241,0.000127062309567511,0.000138707120009592,0.00015136554067307,0.000165155909807108,0.000180140385299818,0.00019644769712997,0.000214162097187459,0.00023342817731241,0.000254347659411875,0.000277080790727199,0.000301749619844681,0.000328533878451538,0.000357583916631204,0.000389098729916577,0.000423258208532265,0.000460287446095206,0.00050040467881685,0.000543854530146993,0.000590896318386086,0.000641796704290584,0.000696868410002478,0.000756404249611723,0.000820780873262998,0.000890313429553118,0.000965447458155116,0.00104651122697941,0.00113403718163821,0.0012283798565448,0.00133018150398841,0.00143981790358514,0.00155806001367222,0.00168528086385817,0.00182238554859931,0.00196974589395346,0.00212844960089537,0.00229888868243008,0.00248234376025032,0.0026791305022908,0.00289081583765514,0.00311777045183546,0.00336174214099531,0.00362296387857738,0.00390371052620523,0.00420406699480948,0.00452659896475603,0.00487155876038328,0.00524161174147332,0.0056374072169388,0.00606157241818587,0.00651510658588639,0.00700080335259901,0.0075200652684865,0.00807582300234029,0.00866987413527182,0.00930541002797691,0.00998471440459542,0.010711116567776,0.0114874556699285,0.0123174052227935,0.0132045773829536,0.0141527856371105,0.0151664231825613,0.0162495693134797,0.0174078084120934,0.0186453764025446,0.0199690062976574,0.0213831611972357,0.0228961613970451,0.0245125023573,0.0262423325476313,0.0280901905616389,0.0300682293515196,0.0321808602498336,0.0344428890151814,0.0368584816209391,0.0394455797033387,0.0422074049185204,0.0451650537564731,0.0483209924090552,0.0517005236422454,0.0553038802662447,0.0591613732521915,0.0632719794437165,0.067669575765969,0.0723501452825068,0.0773529879820172,0.0826719938745674,0.0883473279005627,0.0943740818437518,0.100790401667669,0.10759389464178,0.114819031492733,0.122465009028232,0.130561335091481,0.139108606009808,0.148129661164976,0.157624044019222,0.167607014781339,0.178078705289686,0.189042277685301,0.200499020109881,0.212436948222067,0.224858833826218,0.237732754904213,0.251063030715054,0.264793448658259,0.278930655671357,0.293390093578075,0.308180538361606,0.323183473417308,0.338409775570805,0.35370289775968,0.369076449149915,0.384329237009542,0.399474485380399,0.414264784961639,0.42871550423624,0.442524796105781,0.455708849039715,0.467914173585147,0.479169105214611,0.489064011403511,0.497638876991711,0.504435800115929,0.509526984191219,0.512444969187288,0.513243244270987,0.511519249758759,0.507314863188534,0.500314450796992,0.490588545173358,0.477940244873626,0.462501460896023,0.444220379959255,0.423320147222598,0.399933758603782,0.374387885753776,0.346998788117813,0.318192132709921,0.288452684939289,0.258262085055929,0.228217639127848,0.198791309731083,0.17058837418745,0.143976496638924,0.119466578504891,0.0972565257926533,0.0776711079196516,0.0606910433120867,0.0464082535376777,0.0346154066743981,0.0251959336503724,0.0178275589469914,0.0122697352329325,0.00817931893595337,0.00528199640403106,0.0032928739833724,0.00197920075846336,0.00114588410227758,0.000633795071522938,0.000338534096434706,0.000169522036160773,8.3519332254538e-05,3.69695953159902e-05,1.70471711969967e-05,6.14509545931486e-06,2.89544704827163e-06,5.26195278413824e-07,0
2967302.40818887,0,1.54619219320556e-05,8.85955847575183e-07,1.73952218788444e-05,2.93064001743711e-06,1.96240456685676e-05,3.50467621954595e-06,2.41103605226401e-05,5.21424001904035e-06,2.55230050224807e-05,1.17560178734994e-05,2.4668425747872e-05,1.94217735526258e-05,2.57465791439617e-05,2.58466351199442e-05,2.94807174250544e-05,3.17745860111235e-05,3.50246737469521e-05,3.8272352679573e-05,4.19366832853529e-05,4.58995909680561e-05,5.02379983298786e-05,5.49751532269458e-05,6.01433087536251e-05,6.57897228953453e-05,7.19421626113699e-05,7.86623906635858e-05,8.59840490969866e-05,9.39774809370736e-05,0.000102676350524825,0.000112172129149991,0.000122499149658475,0.000133764882334598,0.000146016152096651,0.000159368254056668,0.000173882566941864,0.000189684787458767,0.000206857998713066,0.000225543707158887,0.000245842176882428,0.000267910518472538,0.000291869250578903,0.000317894977860242,0.000346136177622242,0.000376788844821749,0.000410030805253773,0.000446084185751261,0.000485164814695711,0.000527514681178643,0.000573390489233607,0.000623057032724341,0.000676824039327599,0.000734982620113517,0.000797906006454629,0.000865909114662601,0.00093943379898854,0.00101880890661343,0.00110456288330089,0.00119705275383411,0.00129691538830886,0.00140452900640477,0.00152066008603293,0.00164569083143625,0.00178051958769279,0.00192552113890227,0.00208177661701934,0.00224969665939145,0.0024305540429894,0.00262466881364118,0.00283359933111093,0.00305774284346832,0.00329883636504437,0.00355712291464817,0.00383486580818617,0.00413217878642818,0.00445160926148203,0.00479343049662396,0.00516030484557509,0.00555289212622459,0.00597380445761264,0.00642405411524809,0.00690643769296607,0.00742235381921356,0.00797472286897235,0.00856534091815249,0.00919739589188563,0.00987315678736679,0.0105959437749603,0.0113685712387528,0.0121946864995295,0.0130778737780171,0.0140219372133993,0.0150312113301339,0.0161097235233273,0.0172630310627818,0.0184953428507446,0.0198132874812635,0.0212212416938812,0.0227274770169529,0.0243364322555357,0.0260581467845461,0.0278970693124672,0.0298652542323781,0.0319669590179011,0.0342168765161304,0.03661916215345,0.0391916575997648,0.0419373365202415,0.0448771056219363,0.048013524263744,0.0513718169890452,0.0549518923415172,0.0587838931493663,0.0628670600221689,0.0672351542034826,0.0718837942830181,0.0768522121289355,0.0821347036179713,0.0877714866715095,0.0937572864123307,0.100130309039529,0.106888820948418,0.114067252534328,0.121664712975325,0.129711147105292,0.138207659542487,0.147177190836162,0.156619537984359,0.166550490118507,0.176970604024133,0.187883402921596,0.199290400869949,0.211180204845406,0.223555713525448,0.236385611143328,0.249674041804884,0.263365345735618,0.277466036592299,0.291892033973695,0.30665145224285,0.321626383462997,0.336826896745916,0.352096770639127,0.367448903785187,0.38268221618385,0.397809274795772,0.412582826063294,0.427017314166908,0.440810778321175,0.45397904701618,0.466168869768866,0.477408451492802,0.487287775523394,0.495847330895796,0.50262900376019,0.507705645175717,0.51060947219753,0.511395381510644,0.509661345016265,0.505450090818652,0.498445639625958,0.488719319113247,0.476075595328418,0.460648126153827,0.442386211863397,0.421513272218266,0.39816249756691,0.37266096990252,0.345325944402463,0.31658461400913,0.286923056678704,0.256822283075932,0.226877159517366,0.197557647041914,0.169468115254458,0.142974826442039,0.118586623705579,0.0964972206227814,0.0770285876705984,0.060157987970254,0.0459754934742061,0.0342722410821129,0.024930754620073,0.0176285420707689,0.0121246965509659,0.00807699661347113,0.00521184135907637,0.00324653642279634,0.00194964834551864,0.00112783145860056,0.000623239014631293,0.000332753572709134,0.000166526379219936,8.19553292921414e-05,3.61509596527792e-05,1.66413000817153e-05,6.04186289542114e-06,2.85864453488601e-06,4.96014029280238e-07,0
3036771.11803546,0,1.48132571101969e-05,8.52223513697266e-07,1.66649601409888e-05,2.81715169885974e-06,1.88037442499937e-05,3.37051897043703e-06,2.31046608335464e-05,5.02063764344435e-06,2.44597987175033e-05,1.12973836421643e-05,2.36552018026773e-05,1.86470363196426e-05,2.47075688047241e-05,2.48146704516094e-05,2.83054693403712e-05,3.05149230563789e-05,3.36419471072253e-05,3.67690667714941e-05,4.02972802772404e-05,4.41146902775332e-05,4.82945136316173e-05,5.28601372551175e-05,5.78424379158394e-05,6.32876109493063e-05,6.92225391140192e-05,7.57072590310909e-05,8.27746688294925e-05,9.04931372665082e-05,9.88957360969456e-05,0.000108071303517566,0.000118053764742204,0.0001289476065108,0.000140799041357018,0.000153720324708609,0.000167772006955918,0.000183076828113731,0.000199716471784727,0.000217829284946088,0.000237514113504503,0.000258924907966119,0.000282180456898303,0.000307454118453391,0.000334892316538702,0.00036468785065077,0.00039701624919303,0.00043209644464415,0.000470141672037453,0.000511391161115138,0.00055609864320806,0.000604526424650066,0.00065698097961072,0.000713751784561928,0.000775208272329939,0.000841664186887339,0.000913557373921314,0.000991217166716963,0.00107516688630354,0.00116576442147285,0.00126364217861479,0.00136918305202655,0.00148314653256002,0.001605916986511,0.00173838677001686,0.00188094408442367,0.00203466256582059,0.00219995435600269,0.00237808377521591,0.0025693950692554,0.00277543604430349,0.00299660758043481,0.00323463766222547,0.00348979911317747,0.00376433895254764,0.0040583874422499,0.00437448038023325,0.00471291315766168,0.00507633121528791,0.00546541387136575,0.0058827752900036,0.00632943005698078,0.00680816277758662,0.0073203828335,0.0078690123321863,0.00845584244516511,0.00908405341708366,0.00975590213616184,0.0104746971966981,0.0112432396462706,0.0120651719232924,0.012944044859387,0.0138836272659189,0.0148882268933721,0.015961860128233,0.0171100037100456,0.0183368019936,0.0196488549431937,0.0210505030260141,0.0225499041205027,0.0241514140905085,0.0258650037719533,0.0276950256848504,0.0296534082064678,0.0317443640188781,0.0339824874251676,0.0363717330644494,0.0389297839603851,0.0416596288813045,0.044582098125256,0.047699492240674,0.0510368053078,0.0545941087822327,0.0584014163845366,0.0624576459352283,0.0667963976521868,0.0714136004914174,0.0763484598341903,0.0815948375111408,0.0871929548678389,0.0931380037213492,0.0994682037409885,0.106181599142791,0.113312805685548,0.120861518130261,0.128857569594779,0.137302351606419,0.146219153857155,0.15560829275778,0.165485671731666,0.175852249146289,0.186712051618342,0.198066866664551,0.209905843020858,0.22223196887087,0.235014512393955,0.248257627620178,0.261906270214423,0.275966606225,0.290355104607631,0.305079682620974,0.32002254447821,0.335193630156575,0.350436566135192,0.365763984518503,0.380974855341883,0.396081445890422,0.410836083282961,0.425253162723563,0.439030196458454,0.452183013978949,0.464357828188418,0.475582908888247,0.485447803655603,0.493993141553408,0.500760888639028,0.505824372441945,0.508715476987711,0.509489752442183,0.50774579306153,0.503527505201866,0.496518951361929,0.486793239278685,0.474154883886663,0.458739333927646,0.44049676709728,0.419650939649914,0.396336923416863,0.370882758111568,0.343606337723168,0.314934563641616,0.285353203948889,0.255343646776158,0.225500593381457,0.196292285462051,0.168321122065491,0.141950070789872,0.11768594044089,0.0957198668405721,0.0763710983233998,0.0596135585488308,0.0455343616642038,0.0339232791019305,0.0246613991893712,0.0174266080715086,0.0119778604220501,0.00797375745241367,0.00514126875815764,0.00319996056336132,0.0019199968194407,0.00110979838468032,0.000612737834855561,0.000326904377588268,0.000163410671023683,8.03695531177019e-05,3.54243540360356e-05,1.62927361698566e-05,5.9074325764416e-06,2.78845374598149e-06,4.75936092663346e-07,0
3107866.18778201,0,1.41878665006246e-05,8.20019504856112e-07,1.59629876434033e-05,2.70417718902623e-06,1.80128362405049e-05,3.24262521557226e-06,2.21327246153247e-05,4.82967459918223e-06,2.34379295780945e-05,1.08480910114274e-05,2.26768719134831e-05,1.78970612272956e-05,2.36988268424347e-05,2.38162283704349e-05,2.71638937743144e-05,2.92930615845517e-05,3.22987989365623e-05,3.53081772187248e-05,3.87033980075519e-05,4.23779715657017e-05,4.64026918938124e-05,5.07998618144586e-05,5.55998707479606e-05,6.08471406786298e-05,6.65682178800411e-05,7.28211420417402e-05,7.96381352427255e-05,8.70854210523952e-05,9.5195550813352e-05,0.000104054648859837,0.000113696244807654,0.000124221822816613,0.000135676918549298,0.00014817071262418,0.000161762726934926,0.000176572634650427,0.000192680844053749,0.000210222435783753,0.000229294552347808,0.000250047800977369,0.000272599131768613,0.000297118472459114,0.000323750074236422,0.00035268346558139,0.000384091680871162,0.000418190137333861,0.000455189091608604,0.000495324612928051,0.000538847343601951,0.00058601705551844,0.000637136546631272,0.000692492969971269,0.000752451532387058,0.000817324357291316,0.00088754452802293,0.00096344149713122,0.00104553382094349,0.00113417997756475,0.00123000543315683,0.0013333955405944,0.00144510441215368,0.00156552195388525,0.00169553087369007,0.00183552541972327,0.00198657429454977,0.00214910109076306,0.00232435573720394,0.00251269310438631,0.00271565524992279,0.00293366199365536,0.00316842347857831,0.00342022968092965,0.00369131770326338,0.00398184331086758,0.00429432039453485,0.00462906955115548,0.00498872925693151,0.00537399126369531,0.00578745845681817,0.00623016344896256,0.00670488737532578,0.00721303865083697,0.00775753733335999,0.0083401812579715,0.00896414428620516,0.0096316745432104,0.0103460793908664,0.0111101374460136,0.0119274732675982,0.012801622302754,0.0137363417795856,0.0147358867833771,0.0158042487620089,0.0169468833748243,0.0181678862707083,0.0194737604925974,0.0208688058909491,0.0223611231989992,0.0239549989235525,0.0256603194946502,0.027481354928361,0.0294299014926931,0.0315100449908987,0.0337363020271797,0.0361125920361245,0.0386564142741443,0.0413705456440412,0.0442757432615893,0.0473743164583218,0.0506910172474686,0.0542256780294232,0.0580083062863843,0.0620378791155385,0.0663477032180183,0.0709335198012653,0.0758346055609265,0.0810449497801148,0.0866046151310075,0.092508646075014,0.0987954723043318,0.105463483723578,0.112547030835228,0.12004604065623,0.127990722058141,0.136382721538808,0.145245510387015,0.154579665278809,0.164401692306156,0.174712801294716,0.185517331819249,0.196817606101848,0.208603104271765,0.220877211414499,0.233609597807216,0.246804516436908,0.260407575449869,0.274424728208698,0.288773158398604,0.303460139249064,0.318368708488072,0.333508059030193,0.348722334475587,0.364023459554217,0.379210510925789,0.39429560745886,0.40903070694579,0.423430014587032,0.437190605512299,0.450327978304352,0.462488494820345,0.47369930751701,0.483551141725555,0.492083215667828,0.498838569716167,0.503890156687242,0.506769783056728,0.507534012852404,0.505781638729557,0.50155723177669,0.494545682900908,0.484820763158162,0.472188298190211,0.456784349556516,0.438560481181351,0.417742690469184,0.394467356290604,0.369061900171221,0.341844959688961,0.313244056980238,0.283746621883271,0.253831899219281,0.224094292189621,0.194999386420617,0.167148949638269,0.140903209777334,0.116766569927527,0.0949266699837057,0.0756996803371227,0.059057046169986,0.0450836921116989,0.033567455339767,0.0243876485873142,0.0172219071793019,0.0118287618943666,0.00786848417532115,0.00506927802518431,0.00315266432848803,0.00189000714543771,0.00109157882588733,0.000602086025438825,0.000320980963641718,0.000160285949911654,7.8777441356066e-05,3.4677394817324e-05,1.59355794594372e-05,5.77765437680813e-06,2.71883510117505e-06,4.5495077757542e-07,0
3180625.69279412,0,1.3587286854234e-05,7.88456627070328e-07,1.52873990045229e-05,2.59760830549973e-06,1.72526572924493e-05,3.11734588544672e-06,2.12013072034943e-05,4.64561797424484e-06,2.245438891831e-05,1.04181746545614e-05,2.17354378760044e-05,1.71759984547985e-05,2.27297383688719e-05,2.2855250179063e-05,2.60667341194639e-05,2.81174346351471e-05,3.10068192578424e-05,3.39025225695043e-05,3.71693619444374e-05,4.0706187863026e-05,4.45809233417986e-05,4.88153391732068e-05,5.34389484966576e-05,5.84947836488141e-05,6.40087381844435e-05,7.00370345973879e-05,7.66111269296756e-05,8.37952418574115e-05,9.16213175207692e-05,0.000100172870638554,0.000109482923103733,0.000119649984154977,0.000130718856152815,0.000142795734329608,0.0001559391270591,0.000170265567170551,0.000185853955907017,0.000202836149699051,0.000221307611438418,0.000241415629823148,0.000263275136793964,0.000287052532690941,0.00031288979469416,0.000340972939495131,0.000371472312913451,0.000404599773882655,0.000440562466832366,0.000479593128865804,0.000521938997891018,0.000567856660311487,0.000617644716178406,0.000671587672422257,0.000730046358976173,0.000793331278785862,0.00086187071981562,0.0009359931713133,0.00101621069356954,0.00110288178055986,0.00119662658200991,0.00129783320375679,0.00140724722843565,0.00152526181483022,0.00165275306272266,0.0017901217243583,0.00193842415436755,0.00209809265994606,0.00227037052282446,0.00245562600968894,0.00265538546802541,0.00287008180579268,0.00310141658571396,0.00334970161750997,0.00361715240107299,0.00390394669061591,0.00421258312742434,0.00454340577152027,0.0048990408730108,0.00528020294811363,0.00568948492794276,0.00612792582261613,0.00659830335469618,0.00710204060051544,0.00764205196240618,0.00822012933900386,0.00883945022846477,0.0095022672528003,0.0102118704032589,0.0109710215818132,0.0117833509684688,0.0126523763585241,0.0135818279180017,0.014575920918153,0.0156386261941623,0.0167753649447922,0.0179902189148825,0.0192896110725055,0.0206777708209257,0.0221627513941338,0.0237487985918083,0.0254456647769122,0.0272575377073662,0.0291961537550481,0.0312655139890953,0.0334799821865441,0.0358433426307049,0.0383729901376687,0.0410716527067695,0.0439599217385141,0.0470398878128575,0.0503362098398211,0.0538487006452742,0.057607143339353,0.0616103722378779,0.0658916028739529,0.0704465197011555,0.0753142467733955,0.0804887743859082,0.0860102442076803,0.0918735020060794,0.0981169195117472,0.10473925809133,0.111774952498657,0.119223792511154,0.127116213806358,0.135454469243986,0.144261986338767,0.153539687450234,0.163304411994305,0.17355772442682,0.184304620690324,0.195547475206093,0.207276366929164,0.219494827747963,0.232173462482002,0.245316128921675,0.258869314585375,0.272838982969043,0.287142674070453,0.301787549994388,0.316657265240014,0.331760227501949,0.34694141267797,0.362211927402535,0.377371350138314,0.392430962446633,0.407143023785938,0.421521104387419,0.435262196989334,0.44838159074593,0.460524989590398,0.471720122249867,0.481556778078654,0.490074653503524,0.496816438987086,0.501856251654461,0.504725163108183,0.505480893649523,0.503722126446417,0.499494740270377,0.492483266623323,0.482763216754963,0.470141098001408,0.454754291530017,0.436555007959759,0.415770007907914,0.392537099605665,0.367184129966423,0.340031961989628,0.311507368161852,0.282098364009053,0.252282356221457,0.222653910013632,0.193677409891561,0.165952196315159,0.139835893606967,0.115830269152507,0.094120126345316,0.0750180314561081,0.0584928273223573,0.0446271455912529,0.0332071725162628,0.0241104405883505,0.0170147341591094,0.0116782393652235,0.00776259086233549,0.00499707436336193,0.00310528709146209,0.00186002175180472,0.00107337558128524,0.000591461510133606,0.000315070718212136,0.000157167172407829,7.71900204649224e-05,3.39427933861686e-05,1.5583166273169e-05,5.64500531132898e-06,2.65088056109623e-06,4.35429143294306e-07,0
3255088.59983506,0,1.30138497791546e-05,7.57393802904162e-07,1.46417605710243e-05,2.49494768083746e-06,1.65262445392101e-05,2.99458226851435e-06,2.03112012691231e-05,4.46630172545502e-06,2.15132068903979e-05,1.00014170628637e-05,2.08353010036831e-05,1.64778300335069e-05,2.18013073448949e-05,2.19271809246726e-05,2.50115738426657e-05,2.69833456893896e-05,2.97611900334926e-05,3.25459883512926e-05,3.56881917743421e-05,3.90912088662392e-05,4.2819977783173e-05,4.6896127697041e-05,5.13479308742182e-05,5.62173015393603e-05,6.15292831105793e-05,6.73384091866519e-05,7.36753157788836e-05,8.06023020975485e-05,8.81506187635329e-05,9.6401193993589e-05,0.000105386522659851,0.000115202173501413,0.000125892152308479,0.000137559595711025,0.000150261937853973,0.000164112703882076,0.000179189295646162,0.000195620246998118,0.000213499202387733,0.000232970043165435,0.000254145715010833,0.000277189062691637,0.000302239484733703,0.000329479322816759,0.000359076120719692,0.000391238106843972,0.000426169400756092,0.000464099160333692,0.000505270619191231,0.000549936983321438,0.000598392868527135,0.000650920020946706,0.000707874259323906,0.000769563589056745,0.000836410574922401,0.000908742105799164,0.000987064494336054,0.00107173694793941,0.00116337214688066,0.00126235820220638,0.00136943245072198,0.00148499177798037,0.00160990397536914,0.0017445763424106,0.00189005404950252,0.00204677517728235,0.00221597322562834,0.00239803176117535,0.00259446140829908,0.00280570693112901,0.00303345913778387,0.00327804932598905,0.00354167178420967,0.00382453069487493,0.00412911033285564,0.00445577545233803,0.004807131147887,0.00518391107745225,0.00558870538072036,0.0060225673598051,0.00648826625932245,0.00698723338355712,0.00752238283427323,0.00809551404439955,0.00870979635418634,0.00936747414498602,0.0100718377313256,0.0108256479438116,0.0116325256847834,0.0124959608676549,0.0134196765167678,0.0144078772202824,0.0154645151736992,0.0165949335326483,0.0178031761987568,0.0190956557007345,0.020476577005383,0.0219538755367831,0.0235317336118105,0.0252198513138021,0.0270223388762097,0.0289507965630086,0.0310091632333683,0.0332116948537812,0.0355620596516324,0.0380775266424517,0.0407607199292399,0.0436320451699152,0.0466935042517976,0.0499696167490562,0.0534601077014554,0.0571945226640285,0.0611715564082805,0.0654243452346678,0.0699486063087466,0.0747832835232594,0.0799220479321353,0.0854051270572697,0.0912276315036902,0.097427788390559,0.104004157496686,0.11099127215798,0.118389499258022,0.126229070499901,0.134512326650412,0.143263139086596,0.152482856088308,0.162188405137116,0.172381766915061,0.183068265967026,0.194250706254616,0.205919761346832,0.218079056168173,0.230699709426416,0.243785875729887,0.257284686853741,0.271201910237572,0.285455686647025,0.300053169560585,0.314878239541364,0.32993931685941,0.345081514787845,0.360315527729703,0.375441471649785,0.390469700273233,0.405153270915622,0.419504506087603,0.433221231881712,0.446317544927253,0.458439714028025,0.469615242475658,0.479433133126653,0.487934104863475,0.494659731221255,0.499685444653988,0.50254228357,0.503287686583633,0.501521707152035,0.497290338248007,0.490278801155239,0.480564327618968,0.467953753721069,0.452585836724354,0.434413888929568,0.413664850945002,0.390478679552113,0.365184018173134,0.338103167893319,0.30966223362905,0.280348764398669,0.250639606446549,0.221129474309853,0.192280895303199,0.164690921200102,0.138713388757905,0.114847038885239,0.0932742975602866,0.0743051302904082,0.0579047708620452,0.044152746387335,0.032833563348005,0.0238232653029791,0.0168001990955449,0.0115227952383835,0.00765385962677391,0.00492321598094717,0.00305680493049981,0.00182923422496731,0.00105468105104101,0.000580646881335017,0.00030910244954866,0.000154009165027101,7.5573326788066e-05,3.32022175692907e-05,1.52281902820405e-05,5.51102596633048e-06,2.58098888728463e-06,4.15979595452446e-07,0
3331294.78793467,0,1.24609820175941e-05,7.28680348097923e-07,1.40208453115081e-05,2.3934837509437e-06,1.58275613598896e-05,2.87927547519469e-06,1.94498024032462e-05,4.29663172246577e-06,2.06059238637137e-05,9.6005368992764e-06,1.99671456379736e-05,1.58078259399838e-05,2.09042751665589e-05,2.1035356031688e-05,2.39933381402859e-05,2.58911683676466e-05,2.85600291348714e-05,3.12380708966114e-05,3.42596167598388e-05,3.75328693664227e-05,4.1120417582979e-05,4.50429516835363e-05,4.93281603829792e-05,5.4016441407597e-05,5.91322432180459e-05,6.47282834145925e-05,7.0834510391099e-05,7.75111472607115e-05,8.47887791578866e-05,9.27458145885284e-05,0.000101414229622075,0.000110886575763982,0.000121206008772585,0.0001324727304925,0.000144743058993712,0.00015812735267674,0.000172701371618011,0.000188590386885167,0.000205886190238495,0.000224729122657983,0.000245229942648092,0.000267547871847667,0.000291819752658881,0.000318224163200181,0.000346925657757317,0.000378128455055262,0.000412033147881171,0.000448865154969997,0.000488863845336704,0.000532278815013716,0.000579400075761382,0.000630505956698199,0.000685947181111738,0.000746029122395053,0.000811168358284672,0.000881689877094191,0.000958093324513221,0.00104073687096967,0.00113022562192768,0.00122694841394326,0.00133163373807829,0.00144468102190617,0.00156694858902557,0.00169884861220986,0.00184141510976027,0.00199509352008392,0.00216110482994341,0.0023398434536295,0.00253280576958033,0.00274045040727591,0.00296445304646573,0.00320516309741847,0.00346475438520771,0.00374345785217297,0.0040437372796188,0.00436597979500751,0.00471277419882522,0.00508487340777516,0.00548485777308328,0.0059137967476325,0.0063744528515547,0.00686826717857412,0.00739815159792431,0.00796591239870439,0.00857471350829042,0.00922679844977497,0.00992545804816753,0.0106734492196516,0.0114743851337905,0.0123317386100121,0.0132492252865382,0.0142310289526857,0.0152810872290436,0.0164046985885356,0.0176058882106474,0.0188910210375692,0.0202642645752331,0.02173348100484,0.0233028091190805,0.0249818668192317,0.0267746964844524,0.0286927901287121,0.0307400106230726,0.032930490068438,0.0352678109199744,0.037769120917855,0.040436918006918,0.0432914420568919,0.0463346024777406,0.0495907615965578,0.0530595090395432,0.0567702134748032,0.0607214546029039,0.0649462315669249,0.0694401611560456,0.0742420219940327,0.0793453495353905,0.0847904275851274,0.090572291455704,0.0967290785891029,0.103259337039269,0.11019775453678,0.117544814100674,0.125330701440555,0.133558025536774,0.142250992468294,0.151411157882752,0.161055718516664,0.171186875232328,0.181810563534172,0.192929838040686,0.204535941362141,0.216632632383266,0.229191654467633,0.242217450643723,0.255657729695863,0.269518104580703,0.283717622069743,0.298263093757203,0.313039159587967,0.328053759025172,0.343152589258979,0.358345943348899,0.3734340807206,0.388427208408405,0.403078222889441,0.417399442210907,0.4310881585764,0.444158456984406,0.45625641274193,0.467409288253535,0.477206229254928,0.48568771791253,0.492395777516897,0.497406295451117,0.500249732502856,0.500985145099651,0.499212288745816,0.494978746097533,0.487969599540178,0.478263220544936,0.465667213176225,0.450321585940899,0.432180604250111,0.41147289809089,0.388339970483161,0.363109630846276,0.336104934152462,0.307752230639315,0.278540594947559,0.24894490173677,0.21955947782355,0.190843856582607,0.163393633231071,0.137559845329783,0.113839179618888,0.0924097478815172,0.073576947880212,0.0573039517158296,0.0436682465871198,0.0324528814765007,0.023531927095324,0.0165838058282885,0.0113662127912811,0.00754368146207202,0.00484803408088427,0.00300780906729284,0.00179857140262579,0.00103606248296406,0.000569695866271923,0.000303127990362672,0.000150986585711618,7.39564579761506e-05,3.23767431196449e-05,1.48884073978608e-05,5.43196764622938e-06,2.504212226791e-06,3.7908364747361e-07,0
3409285.06974681,0,1.19303509704314e-05,6.99671271739786e-07,1.34210485990111e-05,2.29864783031098e-06,1.51564189263205e-05,2.76115056629228e-06,1.86261039433097e-05,4.1304770191434e-06,1.97295112888798e-05,9.21550046726208e-06,1.91291558290893e-05,1.515866411459e-05,2.00411230912551e-05,2.01709529941026e-05,2.30112534586462e-05,2.48345865831848e-05,2.7399104080005e-05,2.99732399678611e-05,3.2877599673849e-05,3.60254723327595e-05,3.94753939149226e-05,4.3249277410609e-05,4.73723924538185e-05,5.1884909011179e-05,5.68098302738923e-05,6.21986615939777e-05,6.80803048055378e-05,7.45132100234202e-05,8.15271070613054e-05,8.91979907554624e-05,9.75572114566681e-05,0.000106694357896571,0.000116651735105241,0.000127526575108414,0.000139374074994355,0.000152301462224325,0.000166382822737476,0.000181740125896317,0.000198463293784217,0.000216689128036278,0.000236526106473978,0.000258129782929841,0.000281634321859463,0.000307214318884926,0.000335031140758369,0.00036528509419463,0.000398173366687129,0.000433917380536146,0.00047275223812242,0.000514923610074975,0.000560716737639617,0.000610406390459956,0.000664337765597524,0.000722813037838391,0.000786242549023219,0.0008549489623551,0.000929424888034403,0.00101002717753482,0.00109735247684875,0.00119178919886095,0.00129405653462659,0.0014045558855958,0.00152413529434115,0.00165321105539093,0.00179280484361723,0.00194336768848257,0.00210610759142133,0.00228143030806513,0.00247081593783023,0.00267473541199343,0.0028948489038536,0.00313152442581298,0.00338691532618481,0.00366127517835886,0.00395704363944786,0.00427463332798788,0.00461661690420057,0.00498376781129073,0.00537865407654072,0.00580235704944792,0.00625763342364591,0.0067459377291459,0.00727017565352768,0.0078321607496374,0.00843505644514155,0.00908110838707048,0.00977360164216395,0.0105152868834393,0.0113097755568667,0.0121605320337451,0.0130712626900696,0.0140461221669873,0.0150890459564151,0.01620530667784,0.0173988993262231,0.0186761280972433,0.02004114519316,0.0215017546313546,0.0230620446394252,0.0247315448404794,0.0265142525928373,0.0284215593853794,0.0304572422795068,0.0326353165507901,0.0349593016196709,0.0374462025115599,0.0400983928531328,0.0429359711244361,0.0459607507182247,0.0491969052952642,0.0526439073980276,0.0563309648006765,0.0602565608397995,0.0644534819930908,0.0689172124619563,0.0736864636371857,0.0787546623496795,0.0841619902277308,0.0899033679129533,0.0960169524011433,0.102501391321099,0.109391223848753,0.116687007081595,0.124419131469989,0.132590417586899,0.141225084399658,0.150324965091132,0.159907691307261,0.169975761950652,0.180535370685363,0.19158981952046,0.203130993375727,0.215162996429668,0.227658069372257,0.240620686940181,0.253999393428446,0.26779980292606,0.281941639001502,0.296431561227869,0.311154972641098,0.326119355341011,0.341171020853771,0.356319878524404,0.371366719526236,0.38632128840724,0.400936814230657,0.415225099435416,0.428883477892137,0.441925873141605,0.453998185563966,0.465127806192725,0.474903508389618,0.483365921390094,0.490056990517458,0.495052991770169,0.49788443328003,0.49861076992853,0.496832284582205,0.49259741296364,0.485591172714854,0.47589373698087,0.463313040714368,0.447990840815717,0.429882733246174,0.409217534751047,0.386138299769118,0.360973182101305,0.334047375187392,0.30578714049488,0.276681783318659,0.247204191934247,0.21794799727629,0.189370750957884,0.162066822838492,0.136383010683994,0.112811991476068,0.0915293214953666,0.0728377358161061,0.0566968666687287,0.043180370648761,0.0320701386715972,0.0232390449531578,0.0163658896511768,0.011208796796522,0.00743396808175312,0.00477376082278507,0.00295914657317964,0.00176783946944965,0.00101764025622003,0.000559125155446802,0.000297142458530779,0.000147737103959628,7.24006516600641e-05,3.1738697813208e-05,1.45252608003281e-05,5.2538104840501e-06,2.44398333299975e-06,3.7840470740918e-07,0
3489101.21340677,0,1.14206156671955e-05,6.71350432921191e-07,1.2848643444332e-05,2.20678751664569e-06,1.45093796133157e-05,2.65209143808141e-06,1.7834509486029e-05,3.96880778028427e-06,1.88926485799755e-05,8.84197558481751e-06,1.8326339994344e-05,1.45362704386669e-05,1.92093579235942e-05,1.93426609805349e-05,2.20659908310236e-05,2.38188357345897e-05,2.62822546131367e-05,2.87559793373262e-05,3.15468912011733e-05,3.45732663324252e-05,3.78902887860224e-05,4.15194961409749e-05,4.54858288176354e-05,4.98275115040942e-05,5.45672347151686e-05,5.97547954784055e-05,6.54180807471896e-05,7.16138002791388e-05,7.83709947912629e-05,8.57630834698472e-05,9.38208492583918e-05,0.000102631049523514,0.000112235117046325,0.000122727331767234,0.000134161596587843,0.000146642069648548,0.000160241159280819,0.000175077510442219,0.00019123907895959,0.000208859255749094,0.000228044247614138,0.00024894565982493,0.00027169475563697,0.000296462339941965,0.000323406769168565,0.000352724139017466,0.00038460763973673,0.000419274531937318,0.000456955773200723,0.00049789289038085,0.000542366013917778,0.000590646090557908,0.00064307255391441,0.000699944047148656,0.000761664447261651,0.000828553573827041,0.000901096308971308,0.000979647531941305,0.00106479549882121,0.0011569281507833,0.00125675457130755,0.00136467662920363,0.00148153116209008,0.00160773784158484,0.00174430575982932,0.00189169208686776,0.00205109049703207,0.00222291473112658,0.00240862855620936,0.00260871559997468,0.00282481872633517,0.0030573232893553,0.0033083583859594,0.00357820020347612,0.00386926678734467,0.00418199617707468,0.0045189395145226,0.00488088546265476,0.00527039162706295,0.00568855892246926,0.00613813342859325,0.00662057904832497,0.00713879585792005,0.00769460502165508,0.00829116916109434,0.00893074088001378,0.00961660182775495,0.0103514987253772,0.0111390404509224,0.0119826801397041,0.0128861189277576,0.0138534969122487,0.0148887471075087,0.0159971048028801,0.017182553586161,0.018451354578034,0.019807624107284,0.0212590979522026,0.0228098558394151,0.024469352798792,0.0262415130424877,0.0281376226022374,0.0301614072748997,0.0323267682592948,0.034637150827413,0.0371094167548577,0.0397458419438275,0.0425663777785918,0.0455727336918128,0.0487888933842531,0.0522142180026893,0.0558777436559789,0.0597778359639504,0.0639470711599542,0.0683808155168323,0.0731176803032959,0.0781509442331644,0.0835206784854409,0.0892217012190051,0.0952920899107163,0.101730530116865,0.108571499265216,0.115815661519572,0.123493397087017,0.131607720292521,0.140182996628092,0.149221266482805,0.158740425584466,0.168743263728204,0.17923635732026,0.190223341101237,0.201696652418176,0.213660498676132,0.226087773288535,0.23898315719506,0.252295956623036,0.266031799193948,0.280111095142765,0.294540397939549,0.309205862729588,0.324114793249348,0.339114060470659,0.354213127047516,0.369213484040943,0.384124356902262,0.398699293020646,0.412949783577203,0.426573205218621,0.439583202454797,0.451625780670278,0.46272807781397,0.472478717464,0.480918561882255,0.487589573109888,0.492568779006604,0.495386170846388,0.496102127078711,0.494317221012602,0.490080889689821,0.483078847671461,0.473391960355083,0.4608292827694,0.445533565538735,0.427461611334216,0.406843329740067,0.383823594156839,0.35873085606308,0.33189103113869,0.303729608603163,0.274736950574265,0.24538433183869,0.216265267333843,0.187834505186668,0.160683641061005,0.135155897618774,0.111741608561988,0.0906129674299523,0.0720685662744625,0.0560648532476073,0.0426726345256216,0.0316722097188576,0.0229346570331943,0.0161400740419019,0.0110464589270328,0.00732095661563978,0.00469694104303459,0.00290866328790169,0.00173618221006549,0.000998880879472019,0.000548340287745544,0.000291065670514852,0.000144526294809928,7.08048444627853e-05,3.10329512976757e-05,1.41820563679607e-05,5.11477971735926e-06,2.37441232692953e-06,3.64112206121054e-07,0
3570785.96490046,0,1.09275283123887e-05,6.4562192156983e-07,1.22947513579185e-05,2.11339545567061e-06,1.38863546215189e-05,2.54771817450681e-06,1.70644089047484e-05,3.81124748442611e-06,1.80851046611347e-05,8.47615210470315e-06,1.75482940045519e-05,1.39323604060255e-05,1.84017138088392e-05,1.8538201739167e-05,2.11474801354649e-05,2.2832382775507e-05,2.51964428791252e-05,2.75724578231825e-05,3.025327816627e-05,3.31604480856387e-05,3.63482780999523e-05,3.98362585371206e-05,4.36495319498771e-05,4.78243134102202e-05,5.23832064988424e-05,5.73738795804611e-05,6.28237937072217e-05,6.87875356850829e-05,7.52935348123892e-05,8.24127740189767e-05,9.01753285422408e-05,9.86651986809716e-05,0.000107922882903358,0.000118039742392697,0.000129068386439105,0.000141109947434151,0.00015423523702689,0.000168559556050486,0.000184168727904343,0.000201192541806077,0.000219734860663666,0.000239943604674128,0.000261947278130718,0.000285912709817594,0.000311994854585363,0.000340385421570598,0.000371273679490755,0.000404872629297565,0.000441408867050356,0.000481119812419951,0.000524280334398722,0.000571157011816013,0.000622083248204107,0.000677353797147582,0.000737365586709502,0.000802435481546084,0.000873040512929773,0.000949532702676699,0.00103249131294516,0.00112230282742585,0.00121966562724502,0.00132498223734339,0.0014390778796588,0.00156237419775095,0.0016958668866749,0.00184001690918726,0.00199600289206669,0.00216424827035919,0.00234619915788795,0.00254234870593029,0.00275432148931878,0.00298251826337151,0.0032290436706114,0.00349419790761581,0.00378037376557847,0.00408802961095302,0.00441969717857939,0.00477618527715642,0.00516003594775306,0.00557236386244551,0.00601590553174701,0.00649213615434169,0.007003951312448,0.00755318348006685,0.0081429894926933,0.00877562468626258,0.0094543678404052,0.0101819651258971,0.0109620266418732,0.0117980025480163,0.0126935933183005,0.0136529168190657,0.014679896112469,0.0157797400830836,0.0169564253192619,0.0182161666908803,0.0195630680139426,0.0210048087629822,0.0225454326128504,0.0241943166122026,0.0259553497457355,0.0278397072061751,0.0298510623856586,0.0320032221022141,0.0342995544575236,0.0367567665508628,0.0393770609119128,0.042180221628019,0.0451678734151083,0.0483638330463183,0.0517673283975316,0.0554071903328375,0.059281702925294,0.0634232522361565,0.0678270570249701,0.0725315692672826,0.0775299321678827,0.0828621281374645,0.0885228317504835,0.0945500573387035,0.100942510266181,0.107734519187812,0.114926809592651,0.122549764043469,0.130606639561517,0.13912187074143,0.148097620167048,0.157552024021573,0.167488225960488,0.177913098714899,0.188830528919025,0.200233462501908,0.21212637199981,0.22448275247426,0.237307411204991,0.250550456473961,0.264217544335775,0.278229794815988,0.292593790834719,0.307196375212432,0.32204467334586,0.336986376291963,0.352030351597289,0.366978938545382,0.381840740812333,0.396370090444632,0.410577589702483,0.424161587720758,0.437134372527364,0.449142878550157,0.460213937585671,0.469935517551753,0.478349177178724,0.48499670633284,0.489956264934945,0.492757628909522,0.493461160274721,0.491667975289939,0.487429380899051,0.480430967364716,0.470755705911627,0.458212592166738,0.442945957849005,0.424913899796315,0.404346977027704,0.38139234471971,0.356378065975516,0.329632397447656,0.301579636870714,0.272708703651259,0.243489048845786,0.214515202927071,0.186240481384011,0.159252843465286,0.133890032942937,0.110639553615162,0.0896711458544577,0.0712798830496565,0.055418514327616,0.0421543412626878,0.0312667023909597,0.0226256155100613,0.0159113185877884,0.0108814797854907,0.00720609899266384,0.00462008144826586,0.00285898341492809,0.00170439822421907,0.000979198566489927,0.0005371400173324,0.000285249877882316,0.000141525524953759,6.91134251910942e-05,3.02159739072189e-05,1.38651710884947e-05,5.02710428392354e-06,2.29667542840479e-06,3.33427286889623e-07,0
3654383.07095725,0,1.0462361245967e-05,6.19955579925644e-07,1.17725443421282e-05,2.02654738128943e-06,1.32963711154231e-05,2.44656724469466e-06,1.63408018769377e-05,3.65899669624991e-06,1.73207881133106e-05,8.13029399635314e-06,1.68114968279035e-05,1.33584461599068e-05,1.7636299078522e-05,1.77749342157367e-05,2.02743433375054e-05,2.18955303001575e-05,2.41639046811334e-05,2.64462845052774e-05,2.90216626801722e-05,3.18145019207325e-05,3.4877879692755e-05,3.82303152487993e-05,4.189602813868e-05,4.59101336571319e-05,5.02945822030763e-05,5.50952096037746e-05,6.03388350765084e-05,6.60781302400022e-05,7.23408240997037e-05,7.91954637088869e-05,8.66714689068036e-05,9.48501050919311e-05,0.000103770879475505,0.000113522186195356,0.000124155413530282,0.000135768674540421,0.000148430998906728,0.000162254335946519,0.000177322461197404,0.000193761606857119,0.000211673242827679,0.000231201410260177,0.000252471638303668,0.000275646654143358,0.000300878004422738,0.000328353032647554,0.000358256994002108,0.000390798418309188,0.000426199300024027,0.000464692456916547,0.000506547197527476,0.000552025827908925,0.000601455573034733,0.000655126661396316,0.000713428585953505,0.00077667482676721,0.000845334315374056,0.00091975582494133,0.00100050861033718,0.00108797725316464,0.00118284953011531,0.00128552723904298,0.00139682205274096,0.00151715731146675,0.00164751541876303,0.00178836071767272,0.00194085521215856,0.0021054305974411,0.00228351290895286,0.00247560199916524,0.00268330452077486,0.00290704127390427,0.00314888850114528,0.00340916419086499,0.00369023751216924,0.00399259115802577,0.00431872880208146,0.0046694773177532,0.00504736692570425,0.00545352450904843,0.00589067312816692,0.00636030431375587,0.00686530669407908,0.00740751833201231,0.00799008678176056,0.00861527400162075,0.009286364528589,0.0100061073692666,0.0107781035739444,0.0116057885674598,0.0124928634435891,0.0134434461102666,0.0144614663711169,0.0155520899086645,0.0167192817370782,0.0179692328445293,0.0193060336850145,0.0207372941126034,0.0222670539216651,0.0239046245221341,0.0256538493008605,0.0275257967500732,0.0295241026996694,0.0316624703451987,0.033944209886323,0.0363858828523717,0.0389896122960688,0.0417750302453215,0.0447436593945209,0.0479191614398982,0.0513006832016296,0.0549168027159292,0.0587656420377541,0.0628794211519845,0.0672533253316674,0.0719256390036775,0.0768891628996845,0.0821837965070481,0.0878042766541612,0.0937884817232339,0.100134857818979,0.106877761915937,0.114018081126912,0.121586068777392,0.129584864626455,0.138039235100896,0.146951748932565,0.156340440146586,0.166208400586008,0.176563326295336,0.187409282280433,0.19873949336054,0.21055866256115,0.222841086470845,0.235591653191293,0.248761169142563,0.262355304380938,0.276295992769245,0.290589738215373,0.305124293842708,0.319906446575086,0.334784568476989,0.349767491462734,0.364658025673854,0.379464759030409,0.393942086959343,0.408100666829369,0.421638534288644,0.434568750979746,0.446537741607417,0.457572328896956,0.467261424739836,0.475645812671057,0.482267644036295,0.4872051910556,0.489988008006062,0.490678901565213,0.488879019959504,0.484639343501811,0.477646293327804,0.467984101285834,0.455464005251838,0.440230390888123,0.422242575256263,0.401732310187913,0.378847774320305,0.353916562048507,0.327268256686647,0.299328910930842,0.270589469707599,0.241514771807822,0.212695718253348,0.184583106636282,0.157765339897806,0.132577044743424,0.109500092412354,0.0886995530728195,0.070467441040491,0.0547535018147486,0.0416220409586819,0.0308518895405303,0.022310914267695,0.0156793071818604,0.0107146675221231,0.00708951996205426,0.00454106946413856,0.00280809301189842,0.00167321154125704,0.000960677707850882,0.000526261198445379,0.000279015848441419,0.000138269083665843,6.75757614264743e-05,2.95440576717103e-05,1.34933444256276e-05,4.87410849494358e-06,2.24357270392858e-06,3.26343941879521e-07,0
3739937.3024788,0,1.00092543700205e-05,5.95571097389718e-07,1.12657223308938e-05,1.94094623200217e-06,1.27205683539392e-05,2.35122977822959e-06,1.56375320009021e-05,3.50826446594744e-06,1.65775494569408e-05,7.79822561709964e-06,1.60919321712989e-05,1.27988983221785e-05,1.68981672613278e-05,1.70282659954942e-05,1.94275638191873e-05,2.0986419714228e-05,2.31597686054618e-05,2.53524740341374e-05,2.78265041292224e-05,3.05069247810761e-05,3.34503662485358e-05,3.66717353168405e-05,4.01935915513177e-05,4.4052447021788e-05,4.82676457394935e-05,5.28837755797042e-05,5.79276388258596e-05,6.34492265831237e-05,6.94759658263842e-05,7.60741209705615e-05,8.3272046236788e-05,9.11486003435117e-05,9.97422900953086e-05,0.000109138667139997,0.000119387883732082,0.000130585035418384,0.000142797365478482,0.000156133482764059,0.000170675118659502,0.000186545031017477,0.000203842215664296,0.000222706900421705,0.000243261626678294,0.000265664973610727,0.000290065046786864,0.000316644804538062,0.000345585477595422,0.000377091166035151,0.000411378992119705,0.000448677015682964,0.000489249142547974,0.000533353049551118,0.000581309345828023,0.000633403856121666,0.000690018776978544,0.000751463559810384,0.000818198690350401,0.000890569533386652,0.000969135094032344,0.00105427704570108,0.00114667160188316,0.00124671928864994,0.00135521929702211,0.00147259617594114,0.0015998170156648,0.00173734795253554,0.00188633354682019,0.00204721172826136,0.00222139024681825,0.00240937898384245,0.00261276184009771,0.00283196982911645,0.0030690544995596,0.00332435739789464,0.00360021548060514,0.00389713152928755,0.00421758903148043,0.00456242878504948,0.0049341611681751,0.00533393131025089,0.00576444889505575,0.00622720978865445,0.00672509253934585,0.00725994917540551,0.00783492500891191,0.00845228570772482,0.00911530514707103,0.00982673097281411,0.0105901700663201,0.0114090603448926,0.0122870993988606,0.0132283774558971,0.0142368240625729,0.0153175955881981,0.0164746564591392,0.0177141437912695,0.0190401423903921,0.0204602216302436,0.0219784027922353,0.0236039119083337,0.0253405721004606,0.0271993696737856,0.029183899386852,0.0313077397957642,0.0335741686070717,0.0359996183946582,0.0385861316739875,0.0413531797617495,0.0443022321137683,0.047456734050457,0.0508156931086959,0.0544075594543992,0.0582304042314993,0.0623161869352646,0.0666598644896697,0.0712995483827627,0.0762280837967363,0.0814852216315319,0.0870653293687078,0.0930062110879455,0.0993065045045259,0.106000311991989,0.113088328983731,0.120600933850725,0.128541593914382,0.136934881856364,0.145783262206538,0.155105234462317,0.164904321776264,0.175188184012356,0.185961069401287,0.197216851978567,0.208960492805432,0.221166782638807,0.233840639658013,0.24693374634431,0.260451950931665,0.274317863540521,0.288538048923073,0.303000976240178,0.317713480377475,0.332524632718896,0.347443002213098,0.362272161635657,0.377020333901389,0.391442517563924,0.405549268798428,0.419038746631502,0.43192384158408,0.44385112544382,0.454847345712448,0.464501688457528,0.472854676251937,0.479449117669234,0.484363557014917,0.487128141153222,0.487805541437381,0.485997934593623,0.481757498794326,0.474770632740076,0.465123118955355,0.452627113429629,0.437428365642866,0.41948813167582,0.399037694210086,0.376227537621919,0.351385760386747,0.32484302111678,0.29702301164272,0.268416887744378,0.239489151426453,0.210830939113141,0.182888830981238,0.156247616949548,0.131237757515675,0.108338516460408,0.0877107523518605,0.0696418642635336,0.0540792208800826,0.041084063723335,0.0304333598314158,0.021992598449705,0.0154437332569344,0.0105455075367105,0.00697264294733965,0.00446271940883019,0.00275695695276302,0.00164105351442359,0.000941612898392808,0.000515373537259475,0.000272919435341275,0.000135143508082959,6.60507013789453e-05,2.88239506649892e-05,1.31339432006113e-05,4.747017786269e-06,2.17807578784498e-06,3.12406594006551e-07,0
3827494.47851632,0,9.57756824436319e-06,5.7023056074246e-07,1.07785685663473e-05,1.86328343353041e-06,1.21722146119067e-05,2.25319383590409e-06,1.49665317571938e-05,3.36651663863534e-06,1.58668783853221e-05,7.47239034812408e-06,1.5408834522467e-05,1.22637200520517e-05,1.61825247486825e-05,1.63176789773351e-05,1.86139074077907e-05,2.01099089278706e-05,2.21970183037571e-05,2.43006324301551e-05,2.66747053103871e-05,2.92493529806445e-05,3.20749473445381e-05,3.51687917453794e-05,3.85521951301987e-05,4.22594211910933e-05,4.6310144910435e-05,5.07471375410274e-05,5.55960794644971e-05,6.09056418630106e-05,6.67021875633907e-05,7.30498118733028e-05,7.99762180749243e-05,8.75574484242288e-05,9.58310811796685e-05,0.000104879829084748,0.000114752610284908,0.000125541478310966,0.000137311887944045,0.0001501692374237,0.000164193076058788,0.00017950259265575,0.000196194323911346,0.000214404646094026,0.000234253112395547,0.00025589418441337,0.000279472422653293,0.000305166236183337,0.000333152555918299,0.00036363069057137,0.000396812931026416,0.00043292276474206,0.000472218446182834,0.000514952639133833,0.000561439047735648,0.000611958685315941,0.000666886219137315,0.000726526720131119,0.000791331255009767,0.000861641124204857,0.000938005403351306,0.00102080250828001,0.0011106963656448,0.00120808612561339,0.00131375695445736,0.00142813231969688,0.00155216369813112,0.00168631965518731,0.00183172687058671,0.00198882770424436,0.0021590088107146,0.00234278784766629,0.00254172630998731,0.00275626811891732,0.00298843566166382,0.0032385899440861,0.00350903821836936,0.00380030029050299,0.00411483421388418,0.00445349986947455,0.00481878600012577,0.00521184728977925,0.00563537910339036,0.00609088919644264,0.00658124306824029,0.00710830159620717,0.00767520465897724,0.00828422069069257,0.00893861422007688,0.00964113392502428,0.0103953889445172,0.011204817569114,0.0120731181362039,0.0130043583596349,0.014002464301046,0.0150725872206244,0.0162187024438899,0.0174468815200974,0.0187611956653783,0.0201692029217479,0.021674934099899,0.0232874972116369,0.0250106826164267,0.0268554347082954,0.0288253399557443,0.0309338056816551,0.0331840662927674,0.0355924936790787,0.0381610647271501,0.0409090142227883,0.0438377713911036,0.0469706409285477,0.050306545241476,0.05387366499534,0.0576699946160035,0.0617273077195307,0.0660404199979621,0.0706472510325845,0.0755405053746797,0.0807597745427381,0.0862992649330676,0.0921966640960912,0.0984505825068201,0.105094959809955,0.112130332698037,0.119587121355295,0.127469020783221,0.135800534116797,0.144583977793512,0.153838067281555,0.163566795306812,0.173778122933472,0.184476058790361,0.195654939387105,0.207320286644476,0.219447390885634,0.232041096130051,0.245053887462053,0.258491858442004,0.27227841708567,0.286419616190367,0.300805335165144,0.315442381006509,0.330180426454772,0.345027606450496,0.359788583349906,0.374471064134956,0.388831357018542,0.402879156982674,0.416313020371014,0.429146105209467,0.441024805648249,0.451976367109062,0.461589633965737,0.46990623494172,0.476468127003772,0.481354846763218,0.484097217745732,0.484758753765654,0.482940862545771,0.478697533235441,0.471716907137072,0.462085065564743,0.449614640226351,0.434453320949109,0.416564267629271,0.396178910728532,0.373449181251249,0.348704081734816,0.322275338506026,0.294585187020293,0.266125011985936,0.237357503443074,0.208872998212916,0.181113615864896,0.154661016583588,0.129841716748568,0.107131516968439,0.0866868609223048,0.0687901843810782,0.0533857822423269,0.0405320038308109,0.0300045948459235,0.0216679403491315,0.0152058223024183,0.0103762328498948,0.00685513413398433,0.00438326014284844,0.00270587969071154,0.00160955350515457,0.000922601741036124,0.000504349939409132,0.000266949661773105,0.000132111264147064,6.4511799849955e-05,2.80859678281847e-05,1.27677135581936e-05,4.64459031705083e-06,2.12837288449664e-06,2.84538126856315e-07,0
3917101.49080926,0,9.16460495305009e-06,5.47021205320118e-07,1.03128725388806e-05,1.78632648302005e-06,1.16500292136772e-05,2.15981189669996e-06,1.43210143585248e-05,3.23475847137686e-06,1.51832758458889e-05,7.16239507381177e-06,1.47539985121955e-05,1.1749938772421e-05,1.54993282363379e-05,1.56347277131838e-05,1.78349337747827e-05,1.92705305105897e-05,2.12734575434697e-05,2.32926182623185e-05,2.55708944086501e-05,2.80430936033314e-05,3.0756303261505e-05,3.37274550016991e-05,3.69776733297504e-05,4.05394616623316e-05,4.44319805778694e-05,4.86967144805458e-05,5.33582276931613e-05,5.84637216083119e-05,6.4038785476515e-05,7.01451025147889e-05,7.68098755696906e-05,8.41064085068939e-05,9.20712789471229e-05,0.000100784517068718,0.000110293663538592,0.000120687926276092,0.000132030958077181,0.000144424900638464,0.000157947213791943,0.00017271352742672,0.000188817860917288,0.000206392757576582,0.00022555474094127,0.000246454158009625,0.00026923196158121,0.000294061988833609,0.000321116999689261,0.000350591647721023,0.000382693270968047,0.000417640408464578,0.000455685404206613,0.000497075837118243,0.000542118770017997,0.000591090190240928,0.000644356592238015,0.0007022183536641,0.000765117834627698,0.000833392026068858,0.00090757881935249,0.000988052573445946,0.00107546502604166,0.00117021297957634,0.00127306755408606,0.00138445134538143,0.00150529907159773,0.00163607937269448,0.00177790098082179,0.00193121106382146,0.00209737313890029,0.00227691032709142,0.00247136257519999,0.00268118515924919,0.00290836956149496,0.00315329517895885,0.00341823696316896,0.0037037327970138,0.0040122129396903,0.0043445524660799,0.0047032181291615,0.00508937441279161,0.00550569948610023,0.0059537125942911,0.00643626580228163,0.00695522459258276,0.00751371782762549,0.00811401972022763,0.00875939144146528,0.00945258422714347,0.01019719990779,0.0109966691231774,0.0118546936996392,0.0127753373951231,0.0137625248674491,0.0148213727034899,0.0159558652328242,0.0171720599606225,0.0184740188220606,0.019869222519197,0.0213617174349012,0.0229605789796828,0.0246695635415627,0.0264994891400197,0.028453952403415,0.0305462879704771,0.0327796751077594,0.0351703115243772,0.0377201706502079,0.0404483601144239,0.0433562276201307,0.0464668460801201,0.0497790995500661,0.053320975071953,0.0570903675880397,0.0611188091960707,0.0654009926476291,0.0699746668671648,0.0748323724788233,0.0800135147653395,0.0855121735778499,0.091365863557438,0.0975730825297419,0.104167648868541,0.111150101655896,0.118550663849931,0.126372967571735,0.134641702109659,0.143359319949318,0.1525445246025,0.162201260042832,0.172337983738154,0.18295895954819,0.194058854214438,0.20564309546879,0.217687725187175,0.230197922154152,0.24312667415723,0.256480172776819,0.270182463453554,0.284240090841185,0.298543383887697,0.313099264005495,0.327758027848572,0.342528008320245,0.357214544408988,0.371825014104612,0.386116654870946,0.400098593106039,0.413470605756689,0.426244960165908,0.438069371463771,0.448970168209408,0.458536957733654,0.466811773832562,0.473336701337452,0.478192578118789,0.480909201745558,0.481551592509846,0.47972271016235,0.475476709489037,0.468502115312935,0.458886834869067,0.446445074543456,0.431325356976703,0.413492263931626,0.393178134612296,0.370536602683676,0.345895764095723,0.319589630614552,0.292039082835133,0.263734896745734,0.235137209240917,0.206835475117145,0.179268656006111,0.153014638094519,0.128395220004216,0.105881582252827,0.0856269034325855,0.0679094490117799,0.0526699100137185,0.0399627136065389,0.029562996751606,0.0213340850490118,0.0149606973660767,0.0102014502948399,0.00673481034557725,0.00430257471324817,0.00265342964729751,0.0015770005669133,0.000903490637338527,0.000493486796209123,0.000260865666912087,0.000128901577647003,6.29391788911655e-05,2.74336126529224e-05,1.24367551973672e-05,4.48764442482464e-06,2.06432832687714e-06,2.84049924552345e-07,0
4008806.32889846,0,8.76526224130618e-06,5.24910959818641e-07,9.86362731567303e-06,1.71130117843755e-06,1.11436402401806e-05,2.07151866295061e-06,1.36991088324508e-05,3.10231878626899e-06,1.45257626583937e-05,6.86398251914965e-06,1.41176501190419e-05,1.12553367988882e-05,1.48386318439942e-05,1.49735583783144e-05,1.70821820553009e-05,1.84580621161028e-05,2.03803715158912e-05,2.23167017954698e-05,2.45026445530088e-05,2.68752562955362e-05,2.94792325104459e-05,3.2331279349449e-05,3.54520102426582e-05,3.88722986322305e-05,4.26109422595377e-05,4.67081228637727e-05,5.11870082876326e-05,5.60937688845971e-05,6.14528205861245e-05,6.7323852993135e-05,7.37331998037556e-05,8.07517595217456e-05,8.84150322277334e-05,9.68004136849318e-05,0.00010595402917746,0.00011596218921061,0.000126886743004503,0.000138826649227807,0.000151857203060875,0.000166090610295529,0.000181618378294905,0.000198569123887277,0.000217056214697847,0.000237225895592727,0.000259215637762117,0.000283194753658355,0.000309331545361084,0.000337815705519746,0.000368849498048131,0.000402646561745109,0.000439453583073843,0.000479512917638863,0.000523124213903104,0.000570558088441297,0.00062217335278569,0.000678265476485258,0.000739267003787142,0.000805510001043645,0.000877521634443834,0.000955672183434713,0.00104060042514746,0.00113269979431619,0.00123272645412876,0.00134110123327435,0.00145874202242079,0.00158611740418946,0.00172431671501908,0.00187379014371511,0.00203587864083819,0.00221110969433376,0.00240099801965308,0.0026060097767582,0.0028281052150342,0.0030676793100877,0.00332697515928339,0.00360654894478171,0.00390879841784618,0.00423460920954296,0.00458642623576819,0.00496542760781722,0.00537427085599061,0.00581447971198849,0.00628889156348541,0.00679938045953289,0.00734906112596853,0.0079402111252496,0.00857608491363758,0.00925943418761476,0.00999385812106957,0.0107827813006263,0.0116298987687643,0.0125392632669339,0.01351481329412,0.0145616451601568,0.0156837327408885,0.0168870958472766,0.0181758214727932,0.0195573504535632,0.0210357113446976,0.0226198965168864,0.024313691096016,0.0261278343102468,0.0280658790291087,0.030141056175847,0.0323565658175924,0.0347284623364448,0.0372586555737319,0.039966090882011,0.0428521200749709,0.0459396273638323,0.049227389005246,0.0527431860779193,0.056484870568391,0.060483727071997,0.0647343415209525,0.0692742375655248,0.0740958354680862,0.0792383557991915,0.0846957303863481,0.0905052692033108,0.0966654234935204,0.103209808497288,0.110138813941873,0.117482706732749,0.125245076791237,0.133450481011545,0.142101389692673,0.151216799373793,0.160800750047431,0.170861632133267,0.181403931064223,0.192422801226339,0.20392394457253,0.215883713035411,0.228307354314028,0.241148719298236,0.254414099299789,0.26802828391235,0.281997698544714,0.296213981590446,0.310683612835137,0.325258065727386,0.339945339369379,0.354551742858934,0.369084626011029,0.383301487345839,0.39721216099846,0.410516294430485,0.423225999307107,0.434990140725087,0.445834578314187,0.4553496832446,0.46357690538287,0.470059819753393,0.474879721138587,0.477566581084501,0.47818670659789,0.476342922486904,0.472092107539754,0.465122401835641,0.455523435852935,0.443111113731688,0.428035099961218,0.410260996092351,0.390021224758727,0.36747363787484,0.342945124399825,0.316769979574961,0.289367489577363,0.261229388649744,0.232813218928416,0.204706702280144,0.177344151876829,0.151299337237997,0.126890208460108,0.104584643589538,0.0845302613432382,0.0669991736510534,0.0519302573357169,0.0393756306434942,0.029109124489601,0.0209921164360123,0.0147106764174671,0.0100232984698595,0.00661156968934334,0.00422019350459593,0.00260069966636696,0.00154437202930818,0.000883906103875613,0.000482216649724019,0.000254744207804544,0.000125804430500002,6.1346086233384e-05,2.66946043157069e-05,1.21081486156503e-05,4.36662259444754e-06,1.99270018066863e-06,2.69815458444534e-07,0
4102658.10582719,0,8.38704620688368e-06,5.03233965238674e-07,9.43738634415313e-06,1.64007601377855e-06,1.06641309755227e-05,1.98523863402559e-06,1.31088380810213e-05,2.97633274273583e-06,1.39009180696458e-05,6.57620392763412e-06,1.35161076605812e-05,1.07797291005763e-05,1.42103267591795e-05,1.4342621637437e-05,1.63621077863396e-05,1.76834825647785e-05,1.95256711201288e-05,2.13839802694074e-05,2.34807822339086e-05,2.57573998659083e-05,2.82564771567586e-05,3.0993930610153e-05,3.39898780728462e-05,3.72739571436558e-05,4.08643694123703e-05,4.47997938917615e-05,4.91027801500162e-05,5.38175990110223e-05,5.89681743473373e-05,6.46118715098382e-05,7.07745396724239e-05,7.75243424188515e-05,8.48958637938514e-05,9.29638743011936e-05,0.000101773228794911,0.000111407292707716,0.00012192613428929,0.000133425609247838,0.000145978930708622,0.000159694787516826,0.000174662136355443,0.000191005784817823,0.000208836056886391,0.000228295037463607,0.000249516496692555,0.000272665150521348,0.000297905013074766,0.000325421041394341,0.000355410492239728,0.000388081755685979,0.000423675283329718,0.000462428187955345,0.000504633341584596,0.000550555871954358,0.000600546013798281,0.000654893919368265,0.000714022904645342,0.00077826009648902,0.00084812106344788,0.000923971036384813,0.0010064355730258,0.00109590434793546,0.00119311872777402,0.00129849748864044,0.00141294070160846,0.00153691509397335,0.00167149006626951,0.0018171182877735,0.00197511661861436,0.00214601630070616,0.00233130766861657,0.00253146497480364,0.00274841533268654,0.00298256941088938,0.00323613468516103,0.0035096826996366,0.00380558052081595,0.00412472439571675,0.00446953366652183,0.00484119482605252,0.00524234226340145,0.00567450680976765,0.00614050852482036,0.00664222453406491,0.00718275599504389,0.00776438533149247,0.00839035772723232,0.00906342112392606,0.00978716494879832,0.010565008699392,0.0114006496270094,0.0122981312114578,0.0132613963325564,0.014295513124687,0.0154044579832418,0.0165942263426075,0.0178689180479385,0.0192359097244081,0.0206992298693726,0.0222678337079179,0.0239455173953805,0.0257429024715815,0.0276635270339989,0.0297205482322527,0.0319171862126402,0.0342693252372576,0.0367788361890428,0.0394645430066432,0.0423277736049787,0.0453911880449145,0.048653537306044,0.0521423836564896,0.0558555248890343,0.0598240058419547,0.0640423043027738,0.0685477113714658,0.0733325616360305,0.0784358686130211,0.0838514182080284,0.0896163227135092,0.0957289755324916,0.10222270188521,0.109097841112376,0.116384610690045,0.124086536600918,0.13222809202374,0.14081189449956,0.149856879886597,0.159367060698322,0.169351044442939,0.179813548013298,0.190750184250466,0.202166595036948,0.214039538956301,0.22637444862839,0.239125941199689,0.252300304350183,0.265823129879322,0.279700961745419,0.293826170497952,0.308205127345133,0.322690449753646,0.337290083388212,0.351810995065322,0.366260780839216,0.380397504282653,0.394230819826141,0.407461435743162,0.420101551653778,0.431799943102127,0.4425833906666,0.452042386201743,0.460218916736227,0.466656944217631,0.471438452948206,0.474094017102248,0.47469045009584,0.472832485861017,0.468577249534041,0.461613448470328,0.452032971712012,0.439652957271864,0.424623961016251,0.406913479863714,0.386754955654585,0.364308047527756,0.339897838065315,0.313859676684353,0.286613114599661,0.258651114461012,0.230425879014457,0.202521915020647,0.175370690958483,0.149544965934094,0.125356068523367,0.103264600274027,0.0834149535971085,0.0660768692196864,0.0511848045316566,0.0387857025726205,0.0286540234061798,0.0206501254700923,0.0144601320132692,0.00984409441261743,0.00648860226217007,0.00413937074595508,0.00254910436099284,0.00151189989725587,0.00086441934576965,0.00047139384425562,0.000248917933956399,0.000122698739317367,5.97654262349824e-05,2.60244882877632e-05,1.17857277641585e-05,4.24115045816713e-06,1.93630444911373e-06,2.57032430425103e-07,0
4198707.08444391,0,8.02193592164343e-06,4.8282810490857e-07,9.02788604633914e-06,1.56993573249204e-06,1.02009606024097e-05,1.90464762806143e-06,1.2539108661107e-05,2.85348799827879e-06,1.33008482573558e-05,6.29815591009654e-06,1.29357271756998e-05,1.03230037384441e-05,1.3603255134901e-05,1.37356438398795e-05,1.56676827833774e-05,1.69365382951562e-05,1.87020140887705e-05,2.04841689567311e-05,2.24952086025065e-05,2.46788736280321e-05,2.70763877054151e-05,2.97029037962207e-05,3.25780629744673e-05,3.57300093540408e-05,3.91767944938927e-05,4.29552122690568e-05,4.7087455412725e-05,5.16159579895795e-05,5.65640146318368e-05,6.19868776849431e-05,6.79096237675964e-05,7.43980050336127e-05,8.14856081321283e-05,8.92445460712773e-05,9.7718377661589e-05,0.000106987710006602,0.000117110856987103,0.000128180514927229,0.000140267782220901,0.000153477898440015,0.000167897237707331,0.000183646818462128,0.000200833923803991,0.000219596487048437,0.000240064513778112,0.000262398065458475,0.000286756860289706,0.000313320952367329,0.000342282388963098,0.000373844408564429,0.000408241326981353,0.000445704593283766,0.000486519769022185,0.000530946448781233,0.000579326613531306,0.000631944805930848,0.000689214312286486,0.000751456600679985,0.00081917576833853,0.000892732136669907,0.000972737898297069,0.00105957812660072,0.00115397825955411,0.00125635415376082,0.00136758850669476,0.00148814576116534,0.00161907331034964,0.00176082499671757,0.00191469442396193,0.00208121415778973,0.00226184641235809,0.00245707505651842,0.00266879570788199,0.00289743012239905,0.00314514378580294,0.00341252274838402,0.0037019064825032,0.00401420306590293,0.00435180073366559,0.00471589118959992,0.00510908547870606,0.0055329194627717,0.00599019015678706,0.00648277807195908,0.0070137731577237,0.00758546157363858,0.00820107085786622,0.00886334536144569,0.00957586986937669,0.010342057793369,0.011165597832806,0.0120505132099195,0.0130007591639151,0.0140214052644463,0.015116421297717,0.0162917356815935,0.0175514613638791,0.0189029561040602,0.020350263986466,0.0219022649065882,0.0235627681768823,0.0253422923613274,0.0272443685363979,0.029282073577224,0.0314586583797937,0.0337898345424366,0.0362774692279518,0.0389402559904129,0.0417795207294832,0.0448176671650918,0.0480533717160022,0.0515140381359774,0.0551975720625429,0.0591346720464307,0.0633195442458292,0.0677893479420841,0.0725365592495933,0.0775997955851085,0.0829723814387711,0.0886915769109643,0.0947560272805863,0.101198337756634,0.108018415912887,0.115246995818848,0.122887677960764,0.130964374148001,0.139479662187992,0.148452699687057,0.157887534520072,0.167793167295567,0.178174133398217,0.189026038052496,0.200355110671482,0.212138569247044,0.224381628478951,0.237039562432147,0.250118989426587,0.26354633403383,0.2773278339829,0.291356904239233,0.305639946961571,0.320030568334148,0.334536646756851,0.348965996218334,0.363326317822444,0.377376491051223,0.39112591231288,0.404276410114534,0.416839923337807,0.428466096671372,0.439181879672349,0.448578240190024,0.456697256184524,0.463084436986302,0.467821956936189,0.470440846570106,0.471009305336146,0.469133409423976,0.464871025411458,0.457912149416284,0.448349679390253,0.436003361267228,0.421024102511764,0.403381832891377,0.383310088605247,0.360969940950654,0.336686780428044,0.310797753637879,0.283719891086288,0.255944255028378,0.227921400156687,0.200234782936591,0.173310431542399,0.147715280346737,0.123756493148836,0.10189117802783,0.0822583718715119,0.0651214078320871,0.0504124759857205,0.0381757995382149,0.0281844302449941,0.0202970842882441,0.0142031754521779,0.00966309176492873,0.00636436856430703,0.0040556711258253,0.00249521646824935,0.00147921668278439,0.000845253652005969,0.000460313807128565,0.000242820960727837,0.000119632510609856,5.82113917817168e-05,2.53211997643162e-05,1.14738474247187e-05,4.11604199816316e-06,1.86398874531689e-06,2.49313612095749e-07,0
4297004.70432084,0,7.67097928822175e-06,4.6234202947901e-07,8.63099003125308e-06,1.50468180943123e-06,9.7559793647063e-06,1.82181735483388e-06,1.19927500924695e-05,2.73588298441946e-06,1.27177905203902e-05,6.03297700890382e-06,1.23745263706117e-05,9.88004009604279e-06,1.30199945346721e-05,1.31461929162387e-05,1.49988802109398e-05,1.62136213547279e-05,1.79063502742561e-05,1.9614530116225e-05,2.15422950638072e-05,2.36364633818556e-05,2.59352830059201e-05,2.84547663322268e-05,3.12126324298918e-05,3.42368581839636e-05,3.75443006804927e-05,4.11707031243517e-05,4.51373208851994e-05,4.94851325760899e-05,5.42366482278388e-05,5.94450499595414e-05,6.51346923836834e-05,7.13689315714381e-05,7.81803790601577e-05,8.56385512069162e-05,9.37857322257872e-05,0.000102699730189595,0.000112437082872593,0.000123087348131483,0.000134719509203586,0.000147435444203886,0.00016131904973278,0.000176487594111771,0.000193045232249706,0.000211125746359252,0.000230855538206515,0.000252390086764178,0.000275884668784821,0.000301514407996221,0.000329466214178505,0.000359938126364006,0.000393158433960371,0.000429353077017962,0.000468800246783658,0.000511753674846415,0.00055854692951604,0.000609458950294655,0.000664893126289934,0.000725165166710631,0.000790767245100292,0.000862053521592048,0.000939622190815788,0.0010238543065871,0.00111545977274762,0.00121484982509774,0.00132288774868112,0.00144003588762063,0.00156732201855573,0.00170519952137428,0.00185493434847988,0.00201706146087978,0.002193018768119,0.00238329357699706,0.00258974353142555,0.00281280702620063,0.00305461682275425,0.00331576703019537,0.00359855683946718,0.00390390433896489,0.00423417078783996,0.00459054973656904,0.00497562631033877,0.00539094369761175,0.00583927787862623,0.00632250688101284,0.00684369407395331,0.00740512367471133,0.0080100165146417,0.00866111559612357,0.00936198846394154,0.010116039436995,0.0109269619448733,0.0117987742637887,0.0127354148783309,0.0137419002149935,0.0148222265497887,0.0159823382306476,0.0172263449866211,0.0185615023173291,0.019991874707657,0.0215263213196183,0.0231686531375561,0.0249292720448375,0.0268117546908455,0.0288290897452202,0.0309845004442263,0.0332935577371097,0.0357581738725451,0.0383968794803787,0.0412109565610493,0.0442226360115747,0.0474306810425185,0.0508622071763642,0.054514917369444,0.0584193407813789,0.0625698646925631,0.0670032875407123,0.071711718488197,0.0767337008547797,0.0820628618480868,0.0877359171446565,0.0937508949688474,0.100140587863705,0.106905328376851,0.114075246818265,0.121653467396315,0.12966406699175,0.138109865315447,0.147010154563809,0.156368619278839,0.166193985640283,0.176491349311887,0.187257023737585,0.198496736109193,0.210187930816723,0.22233626205825,0.234897658008824,0.247878693175673,0.261206522141467,0.27488740217175,0.288815594610457,0.302997747305855,0.317288343032754,0.331695054944442,0.34602679753777,0.360291079103846,0.374248054966922,0.387907058073535,0.400970598813881,0.413450665220972,0.42499802497917,0.435639541854901,0.444967073012307,0.453023242127178,0.459354091734162,0.464042998830728,0.466621977212438,0.46715987044223,0.46526393530559,0.460993415601893,0.45404001203743,0.44449789342687,0.432188162830182,0.417262707421281,0.39969459088753,0.379716771102718,0.357491996835638,0.333344911117754,0.30761466954959,0.280716384387767,0.25313972571436,0.225330941819027,0.197871881373857,0.171184769337062,0.145832205701467,0.122114898288107,0.100484087446201,0.0810749773871494,0.064146350773128,0.0496269755340161,0.0375568655406633,0.0277089629873605,0.0199407413111578,0.0139435087187713,0.00947912241276157,0.00623873060342075,0.00397281443984578,0.00244227411985956,0.00144622336992504,0.000825593809699505,0.000449346319797798,0.000236925025926324,0.000116579885722522,5.6654235763569e-05,2.46240566350459e-05,1.11557458618701e-05,4.00521775694681e-06,1.80160316418768e-06,2.32857077445464e-07,0
4397603.60930272,0,7.3397993534183e-06,4.43578679326768e-07,8.25991039945354e-06,1.44052344186894e-06,9.33531812448018e-06,1.74869283901881e-06,1.1475548922767e-05,2.62243947186505e-06,1.21741888181496e-05,5.77830039974072e-06,1.18466476512025e-05,9.46442827042593e-06,1.24662359038677e-05,1.25933937327756e-05,1.43652389755263e-05,1.55324435331405e-05,1.71544131215055e-05,1.87929020131064e-05,2.06420497534164e-05,2.2650537004609e-05,2.48563211393646e-05,2.72735284506965e-05,2.99203161595664e-05,3.28227957286313e-05,3.59978066342866e-05,3.94793986634743e-05,4.32883021098028e-05,4.74638850584502e-05,5.20279890126296e-05,5.70318100257894e-05,6.24989485411739e-05,6.84904830407411e-05,7.50380158251629e-05,8.22086605365882e-05,9.00433650363697e-05,9.86172572318066e-05,0.000107985065589896,0.00011823337332815,0.000129429100274053,0.000141670917533696,0.000155040273170565,0.000169650630233123,0.000185602841377124,0.000203026607228556,0.000222044973063381,0.000242808991613654,0.000265469383309155,0.000290196400848398,0.000317171985741669,0.00034658872700637,0.00037866856932774,0.000413632146144193,0.000451750676927882,0.000493271774594746,0.000538520020173066,0.000587768500842785,0.000641411525206787,0.000699759027700888,0.00076328981941048,0.000832351376438716,0.000907529853712629,0.000989202351693363,0.00107806009844847,0.00117450738699207,0.00127939213086678,0.00139317672453625,0.00151686298666106,0.0016508991217697,0.00179652895665356,0.00195429135266155,0.00212559447134286,0.00231092761040171,0.00251211121100265,0.00272959464128582,0.00296547584213421,0.00322036167303947,0.00349650788496173,0.00379483212772008,0.00411767225798811,0.00446623330411501,0.00484306419515821,0.00524970071398714,0.00568889888631683,0.00616254184915581,0.00667366724440966,0.00722455706337861,0.00781841961846177,0.00845798655735708,0.00914680442461072,0.00988827288338127,0.0106860836155856,0.0115442356029747,0.0124666622323867,0.0134583575775763,0.0145233291567512,0.0156674838879211,0.0168949250358826,0.0182128613995104,0.0196253958382124,0.021141320805139,0.0227644576793475,0.0245051098055971,0.0263668375073367,0.028362556436415,0.0304956213841942,0.0327813948391686,0.0352216474885509,0.0378348334547651,0.0406224472368232,0.043606396795337,0.0467852596217491,0.0501860914426417,0.0538067852111137,0.0576773355788196,0.0617919395877634,0.0661874191892404,0.0708559515303735,0.0758356255400212,0.0811198933198847,0.0867451553016352,0.0927094043487892,0.0990456131829131,0.105753983531866,0.112863780617061,0.120377963249349,0.12832137099691,0.136696961190213,0.145523132868057,0.154803220413104,0.164546804865646,0.174759389028136,0.185436906175817,0.196584740302101,0.208181253464556,0.220232495244297,0.232694605622174,0.24557384945896,0.258798361536643,0.272374702146413,0.286197871662588,0.300274372863127,0.314459896071476,0.328761871094663,0.342990110794046,0.35715253920273,0.371010251560196,0.384572236490926,0.397542063835201,0.409932217739197,0.421394320445656,0.431955094402459,0.441207546765596,0.449194745711864,0.4554643420202,0.460099956924749,0.462634575838096,0.463138169236148,0.461219887946817,0.45694026347065,0.449991548221433,0.440469575891818,0.428198274717144,0.413330297214572,0.395840052922114,0.375960829973633,0.353858552933001,0.329856818789142,0.304295007920315,0.277586037923339,0.250219487161296,0.222637793070237,0.195419606231538,0.16898222802559,0.143883896551886,0.120419120846062,0.0990334257801539,0.0798575889002434,0.0631449466276421,0.0488212847859795,0.0369231858125181,0.0272232453765277,0.019577760990707,0.0136803378539019,0.00929364905082032,0.00611209735925057,0.0038887984682911,0.00238853882893033,0.00141331522314579,0.000806343900116114,0.000438425921617471,0.000230868831898343,0.000113511781084448,5.51830443973927e-05,2.39564698153142e-05,1.08142055159136e-05,3.88314088503754e-06,1.75201763108416e-06,2.2425107315072e-07,0
4500557.6757005,0,7.01767620108034e-06,4.25185501984457e-07,7.89764383151164e-06,1.37870250012237e-06,8.92671338500079e-06,1.67565947294157e-06,1.09724236866042e-05,2.51341197626115e-06,1.16424826886119e-05,5.53163846850671e-06,1.13330948839214e-05,9.05763732587625e-06,1.19294722706952e-05,1.20528515302673e-05,1.37495821956556e-05,1.48680814024454e-05,1.64222756163526e-05,1.79924829189404e-05,1.97647838254413e-05,2.16901570132898e-05,2.38048644344897e-05,2.61226254957202e-05,2.86609108921167e-05,3.14447860864807e-05,3.44905283656843e-05,3.78309267376333e-05,4.14860257519012e-05,4.54936522180341e-05,4.98749075193942e-05,5.46791312336212e-05,5.99292394850684e-05,6.56840153718469e-05,7.19740335329579e-05,7.88640015886923e-05,8.6393612278622e-05,9.46354138342193e-05,0.000103642461919391,0.000113498371498333,0.000124267923146742,0.000136046442845561,0.000148912852319127,0.000162977075816787,0.000178337144959327,0.000195118777900433,0.000213441166433396,0.000233450661924939,0.000255293714843271,0.000279135761878179,0.00030515356290344,0.00033353462214683,0.000364494825331546,0.000398248842294114,0.000435060426435454,0.00047517150396297,0.000518898519452262,0.00056650822549815,0.000618383539687554,0.000674827871249223,0.000736310299992025,0.000803173058242739,0.000875985485892827,0.000955117109925854,0.0010412461277428,0.00113477485744462,0.00123652786538793,0.00134695842223499,0.00146705103804053,0.00159725769764885,0.00173879160054828,0.00189218477420631,0.00205881901570214,0.00223919195882902,0.0024350876497275,0.00264696177572901,0.00287686976437971,0.00312542530603644,0.00339485170563393,0.00368607648588556,0.00400139723244696,0.00434201315374283,0.00471044689036802,0.00510823938482136,0.00553811821943772,0.00600196120964521,0.00650277992696269,0.00704284534263348,0.00762534427990502,0.00825301256589478,0.00892938542309973,0.00965783780103956,0.0104420455048828,0.0112859973782186,0.01219362691766,0.0131698961313367,0.0142188067518218,0.0153462317927077,0.0165563083541872,0.0178561989064641,0.0192499876763394,0.0207463847866262,0.0223492569656817,0.0240688449755532,0.0259087482597216,0.0278817265312485,0.029991097298622,0.0322521664920487,0.0346668510615089,0.0372533032104212,0.0400129271324335,0.0429676070418906,0.0461160660886829,0.0494848627347164,0.0530717744163192,0.0569068482527017,0.0609844236869663,0.0653407135499247,0.0699677369546941,0.0749034515231137,0.0801413037500675,0.0857176087477036,0.0916303284702489,0.0979116487955276,0.104561438981324,0.111609571760253,0.11905926457773,0.126934411054494,0.13523737833678,0.143987198498645,0.153187761801764,0.162848341010947,0.172973745296918,0.183560278657301,0.194614011892343,0.206113572336491,0.218064476043593,0.230423527082341,0.243197423986532,0.256314827391871,0.269782174341837,0.283495491236587,0.297461337978123,0.311536193164215,0.325727608665169,0.339846787951942,0.353901112386574,0.367652682054607,0.381111001279103,0.393981044378796,0.406274588479344,0.417644327293255,0.428118019680541,0.437289588995601,0.445201912739023,0.451404297431525,0.455981448622263,0.458467712214824,0.458933795466297,0.456990429726387,0.452699426506394,0.445755335148232,0.436255357630892,0.424025292405511,0.409218201984215,0.391811066584662,0.372038169929592,0.350067799923154,0.326221253809325,0.300838482831511,0.274331386949055,0.247188241488983,0.21984639918621,0.192882340041288,0.166707900468062,0.141875163565488,0.118673556775143,0.0975438656841895,0.0786108678940327,0.0621209485183343,0.0479982976353813,0.036277308101192,0.0267295806470562,0.0192098278187678,0.0134143622081706,0.00910634198506527,0.00598391549188758,0.00380412212881108,0.00233508529964426,0.00138063643811841,0.000786830308239958,0.000427319042780049,0.000224970088995485,0.000110573904799075,5.36542668783695e-05,2.32508672776494e-05,1.05035682363209e-05,3.77414957447296e-06,1.69344537651214e-06,2.12144572076437e-07,0
4605922.0411451,0,6.70729326036732e-06,4.06702490496805e-07,7.54689885449022e-06,1.32166938092974e-06,8.53214312565018e-06,1.60250474008992e-06,1.0489948011262e-05,2.4084080221106e-06,1.11264429819256e-05,5.29788359081784e-06,1.0834421713546e-05,8.66690535845027e-06,1.14111958178401e-05,1.15311587930594e-05,1.31558500924247e-05,1.42270472952877e-05,1.57157722009689e-05,1.72203188082464e-05,1.89181438333923e-05,2.07634863276625e-05,2.27899899213251e-05,2.50118570072991e-05,2.74451167925874e-05,3.01144850032487e-05,3.30352073149778e-05,3.62390661075051e-05,3.97452301924698e-05,4.35902584725916e-05,4.77944672884939e-05,5.2405349786512e-05,5.74450502747378e-05,6.29701972689798e-05,6.90104052120264e-05,7.56279868836147e-05,8.28613277139797e-05,9.07803915998505e-05,9.9436528260111e-05,0.00010891049885314,0.000119265013859721,0.000130592123500316,0.000142968234301164,0.000156499695892641,0.000171281600918525,0.000187435682840303,0.000205077422734302,0.000224348673534302,0.000245391654597569,0.000268366930066347,0.000293446077851773,0.000320811355061678,0.000350672494193624,0.000383238359400942,0.00041876535413844,0.000457489328274167,0.000499718140437259,0.000545712607530437,0.000595845895324116,0.000650414748908072,0.000709875490228599,0.000774563543209937,0.000845034583909922,0.000921652535806903,0.00100507871338782,0.00109570938588035,0.00119434994871329,0.00130144900296423,0.00141796812756689,0.00154435681430593,0.00168180198713257,0.00183083362960667,0.0019928038410242,0.0021682115432029,0.00235880444229032,0.00256504718476561,0.00278895279038011,0.0030311415092879,0.00329379864355465,0.00357785390859476,0.00388556846072127,0.00421814199713309,0.00457806643300987,0.00496687817429327,0.00538727173588204,0.00584112078204044,0.00633141339548348,0.0068604127298843,0.00743127664162721,0.00804672733198996,0.00871028536924129,0.00942531603957388,0.0101954800325253,0.0110247421829739,0.0119170314690284,0.0128772856828536,0.0139095055057815,0.015019517104162,0.0162114642144636,0.0174924671584243,0.0188666371224321,0.0203426088041905,0.0219242550364867,0.0236217357902284,0.0254386994784336,0.0273877808256827,0.0294723158917865,0.0317074909523089,0.0340952832628633,0.0366536738630464,0.0393840857971796,0.0423081623409152,0.0454246881306321,0.0487600251934077,0.0523119775645648,0.0561102720856566,0.0601492388214624,0.0644648016068365,0.0690490109847426,0.0739395683109887,0.0791298584678706,0.0846557982058112,0.0905152584872002,0.096740341255203,0.103330838258152,0.110316238362426,0.117699635945806,0.125504867266535,0.133734219720918,0.142406786848404,0.151526308865707,0.161101817734326,0.171138222069089,0.181632436901384,0.192590321092168,0.203990394023367,0.215838386862567,0.228091995787016,0.240757745608985,0.253764700744061,0.267119418315709,0.280719039725533,0.294570032151871,0.308529699167161,0.322605762084115,0.336610459369259,0.350551088219215,0.36419104443894,0.377539940966662,0.390303685732745,0.40249408256089,0.413765834257308,0.424146381888694,0.433230752885366,0.441062532013973,0.44719260531099,0.45170667959895,0.454140556631529,0.4545655043085,0.452594767083236,0.448291421252606,0.441351624575093,0.431874170698554,0.419687668095109,0.40494604009521,0.387628152151599,0.367967627290186,0.346135941526861,0.322453798653146,0.297262101057775,0.270968454462343,0.244059643453372,0.216969649733915,0.190272149165041,0.164372545266834,0.13981676354599,0.11688898113688,0.0960238901405243,0.0773407329065068,0.0610805008595416,0.0471652015561197,0.0356248385742637,0.0262313766686081,0.0188392827657306,0.013146875678093,0.00891838901699046,0.005856065842894,0.00371980890098464,0.00228140828463755,0.00134767556533823,0.000767467983198948,0.000416517629322068,0.000219106649855099,0.000107551621506532,5.21610465993115e-05,2.26023930612205e-05,1.01873494491726e-05,3.65670675866681e-06,1.64076543015391e-06,2.00871605105874e-07,0
4713753.13411673,0,6.41553639582734e-06,3.90095196345357e-07,7.22014146698309e-06,1.26355946046326e-06,8.16198883168404e-06,1.53714183208854e-06,1.00331108650246e-05,2.30695256729657e-06,1.06472510735687e-05,5.06990783969211e-06,1.03693408968158e-05,8.29624306356614e-06,1.09218244083401e-05,1.10398646314657e-05,1.25937100715044e-05,1.36221535291379e-05,1.50477590030335e-05,1.64898465192524e-05,1.81175939371158e-05,1.98861840892478e-05,2.18293159192126e-05,2.39596867480662e-05,2.62932015044489e-05,2.88533225149141e-05,3.16550708576599e-05,3.47286732878268e-05,3.80928865579483e-05,4.17827054976921e-05,4.58178574903238e-05,5.0243989130675e-05,5.50825506439368e-05,6.03880384041091e-05,6.61891132413843e-05,7.25457827852156e-05,7.94952033473849e-05,8.71048681092217e-05,9.54244407777914e-05,0.000104531850828092,0.000114487811784246,0.000125381275063573,0.000137286244450154,0.000150305505064491,0.000164531112259792,0.000180080902641928,0.000197066872527828,0.000215626478663842,0.000235897597912025,0.000258035864736659,0.000282207759634074,0.000308590435948325,0.000337387604839551,0.000368802253943148,0.000403083237274418,0.00044046031700524,0.000481233135743601,0.000525656182791847,0.000574091959659787,0.000626830540121571,0.000684316852357167,0.000746879890908688,0.000815060602703001,0.000889215938849506,0.000969990552228863,0.00105777483782798,0.00115335506698377,0.00125717465786112,0.00137017197423004,0.00149279184773705,0.00162619420643495,0.00177090694494182,0.00192825248097066,0.00209873053999487,0.00228404967933395,0.00248467863693505,0.00270258927078376,0.00293840883517983,0.00319428076532013,0.00347113488260234,0.00377119743742402,0.00409566647581224,0.00444699575886472,0.00482671488201891,0.00523748723842981,0.0056811792851369,0.00616075012212731,0.00667845794108613,0.00723743571323904,0.00784038641138735,0.00849080184356217,0.00919203295439979,0.0099477264380861,0.0107618178520692,0.0116382330322871,0.0125818990505893,0.0135968157190799,0.0146887394639522,0.0158618030137503,0.0171230913870474,0.0184767491615347,0.0199313234782609,0.0214907147969442,0.0231650166466285,0.0249578830399122,0.0268818034420815,0.0289401969314784,0.0311481130731126,0.033507555121797,0.0360363398027981,0.0387359360416347,0.041627757553171,0.0447106749642726,0.0480108038445163,0.0515260096704393,0.0552856824675884,0.0592841375174521,0.0635570820302576,0.0680966983076374,0.0729403104175625,0.0780810043275134,0.083554472781297,0.0893589434734681,0.0955260960794997,0.102055213966334,0.108975800151033,0.116291161371482,0.124024814559343,0.132178647202969,0.140771699380079,0.149807908132121,0.159296404835586,0.169241798615796,0.179641043725256,0.190500100294249,0.201797897302842,0.2135400273228,0.225684656649458,0.238238354903531,0.25113086394611,0.264368700717504,0.277849811154125,0.291580661342018,0.305419672127639,0.319374484751769,0.333258466444044,0.347079062393705,0.360600830148603,0.373833241629846,0.386483725086758,0.398564324864018,0.409730937019912,0.420011494356123,0.429002452217271,0.436747673675415,0.442800293329762,0.44724641296318,0.449623653352499,0.450004427777622,0.44800433913689,0.443687601854155,0.436752720459742,0.427299679035913,0.415159441003826,0.4004869727722,0.383264811294878,0.363725811403837,0.342042108813868,0.318533609821411,0.293542541670983,0.267474245854562,0.240813268614318,0.213988239605478,0.187569281398891,0.161956890403356,0.137691735125076,0.115050124067868,0.0944593518176485,0.076035363633032,0.0600142784544506,0.0463139650940156,0.0349599519330929,0.0257250712168331,0.0184627764839714,0.0128743079515544,0.00872692634706359,0.00572682109043357,0.00363548752716073,0.00222801799311384,0.00131468770575745,0.000747861847265697,0.000405744335941075,0.00021359205183788,0.000104690502369144,5.04780798576249e-05,2.18461266691408e-05,1.00020741728906e-05,3.61158886981732e-06,1.52833236779259e-06,1.67754355240404e-07,0
4824108.70416537,0,6.13428925214645e-06,3.73472697861051e-07,6.90428745666609e-06,1.20963616627911e-06,7.80409405008995e-06,1.47283579877723e-06,9.5945795624209e-06,2.20891601540403e-06,1.01838110884368e-05,4.85201649140896e-06,9.9196948064899e-06,7.93943636893484e-06,1.04501278959679e-05,1.05653913597353e-05,1.20526558803784e-05,1.30378847039921e-05,1.44036498742374e-05,1.57853259684696e-05,1.73447921838349e-05,1.90397410096568e-05,2.09020006745385e-05,2.29439223756861e-05,2.51809705123488e-05,2.76354791447808e-05,3.03220331146998e-05,3.32697399197944e-05,3.64966095463616e-05,4.00363012964559e-05,4.39078413221336e-05,4.81551522085296e-05,5.27989956477116e-05,5.78918049270372e-05,6.34613115817791e-05,6.95653173171888e-05,7.62397228034928e-05,8.35495566496699e-05,9.15428210472926e-05,0.000100294665071453,0.00010986379533894,0.00012033614082491,0.000131783337986424,0.000144304686812632,0.000157989244239766,0.000172950920831432,0.000189298227402813,0.000207164324527267,0.000226682854678621,0.000248004784023778,0.000271291544907338,0.000296714870299946,0.000324472380125898,0.000354761665726797,0.000387824619131612,0.000423884694985949,0.000463232546588954,0.000506116413860055,0.000552889348543261,0.000603834664502771,0.000659384501561323,0.000719860610669997,0.000785789805971429,0.000857522245979013,0.000935685705420903,0.00102066385157329,0.00111322299925279,0.00121380079981397,0.00132331267288463,0.00144219873765005,0.00157159199171129,0.00171201696362533,0.00186476373379908,0.00203033016320332,0.00221038953820886,0.00240541797993494,0.00261734042830057,0.00284678376220037,0.0030958554970634,0.00336548773124061,0.00365785981837317,0.00397415959973877,0.00431681632061648,0.00468736040712792,0.00508841015094417,0.00552181027384244,0.00599049086970811,0.00649671093490526,0.00704357201324901,0.007633745931827,0.00827069917766296,0.00895778235308589,0.00969863112299092,0.010497136947592,0.0113571856040195,0.0122836719941855,0.0132806318185176,0.0143537863590823,0.0155072304236024,0.0167479787991992,0.0180802357164287,0.0195124854906893,0.0210485975383156,0.0226985481417586,0.0244660878437459,0.0263636105827167,0.0283945265555367,0.0305737556547928,0.0329033979272809,0.0354009856971752,0.0380680380095241,0.0409259470777674,0.0439736371760848,0.0472366673256521,0.050713071714437,0.0544323042721265,0.0583885602376708,0.0626168186025674,0.0671095178849395,0.0719041025223392,0.0769936125246962,0.0824128747686962,0.0881598074766725,0.0942666260183327,0.100733029070526,0.107587256904015,0.114831809752466,0.12249122563462,0.130568077868718,0.139080056429111,0.148030220683057,0.157428979173224,0.167281361587974,0.177583258669422,0.188340441827214,0.199533175119989,0.211166740603768,0.223198922772237,0.235636798980618,0.24841123872909,0.261527923273295,0.274885651723207,0.288491712024827,0.302205246294896,0.316033221527034,0.329790434986531,0.343484668798059,0.356881941918126,0.369991406227959,0.382521816386561,0.394485462983729,0.405540265124264,0.415714183805679,0.424605075292175,0.432257344551786,0.438226291198174,0.442599284185933,0.444915850620868,0.445248931834249,0.443216429594241,0.438885003216433,0.431955166926768,0.42252762833654,0.410436811109182,0.395838325557542,0.378717217661174,0.359306223067875,0.337780407638333,0.31445751181043,0.289679553543224,0.263848578100245,0.237449063784578,0.210904178551271,0.184778098941455,0.15946609134294,0.135503820550587,0.113159961844023,0.0928545861912732,0.0746993987096888,0.0589240569633685,0.0454437057595312,0.0342809987433068,0.0252092169120909,0.0180806689041613,0.0125996082538536,0.00853498468038528,0.00559684499499416,0.00354987827043486,0.00217364289231541,0.00128189600968035,0.000729106084906075,0.000395101453911554,0.000207418468347355,0.000101584604745463,4.92557799158268e-05,2.13402220726639e-05,9.5635061856178e-06,3.41871594530928e-06,1.54192682736381e-06,1.86384015752233e-07,0
4937047.852839,0,5.86208092787566e-06,3.57322056028106e-07,6.59537087160456e-06,1.15904574669288e-06,7.45890885262375e-06,1.4071647504216e-06,9.16998770787049e-06,2.11640185160189e-06,9.73000937240855e-06,4.64556814039401e-06,9.47944766967787e-06,7.59592493700848e-06,9.99247912615754e-06,1.01042211505346e-05,1.15293797567163e-05,1.24707714583281e-05,1.3779285146036e-05,1.51025837613774e-05,1.65954594230978e-05,1.82194034671574e-05,2.00030873750722e-05,2.19593786196052e-05,2.41028119748389e-05,2.6455050289056e-05,2.90298175131478e-05,3.18554425849474e-05,3.494890755394e-05,3.83428417545224e-05,4.20555615052696e-05,4.61291907231951e-05,5.0583846861274e-05,5.54699547293603e-05,6.08142802727835e-05,6.6672435847101e-05,7.30791319678361e-05,8.00970410658691e-05,8.77725432362522e-05,9.61780561260303e-05,0.000105370272528045,0.000115432043427051,0.000126432637020917,0.000138467985134811,0.000151624288746376,0.000166011668175459,0.000181735049651847,0.000198923201394311,0.00021770561624309,0.000238228474163577,0.000260648089559166,0.000285131150129537,0.000311869386465668,0.000341054465322456,0.000372920928662745,0.000407686220163886,0.000445632520777111,0.000487001467921677,0.000532136101072474,0.000581313197286052,0.000634952571974582,0.000693368144741181,0.000757072571990887,0.000826409494441584,0.000901989908044732,0.000984191219247671,0.00107376024543771,0.00117112668002428,0.00127718241040199,0.00139236410744418,0.00151777609495962,0.00165393684262113,0.00180210822116904,0.00196278810037289,0.00213760704941527,0.00232704292516328,0.00253298223065328,0.0027560567451471,0.00299832436442828,0.00326071048494751,0.00354536418830025,0.00385347319479733,0.00418741707102784,0.00454870967141099,0.00493994317125509,0.00536295985956964,0.0058206464782516,0.00631523297562893,0.00684979318200447,0.00742699967376923,0.00805029269194374,0.00872297768738807,0.00944865744080548,0.0102312170228845,0.0110745470224099,0.0119834827698522,0.0129620109798555,0.0140158192073742,0.0151490637216055,0.0163687009866256,0.0176788810032875,0.0190879980371651,0.0206000057325715,0.022224796418626,0.0239661086915536,0.0258362109864599,0.0278385910511202,0.0299880061034503,0.032286594201869,0.0347517768331102,0.0373851730689042,0.0402077876570157,0.0432186395951567,0.0464432709196418,0.049879701997165,0.0535567785505094,0.0574689959239824,0.0616513169745176,0.0660959439810581,0.0708396197277133,0.0758756757895248,0.0812390700537659,0.08692764407375,0.0929727068597688,0.0993736144761519,0.106159154269723,0.113332239736942,0.120916327101355,0.128913203837148,0.137341491292868,0.146204725246647,0.155512199206094,0.165268445241046,0.175470520303784,0.186124228214254,0.197209280795121,0.208730955354138,0.220648049211246,0.232967245976301,0.245619705853453,0.258611573933005,0.271842570768614,0.28531945599168,0.298902593096243,0.312599188503592,0.326225020286828,0.339787794239201,0.353054916077685,0.366035769983193,0.378440845749782,0.390282058670727,0.401219137129968,0.411280683467323,0.420066374201473,0.427620600264159,0.433501376289395,0.437796954948463,0.440048647436789,0.440331227495787,0.438265645457202,0.433918517185821,0.426993404612983,0.417594100674334,0.405556896985468,0.391036514761012,0.374022619362862,0.354748576800718,0.333390090126625,0.310262079650782,0.285708791707733,0.260129083302219,0.234003033415308,0.207749082841558,0.18192878335389,0.156929185117039,0.133278292498088,0.111241022705873,0.0912302228183899,0.0733499216194606,0.0578242105753977,0.0445679877614303,0.0335998808042404,0.0246927748363427,0.0176987169325603,0.0123251481088469,0.008342953570911,0.00546699584382751,0.00346516057420778,0.00212029935635553,0.00124927588965051,0.000709832405638867,0.000384324522003993,0.000201744007909266,9.8780186998383e-05,4.77791872962481e-05,2.0643086491331e-05,9.28900101555071e-06,3.33582832878037e-06,1.47346021432785e-06,1.69028537926623e-07,0
5052631.06533568,0,5.60641769727216e-06,3.42180198979702e-07,6.30837338821301e-06,1.10865433543125e-06,7.13419378591352e-06,1.34701448159605e-06,8.77063358428478e-06,2.0268670023999e-06,9.3060671252314e-06,4.4456918799438e-06,9.07023573136373e-06,7.26631720021683e-06,9.56228068957908e-06,9.66886490222593e-06,1.1032395484048e-05,1.19350739093208e-05,1.31875376301631e-05,1.44547145112989e-05,1.58849562576839e-05,1.74402312664145e-05,1.91489859277765e-05,2.10233624350439e-05,2.30770652463356e-05,2.53311708158069e-05,2.77988347537163e-05,3.05071697837843e-05,3.34726945143581e-05,3.67266406422554e-05,4.02866521153668e-05,4.41933371529866e-05,4.84660715428297e-05,5.31532942329956e-05,5.82808876495721e-05,6.39024162755311e-05,7.00513820307754e-05,7.67880476327737e-05,8.41571922552397e-05,9.22286675727365e-05,0.000101057286750446,0.000110722947474139,0.000121292554468735,0.000132858632279723,0.000145504520026164,0.000159336670326092,0.000174456652584981,0.000190988933502929,0.000209058713770792,0.000228807534246061,0.000250386913290142,0.000273958331127356,0.000299707410050145,0.000327820196135894,0.000358524113876655,0.000392030446052845,0.000428613095922944,0.000468507371600164,0.000512045855192667,0.000559497824897284,0.000611271305583552,0.000667673462764615,0.000729202151504261,0.000796193225350102,0.000869241326750169,0.00094871662286738,0.00103534528495759,0.00112955019251862,0.00123220035601004,0.0013437265782388,0.00146520507531601,0.00159714848744802,0.00174078777689182,0.00189661948953818,0.00206623447655861,0.00225011108996007,0.00245009151096455,0.00266680989710848,0.00290228054934001,0.00315742325331647,0.00343434669728351,0.00373423184120454,0.00405941696847548,0.00441140260392003,0.00479274114198997,0.00520526378930901,0.00565182107329566,0.00613462235955184,0.00665670419654117,0.00722072165503734,0.00783008409364167,0.00848806759624553,0.009198245310655,0.00996446908060207,0.0107906143150362,0.0116814821987431,0.0126410466777809,0.0136749374884301,0.0147873089626944,0.0159850538670459,0.0172723290480049,0.0186574443285002,0.0201443823606836,0.0217429456645212,0.0234568969875074,0.0252983648595459,0.0272709063950951,0.0293891272526445,0.0316552097237365,0.0340864005235795,0.036684425242615,0.0394700228446845,0.0424422442445633,0.0456264360034214,0.0490208148324065,0.052653806401038,0.0565198824834961,0.0606538100605314,0.0650480554345511,0.0697387830838329,0.0747191217193334,0.0800239954114398,0.0856515682563436,0.0916324808497533,0.0979656390198194,0.104680018716178,0.111778841032265,0.119284928261093,0.127199523645193,0.13554147997687,0.144314629848756,0.153527939977687,0.163185473739998,0.173284671976203,0.183831471062438,0.194805465284129,0.206211727426326,0.218009822869172,0.230206359396163,0.242732888085406,0.255595527464804,0.268694874675501,0.282037507287014,0.295484905986725,0.309044531923324,0.322533330581564,0.335958512288332,0.349089134817264,0.361934725182835,0.374207420065359,0.385919501246666,0.396732424326859,0.406674607671595,0.415348019243428,0.422798542490138,0.428586102050097,0.432798791445548,0.434981614865788,0.435210496215795,0.433109290934552,0.428745654459664,0.421826275955611,0.412456031614974,0.400475174785775,0.386039339130484,0.369140063804546,0.350009750352436,0.328827384903901,0.30590624073626,0.281589593939936,0.25627310762613,0.230434903400819,0.204486732186304,0.178985208842606,0.15431202652467,0.130987659461229,0.109268529480479,0.089561331072891,0.07196644102017,0.0567006031427085,0.0436750912952111,0.0329057892442889,0.0241671436794121,0.0173105837152607,0.012047156020908,0.00814981082426174,0.00533691906127533,0.00337984284315819,0.00206647398836486,0.00121684103096184,0.000690985659263034,0.000373743272778086,0.000196005207873518,9.59099649392794e-05,4.63804221230447e-05,2.00158804558186e-05,8.97906415312932e-06,3.2306211344756e-06,1.43468559731072e-06,1.5998953667371e-07,0
5170920.24289676,0,5.36060966428555e-06,3.27745431671175e-07,6.0328718499579e-06,1.06061545983759e-06,6.82140379586726e-06,1.29146603588803e-06,8.38636149819619e-06,1.94047255447079e-06,8.9016610343272e-06,4.25351070249486e-06,8.6767454676014e-06,6.95353193603326e-06,9.14809206846397e-06,9.25302433145322e-06,1.05568328850495e-05,1.14221500831882e-05,1.2621457391217e-05,1.38350808879601e-05,1.52052705490098e-05,1.66951622647247e-05,1.83322834878427e-05,2.01283321758495e-05,2.20964023779381e-05,2.42566684355918e-05,2.66220127912869e-05,2.92182040061961e-05,3.20613450716945e-05,3.51814012661221e-05,3.85953600017383e-05,4.23422777199027e-05,4.64408323210015e-05,5.09375912106266e-05,5.58575549254515e-05,6.12522420969448e-05,6.71539994800984e-05,7.36208604136027e-05,8.06960424295755e-05,8.84468123534884e-05,9.69261097692427e-05,0.000106211013247309,0.000116366173573023,0.00012748088367398,0.000139635649538118,0.000152933225999017,0.000167471855292948,0.000183371902527559,0.000200754487183642,0.000219756562395052,0.000240524819878761,0.00026321563851674,0.000288008688239336,0.000315084435294995,0.000344663367038267,0.000376950586130959,0.000412211333820986,0.000450674380264513,0.000492662848674385,0.0005384393797973,0.000588399662498672,0.000642842904457226,0.000702252719025069,0.000766957635641918,0.000837535707935445,0.000914349996300101,0.000998106488957086,0.0010892195684644,0.00118853559018874,0.00129648027341491,0.00141410051669432,0.00154190179919712,0.00168108551344846,0.00183214414335339,0.0019966271522805,0.00217501526256929,0.00236910804167817,0.00257953776878986,0.00280827253044635,0.00305622464557665,0.00332546196606621,0.00361715829135823,0.00393360911711203,0.00427629933322072,0.00464774192199912,0.00504975292651638,0.00548513827837502,0.00595608680384188,0.00646560131818655,0.00701631183478417,0.00761158812233545,0.00825467672417095,0.00894912303192548,0.00969874748452472,0.0105074014754947,0.0113798353059544,0.0123200117310563,0.0133335104788782,0.0144244681210962,0.0155997010374907,0.016863386803318,0.018223756254458,0.0196848061513593,0.0212562282016573,0.0229418184936508,0.0247535803869405,0.0266951218673121,0.0287808663440766,0.031013085370226,0.0334088488106229,0.0359699176900935,0.0387168161983973,0.0416488166544224,0.0447908835562485,0.0481412186488597,0.0517280368763485,0.0555460484690125,0.0596295595847926,0.0639710065608627,0.068606310581637,0.0735289209980648,0.0787732125097974,0.0843370216793796,0.090250958909473,0.09651425461243,0.103155300049574,0.110176817700499,0.117601748208854,0.125431678251595,0.133685133562376,0.142365326983781,0.151481258595974,0.161037265490736,0.171030908452214,0.181467674563239,0.192327290069644,0.20361494987298,0.215290796188991,0.227360965620479,0.239757349878426,0.252486410423423,0.265449909197755,0.278653903647686,0.291960604564962,0.305377680643558,0.318723648677092,0.33200561716174,0.344993806527417,0.357698046677883,0.369832217934028,0.381408881079152,0.392091326776716,0.401908403125705,0.410464701747785,0.417805977898346,0.423495169579911,0.427621622059164,0.42973289782353,0.429905807513069,0.427767500440521,0.423387115686534,0.416475230546046,0.407137122513689,0.395216573658234,0.380869773124147,0.364092364067488,0.345115581576916,0.324119736037654,0.301416053257651,0.27734824420324,0.252307267482357,0.226768908709659,0.201139899782202,0.175970570957349,0.151634711516561,0.128647059641545,0.10725800014063,0.0878644220548441,0.070561088441071,0.0555603883659867,0.0427717390032889,0.0322059578816839,0.0236383555138806,0.0169208559457136,0.0117681053437181,0.0079552516595696,0.00520569105152035,0.00329468216654626,0.00201340103164985,0.00118455790364144,0.000671922746415278,0.000363221391459565,0.000190484763297499,9.31238646751798e-05,4.49533308476087e-05,1.93795295444488e-05,8.70615670339202e-06,3.13941305554723e-06,1.37594653674645e-06,1.46950749858155e-07,0
5291978.73595844,0,5.1241145925586e-06,3.13625188940733e-07,5.76604461832914e-06,1.01534647376172e-06,6.5207997082604e-06,1.2355056896223e-06,8.01753782324013e-06,1.857511104238e-06,8.50925248108246e-06,4.07163881101424e-06,8.29476140044322e-06,6.65253850015488e-06,8.74983660341901e-06,8.85074708854834e-06,1.00990869356561e-05,1.09276040710754e-05,1.20755120757506e-05,1.32377863493271e-05,1.45499199075706e-05,1.59767430120129e-05,1.75447528478075e-05,1.92653122392627e-05,2.11506592195563e-05,2.32204853712255e-05,2.54870278995824e-05,2.79750807672062e-05,3.07001128515877e-05,3.36909400256955e-05,3.69638936150078e-05,4.05565046877704e-05,4.44868568248445e-05,4.87996376680501e-05,5.35190036359627e-05,5.86945037012111e-05,6.43573471622358e-05,7.05633608832114e-05,7.73542151123544e-05,8.47947300076425e-05,9.29360185915055e-05,0.000101852332306915,0.000111606084719281,0.000122283382292526,0.000133961984090612,0.000146741096759599,0.000160715655226963,0.000176001913892149,0.000192716954677199,0.000210993186407007,0.00023097250156175,0.000252806320450295,0.000276668584099792,0.000302734158588354,0.000331216474374759,0.000362314514820579,0.000396285368175726,0.000433351366052825,0.000473825645091165,0.000517963694867574,0.000566149361061952,0.000618674350808854,0.000676008322883148,0.00073847232892736,0.000806627646169547,0.000880829234338245,0.00096176313125219,0.0010498361123459,0.00114587182478852,0.00125028940399665,0.0013641072338018,0.00148782310652196,0.00162260746460044,0.00176895017587775,0.00192836084619804,0.00210131778068049,0.00228957578113971,0.00249376555861698,0.00271580982001922,0.00295661427385037,0.0032182028855221,0.00350173672242333,0.003809469669581,0.00414287283029983,0.0045044135013198,0.00489588788092836,0.00532006244654097,0.00577910490911544,0.00627597641944869,0.00681328064726249,0.00739434740050043,0.0080223901191796,0.00870092735527082,0.00943374626979256,0.0102246592715916,0.0110783580111904,0.0119987979084631,0.012991513410575,0.0140606165453404,0.01521284108974,0.0164523951176369,0.017787431220982,0.0192219133674916,0.0207654063512013,0.0224218024488216,0.0242029816764103,0.0261125434823437,0.0281647574259364,0.0303620071640009,0.0327211344125758,0.0352439873814801,0.0379508771470719,0.040841133837262,0.0439394285685352,0.0472441713967611,0.0507832696032291,0.0545515146161082,0.058582744897531,0.0628695995831375,0.0674477548069668,0.0723106939393293,0.0774923009268231,0.0829904790193769,0.0888356657183131,0.0950270474009659,0.101592576299853,0.108534841325993,0.115876811783118,0.123620032616178,0.13178266077347,0.140367629812107,0.149384047838736,0.158836322191085,0.168721952159351,0.179046126249755,0.189788741543822,0.200955049849409,0.212505525507463,0.224446111076691,0.236709460276324,0.249301635614759,0.262124989450033,0.275186100561514,0.28834842613409,0.301618836690305,0.31481693309872,0.327950666460174,0.340791791516547,0.353349296245738,0.36533922235766,0.376775163264491,0.387322237958097,0.397008635207729,0.405441503051518,0.412668490907256,0.418255711442872,0.422291715044166,0.424326847958697,0.42444068101765,0.422265060442747,0.417868298013299,0.410963265783458,0.40165920635611,0.389803997102949,0.375552390455997,0.35890271776286,0.340086792637436,0.319286661342048,0.296811356347142,0.273003990441855,0.248250616947417,0.223024434528698,0.197725994597421,0.172900149773482,0.148913482990524,0.126272823589309,0.105221027887476,0.0861474946074954,0.0691424492942789,0.0544116229739885,0.0418621744639257,0.0315017917013754,0.0231075304255971,0.0165308498038916,0.0114892653720027,0.00776107223491046,0.00507536629948942,0.00321021084647812,0.00196028394247403,0.00115237475240855,0.00065335813509533,0.000352875247506244,0.000184771518547948,9.02998447304291e-05,4.37026626001434e-05,1.88219244694369e-05,8.34469979669851e-06,3.00415381708254e-06,1.37295461275307e-06,1.51070577186022e-07,0
5415871.37807948,0,4.89411092384793e-06,3.00188871003133e-07,5.50752017345215e-06,9.70786041823998e-07,6.22878044839376e-06,1.18199201658257e-06,7.65802731743784e-06,1.77870643477621e-06,8.12774646286539e-06,3.89340179132428e-06,7.92638677127431e-06,6.35912443477439e-06,8.36241907566807e-06,8.46127654527375e-06,9.65408383270907e-06,1.044706424784e-05,1.15454472599939e-05,1.26577066760692e-05,1.39131019231815e-05,1.52788583343697e-05,1.67797468807577e-05,1.84266082997681e-05,2.02316655475796e-05,2.22134803987488e-05,2.43837884689134e-05,2.67666112767195e-05,2.9376666288876e-05,3.2241599301676e-05,3.53772389673722e-05,3.88195507301702e-05,4.25859900713363e-05,4.67194637981611e-05,5.1243226500804e-05,5.62049059134341e-05,6.1634632439117e-05,6.75860517385944e-05,7.40993566224738e-05,8.12369581206691e-05,8.90481406016806e-05,9.76043534311839e-05,0.000106965815258243,0.000117215555113534,0.000128428635301238,0.000140700717935095,0.000154123456122276,0.000168809104948705,0.000184870880450315,0.000202436744901478,0.000221643724363104,0.00024263822165296,0.000265588492564213,0.000290663875030858,0.000318070856978094,0.000348002400250801,0.000380707503953959,0.000416402001635702,0.000455388912831167,0.00049791644899415,0.0005443569610899,0.000594994827470448,0.000650285304391134,0.000710541382593937,0.000776307868015389,0.000847931838740487,0.000926079364706128,0.00101114894020197,0.00110394069467895,0.00120486662747809,0.00131491749583499,0.00143458356804269,0.00156500334294305,0.0017066611126139,0.00186102656654489,0.00202857674189545,0.00221102151342626,0.00240898860089494,0.00262435507791691,0.00285801714931794,0.00311195465154875,0.00338731608782287,0.00368631053342203,0.00401039222925066,0.00436198489907436,0.00474286414758408,0.00515575056887712,0.00560278659696646,0.00608688995159704,0.00661063432290616,0.00717730882598111,0.00779009335749883,0.00845246906248106,0.00916818104513453,0.00994101179560594,0.0107755950989285,0.0116758576683996,0.0126472752383862,0.0136939536523391,0.0148225521061646,0.0160372765112958,0.0173461791562797,0.0187532324034453,0.0202678894307062,0.0218940738587175,0.0236435263734395,0.0255198937208829,0.0275372732362311,0.0296981339174329,0.0320191099406507,0.0345021308859331,0.0371672316551455,0.0400138997210651,0.0430665437407095,0.0463236509825077,0.0498127478309213,0.0535288652998512,0.0575054989229071,0.0617353599327765,0.0662536181457357,0.0710539684055487,0.0761700471121786,0.0815997026623429,0.0873729997902513,0.0934891379174002,0.0999758066665496,0.106835575154753,0.114091257464706,0.121744039933707,0.129811822111357,0.138297802552264,0.14721119994822,0.156555940295857,0.166329337112798,0.176536592693126,0.187158110845369,0.198198788347305,0.209619361865657,0.221425805505525,0.233551177520838,0.246001178613399,0.258679452548207,0.271592318533106,0.284603973698225,0.297721576682652,0.310766441003811,0.323745396906824,0.336431943188689,0.348836487079452,0.36067642660555,0.371964610297667,0.382369115927085,0.391918640991135,0.400223510739483,0.407331308503585,0.412810844507258,0.416751649400322,0.418709381428286,0.418763819695865,0.416548226147522,0.412134168130836,0.405240238125223,0.395975263560156,0.384188709703998,0.370037526936304,0.353524956839041,0.334881145397549,0.31428858030993,0.292052850503294,0.268518517870514,0.244067601754798,0.219168736552045,0.194216461051363,0.169748648631451,0.146123125796431,0.123840861061998,0.103139731118756,0.0843979441203383,0.0676983500014169,0.0532431367315054,0.0409395880717881,0.0307901531670875,0.022571629288669,0.0161368529152493,0.0112085456379633,0.00756689208083727,0.00494528644397148,0.0031261557980588,0.00190791535130381,0.00112020450179698,0.000634203424357623,0.000342718881544032,0.000179815023071335,8.75736190965424e-05,4.2004166545962e-05,1.81764640177359e-05,8.25684490718198e-06,2.93415587425245e-06,1.24091603184042e-06,1.36139972594429e-07,0
5542664.52066311,0,4.68095117106873e-06,2.87355050836033e-07,5.26856672392806e-06,9.28353352086694e-07,5.95736058825108e-06,1.1323775046486e-06,7.32489461885874e-06,1.70143149844222e-06,7.77645387025088e-06,3.72443155798615e-06,7.58360075712191e-06,6.08474209002935e-06,8.00096775189347e-06,8.09685528093564e-06,9.23776328345498e-06,9.99776621637674e-06,1.10489456721828e-05,1.21142605839259e-05,1.33164759588811e-05,1.46243880458464e-05,1.60620986181709e-05,1.76394983156486e-05,1.93687733015611e-05,2.12674329243545e-05,2.33469205743882e-05,2.56302271206092e-05,2.81315426750731e-05,3.087740114773e-05,3.38830617881193e-05,3.71830004633404e-05,4.07940278890344e-05,4.47574477617211e-05,4.9095682837866e-05,5.38544584627295e-05,5.9062739065363e-05,6.47722023297733e-05,7.10216011216468e-05,7.78709037719024e-05,8.53676017278834e-05,9.35805934892275e-05,0.000102567984793772,0.000112409734478968,0.000123178259464449,0.000134965843613558,0.00014786097205329,0.000161971936041924,0.00017740795845146,0.000194292609262622,0.000212758440810894,0.000232947112007598,0.000255021229104495,0.000279144555498434,0.000305516684211581,0.000334324704819153,0.000365809791277228,0.0004001812877052,0.000437732355766446,0.000478704266236087,0.000523458007169685,0.000572270013114867,0.000625581187181483,0.000683696962746749,0.000747145782162587,0.000816265909768044,0.000891703515915774,0.000973849541193213,0.00106348132571102,0.0011610020545518,0.00126737389299431,0.00138308040006414,0.00150922944739362,0.00164629815313797,0.00179571554742559,0.00195795790608045,0.00213469034856981,0.00232653309719739,0.00253531719897874,0.00276193259393065,0.003008314636823,0.00327559438213589,0.00356593407373434,0.0038807708691794,0.00422248241605348,0.00459281926456768,0.00499445426697293,0.00542950611960544,0.00590084892024784,0.00641102297982308,0.00696326793509539,0.00756072568367489,0.00820684331751972,0.00890531498010825,0.00965987816858313,0.0104751231489962,0.0113549642515135,0.0123047945735809,0.0133286857816969,0.0144332346801071,0.0156226536354734,0.01690486922995,0.0182838557348737,0.0197689795221802,0.0213642002320021,0.0230810852506308,0.0249233154466804,0.0269048196944159,0.0290281513540907,0.0313097372698646,0.03375159027778,0.0363734777951819,0.039175023993355,0.0421803310315964,0.0453880584113141,0.0488253499701158,0.0524873660040104,0.0564072250154534,0.0605778841506934,0.0650340842721075,0.0697696272279566,0.0748177352539938,0.0801763511026851,0.085875180503004,0.0919133863364555,0.0983185007035112,0.105093032492356,0.112259345431125,0.119818574241997,0.127788807171791,0.136173032733746,0.144979941962052,0.154213451291369,0.163871317112429,0.173958466479663,0.184455175408454,0.195366341644792,0.206653155974752,0.218321184536825,0.230304236629426,0.242608077218935,0.255136780397289,0.267896557673466,0.280753201169398,0.293713374625055,0.306599386388804,0.319418427176838,0.331946189548936,0.344192390311672,0.355876576770692,0.367011845784522,0.377268765518549,0.386676931945098,0.39484912328418,0.401832713624112,0.407200625212335,0.411044014387001,0.412921868125515,0.412913914505958,0.410658917216928,0.406229922391202,0.399348592597613,0.390124099817179,0.378412498669296,0.364370605798877,0.348002587319206,0.329537244584526,0.309162084964332,0.287179691105994,0.263930497654062,0.239793256965354,0.215234498692061,0.19063984762631,0.166540240251036,0.143288826513861,0.121377103566216,0.101032537433969,0.0826266869144873,0.0662406745643303,0.0520685691505424,0.0400129616927631,0.0300743207636121,0.0220336487544608,0.0157433071721637,0.0109287786068617,0.00737378427307639,0.00481645709747136,0.00304210175634431,0.00185474799273806,0.001088684843626,0.000616513796590391,0.000332638346589101,0.000174026387503599,8.48086878224945e-05,4.08714569653261e-05,1.76427042152881e-05,7.89761101716194e-06,2.81129592001214e-06,1.23041031377456e-06,1.36216106977929e-07,0
5672426.06849198,0,4.47293608317563e-06,2.74832245079212e-07,5.03369801420586e-06,8.88755805471686e-07,5.69289318218138e-06,1.08263398733387e-06,7.00052867412575e-06,1.62836359674019e-06,7.43139741479468e-06,3.56265472522338e-06,7.24907158084522e-06,5.81819113785501e-06,7.65015722904596e-06,7.74235045155484e-06,8.83406508420689e-06,9.56112613115531e-06,1.05673910008975e-05,1.15868467678364e-05,1.273761258951e-05,1.39897137880564e-05,1.53660350604574e-05,1.68763894088903e-05,1.85321762907744e-05,2.03504311861342e-05,2.23420435188896e-05,2.45290817705533e-05,2.69251957679591e-05,2.95558555922685e-05,3.24357436378629e-05,3.55980024400128e-05,3.90587804582815e-05,4.28577620344744e-05,4.70165155992154e-05,5.15789937597923e-05,5.65731404112372e-05,6.2048631251246e-05,6.80428005642901e-05,7.46133662279287e-05,8.18060889959922e-05,8.96872578738405e-05,9.83128936375517e-05,0.000107760008296896,0.000118098405944101,0.000129417056444986,0.000141801376437941,0.000155355833366596,0.00017018589867219,0.00018641087144494,0.000204158590369496,0.000223565865541422,0.000244789900912719,0.000267989154559091,0.000293356514368445,0.000321073111469996,0.000351372130970812,0.000384456502316562,0.000420609972860041,0.000460066807459045,0.000503176327792067,0.000550207287940957,0.0006015870125125,0.000657612746807613,0.000718796537303976,0.000785468900233494,0.000858256644070105,0.000937541126752414,0.00102407659451588,0.00111825968969194,0.00122102479660564,0.0013328450532772,0.00145479684826943,0.00158735246526872,0.00173190106485712,0.0018889132355948,0.00206000874797151,0.00224580468478744,0.002448085955248,0.00266772882944996,0.00290662316448433,0.00316588656932559,0.00344763401449636,0.00375327964278839,0.00408515471610195,0.00444498892232753,0.00483540624187273,0.0052584930747229,0.00571707388875429,0.00621365707472666,0.00675143900588688,0.00733351786656925,0.00796329078560662,0.00864440731017675,0.00938057661181034,0.0101763245169212,0.0110355166592577,0.0119634809757101,0.0129642905459422,0.0140444460612803,0.0152081163339781,0.0164631363439761,0.0178135291376149,0.0192685190054799,0.0208320406616316,0.0225155281959043,0.0243227498004988,0.0262674448139889,0.028352201438549,0.0305932098239365,0.0329925969247268,0.0355698966385798,0.0383248490152455,0.0412812143574889,0.0444378353527244,0.0478215207019714,0.051427587242849,0.0552887194864104,0.0593980906103317,0.063790032229585,0.0684584319481003,0.0734361702045417,0.0787213666482918,0.0843433278740633,0.0903011484628573,0.0966220883440594,0.103308665504093,0.110383121006443,0.117846447965063,0.125716251195097,0.133995492771905,0.142693233058859,0.151813043680956,0.1613523040245,0.171315960381743,0.181684826475603,0.192463292931348,0.203612809386109,0.215139017266671,0.226976144487645,0.239129638869947,0.251504647449238,0.264107197363951,0.276803973736121,0.289601809211486,0.302324441514541,0.314978750734371,0.327342133403867,0.339424792319896,0.350948141160044,0.361925509024546,0.372029901450716,0.381291792121748,0.389326659660882,0.396182044237088,0.40143534229336,0.40517840261465,0.406974169746112,0.406902906454653,0.404608513247391,0.400164762097484,0.393298492317105,0.384119150207568,0.372486802496613,0.358558942506297,0.342343878404992,0.324068090174292,0.303919338856253,0.282198653032138,0.259247395555685,0.235437562029528,0.211229064286099,0.187001723454479,0.163282438409106,0.140416071612066,0.118882257883795,0.098900992927065,0.0808386473816948,0.0647721313882247,0.0508860154789284,0.0390807557417679,0.0293560755354518,0.0214951013719767,0.0153493718355461,0.0106489643896701,0.00718095180437563,0.00468752983356267,0.0029579744522875,0.00180203552549186,0.00105760727297061,0.000598853268173126,0.000322480939685605,0.000168332147870192,8.22246894488479e-05,3.97805987864444e-05,1.7013170268202e-05,7.50997296816391e-06,2.74918264558906e-06,1.23926396728719e-06,1.15614401512484e-07,0
5805225.5160949,0,4.27483892453724e-06,2.63314059280648e-07,4.81142323928273e-06,8.4907274583846e-07,5.44149085323302e-06,1.03686303130242e-06,6.6897804121304e-06,1.55874674070932e-06,7.10361177601616e-06,3.40707584024604e-06,6.92991531492706e-06,5.56444016399844e-06,7.31383503360144e-06,7.4045279906408e-06,8.44719446173024e-06,9.14394923403055e-06,1.0106217183887e-05,1.10818474601436e-05,1.21831488234998e-05,1.33812844306833e-05,1.4698623030708e-05,1.61442033378233e-05,1.77292643221174e-05,1.94698365284789e-05,2.13766393937923e-05,2.3470655400861e-05,2.57651272817978e-05,2.82844023379528e-05,3.10426453546971e-05,3.40716074863675e-05,3.73869085272954e-05,4.10265921820552e-05,4.50114348767473e-05,4.9383599086931e-05,5.41699783643683e-05,5.94183386578074e-05,6.51646477222927e-05,7.14643727264994e-05,7.83615846619312e-05,8.59200350261612e-05,9.41936711679617e-05,0.000103256603315101,0.000113176185429073,0.000124038179752047,0.000135924862954119,0.00014893678018298,0.000163175581596581,0.00017875643848236,0.000195802938248841,0.000214447184011424,0.000234840723028987,0.000257136780118189,0.000281521873443308,0.00030817103967694,0.000337309323056985,0.000369133332198811,0.000403917486307219,0.000441889087545961,0.000483386268147926,0.000528669934435867,0.000578153273226196,0.000632125493165602,0.000691082807063886,0.000755347433499352,0.000825526434072406,0.000901992179237747,0.000985476895543958,0.00107636796011087,0.00117556971046424,0.00128354792449764,0.00140135098854208,0.00152944188623182,0.00166916530646187,0.00182099069692335,0.00198649892759702,0.00216629512495438,0.00236210835740168,0.00257480901078445,0.00280625131898898,0.00305752892141228,0.00333069635219474,0.00362715346754219,0.00394919825311714,0.00429852890583864,0.0046776974858646,0.00508875819909297,0.00553451201770745,0.0060174430485138,0.00654067353121834,0.00710723496856588,0.00772049103202654,0.00838407079736779,0.00910164071672334,0.0098776235591594,0.010715834978794,0.0116215806217975,0.012598940149468,0.0136542583587296,0.0147916301465556,0.0160188634955154,0.0173400771319498,0.0187642744282039,0.0202952691801135,0.0219444224614381,0.0237157292224923,0.0256226637875368,0.0276676801607725,0.0298667630906617,0.0322223252770351,0.034753716102964,0.0374607089541411,0.0403664699346449,0.043469966878971,0.0467980725214731,0.050346445251261,0.0541468129732241,0.0581923665885242,0.062517380013019,0.0671161391681939,0.0720210711364823,0.0772302384613657,0.0827721403796348,0.0886459529652563,0.0948796098602926,0.101475484077944,0.108454406610086,0.115817553783118,0.123583506717827,0.131754615067299,0.140339074545358,0.14934090499739,0.158757787372151,0.168593981704698,0.178830735713896,0.189472670968336,0.200480831354274,0.211860226016433,0.223546844581283,0.235546250362324,0.247763147027257,0.260203157389049,0.272735435743731,0.285366595145397,0.297920965826745,0.310405437137558,0.322599740924282,0.334513572435489,0.345871467350918,0.356686562194767,0.366634058460941,0.375744387577747,0.383638421031104,0.390363369243676,0.395498660963632,0.399137672571643,0.400850493361803,0.400716915224598,0.398382861474146,0.393925115298358,0.387076833793444,0.377947585620931,0.366400923021604,0.352593650667148,0.336537757597666,0.318460148162919,0.298550632918159,0.27710465949707,0.254461029506767,0.230989544881953,0.207145373858718,0.183298948776502,0.159970632360364,0.13749859768948,0.116352324166703,0.0967441856772653,0.0790328583481979,0.0632902286345686,0.049694010091001,0.0381435292713315,0.0286353918317119,0.0209547831913413,0.0149551067231949,0.0103703874409407,0.00698890649403214,0.0045587068793962,0.00287485171404371,0.00175067893311132,0.00102661047361768,0.000580698376102172,0.000312713036834749,0.000163303986888438,7.95261390399337e-05,3.83388510084619e-05,1.65095578224233e-05,7.34150093096176e-06,2.61831103351447e-06,1.1538707307103e-06,1.23583012302091e-07,0
5941133.98496504,0,4.08450545018071e-06,2.51857453463264e-07,4.59715775468911e-06,8.1238352554069e-07,5.19944924669812e-06,9.91965819055594e-07,6.39252530978106e-06,1.49190449428618e-06,6.78847896273003e-06,3.25819814819063e-06,6.62412719629498e-06,5.32068784006189e-06,6.99208380654553e-06,7.08043259570748e-06,8.07723267458964e-06,8.74416730712909e-06,9.66503088555076e-06,1.05987322696282e-05,1.16527449613603e-05,1.27996686373848e-05,1.40606586255354e-05,1.54445657490104e-05,1.69621428143165e-05,1.86287297861555e-05,2.04546639876168e-05,2.24600245830559e-05,2.46575591205556e-05,2.70706540313185e-05,2.97129323453934e-05,3.26148300809957e-05,3.57913459365732e-05,3.92790344015306e-05,4.30979216953606e-05,4.7288491705053e-05,5.1876639423925e-05,5.69082509738928e-05,6.24179455656889e-05,6.84590280905135e-05,7.50739113795707e-05,8.23239284298648e-05,9.02610698386971e-05,9.89567235962239e-05,0.000108475788602701,0.000118900769614525,0.000130310973968306,0.000142803431359477,0.000156476265586568,0.000171440452127691,0.000187815034145541,0.000205727575941237,0.000225324573668829,0.000246754025252805,0.000270195846094331,0.00029581932634196,0.000323841888091803,0.000354454099569726,0.00038792179136261,0.000424465211630755,0.000464410296874042,0.00050801017120491,0.000555665810977228,0.000607658147419275,0.000664466114548556,0.000726404856829159,0.000794064835988231,0.000867806965645785,0.000948337557495638,0.00103603882055412,0.00113179181553981,0.00123604915210504,0.00134982379642964,0.00147357295851926,0.00160860700905404,0.00175538999701057,0.0019154524235927,0.00208939313712194,0.00227890018747651,0.00248482677234657,0.00270897431296941,0.00295242363588645,0.00321719134851266,0.00350464989644268,0.0038170337085505,0.00415601706901461,0.00452411545825464,0.00492334663467393,0.00535644128180833,0.00582584426001896,0.00633464784080871,0.00688584766374644,0.00748274106251458,0.00812888607923369,0.00882790777192308,0.00958417883333295,0.0104014794211481,0.0112850137292823,0.0122388112621087,0.0132691692143095,0.0143802131293795,0.0155795697700186,0.0168712541155782,0.0182642024908653,0.0197623932976637,0.021376981763016,0.0231118126346181,0.0249801432434994,0.0269846623761247,0.029141218347228,0.031452195045938,0.0339364919087753,0.0365941134424996,0.0394481440897455,0.0424976332000694,0.0457686849922133,0.0492572357113,0.0529950668999967,0.0569754343603179,0.0612317145090908,0.0657587404776619,0.0705885190286368,0.0757187996244062,0.0811784672450651,0.086966966619733,0.0931104760139576,0.0996113405214108,0.106491943677349,0.11375328930765,0.121412248355961,0.129471184390017,0.137938996153241,0.146819510289133,0.156110375313312,0.165815654834691,0.175916373046857,0.186417031893867,0.197279779858157,0.208509270452862,0.220040978441779,0.231880233068565,0.243934271369721,0.25620858647227,0.268571627694281,0.28102976437596,0.293410613720457,0.305720659837966,0.317740577818311,0.329480436012627,0.340667470601329,0.351314520846118,0.361100356094865,0.370055671989426,0.377804045984063,0.38439328450517,0.389408364534263,0.392942948585198,0.394570379003028,0.394371715612548,0.391999921000127,0.38753204484946,0.380704447496882,0.371628139102562,0.360172383763521,0.346493934954597,0.33060779362515,0.312738214647,0.293075923507352,0.271914928536398,0.249592402663185,0.226470513409734,0.203000365590314,0.179546773615262,0.156620318397588,0.134550299256941,0.113799547594722,0.0945732236276257,0.0772186199889042,0.0618029792768871,0.0484997833549025,0.0372071642711387,0.0279175260929586,0.0204181749371833,0.0145635029177194,0.0100924897815251,0.00679762817524802,0.00443185287248614,0.00279327187490419,0.00169974952398659,0.000996021459629283,0.000563143623043638,0.000303086346893004,0.00015812776996007,7.69391237691436e-05,3.7098337504095e-05,1.5975477911254e-05,7.08302568518609e-06,2.52026036745644e-06,1.11563042941663e-06,1.19985967163819e-07,0
6080224.26164943,0,3.90431147685218e-06,2.4026092672977e-07,4.39448577669745e-06,7.77771643075997e-07,4.96876097290097e-06,9.48304133463324e-07,6.11275274006566e-06,1.42495923762143e-06,6.48852009088123e-06,3.1182581923211e-06,6.33052018167882e-06,5.08738950853175e-06,6.68650606989103e-06,6.76897795938602e-06,7.7238264228622e-06,8.36143998010973e-06,9.24281524969581e-06,1.01354650653889e-05,1.11446469323528e-05,1.22420258866058e-05,1.34484845687647e-05,1.47734263227866e-05,1.6225803518167e-05,1.78211630761908e-05,1.95692973038122e-05,2.14893104335665e-05,2.35934664658151e-05,2.59043788173812e-05,2.84348661098276e-05,3.12143796239304e-05,3.42572364691944e-05,3.75985242418136e-05,4.12575306479408e-05,4.5273088866046e-05,4.96701440899847e-05,5.44928031700021e-05,5.97743525485115e-05,6.5566053573905e-05,7.19087222264495e-05,7.88613648827012e-05,8.64740839726981e-05,9.48155368344191e-05,0.000103948188191662,0.000113951479020461,0.000124901872614791,0.00013689287446645,0.000150019123941271,0.000164387677622081,0.000180113299267151,0.000197318974711902,0.000216146021718668,0.000236737468865382,0.000259267067706931,0.000283898452197008,0.000310841578436119,0.000340280771850087,0.000372472581562519,0.000407630360600905,0.00044606956534947,0.000488035837958112,0.000533916559053531,0.000583984895502272,0.000638705108674825,0.000698382808601286,0.0007635881574735,0.000834674654726044,0.000912328371339683,0.000996920592887398,0.00108930396520241,0.00118992324700507,0.00129976215462283,0.00141927019086405,0.00154971853402561,0.00169156166268687,0.00184628463804381,0.00201448260354913,0.00219780037562431,0.00239707278030116,0.00261405085412106,0.00284979984286291,0.00310629020240681,0.00338486675830515,0.00368771014574842,0.00401646790692507,0.00437360867207154,0.00476111835629523,0.00518166928771922,0.00563765985450506,0.00613212675827877,0.00666802147666829,0.00724859290141638,0.00787733488153668,0.00855781535588549,0.00929435276727959,0.0100906983888721,0.0109519550955559,0.0118820935656804,0.012887327214612,0.0139717810443727,0.0151429546404606,0.0164048330849895,0.0177662325102141,0.0192311523047709,0.0208105328607323,0.0225082304008892,0.0243373849926104,0.0263007932189114,0.028413956113091,0.0306792946365603,0.0331154849430797,0.0357226510963451,0.0385235404739121,0.0415174885088643,0.0447301680862268,0.0481574885710579,0.0518307505925816,0.0557438450286671,0.0599297369052678,0.0643829421299862,0.069135001302309,0.0741842850607592,0.0795591330265751,0.0852587960882537,0.0913095250975544,0.0977136147216244,0.104492742340684,0.111647949548077,0.119196213333694,0.127139827999335,0.135487553271055,0.144242930703636,0.153403588101383,0.1629735885769,0.172934078184169,0.183289207137988,0.194001657794279,0.205076033421366,0.216448347773274,0.228123468739247,0.240009530519391,0.252111809283171,0.264300448744899,0.276581482797379,0.288783735576495,0.300913877312723,0.31275454412072,0.324315369116267,0.33532648704714,0.345801694475591,0.355422109843653,0.364217765189707,0.371816723939314,0.378268074584376,0.383161405511891,0.386589170369714,0.388130430585318,0.387867942790089,0.385460170880219,0.380984086750304,0.374180962687286,0.36516369840699,0.353806224495044,0.340264446170472,0.324555625877149,0.306903532985857,0.287500664034509,0.266635946102746,0.244645369375226,0.221885478004739,0.198801824309465,0.175750554982731,0.153235798164711,0.131578344572863,0.111229723258959,0.0923889487492204,0.075396325022789,0.0603133606380914,0.0473049376014798,0.0362697178859041,0.0271993034762981,0.0198824468154956,0.0141734842659054,0.00981678980135856,0.00660834740746946,0.00430594220265604,0.00271216191471366,0.00164950450814423,0.000966026126195031,0.000545741089792699,0.000293472573365457,0.000153106642311574,7.44831002953037e-05,3.58425160646383e-05,1.54093518835783e-05,6.84629257661892e-06,2.44416659176165e-06,1.07235768162365e-06,1.09233214313371e-07,0
6222570.83673023,0,3.72840306936656e-06,2.30593520663161e-07,4.19650798366754e-06,7.42398947389867e-07,4.74674760022891e-06,9.07733373724259e-07,5.83559131168013e-06,1.36550601536933e-06,6.1976587828558e-06,2.97922650470047e-06,6.04945084080373e-06,4.86245157801114e-06,6.38844602811322e-06,6.47038985424598e-06,7.38170256669054e-06,7.99230155579076e-06,8.83462364757472e-06,9.68924676253949e-06,1.06539813794257e-05,1.17038412823932e-05,1.28583954091458e-05,1.41256458757801e-05,1.55155152958468e-05,1.70421515681177e-05,1.87150326546378e-05,2.05526335415801e-05,2.25667114731957e-05,2.47787578553035e-05,2.72013674132914e-05,2.98625321073147e-05,3.27761688933734e-05,3.59759104555171e-05,3.94802772627191e-05,4.3326545592414e-05,4.75387421066372e-05,5.21592103607765e-05,5.72199379670718e-05,6.27701116838038e-05,6.88490573645644e-05,7.55135129325859e-05,8.28116862594428e-05,9.08096024006473e-05,9.95674023860245e-05,0.000109161506837438,0.000119665523323617,0.000131169456428882,0.000143764453798056,0.000157553666170848,0.000172647750076406,0.000189165354722441,0.000207242710736972,0.000227017755733881,0.000248657989265431,0.000272321530065392,0.000298211180793692,0.000326505186490438,0.000357450880154904,0.000391254762845381,0.000428222051500537,0.000468590934675225,0.00051273520277061,0.000560919642928168,0.000613593312157132,0.000671053714453185,0.000733852386320894,0.000802332828284106,0.000877159001817357,0.000958693946104588,0.00104776323927059,0.00114480050228112,0.00125075918999915,0.00136608139052771,0.00149199886849899,0.00162895778558942,0.00177839913836175,0.00194091080435389,0.00211809045266964,0.00231075545906436,0.00252061139080073,0.0027487059256779,0.00299695837025121,0.00326668521803564,0.00356001717404312,0.00387857470766505,0.00422477101088485,0.00460055211441467,0.00500853501160104,0.00545107988011282,0.0059311689214377,0.00645169907208987,0.00701585694075904,0.00762707652298574,0.00828888750445548,0.00900554368709058,0.00978073053981541,0.0106194512112409,0.0115256565761037,0.0125054760813719,0.0135629767249954,0.0147055062709652,0.0159370738582662,0.017266394874591,0.0186974318635009,0.0202408946116495,0.0219006928777382,0.0236898105000644,0.0256111063951941,0.0276797868019566,0.0298982957027453,0.032285032779888,0.03484039543143,0.0375867765885885,0.0405234960923764,0.043675769575142,0.0470399324034868,0.0506469102456202,0.0544906447219351,0.0586035013830164,0.0629803434821176,0.0676523908748818,0.0726181061633026,0.0779053852433305,0.0835134501201954,0.0894683358094411,0.0957725211566003,0.102447307585646,0.109493447651409,0.116927930123965,0.124753153305919,0.132977618608839,0.141604635303018,0.150631987081809,0.160063522912088,0.169880560201039,0.180087066276174,0.190646172852842,0.201562084512281,0.212771322034723,0.224278855127524,0.235993613584209,0.247920311521274,0.25993056007572,0.272030632211641,0.284050588316143,0.295996385344257,0.307653666411221,0.319032184869142,0.329863957536108,0.340162361456511,0.349613212085391,0.358246885436007,0.365694401009703,0.372004755559102,0.376773484457926,0.380093933394344,0.381549500909618,0.381223551162961,0.378780550083231,0.374298793507334,0.367524590650862,0.358570415893083,0.347315782201094,0.333916663495586,0.318394037154027,0.300968444477202,0.281833103272516,0.261274464054232,0.23962541653918,0.217236473850063,0.194547806355396,0.171908726128961,0.149813135299794,0.128574240106336,0.108635918219371,0.0901888308625967,0.0735619901759617,0.0588132611444117,0.0461040548938943,0.0353312440538762,0.0264816038026567,0.0193469757243985,0.0137839919291528,0.00954142143966071,0.00641908521775083,0.00418061738570744,0.00263202396486431,0.00159962930625339,0.000935915545700059,0.00052848897246211,0.000284206913191144,0.000148194677906796,7.19714992200388e-05,3.45963759974733e-05,1.48932084239148e-05,6.62847063409031e-06,2.35400321809348e-06,1.02075428539646e-06,1.06388488774686e-07,0
6368249.94471859,0,3.56216279773065e-06,2.20479150123565e-07,4.00923724534135e-06,7.1006075337596e-07,4.53521505629203e-06,8.67771861827184e-07,5.57610569142552e-06,1.3058946499358e-06,5.92173590872278e-06,2.84878703591194e-06,5.78062036723628e-06,4.64854323245348e-06,6.10575258279347e-06,6.18540657477807e-06,7.05622956060592e-06,7.6405910842274e-06,8.44608444649872e-06,9.26360976338205e-06,1.01864279612306e-05,1.11907866001939e-05,1.22953773811745e-05,1.35078745361959e-05,1.48377774836337e-05,1.62986529878043e-05,1.78996160146792e-05,1.96583585350238e-05,2.15861489392312e-05,2.3703592503229e-05,2.60228015668412e-05,2.8570623655442e-05,3.13604563181011e-05,3.44245464744254e-05,3.77806779724687e-05,4.14645936100979e-05,4.54993798849666e-05,4.99256823037814e-05,5.47742979866332e-05,6.0092495643536e-05,6.59180841360953e-05,7.23055626224966e-05,7.93012892363368e-05,8.69686747939102e-05,9.53655701305337e-05,0.000104565541992527,0.000114639517714027,0.000125674107740426,0.000137757014985719,0.000150987606209772,0.000165472550516976,0.000181326136797359,0.00019867962792574,0.000217666245678979,0.000238447523144182,0.000261175995017084,0.000286047218659753,0.000313233388720141,0.000342973109220114,0.000375466241539975,0.000411007628537767,0.000449828113748777,0.000492288687298544,0.000538646108449553,0.000589334254023519,0.000644641651591953,0.00070510140120402,0.000771048452233007,0.000843125503020044,0.000921685781514065,0.0010075280921965,0.00110107630590433,0.0012032537503243,0.00131449303928733,0.00143598745035782,0.00156817722410645,0.00171246072620582,0.00186941244586807,0.00204058220578389,0.00222677592354107,0.0024296525139054,0.00265023493888746,0.00289039337321266,0.00315142292397443,0.00343540264876187,0.00374391459814756,0.00407931489745271,0.00444352000511193,0.00483909402940423,0.00526834522773276,0.00573419241675142,0.00623948620501465,0.00678736303065415,0.00738119262006101,0.00802443893874271,0.00872127322563707,0.00947533874965385,0.0102915658390879,0.011173858323604,0.0121282222506121,0.0131586898169054,0.0142725024169778,0.0154736476136743,0.0167706607746619,0.0181675060914735,0.0196747571617871,0.0212963406387545,0.0230449703466567,0.02492354524233,0.0269470615061785,0.0291180950219563,0.0314547287262187,0.0339573858787509,0.0366480513165508,0.0395263611000646,0.0426172088300923,0.0459169776329138,0.0494559839180959,0.0532285799996767,0.0572667039847357,0.0615653577731977,0.0661553495074793,0.0710352612104631,0.0762324289775056,0.0817462319771667,0.087602624667575,0.0938039600295117,0.100371108196523,0.107304926835095,0.114622288109997,0.122325458649085,0.13042283406653,0.138917484873145,0.147807209804952,0.157095974999232,0.166765371185186,0.176818803104059,0.187219660386503,0.197972259448694,0.209013930394866,0.220348940945712,0.231887121125609,0.243633461363386,0.255460866629227,0.267374782099927,0.279207151979352,0.290964085962266,0.302433319183905,0.313624284361829,0.32427224182465,0.334390367885378,0.343667719402938,0.352135303568122,0.359428401648788,0.365595626679545,0.370237818091941,0.373449594389358,0.374819719004098,0.374431212368783,0.371954884757077,0.367470256624707,0.360729054821438,0.351844337771837,0.340700132876752,0.327451480122906,0.312122952011338,0.294933672195652,0.276076986141458,0.255834964397102,0.234538496791254,0.212531889086558,0.190248900562079,0.168031274567834,0.146364805174382,0.125553478951919,0.106030966534629,0.0879815251218315,0.0717253511584049,0.0573154167464359,0.0449066994958337,0.0343956700455957,0.0257668697360152,0.0188150372599152,0.0133981724445189,0.00926982101927292,0.00623309505875215,0.00405707869643924,0.00255263102913013,0.00155063815206315,0.000906816871477309,0.000511713747311743,0.000274979243089497,0.000143317983458074,6.95718083334213e-05,3.34290174920357e-05,1.43775771095081e-05,6.38525836070315e-06,2.27067051794786e-06,9.85821690831184e-07,1.00250259509606e-07,0
6517339.60488242,0,3.40444097490488e-06,2.10999359377059e-07,3.83179485087716e-06,6.78660334335321e-07,4.33479328681291e-06,8.3026997300674e-07,5.32889002814143e-06,1.24948141941324e-06,5.66020004048092e-06,2.72371460051195e-06,5.52609708873934e-06,4.44436131538255e-06,5.83754933369136e-06,5.91383891818544e-06,6.74687958653046e-06,7.30577525290521e-06,8.07637381286614e-06,8.85849442006058e-06,9.7414138602967e-06,1.07023913472016e-05,1.17593484393708e-05,1.29196319593154e-05,1.41923598545586e-05,1.55905329364133e-05,1.71228853123869e-05,1.88063712654576e-05,2.06518309544092e-05,2.26790290550457e-05,2.48995985887992e-05,2.73392676923779e-05,3.00108823534247e-05,3.29453726315162e-05,3.61598787129295e-05,3.96886994433185e-05,4.35540159899371e-05,4.77948509845821e-05,5.24408214238309e-05,5.75372931085257e-05,6.31205860325753e-05,6.92430380032378e-05,7.59492654917554e-05,8.33002781924819e-05,9.13517466706648e-05,0.000100174382701628,0.000109836415290739,0.000120421244267712,0.000132013388358194,0.000144708402642631,0.000158608884760057,0.000173825161021589,0.000190483857753191,0.000208713173998929,0.000228668656483588,0.000250497788945229,0.000274389310450133,0.000300509477398041,0.000329088487272765,0.000360319704611383,0.000394487487825323,0.000431814898188133,0.00047265054101365,0.000517243722418616,0.000566013661170869,0.000619240394954308,0.000677439241832577,0.000740935396878512,0.000810349886080221,0.000886027235181732,0.000968740656204923,0.00105890357842801,0.00115740991960941,0.00126468179275104,0.00138187456427234,0.00150942221151756,0.00164867888014051,0.00180020860588506,0.00196551673012574,0.00214539177845653,0.00234144642435352,0.00255468308535219,0.0027869207134752,0.00303942614827946,0.00331422811718714,0.00361287786153397,0.00393767263184927,0.00429048711644081,0.00467383033744954,0.00508996940746094,0.00554176233185736,0.00603200063243264,0.00656376105220166,0.00714035064713086,0.00776517334978506,0.00844232332683286,0.00917539189258869,0.00996921577267627,0.0108276458715931,0.0117565803416358,0.0127600179744711,0.013845073436689,0.0150157077247799,0.0162802945686759,0.0176427827128504,0.0191135639812528,0.0206965923287676,0.0224043618255514,0.0242397967527615,0.0262176190182719,0.0283405005172729,0.0306262239443776,0.0330753385363998,0.0357094317682517,0.0385282906547723,0.041556418336073,0.0447904266873668,0.0482600797363901,0.0519600181025444,0.0559217198086784,0.0601403666848783,0.0646462082429526,0.0694380469095254,0.0745429471579398,0.0799602877281038,0.0857155847285254,0.0918113017229133,0.0982681082463126,0.105086722913399,0.112283794710954,0.119861627744791,0.127828553430825,0.136187456817193,0.14493615934633,0.154078523483833,0.16359630070736,0.173492607415061,0.183731336460345,0.194316588289304,0.205186340353228,0.216344571874242,0.227702078742896,0.239263498185051,0.250903269097509,0.262626722820447,0.274267427429293,0.28583106959909,0.297107927108807,0.308107474263624,0.318567677415252,0.328501665570815,0.337602555704349,0.345901231974931,0.353037197046241,0.359059534754999,0.363574706335264,0.366677138928871,0.36796173157992,0.367512065201226,0.365004891527311,0.360520734984284,0.353817168880182,0.345006662249784,0.333978138818875,0.320887594943289,0.305762650813159,0.28881788834371,0.270247261835292,0.250331543056876,0.229398753830743,0.207784043203298,0.185914302906038,0.164125870477663,0.142896450350797,0.122519642061656,0.103417656115297,0.0857693252472547,0.0698872837980136,0.0558189872320105,0.0437117591291773,0.0334625092003839,0.0250549206051674,0.0182861657052299,0.0130149588517236,0.00900007872936819,0.00604849012331158,0.003934669641078,0.00247419006546347,0.00150236216738059,0.000878180920016904,0.00049518336467283,0.000265859256502641,0.000138523761492953,6.72470609375096e-05,3.229439842371e-05,1.38622495496981e-05,6.14255618561224e-06,2.19586031488814e-06,9.57553798913202e-07,9.23807976186649e-08,0
6669919.66303011,0,3.25432310693788e-06,2.01636771649312e-07,3.66280350929507e-06,6.49228286476332e-07,4.14339426632935e-06,7.93795425546806e-07,5.0946536428767e-06,1.19440253104525e-06,5.41082307921465e-06,2.60478132933113e-06,5.28291041463472e-06,4.24907980822882e-06,5.58192486254187e-06,5.65412130761684e-06,6.45142168938425e-06,6.98586560146873e-06,7.72304396820873e-06,8.47122816606244e-06,9.31593296044133e-06,1.02354224684364e-05,1.12466708158679e-05,1.23570045363915e-05,1.35749474927684e-05,1.49130394988868e-05,1.63796448737054e-05,1.799106954836e-05,1.97576267720322e-05,2.16983143702596e-05,2.38242540805693e-05,2.61601481988204e-05,2.87183655380613e-05,3.15285289270529e-05,3.46071167750838e-05,3.79870834623005e-05,4.16897127184396e-05,4.57524035065722e-05,5.02036096749883e-05,5.50869249407499e-05,6.04373048288234e-05,6.63050235646345e-05,7.27329692603958e-05,7.97797581113126e-05,8.74989345289141e-05,9.59585311333175e-05,0.000105224228940332,0.000115376194089385,0.000126495714515807,0.000138674904895709,0.000152012673410381,0.000166615134749073,0.000182604083383916,0.000200103277043948,0.000219262819633961,0.000240224834450876,0.00026317100720956,0.000288262019342943,0.000315720093093186,0.000345732027129475,0.000378571922767702,0.000414455537309197,0.000453719415541915,0.000496605350331242,0.000543518530797323,0.000594730397399494,0.000650737910374082,0.0007118569497317,0.000778688871542568,0.00085156888929874,0.00093124358194535,0.00101811627355879,0.00111305296372005,0.0012164650606056,0.00132946956087485,0.00145249341663651,0.00158684961275182,0.00173309010551806,0.00189267294856704,0.00206637000724227,0.0022557502111998,0.00246179408285483,0.00268626823743718,0.00293041177414207,0.00319620331271061,0.00348516046781883,0.00379952122970471,0.00414112128393814,0.00451241657406566,0.00491562712638009,0.00535354042859199,0.00582888610804634,0.00634468793730271,0.00690419852598308,0.00751076052023323,0.00816837891911036,0.00888058115799914,0.00965210978452865,0.010486765503602,0.0113903403627984,0.0123667979088894,0.0134231130992303,0.0145631969988895,0.0157952649359042,0.0171232759528122,0.018557440593229,0.0201016946410642,0.0217682833792498,0.0235601956685568,0.0254919235790064,0.0275661701959673,0.0298003290026075,0.032195138028142,0.0347718964908894,0.037530454583874,0.0404947644847916,0.0436618053249138,0.0470609418353007,0.0506868812262434,0.054570430116694,0.0587072231400797,0.0631272162984072,0.0678291855752402,0.0728395582811859,0.0781579191108668,0.0838096724472744,0.0897972060284202,0.0961406899360786,0.102840974851831,0.109914796798196,0.117364128603189,0.125196798116844,0.133416047220939,0.142020185161835,0.151012247431126,0.16037389314343,0.170108774216292,0.180181258235945,0.190594522379689,0.201287483694533,0.212264292611947,0.223436550356172,0.234808338446833,0.246255824219907,0.257784137171311,0.269228593436525,0.280594443977502,0.291674620074785,0.302478792664528,0.312747863526097,0.322494400648741,0.331415642757214,0.339542814062397,0.34652012429906,0.352396589217838,0.356783914054193,0.359777097672502,0.360977395147644,0.360468573721469,0.357933767337818,0.353454100209184,0.346792150219447,0.338061399516826,0.327157219606226,0.314232496039341,0.299316572043044,0.282625433541697,0.264354005580102,0.244774478387961,0.224211503568157,0.202997295738554,0.181552020131127,0.160201604942718,0.139414488773747,0.119476597387662,0.100800742089725,0.0835589333610747,0.0680532575072915,0.0543264339903116,0.0425214128531995,0.0325354872471531,0.0243490171847442,0.0177621139688385,0.0126357514701786,0.00873350450863056,0.00586606289072333,0.00381395734836305,0.00239706155882481,0.00145471984231672,0.00084978854504811,0.000478921333238357,0.000256989409138322,0.000133857408924331,6.49604635945573e-05,3.11399657895036e-05,1.33494173175336e-05,5.94802614560774e-06,2.12304486603561e-06,9.00314969883037e-07,8.71554857734758e-08,0
6826071.83427239,0,3.10792244751985e-06,1.92920030178013e-07,3.49804799206878e-06,6.20623800763453e-07,3.95740058966656e-06,7.59234065099329e-07,4.8655467617956e-06,1.14312044519782e-06,5.16791425319425e-06,2.49007327576678e-06,5.0471538333812e-06,4.0611187730849e-06,5.33359223645109e-06,5.40401901505301e-06,6.1656819606881e-06,6.67699843587985e-06,7.38193519648416e-06,8.09755695134795e-06,8.90539465205198e-06,9.78490621642121e-06,1.07522677506816e-05,1.18144098882692e-05,1.29795793792e-05,1.4259804158648e-05,1.5663068282563e-05,1.72049591696046e-05,1.88954333085872e-05,2.07526820789907e-05,2.2787399178385e-05,2.50232067134565e-05,2.74720133958374e-05,3.01622383565749e-05,3.31096738799337e-05,3.63458990066017e-05,3.98914112558818e-05,4.37820928193676e-05,4.80452480178597e-05,5.27227132337809e-05,5.78481228111927e-05,6.34697378077885e-05,6.96287353822687e-05,7.63814161151297e-05,8.37792583334714e-05,9.18876569574963e-05,0.000100769804201464,0.000110502764651401,0.000121164726325567,0.000132844243506824,0.000145636412874765,0.000159643535769911,0.000174983024978178,0.000191773852691863,0.00021016029048829,0.000230279631963712,0.000252307242686842,0.00027639791552428,0.000302765422044487,0.000331590307847835,0.000363137249121327,0.000397614881110156,0.000435347499109473,0.000476568741752575,0.000521669472005853,0.000570913161955884,0.000624780306655587,0.000683577277521206,0.000747883992080683,0.000818026611433444,0.000894727183575774,0.000978377217219057,0.00106981360536827,0.0011694400677842,0.00127833808164777,0.00139692402819573,0.0015264675646607,0.00166751048610115,0.00182146662725002,0.001989089945533,0.00217190199551234,0.00237086184610375,0.00258768806810116,0.00282358947660565,0.00308048976781675,0.00335987518132287,0.00366392908788517,0.0039944441518566,0.00435381298958344,0.0047442077663601,0.00516836030470314,0.00562894708767565,0.00612892177359335,0.00667146039233377,0.00725984088961097,0.00789798940016912,0.00858937991293965,0.0093386646273596,0.0101495865413201,0.0110278135172554,0.0119772500969258,0.0130047394932074,0.0141141834329481,0.0153136367293602,0.0166070081211232,0.018004307809005,0.0195094908816802,0.0211345760137357,0.0228825953512142,0.0247677476166866,0.026792783423484,0.0289748141085551,0.0313146665068727,0.0338331781358627,0.036530485571223,0.0394301733988172,0.0425291560551677,0.0458562053454885,0.049406678964896,0.053210913403928,0.0572644576439803,0.0615966649761599,0.0662065909455621,0.0711204011603066,0.0763378527345161,0.0818838199606786,0.0877605710750975,0.0939882317941926,0.100567647038216,0.107515008436627,0.114832558207168,0.122528522319888,0.13060535075664,0.139060854051419,0.147898858790672,0.157101675246841,0.166671746683232,0.176573920908781,0.186811903331643,0.197324822431957,0.208116147237058,0.219099281707395,0.230278184530236,0.241529920592514,0.252859211306239,0.264103683646282,0.275268615859996,0.286149282853803,0.296754480255698,0.306828675499211,0.316385341420641,0.325125281442188,0.333078944851485,0.339895639906925,0.34562483501861,0.349884594047254,0.352769231024198,0.353886265683481,0.353320433970344,0.350761188707159,0.346289217265621,0.339674336561799,0.331030782912457,0.320256378995804,0.307503412720209,0.292806878166181,0.276378708315046,0.258412031754591,0.239176694199299,0.218993931023544,0.198187789727233,0.177173103780773,0.156267309615773,0.135927142518412,0.116432462497781,0.0981875972594888,0.0813540117028047,0.0662240327329397,0.0528399595141835,0.041338691471207,0.0316153381267869,0.0236487156718233,0.0172426531499264,0.0122597057593381,0.00846934849558616,0.00568630434703035,0.00369557919525224,0.00232122226950591,0.00140772280503756,0.00082191621658091,0.0004630900367924,0.000248379456115311,0.000129268675702681,6.26753294905721e-05,3.00408553774604e-05,1.28852691020851e-05,5.72939257032988e-06,2.04160572715271e-06,8.69388254611877e-07,8.28043975091507e-08,0
6985879.74678525,0,2.96848404465889e-06,1.84353426307341e-07,3.34109075784676e-06,5.93112556080074e-07,3.77995471687013e-06,7.25518338555271e-07,4.64762405110603e-06,1.09252073531585e-06,4.93652126631153e-06,2.37943297212366e-06,4.82167137604676e-06,3.88042634402824e-06,5.09576220099622e-06,5.16380939262695e-06,5.89134681529626e-06,6.38042127667943e-06,7.05431296822639e-06,7.7383969287678e-06,8.51091927465086e-06,9.35184867368716e-06,1.02768708706681e-05,1.1292663719284e-05,1.24069479861554e-05,1.36314233066165e-05,1.4973642957547e-05,1.6448572737225e-05,1.80657877543223e-05,1.98426418235855e-05,2.17894526399041e-05,2.39288684958172e-05,2.62722693539687e-05,2.8846859496792e-05,3.16678602014183e-05,3.47656110916894e-05,3.81597460921651e-05,4.1884643488581e-05,4.59665701436934e-05,5.04456734398921e-05,5.53542016409537e-05,6.07384822305739e-05,6.66381629927685e-05,7.3107337140744e-05,8.01954411200094e-05,8.7965274941997e-05,9.64776401270701e-05,0.00010580669102478,0.000116027583547894,0.000127225458508121,0.000139491868148244,0.000152925255445861,0.000167638561130175,0.000183746502608034,0.000201388042628229,0.000220695322361588,0.000241837152959741,0.000264963120113289,0.000290279329978841,0.00031795978013002,0.000348259217422487,0.000381379425564045,0.00041763342221208,0.00045724737052142,0.000500598211307005,0.000547940883867373,0.000599738849261237,0.000656289337200809,0.000718152600816936,0.000785645402624651,0.000859465053498155,0.000939992843764626,0.00102803753294143,0.00112399218325598,0.00122890318103426,0.00134317839044148,0.00146804472258996,0.00160403210763257,0.00175251159571295,0.00191421904893247,0.00209062948014329,0.00228267761589816,0.00249203260339337,0.00271987600469417,0.00296807775017403,0.00323808747706295,0.0035320326875731,0.00385166696946955,0.00419932303829504,0.00457712070349129,0.00498772575361566,0.00543375750606213,0.0059181085133582,0.00644388246213695,0.00701428869699139,0.00763317785785767,0.00830396850083915,0.00903120027489622,0.00981854084084522,0.0106715561227385,0.011594122815501,0.0125929256547618,0.0136717965090074,0.0148386467730653,0.0160973917288369,0.0174578200316427,0.0189238546679912,0.020507294966878,0.0222112124099377,0.0240494924618748,0.0260249443783561,0.0281543999098432,0.0304388145201028,0.0328985447580321,0.0355337910607685,0.0383677368858038,0.0413977001764535,0.0446519347666513,0.0481258520240962,0.0518491777833071,0.0558177992083378,0.0600605634085933,0.0645767906599417,0.0693923635520274,0.0745068440170247,0.0799444691925202,0.085707930394459,0.0918175111920376,0.0982737445921616,0.105092015979037,0.112274672554246,0.119830609805923,0.127762266354736,0.136066652617005,0.14474718668419,0.153787223926317,0.163189273506753,0.172918005988426,0.182976828701243,0.193306043231528,0.203908544325981,0.214698661297664,0.225680597893191,0.236732985865097,0.24785973273807,0.258900667854638,0.269860617208809,0.280537709376993,0.290941174605238,0.300818299536703,0.310181867118945,0.318737274973591,0.326515477079705,0.333170773549382,0.338752278965215,0.342883767251943,0.345659563102188,0.346695017307688,0.346075017693565,0.343494199939113,0.339033882593961,0.332470865298013,0.323919305460472,0.313282123412056,0.300709857511754,0.286238727267127,0.270079709144832,0.252427649042714,0.233545376392493,0.213749267751912,0.193358811516441,0.172781269611174,0.152324793269721,0.132438005062431,0.11339189764923,0.0955780863446483,0.079152999381022,0.064402542877455,0.0513632842952215,0.0401639522563632,0.0307007857855782,0.0229530158139097,0.0167283191922734,0.0118894364869271,0.00820950002590372,0.00550825622176454,0.00357803916162241,0.00224684203505594,0.0013620866362513,0.00079461344401049,0.000447437223348821,0.000239910553381095,0.000124794378355038,6.04991271489264e-05,2.90017500461339e-05,1.23966690813449e-05,5.49678120504898e-06,1.98229238954716e-06,8.45151362462429e-07,7.25207389782436e-08,0
7149428.98659758,0,2.83640545797062e-06,1.7625344001759e-07,3.19250412070915e-06,5.66898877517257e-07,3.61186650445366e-06,6.93574922128746e-07,4.44104103019473e-06,1.04455299170126e-06,4.71687010883247e-06,2.27507758563583e-06,4.60686520619362e-06,3.70977268009913e-06,4.86949302653027e-06,4.93596195666468e-06,5.63077787143291e-06,6.09882764098215e-06,6.7429183811691e-06,7.3972725068311e-06,8.13588568698168e-06,8.94011343655854e-06,9.82482720864339e-06,1.07962728762508e-05,1.18621390639441e-05,1.3033380501328e-05,1.4317374471983e-05,1.57283956893322e-05,1.72756217751543e-05,1.89757200543971e-05,2.08385618614137e-05,2.28858169769877e-05,2.51284436827265e-05,2.75925500893785e-05,3.02927418240689e-05,3.3258028322989e-05,3.65072753505377e-05,4.00735052434066e-05,4.39819345124741e-05,4.82710511960379e-05,5.29718034289308e-05,5.8128666690354e-05,6.3779741184957e-05,6.99769464169199e-05,7.67677921624791e-05,8.42126133663326e-05,9.23697799762558e-05,0.000101310457187502,0.000111106884908212,0.000121840992380652,0.000133600879922176,0.000146481245565741,0.000160590645042339,0.000176039467510457,0.000192961554479058,0.000211484197787116,0.000231769767876555,0.000253962549434145,0.000278261101989122,0.00030483299698518,0.000333923485040201,0.000365727597666941,0.000400547158698836,0.00043860076391993,0.000480251699828338,0.000525746733836955,0.000575533035777017,0.000629898238489797,0.000689382714837095,0.000754294254742073,0.000825306338501095,0.000902788900353714,0.000987522937579162,0.0010798918324659,0.00118090586434914,0.00129096319471613,0.0014112516011138,0.00154228872787518,0.00168539973184605,0.00184130273272204,0.00201142965383062,0.00219669205729033,0.00239870846370981,0.00261863062767817,0.00285827695685616,0.00311906255123026,0.00340305435457612,0.00371195985792625,0.00404805590209018,0.00441342443108551,0.00481066607685204,0.0052423224009346,0.00571121620423372,0.00622040007268858,0.00677302102119497,0.00737281904350433,0.00802313832956664,0.00872845180708152,0.00949238394565092,0.0103203424828294,0.0112161175635549,0.012186287228038,0.0132346808702836,0.0143690129780132,0.0155931227908686,0.0169166121958509,0.0183434315848408,0.0198851228233599,0.0215447309876962,0.0233358821969089,0.0252615121376857,0.0273380741054275,0.0295665254729014,0.0319668671255859,0.0345395419064183,0.0373072660350746,0.0402674729480227,0.0434477632730424,0.0468439251139769,0.0504853465403105,0.0543680140152236,0.0585199834723459,0.0629408922124741,0.0676564230195696,0.0726661576896424,0.077993896869078,0.0836421805039547,0.0896309508867663,0.09596131678501,0.102648600827372,0.109694176309776,0.117106560499893,0.12488925653771,0.133039725385449,0.141560136558601,0.150433888674025,0.159664159050205,0.169215880234163,0.179091585809278,0.189233022969129,0.199643311291181,0.210237212424083,0.221018059179718,0.231866668134602,0.242787392145218,0.253621901842241,0.264374135410497,0.274844709516016,0.285042954808271,0.294720592076649,0.303889970817538,0.312259585508046,0.319860328657269,0.326353445481935,0.331787701241175,0.335791712527005,0.338460354275545,0.339416282636109,0.338743547528035,0.336144777339787,0.3317018624854,0.325195723343215,0.316740518172514,0.306245986214418,0.293861412346385,0.279624198311833,0.26374246051,0.246411335487004,0.227888923693294,0.208487308990431,0.188519479279201,0.168384852879037,0.148382802744185,0.128952886343076,0.110357689090253,0.0929784162659471,0.0769649009971611,0.0625931055533957,0.0498960619472301,0.0389986115219645,0.0297972492319338,0.0222676571651747,0.0162207628006816,0.0115227211152868,0.00795277681814341,0.00533409943506455,0.00346334580437856,0.00217329904662169,0.00131678683461562,0.000767988076789446,0.000432256487806007,0.000231610042368718,0.000120421205970837,5.83218014773398e-05,2.79443005425474e-05,1.19788817757811e-05,5.30437015360765e-06,1.88568347936479e-06,8.0868997962046e-07,7.80997073540115e-08,0
7316807.14342719,0,2.71022433440882e-06,1.68582869540842e-07,3.05053244098147e-06,5.41915576011664e-07,3.45126403356725e-06,6.63425226430936e-07,4.24352062088458e-06,9.98798550206467e-07,4.50783001400403e-06,2.17433648160418e-06,4.4033256911523e-06,3.54551700316213e-06,4.65453654738337e-06,4.71785185180534e-06,5.38230145701985e-06,5.82975933344259e-06,6.44565688182781e-06,7.07130670272887e-06,7.777599316057e-06,8.54664586656857e-06,9.39272491883834e-06,1.03217929606427e-05,1.13412002594409e-05,1.24614273541372e-05,1.36895834811629e-05,1.50393463068408e-05,1.65194952599438e-05,1.81459573200551e-05,1.99282046586307e-05,2.18870406899474e-05,2.40329935732286e-05,2.63910272061533e-05,2.89751497315708e-05,3.18131808298844e-05,3.49232172072866e-05,3.8336891635155e-05,4.20784115928427e-05,4.61847242971936e-05,5.06855787413519e-05,5.56236193553721e-05,6.10353780093656e-05,6.69706856957102e-05,7.34751993736735e-05,8.06068201263995e-05,8.84216068141796e-05,9.69879698546306e-05,0.00010637537818927,0.00011666255074415,0.000127934125584586,0.000140281194056751,0.000153808275013919,0.000168621647916329,0.000184849909537081,0.000202615573118864,0.000222074923779428,0.000243366731662861,0.000266681949306819,0.000292182724941267,0.000320105694190976,0.000350638768510372,0.000384072415485575,0.000420618190176871,0.000460625950495404,0.000504333635082161,0.000552172811052222,0.000604423483661295,0.000661606776809932,0.00072401908901271,0.000792309838393105,0.00086684100091626,0.000948366920889599,0.00103725767193483,0.0011344890360594,0.00124045378372533,0.001356298951922,0.00148252331690746,0.00162041047197135,0.00177066818313062,0.00193468070243093,0.00211332731150537,0.00230818021821458,0.00252037209658632,0.00275166913824151,0.00300343760680426,0.00327768335483521,0.00357608735620963,0.00390087402865431,0.00425405481359665,0.00463815042314138,0.00505566103771234,0.00550936462413116,0.0060022294602746,0.00653730645672911,0.00711825061680246,0.00774837162325777,0.00843205251147978,0.00917281084381695,0.00997589756011344,0.0108450883660823,0.0117868786498694,0.0128050057510116,0.0139069200900888,0.0150964570966079,0.0163831337121484,0.0177708807181596,0.0192708653921154,0.0208861129272879,0.0226300434337233,0.0245056968944959,0.0265292081136771,0.0287015339512128,0.031042059000992,0.0335515326983692,0.0362525799162222,0.0391426438224044,0.0422483098111452,0.0455656954008746,0.0491239700027916,0.0529195972075137,0.0569800119286419,0.0613043720619484,0.0659177353202343,0.0708207377276956,0.0760371287333701,0.0815685009390016,0.0874341761634067,0.0936359917860269,0.100189287524411,0.107095257121498,0.114362269641843,0.121993320269551,0.129985893768811,0.138342876601942,0.147047883677553,0.156102934126925,0.165473755453292,0.175163458848745,0.185114312970159,0.195328519923991,0.205722060168698,0.216298621993384,0.22694117036674,0.237652753873921,0.248276548935019,0.258817355243059,0.26907937031266,0.279070666423642,0.288545871864812,0.297517504795515,0.305699667156972,0.313123704259071,0.319454761763816,0.324740142234251,0.328616575081225,0.331180362591672,0.332060638068913,0.331338997430729,0.328724116431391,0.324301461489411,0.317859422088844,0.309508712120876,0.29916242208107,0.286970560162634,0.272974955200406,0.257379059721972,0.24037526762474,0.222218851862323,0.203219170580874,0.183679576012012,0.16399139195183,0.144448310698185,0.125479258619721,0.107336732429092,0.0903927703435525,0.074791105484514,0.0607975467542129,0.0484423402869246,0.0378456323488641,0.0289035985034564,0.021589994473325,0.0157196159078935,0.0111616174522565,0.00770072257762395,0.0051630672706883,0.00335058497593729,0.00210127019218156,0.00127255511871273,0.000741978856049309,0.000417460060226519,0.000223516230147162,0.000116164886394512,5.62404487501467e-05,2.69214045781921e-05,1.15485229638885e-05,5.11289326748619e-06,1.80692003552487e-06,7.76820634845362e-07,7.68036952495825e-08,0
7488103.85759003,0,2.58726446420945e-06,1.60966688548403e-07,2.9112813109396e-06,5.18420090361698e-07,3.29515988588645e-06,6.32743051558167e-07,4.05121191349518e-06,9.56168916700226e-07,4.30179841447791e-06,2.07791698548758e-06,4.20510209023896e-06,3.38602764097427e-06,4.44521511067749e-06,4.50705293186344e-06,5.14088113428491e-06,5.56870395276018e-06,6.15830544371622e-06,6.75532451382266e-06,7.43100358517894e-06,8.16656534784162e-06,8.97487401001511e-06,9.86371632849534e-06,1.08383933593213e-05,1.1909553338426e-05,1.30843164573404e-05,1.43751426726742e-05,1.57908804269663e-05,1.73467514702593e-05,1.90516077197802e-05,2.0925635093231e-05,2.29787917277322e-05,2.52350126545494e-05,2.77077621454353e-05,3.04236577167169e-05,3.34001480894753e-05,3.66675526196774e-05,4.02490499277663e-05,4.41800804419291e-05,4.84892211215301e-05,5.32174138119786e-05,5.83997403735056e-05,6.40840170042668e-05,7.03140574157893e-05,7.71453955046443e-05,8.46319120804308e-05,9.28394583972741e-05,0.000101834880721309,0.000111693703514037,0.000122497123187826,0.000134332772302599,0.000147301226591223,0.000161504643641747,0.000177066562511887,0.000194104984246833,0.000212770435669418,0.000233196609789089,0.000255567298846702,0.000280038967835765,0.000306839344380582,0.000336149701573214,0.000368249727925914,0.000403343281846452,0.000441767811809514,0.0004837543043103,0.000529718047713542,0.000579928817314313,0.000634890157637799,0.000694891552810229,0.000760558315833186,0.000832238708075285,0.000910662359612552,0.000996192900393358,0.00108977093823003,0.00119177493415169,0.00130331457444418,0.00142488276741686,0.00155771827002853,0.00170250234824544,0.0018605774024331,0.00203280825751598,0.00222071929392025,0.00242540375738666,0.00264857275648123,0.00289156597377179,0.00315633821129617,0.00344451976612962,0.00375826784116273,0.00409954986245582,0.0044708267793118,0.00487452741833395,0.00531335552704113,0.0057902198201567,0.00630811153860017,0.00687058451313803,0.00748086439557064,0.00814323754989663,0.00886116719626994,0.00963978952508619,0.0104828131067249,0.0113965502473161,0.0123846670885126,0.013454512590573,0.0146099362591563,0.0158601413303809,0.0172089332787058,0.0186673432684905,0.0202385494797033,0.0219356098139468,0.0237614135033122,0.0257317006303444,0.0278477279987565,0.0301286732757452,0.0325752006536002,0.0352090690644414,0.0380281196746944,0.0410588647983609,0.0442975295538153,0.0477722727078638,0.0514798248221032,0.0554472308636574,0.0596739959538144,0.0641850007903488,0.0689805364825397,0.0740833048417503,0.0794954803971702,0.0852369976753292,0.0913093009211854,0.0977266025811888,0.104490218093253,0.111609071636109,0.119086258613476,0.126919062299751,0.135109749473274,0.143642129376399,0.152518672750175,0.161705977116825,0.171206392838308,0.180962715044384,0.190977049301029,0.201166870232197,0.211535860275291,0.221968519824055,0.232467136377326,0.242877421714486,0.253204403607358,0.263254888768976,0.273035585479041,0.282305716931768,0.291079794128133,0.29907540693312,0.306319685366812,0.312485004840143,0.317623982534266,0.321378668928832,0.323838243291522,0.324639656901355,0.323872280306894,0.321251404577187,0.316854382721452,0.310476877521702,0.302235645015636,0.292047117799894,0.280055636652287,0.26630616825058,0.25100198030195,0.234333742079848,0.216550060607637,0.197956753543426,0.178850236418845,0.159613283390449,0.140532312217135,0.122025930748735,0.104336935840004,0.0878277517751624,0.0726374790797605,0.059021976748948,0.0470066129735557,0.0367073551242539,0.0280220395819609,0.0209226572261022,0.0152274796150511,0.0108078243222273,0.00745336901035292,0.00499466524592175,0.00323988348587679,0.00203132659427846,0.00122973875519816,0.000716355521768653,0.000402804662172085,0.000215767980570545,0.000112098567562837,5.41501288742997e-05,2.59169353789708e-05,1.11490243865696e-05,4.92568649472689e-06,1.72680810217831e-06,7.45834382827501e-07,7.68663427309273e-08,0
7663410.86800746,0,2.47214690141861e-06,1.54008471780674e-07,2.78287549863408e-06,4.94707974260564e-07,3.14819529777312e-06,6.0638935824022e-07,3.87107182301397e-06,9.12486500078165e-07,4.11298804541605e-06,1.98500901992869e-06,4.01874736325066e-06,3.23634234962733e-06,4.24885070082189e-06,4.30704074534904e-06,4.91387924278513e-06,5.32292311553226e-06,5.88568890651926e-06,6.45751351713866e-06,7.1031244525077e-06,7.80612765517229e-06,8.57963547603123e-06,9.42914000300089e-06,1.03613325613838e-05,1.13858263855405e-05,1.25091522986238e-05,1.37438438436484e-05,1.50979907199705e-05,1.65861523290932e-05,1.82170590755765e-05,2.00098342243245e-05,2.1974151452985e-05,2.41328700205193e-05,2.64988941426492e-05,2.90978015182196e-05,3.19462433339814e-05,3.50732421981858e-05,3.850108555475e-05,4.22638016343833e-05,4.63888318106881e-05,5.09153509293311e-05,5.58769727179035e-05,6.1319581295925e-05,6.7285291488103e-05,7.38274842918596e-05,8.09979002284009e-05,8.88597029678725e-05,9.74770235894681e-05,0.000106922408469667,0.000117274006844842,0.000128616041769929,0.000141044959750263,0.000154658976049167,0.000169577031578891,0.000185912767634745,0.000203811076093873,0.000223400859271705,0.000244858432126718,0.000268333947927031,0.000294047204315983,0.000322173722330114,0.000352981710270537,0.00038666732230111,0.000423556861189453,0.000463874244165582,0.000508017987164765,0.000556248069831091,0.000609050630799464,0.0006667065795489,0.000729818177639031,0.000798722592890796,0.00087412411518524,0.00095637668735838,0.00104638751692229,0.00114452455886013,0.0012518571942514,0.00136886521599508,0.00149674973808862,0.00163617513624693,0.00178843596747577,0.0019543698239559,0.00213545601548806,0.00233276163653782,0.00254794360086719,0.00278230255206879,0.00303774073001564,0.00331584753881267,0.00361871012920779,0.00394823900974021,0.00430684492124152,0.00469691146279837,0.00512105745892041,0.00558208435902146,0.00608292429800828,0.00662709504726801,0.00721774402158287,0.00785898227304071,0.00855420840793272,0.00930852111988309,0.010125561160124,0.0110114010141203,0.0119696516247919,0.0130075637285793,0.0141289438206406,0.0153427342162901,0.0166526938527847,0.018069605464627,0.0195966859782409,0.0212467292658076,0.0230226204013512,0.024939683885162,0.0269992580869085,0.0292201768864769,0.0316033039766036,0.034169821512867,0.0369175494612389,0.0398725575395567,0.0430317783908029,0.0464225499548766,0.050041082222627,0.0539143265457344,0.0580429733934535,0.0624506701020506,0.0671365352383152,0.0721240513883201,0.077417017507404,0.0830335968172473,0.0889734061216762,0.0952518882675508,0.101872378856815,0.108842570218572,0.116163512552944,0.123833200755398,0.131855565732084,0.140214520866197,0.148910897987412,0.15791172905826,0.167220158668665,0.176780023792657,0.186592815512081,0.196577363181345,0.206736474054212,0.216956283694306,0.227239933092106,0.237435575597876,0.24754640958094,0.257382537776187,0.266952294387216,0.276017707801621,0.284590587377652,0.292395470762203,0.299462628795058,0.305466775155884,0.310456523189826,0.314084507336672,0.316443489306219,0.317174648549321,0.316362332016112,0.313731863540929,0.30936527379664,0.30306170074533,0.294933817028491,0.284904671159578,0.273119183386733,0.259623609206726,0.244616932038961,0.228288668527278,0.210882123275817,0.19269859521726,0.174029176870852,0.155248244214985,0.136630440437198,0.118585640430933,0.101352468340904,0.085280197060457,0.0704985695928969,0.0572580409021743,0.0455829398206983,0.0355813449570089,0.0271505564511873,0.0202628058226036,0.0147409807572116,0.0104582749883571,0.00720937346263616,0.00482918625924783,0.00313122178307741,0.00196207347585527,0.0011872226231871,0.000691534061457003,0.000388774897302045,0.000207971629228069,0.000107937144253894,5.22187295656722e-05,2.50124847147576e-05,1.07012651325887e-05,4.71678352962311e-06,1.68054341434438e-06,7.20501865074402e-07,6.55851179036293e-08,0
7842822.06133768,0,2.36139098019115e-06,1.4723591961852e-07,2.65776988583299e-06,4.72939918456636e-07,3.00749483235491e-06,5.78966544180196e-07,3.69788146971684e-06,8.72699613475268e-07,3.92781630318208e-06,1.89825188220335e-06,3.83780716247794e-06,3.09348762512945e-06,4.05872287217145e-06,4.11581167558142e-06,4.69508209013926e-06,5.08638711971747e-06,5.62414968324752e-06,6.17087745918363e-06,6.78802727948326e-06,7.46014000579737e-06,8.19964813179987e-06,9.01182460539573e-06,9.9031390399194e-06,1.08827652966919e-05,1.19569412188299e-05,1.31376723567759e-05,1.4432688360918e-05,1.58559756259551e-05,1.74158947605286e-05,1.91306873986404e-05,2.10096599810027e-05,2.30747536375741e-05,2.53383169376008e-05,2.78248139660579e-05,3.05502582827845e-05,3.35424941442289e-05,3.68228808608136e-05,4.04239608936398e-05,4.43720351935897e-05,4.87047341659425e-05,5.34543557315777e-05,5.86649004740881e-05,6.43767728581371e-05,7.06411726625785e-05,7.75077627594969e-05,8.5037123384911e-05,9.3290845124076e-05,0.000102338688979188,0.00011225570743345,0.000123122794331685,0.000135032667118406,0.000148079706710035,0.000162378201774309,0.000178037485795847,0.000195196635472176,0.000213979468287398,0.000234555903931507,0.000257071110294157,0.000281736063390969,0.000308719378661419,0.000338279961499868,0.000370607310829811,0.000406013959482,0.000444715841933259,0.000487098704095701,0.000533414155711277,0.00058412890088222,0.0006395151048134,0.000700154264558287,0.000766372477207501,0.000838848408179035,0.000917925781910471,0.00100447800888761,0.00109886253535283,0.00120211625193554,0.00131470897035227,0.00143779220203037,0.00157200571880171,0.00171861163507744,0.00187843331366879,0.00205289292716019,0.00224301532717422,0.00245041534538744,0.00267637283518394,0.00292272496556283,0.00319099934363077,0.00348322848220747,0.00380129440797885,0.00414754303744904,0.00452426930344702,0.00493401144094342,0.00537952516542732,0.00586369673005235,0.00638992887364482,0.00696125660468821,0.00758171171143412,0.00825467950607228,0.00898510931724262,0.00977648563004269,0.0106347440501134,0.0115635583984973,0.012570014589964,0.0136577140889452,0.014835341004263,0.0161068049965689,0.017482729468999,0.0189661408210511,0.0205693847530126,0.0222954732133904,0.0241595568941199,0.0261631323454001,0.028324435630377,0.0306440855320131,0.0331428844994485,0.0358194806533267,0.038699375500826,0.0417789168478549,0.0450847361681693,0.0486140797652909,0.0523934865501662,0.0564232063143936,0.0607263311545776,0.0653024378218892,0.0701745844605188,0.0753463488872856,0.0808356567960557,0.0866426017557844,0.0927823938223381,0.0992576020132289,0.106075666267898,0.113238628388482,0.120744841785576,0.128596980420565,0.1367789096145,0.145292439903188,0.154105604197459,0.163220226587919,0.172580498054368,0.182188683047479,0.191965640171029,0.201913037106541,0.211918110330071,0.221984279752015,0.231962909964019,0.241856608665061,0.251477740123955,0.260834092339924,0.269693008937032,0.278067023300287,0.285683344588756,0.292570281381361,0.298411802383385,0.303258540633801,0.306765726939247,0.309022625918702,0.309682925432061,0.308833631047585,0.306202086416209,0.301867453507073,0.295639449110539,0.287631964765327,0.277769820273093,0.266194830884938,0.252956650159494,0.238251466885378,0.222267494998102,0.205243067539425,0.187473518572951,0.169242001684067,0.150916175645686,0.132763343360077,0.115181762681893,0.098401184471606,0.0827618046884049,0.0683880172334087,0.0555207695231527,0.0441808577587858,0.0344718130892547,0.026292820293492,0.0196150952338165,0.0142642803658024,0.0101155530062182,0.00696985182677694,0.00466674689455246,0.00302477996837894,0.00189467261141364,0.00114600075328151,0.000667096594014295,0.000374746503295003,0.000200439220513079,0.000104083599285884,5.03019742811649e-05,2.40328996180713e-05,1.02960712981894e-05,4.55459761403968e-06,1.61234106927314e-06,6.85268122031897e-07,6.42290266527113e-08,0
8026433.52225717,0,2.25584496908668e-06,1.4073599925819e-07,2.53914922630855e-06,4.51732935434e-07,2.87313310946946e-06,5.5368638745979e-07,3.53244689225144e-06,8.33934530692854e-07,3.75341543986574e-06,1.81278945560922e-06,3.66818588531495e-06,2.95496477476756e-06,3.87917902115338e-06,3.93255357065207e-06,4.48708002101481e-06,4.86073624957445e-06,5.37504739326566e-06,5.89765968058396e-06,6.48774854702265e-06,7.13038811550327e-06,7.837506622078e-06,8.61416172647091e-06,9.46652635913969e-06,1.04034037094526e-05,1.14307477353757e-05,1.25600802810726e-05,1.37987902615563e-05,1.51602821819753e-05,1.66525867769597e-05,1.82931496162225e-05,2.00908692396363e-05,2.20668168490826e-05,2.42328903552157e-05,2.66124676431871e-05,2.92208553438987e-05,3.20847870307528e-05,3.52248039234149e-05,3.86720686029439e-05,4.24517798810949e-05,4.66000652259151e-05,5.11479352087792e-05,5.61375454953887e-05,6.16076814310962e-05,6.76075121252797e-05,7.41847004894636e-05,8.13973895847559e-05,8.9304755914417e-05,9.79738331423269e-05,0.000107476664470816,0.000117890894986652,0.000129305673202617,0.0001418119122007,0.000155519495150427,0.00017053338820487,0.000186987032113286,0.000204999706788278,0.000224735241288795,0.000246333472861195,0.000269996816210175,0.000295887508987515,0.00032425516392923,0.000355283147908623,0.000389272045463926,0.000426429532442485,0.000467126860365815,0.000511607726189052,0.000560321956489931,0.000613532490012451,0.000671799480456598,0.000735439055575787,0.000805104643821009,0.000881128641897143,0.000964355187829003,0.00105513385107768,0.00115446160108863,0.00126279226946792,0.00138124253285947,0.00151043735620292,0.00165159042953785,0.00180549595615308,0.00197353668485344,0.00215671495566473,0.00235658963428918,0.00257439551306776,0.00281191793941096,0.0030706537101907,0.0033525746572828,0.00365949524579835,0.00399368992953641,0.0043574068171304,0.0047531299205587,0.00518353101515855,0.00565140245411513,0.00616006225334616,0.00671249876893235,0.00731263622627154,0.00796374918504627,0.00867066134654669,0.00943684406699814,0.010268088503283,0.0111679220647404,0.0121432308273004,0.0131976657596476,0.0143397399482574,0.015573209456499,0.0169083627214524,0.018348312829431,0.0199052100469676,0.0215820434186792,0.0233934924859094,0.025341044173637,0.0274425790982699,0.0296990463998765,0.032130755849697,0.0347361958136116,0.0375401618267939,0.0405395508560316,0.0437606411829488,0.0472008408307652,0.0508857548795413,0.0548154181006114,0.0590129357325724,0.0634787224011086,0.0682349205405211,0.0732842063515202,0.0786446026514877,0.0843171491815418,0.0903166189097821,0.0966449001899953,0.103309249482625,0.110312019359866,0.117651961095824,0.125331499196482,0.133334476918174,0.141662559314579,0.150284571172882,0.159202305107088,0.16836088289476,0.17776179741284,0.187327251098499,0.197059512071825,0.206847786942837,0.216694179805682,0.226452429155596,0.236125660717029,0.245529817270483,0.254671996381981,0.263322953040058,0.271494765484838,0.278920943520909,0.285630259797612,0.291310835359039,0.296011333314179,0.299396803448269,0.301558038586322,0.3021530392501,0.301265614380296,0.298634079635703,0.294340256313527,0.288195978617489,0.280311469849547,0.270619933930476,0.259264211853024,0.246291804129016,0.231892598316787,0.216256697182778,0.199620146515004,0.182270027181649,0.164479565591019,0.146610414676044,0.128923747305906,0.111806177852983,0.0954785475261941,0.0802709749581344,0.0663019941708884,0.0538047015134283,0.0427982050463905,0.0333805739713103,0.02545023811995,0.0189779720294269,0.0137951720982449,0.00977954760197408,0.00673629588768229,0.00450875086763066,0.00292081232491547,0.00182821405733815,0.0011055354953304,0.000643952601774163,0.000361623227148387,0.000192797985386906,9.99965050677871e-05,4.86484307317831e-05,2.32893427568353e-05,9.78821735845924e-06,4.30988159529915e-06,1.60986362458558e-06,6.7910925920493e-07,4.17813353787079e-08,0
8214343.58491942,0,2.15543134770512e-06,1.34501736712257e-07,2.42627567032931e-06,4.31919416130595e-07,2.74504990063731e-06,5.29551809114213e-07,3.37548224124353e-06,7.96977021926218e-07,3.58692289056216e-06,1.7325146164313e-06,3.50545370545138e-06,2.82427981466278e-06,3.70713088866599e-06,3.75864278933892e-06,4.28834151081962e-06,4.64572339978563e-06,5.13728222731566e-06,5.63692258693351e-06,6.20101824911019e-06,6.81537892285078e-06,7.4914105363965e-06,8.23393024887961e-06,9.04886575281206e-06,9.94461548558907e-06,1.09269130533658e-05,1.20067685911737e-05,1.31912682434496e-05,1.44932042630495e-05,1.59202747273393e-05,1.74892190981066e-05,1.92085720286383e-05,2.10984133614331e-05,2.31701367027298e-05,2.5446235137544e-05,2.79414051922146e-05,3.06811588692121e-05,3.36851574341123e-05,3.69833115080893e-05,4.05997930010886e-05,4.45691582874556e-05,4.89211666554431e-05,5.36962977812248e-05,5.89317208825428e-05,6.4674541399516e-05,7.09705221613426e-05,7.78754711631946e-05,8.54461407031429e-05,9.37467762981821e-05,0.000102846492732056,0.000112819923833489,0.000123752695176788,0.000135732055854629,0.000148863491220844,0.000163247969867005,0.000179013725481787,0.000196275424195986,0.000215190359087484,0.000235893031571404,0.000258578015811193,0.000283401565770751,0.000310603504939186,0.00034036064082123,0.000372962304429543,0.000408608651953197,0.000447656646303883,0.000490342181540938,0.000537098265989409,0.000588177784989049,0.000644119644239335,0.00070523168467786,0.000772144096548815,0.000845177122098088,0.000925142777400239,0.00101238320170474,0.00110786023847061,0.0012120115532753,0.0013259136800317,0.00145017695687838,0.00158597624141989,0.00173407766676685,0.00189581424848209,0.00207216389171022,0.00226463968373702,0.00247443495532215,0.00270327363751961,0.00295261277817017,0.0032243728216152,0.00352031572357376,0.00384264101055666,0.00419353284041026,0.00457541654951683,0.00499089359634826,0.00544267137978559,0.00593396688576747,0.00646770584005885,0.00704772731994993,0.00767722452334328,0.00836086088265773,0.00910202795492614,0.00990640708864174,0.0107774832900554,0.0117219126571558,0.01274325439521,0.0138498634285384,0.0150454873270251,0.0163400952849267,0.0177367542396048,0.0192473588485677,0.0208749335003901,0.0226337679060125,0.0245253814183687,0.0265672149904219,0.0287603516278609,0.0311246271582068,0.033658654164283,0.0363866666589189,0.0393058601343639,0.0424417361233568,0.04579181637021,0.0493815367282703,0.0532111985089262,0.0573027829605966,0.0616566250122598,0.0662952716734494,0.0712216968907577,0.0764527664933624,0.0819892316926939,0.0878462678479823,0.0940261700776573,0.100535765904062,0.107376888223965,0.114548395419233,0.122053132846696,0.129875448982728,0.138016356247026,0.14644504455476,0.155163541802609,0.164118219003536,0.173310038125878,0.182662345980918,0.192177209168338,0.201746106847889,0.211370877653212,0.220907643313177,0.230358946891832,0.239544085090661,0.24847037753811,0.256912960679438,0.264882877946124,0.272118389926657,0.278648932548938,0.284169339703117,0.288726786471959,0.291992593230587,0.294057782188996,0.294589436357272,0.293669984134455,0.291043269347894,0.286791041459099,0.280733494358984,0.272980396561775,0.263466189550022,0.252330550880999,0.239626320321317,0.225541890013446,0.210261064826566,0.194012109841245,0.177081879307011,0.159738652542602,0.142330670832513,0.125109152434796,0.108454230511691,0.0925798558111332,0.0778033812070877,0.0642377485163515,0.0521090506570361,0.0414328548727774,0.0323022456897972,0.0246184760143235,0.0183514830135971,0.013334716168129,0.00944871347500267,0.0065057420135289,0.0043533078638157,0.00281953886699043,0.00176411984175137,0.00106594159097702,0.000620288316084978,0.000348371509197232,0.000186020857552032,9.64124531929865e-05,4.66240608657611e-05,2.23098048596394e-05,9.52384286460524e-06,4.18578866133259e-06,1.49042763336595e-06,6.3968548361057e-07,5.74936960882447e-08,0
8406652.88561832,0,2.05664396028478e-06,1.28372336264033e-07,2.31488558172033e-06,4.12843903180969e-07,2.61922661360247e-06,5.05440768346844e-07,3.2213631500141e-06,7.61559604109702e-07,3.42196350174613e-06,1.65573449416786e-06,3.34448800250411e-06,2.69700376259083e-06,3.53882637140068e-06,3.5881107981152e-06,4.09452131535058e-06,4.43558297247189e-06,4.90517449498498e-06,5.38273716931837e-06,5.92147627404742e-06,6.50859435155612e-06,7.15458257285864e-06,7.8641150208147e-06,8.64293921868763e-06,9.49906219262628e-06,1.0437885664776e-05,1.14700933313355e-05,1.26023567331133e-05,1.38470064080533e-05,1.52113609934321e-05,1.67114487990039e-05,1.83554411418906e-05,2.01625950632897e-05,2.21438364474971e-05,2.43206498770582e-05,2.67071389401586e-05,2.93278057612434e-05,3.22014958969393e-05,3.53568165187155e-05,3.88169363531026e-05,4.26150066325076e-05,4.67795875475477e-05,5.13495069198315e-05,5.63604316528778e-05,6.18575052741226e-05,6.78846036875483e-05,7.44952556030292e-05,8.1743977214577e-05,8.969257479814e-05,9.84074061783281e-05,0.000107959916599852,0.000118432200775364,0.000129908203192611,0.000142489404080694,0.000156272821178305,0.000171381529784024,0.000187925872265667,0.000206057066826151,0.00022590431776589,0.000247654582799065,0.000271458426558025,0.000297546387346548,0.000326088777717215,0.000357364032313138,0.000391565233402447,0.000429035819937193,0.000470003330886457,0.000514884253841828,0.000563923181017786,0.00061763985923244,0.00067633154910372,0.000740603763341927,0.000810767428853609,0.000887607548853769,0.000971454868318073,0.0010632328627892,0.00116336899976721,0.00127290665934481,0.00139243498005392,0.00152308306079511,0.00166559711095111,0.00182127138720334,0.00199105103902589,0.0021763942750152,0.00237846322856954,0.00259893430492143,0.00283921631680815,0.00310116013104091,0.00338648186423043,0.00369733271692754,0.00403583394100521,0.00440432196765099,0.00480531692726677,0.00524147198594364,0.0057159279469405,0.00623151299086609,0.00679194125361448,0.0074003628011828,0.0080613481550458,0.00877817213105012,0.00955631881580735,0.0103992485461946,0.0113134931245134,0.0123025083298229,0.0133743801907385,0.0145328418729762,0.0157876633213868,0.0171418581540745,0.0186069450108218,0.0201859774477827,0.0218929700695755,0.0237294772084022,0.0257124297667911,0.0278429683186902,0.0301404943625733,0.032603860334268,0.0352566395068681,0.0380961462835032,0.0411473883615147,0.0444081794696523,0.0479031443866632,0.0516326864258158,0.0556186611970843,0.0598614705259141,0.0643828574988372,0.0691859031915426,0.0742872900412035,0.0796877333701551,0.0854023941797154,0.0914337255271794,0.0977878191200862,0.104466193092876,0.111468578179996,0.118798074437768,0.12643864633629,0.134391011938439,0.14262551429115,0.151143688804397,0.159892475346581,0.168873435580334,0.178012024464192,0.187308994590802,0.196656894093564,0.206058052424482,0.215372255003891,0.22460155669294,0.233567893460019,0.242277925388573,0.250511188657714,0.258278606614547,0.265324838330503,0.271679302593155,0.277040787147937,0.28145465854418,0.284602994033265,0.286577886148219,0.287050417069411,0.286099688674616,0.283480622063639,0.279277718730853,0.273313055617097,0.265691938058059,0.256357325358182,0.245450003046742,0.233019748486919,0.219248438548741,0.204322589395219,0.188467676866203,0.171959812439863,0.155057556538447,0.138106149086085,0.121351233191693,0.105157346622961,0.0897286306231535,0.0753770889392758,0.0622120757970097,0.0504476408024776,0.040095592847608,0.031247352269675,0.0238059600111209,0.0177392974001415,0.0128854103764407,0.00912769303127771,0.00628230516630726,0.00420137532840739,0.00272010794776339,0.00170195103523237,0.00102814397175544,0.000597661927978313,0.000335412597324279,0.000179226915772325,9.29494631238315e-05,4.4851112575473e-05,2.13980676481451e-05,9.16313913268063e-06,4.05229517045983e-06,1.42959185681367e-06,6.03219539516597e-07,5.66223058758398e-08,0
8603464.41668451,0,1.96604906202018e-06,1.22928380180867e-07,2.2133295188045e-06,3.93896279151256e-07,2.50409989148395e-06,4.83802915690787e-07,3.0788987755835e-06,7.27755444386983e-07,3.27234884246193e-06,1.58136998504921e-06,3.19842548488542e-06,2.577363106695e-06,3.38337786205576e-06,3.43000677596823e-06,3.9141650655462e-06,4.2403460079476e-06,4.68926773706043e-06,5.14575000180195e-06,5.66097252996312e-06,6.22221802441006e-06,6.8399438100882e-06,7.51838285198481e-06,8.26311735410222e-06,9.08178442033592e-06,9.97960756683198e-06,1.09667351987114e-05,1.20496051571106e-05,1.32400095390145e-05,1.45449991409214e-05,1.5979859861431e-05,1.75524386800129e-05,1.92811959547828e-05,2.11766139649889e-05,2.32592163202364e-05,2.55425218809034e-05,2.80500331540902e-05,3.07998087843206e-05,3.38192198924175e-05,3.71304857531052e-05,4.07654083165896e-05,4.47513768474902e-05,4.91255683360505e-05,5.39221674469959e-05,5.91844976335339e-05,6.49546907939502e-05,7.12840586933333e-05,7.82247697949645e-05,8.58360315856601e-05,9.41816370899859e-05,0.000103330329060243,0.000113360903313972,0.000124353829627472,0.000136406336877306,0.000149611618657512,0.000164088185366597,0.000179942283319021,0.000197318828726429,0.000216341802333368,0.000237191117293866,0.000260011961988492,0.000285025673194506,0.000312396013055155,0.000342390830081855,0.000375196662494519,0.000411143701119623,0.000450450882308793,0.000493518904756771,0.000540584122084767,0.000592145900121731,0.000648491753191398,0.000710206663239989,0.000777591381029196,0.000851397587087989,0.000931946403965765,0.00102013338754975,0.00111637246279273,0.00122166139893916,0.00133657142772686,0.00146220155360446,0.00159927530432043,0.00174903340835036,0.00191239002129125,0.00209076344296907,0.00228528315237976,0.00249756283598842,0.0027289643657052,0.00298129081343332,0.0032562151821758,0.00355581348022696,0.00388213243760484,0.00423744836057978,0.00462422531764763,0.00504504022527863,0.00550292745866861,0.00600064085681274,0.00654180751100845,0.00712950103331393,0.00776814542115382,0.00846092830402081,0.00921319148227232,0.0100283573121731,0.0109128024670775,0.011869864223868,0.0129073420392143,0.01402898527187,0.0152444182429805,0.0165565692924304,0.0179765106538873,0.0195072866689317,0.0211626924823022,0.0229444314743374,0.0248688655412216,0.0269370390238714,0.0291679746025663,0.031560854380475,0.0341385445457177,0.0368984938690705,0.0398652713472943,0.0430367218383058,0.0464365932788965,0.0500658973958042,0.0539465044926591,0.0580781721387373,0.0624814311464354,0.067160233678093,0.0721320672390199,0.0773969623876078,0.082968334260598,0.0888489799518849,0.0950466552983387,0.101563062201275,0.10839621983108,0.115548451338882,0.12300565077443,0.130769272592102,0.138809040795908,0.147125605755626,0.155667941013733,0.164437809668377,0.173361125130872,0.182438194676734,0.191564749695346,0.200742980292023,0.209834396046511,0.218840477058231,0.227586979128358,0.23608039074401,0.244105414230171,0.251673167088288,0.25853118175579,0.264707155741298,0.269910174748358,0.274187479900743,0.27722352042051,0.279105773994105,0.27951860848253,0.278545101239769,0.275942018862675,0.271787471546712,0.265914805641562,0.25843447614554,0.249288339223828,0.238608570509345,0.226450946727483,0.212999915049974,0.19843542286209,0.182971507657598,0.166882575059944,0.15042535769241,0.133932950266536,0.117638761769759,0.101900213242425,0.0869167347947159,0.0729878221215705,0.0602165827733695,0.0488110097983401,0.0387804233699259,0.0302106254327796,0.0230071516135736,0.0171385041575429,0.0124452670423387,0.00881211667604548,0.0060619562782391,0.00405282918143347,0.00262396135216062,0.00164120709926154,0.000990443931745233,0.000575427102074981,0.000323158501820261,0.000172662906869722,8.93588621522652e-05,4.31006449625583e-05,2.06223214816183e-05,8.81230176481866e-06,3.86909885230346e-06,1.37981492042326e-06,5.876276993249e-07,4.92163106260234e-08,0
8804883.58164346,0,1.87786710263665e-06,1.17048316336517e-07,2.11297977636582e-06,3.77705016753406e-07,2.39157883471768e-06,4.60528109480101e-07,2.94195170581079e-06,6.95949450214615e-07,3.12312805141216e-06,1.51333241539952e-06,3.05313264095799e-06,2.46304744086697e-06,3.23157010893354e-06,3.27668230236233e-06,3.73916493947132e-06,4.05079427565723e-06,4.47981655682539e-06,4.91595792370447e-06,5.40829276586983e-06,5.94470856631658e-06,6.53488234019112e-06,7.18339062358026e-06,7.89500552003573e-06,8.67751044481236e-06,9.53557011863091e-06,1.04790615808526e-05,1.15141047796892e-05,1.26519813395397e-05,1.38994044140671e-05,1.5271048978267e-05,1.67744343288023e-05,1.84272261454051e-05,2.0239408238127e-05,2.22306738385969e-05,2.4413955567697e-05,2.68117116465869e-05,2.94412734148348e-05,3.23289165663382e-05,3.54959689125072e-05,3.89728106989286e-05,4.27856104869002e-05,4.69700003086411e-05,5.15588470788527e-05,5.65937389825884e-05,6.211499156378e-05,6.81717248573865e-05,7.48140985244439e-05,8.20989908882288e-05,9.00875260234683e-05,9.88456681200689e-05,0.000108449020985446,0.00011897470321334,0.000130516095553118,0.000143162980588892,0.000157029059263995,0.00017221605489759,0.00018886314828663,0.000207090065271577,0.000227069724008729,0.000248941470489909,0.000272917908837212,0.000299156950656293,0.000327916047135739,0.000359374771305007,0.00039385047550514,0.000431554442875119,0.00047287200484006,0.000518031671803732,0.000567514413982973,0.000621597574189005,0.000680842624540133,0.000745541090428162,0.000816419912362868,0.000893789912754609,0.000978508369510246,0.00107097674182909,0.00117216376856676,0.00128262351716379,0.00140340808713629,0.00153521645103846,0.00167925546144195,0.00183641297636944,0.00200805068548979,0.0021952580226065,0.00239960585835667,0.00262242313449626,0.0028654473270743,0.00313028863069766,0.00341896399373851,0.00373347042266688,0.00407601293990674,0.00444897147970638,0.00485485243328254,0.00529661392191224,0.00577693646045798,0.00629932694646939,0.00686676546027876,0.00748356325284077,0.00815286682067622,0.0088798677737387,0.00966785735103406,0.0105230048886645,0.0114486576632195,0.0124524708194032,0.0135380480478175,0.0147146411688151,0.0159852158629419,0.0173606899504439,0.0188440934670011,0.0204487102493327,0.0221761760696915,0.0240425412130471,0.0260491173632743,0.028214327360603,0.0305372870023041,0.0330403934666543,0.0357214003289183,0.0386040641717967,0.0416865721884652,0.044992363775398,0.0485220600603792,0.0522966731806147,0.0563168635088336,0.0606032606940009,0.0651588506837529,0.0699999678167867,0.0751275692210617,0.0805558207201954,0.0862871230937343,0.0923279672159752,0.0986798157521403,0.105341927400228,0.112317190960412,0.119590773420335,0.12716316391553,0.135005752047354,0.143119871004942,0.151454644220829,0.160010904718774,0.16871690174624,0.177573288051323,0.18647723384877,0.195430090517446,0.204296477918536,0.213078189782256,0.221604720819018,0.229881692262655,0.237697258354426,0.245062400775608,0.251732182907894,0.257734322453979,0.262781266502409,0.266918075859694,0.2698407687833,0.27163836214073,0.271998621186778,0.271000143985456,0.268411100814408,0.264313707638669,0.258543092429516,0.2512032197535,0.242243368354758,0.231798744267859,0.21992350240554,0.206793151279001,0.192586723211813,0.177517763897162,0.161853973569337,0.145840673368204,0.129802677501719,0.113968725441503,0.0986860361911243,0.0841448146535015,0.0706343856321532,0.0582531448938729,0.0472019734248768,0.0374889441574481,0.0291952791170871,0.0222265750406427,0.016550576588505,0.012013329610475,0.0085036737279478,0.00584893732933214,0.00390922670441075,0.00252917997998334,0.00158101659535231,0.000954392631274869,0.000554559898095478,0.000311032602074067,0.000165987084781888,8.59979468655867e-05,4.15024730160675e-05,1.98042371047744e-05,8.46531937378896e-06,3.73128290610802e-06,1.3178888703566e-06,5.57662225649972e-07,5.10200623335245e-08,0
9011018.25166502,0,1.79565329322606e-06,1.12348383257424e-07,2.02121167375348e-06,3.60124314032757e-07,2.28729840691519e-06,4.418140507826e-07,2.8121311052189e-06,6.65635569857999e-07,2.98841511343239e-06,1.44531964628034e-06,2.92151903897506e-06,2.35511742264748e-06,3.090661709499e-06,3.13421229594536e-06,3.57607838792053e-06,3.87445627895282e-06,4.28478626755252e-06,4.70194678731531e-06,5.1729526362674e-06,5.68602165523756e-06,6.25066129066594e-06,6.870920758536e-06,7.55176948913069e-06,8.300246943339e-06,9.12117304484759e-06,1.00237495672428e-05,1.10139677861525e-05,1.21025794971195e-05,1.32960331688868e-05,1.46083501373246e-05,1.60467604307697e-05,1.76281335076894e-05,1.93620712528749e-05,2.12674439182138e-05,2.33566699346239e-05,2.56512375573124e-05,2.81677148391516e-05,3.09312339704335e-05,3.39622426581512e-05,3.72899150475876e-05,4.09393830389295e-05,4.49447820277956e-05,4.93375572753207e-05,5.41575166016767e-05,5.94433914690857e-05,6.52423034846128e-05,7.16022399027347e-05,7.8577774269647e-05,8.62276747050166e-05,9.46151693640933e-05,0.000103812694866367,0.000113894357313058,0.000124949842984498,0.0001370652685223,0.000150349709532358,0.00016490096261638,0.000180852695812495,0.000198319928113887,0.000217468644555621,0.000238432827649109,0.000261416662251187,0.000286571942377157,0.000314146006829145,0.000344312191464445,0.000377375323474609,0.000413538119655067,0.000453171624916696,0.000496497647360102,0.000543977268885835,0.00059587597391917,0.000652736033612483,0.000714841779966988,0.000782889595867451,0.000857178324378253,0.000938536889262802,0.00102735616231023,0.00112456398335221,0.00123069334434913,0.00134676469500707,0.0014734586829892,0.00161193388553571,0.00176304382127801,0.00192810913630075,0.00210819370940311,0.00230481053767299,0.00251923390521355,0.0027531475461117,0.00300812638266425,0.00328612513127321,0.00358906662321199,0.00391908299209003,0.00427849213209691,0.00466973756712686,0.00509568438162575,0.00555892512660157,0.00606286352933125,0.00661041870741103,0.00720578104727612,0.00785199417397162,0.0085540851894609,0.00931530234476208,0.0101416706548835,0.0110364350219812,0.0120069831481113,0.0130568955463084,0.0141952289860003,0.0154248896624545,0.0167564288451286,0.018192829314674,0.01974703981344,0.0214208609830286,0.023229943373112,0.0251754230036009,0.0272751181922558,0.0295285707931259,0.0319577578015132,0.0345604030553535,0.0373594291816034,0.0403531615846663,0.043564736935925,0.0469952905559624,0.050665002032919,0.0545738904213719,0.0587424245376756,0.063174502124986,0.0678860390852149,0.0728772958453448,0.078161980283209,0.0837427507674452,0.0896264600719764,0.0958148318027076,0.102306621570053,0.109104055730142,0.11619326128937,0.123575214113306,0.131221336295586,0.139132496861077,0.147259515906741,0.155603071917921,0.164092338436837,0.172727839107442,0.181409466807662,0.190138268407939,0.198781354472164,0.207340052076508,0.215647252653623,0.223708411252165,0.23131730663848,0.238484985727195,0.244969503204924,0.25079685994208,0.255689670117031,0.259694832916885,0.262511021554501,0.264222471114725,0.264530252157653,0.263516136281922,0.260950314713487,0.256909740440667,0.251239652080912,0.244046426594858,0.235280374273656,0.225071203072872,0.213474958461314,0.200665742848707,0.186820528016025,0.172145526690256,0.156901469623101,0.141327609764939,0.125741418834106,0.110363245882607,0.0955293825270805,0.0814235520260983,0.068325455767497,0.056328289837279,0.0456260909322213,0.0362250392140182,0.0282011180516576,0.0214616685167479,0.0159755181091798,0.0115926660439552,0.00820352595170099,0.00564049027657466,0.00376841448935951,0.00243722721628989,0.00152310370376655,0.0009192578008785,0.00053397337212167,0.000299272091208939,0.000159597854277786,8.27313558854783e-05,3.99523614649931e-05,1.9016948700274e-05,8.10398228727574e-06,3.59053127699095e-06,1.27716962360167e-06,5.30048280060641e-07,4.55172314552198e-08,0
9221978.82333432,0,1.71370809027941e-06,1.073136469782e-07,1.92896683163542e-06,3.43913259984774e-07,2.1830155512645e-06,4.21948527158681e-07,2.68398353516713e-06,6.35939786827428e-07,2.85209518634225e-06,1.38053476261994e-06,2.78849298494959e-06,2.24889494685743e-06,2.95059858859631e-06,2.99263198672887e-06,3.41451291868916e-06,3.69959469311032e-06,4.09157058596068e-06,4.49009106750989e-06,4.94005786687128e-06,5.43030313969482e-06,5.96977959038898e-06,6.56247547836537e-06,7.21310644698698e-06,7.92838384224363e-06,8.71295678171948e-06,9.57561342500557e-06,1.0522078741142e-05,1.15626720003728e-05,1.27035546719091e-05,1.39581296921755e-05,1.53333337772707e-05,1.68453551933614e-05,1.85033610643451e-05,2.03253380319572e-05,2.23232193548684e-05,2.4517645937454e-05,2.69244710193082e-05,2.95677240143428e-05,3.24670283883072e-05,3.56503653121501e-05,3.91418023189785e-05,4.29739997828045e-05,4.71771143442856e-05,5.17893261376592e-05,5.6847716594539e-05,6.2397485886308e-05,6.84847778813081e-05,7.51619388168903e-05,8.24852441682612e-05,9.05152822159195e-05,9.93215677228002e-05,0.000108975370047155,0.000119562706391645,0.000131166023510614,0.000143890047164065,0.000157828935874105,0.000173110953120718,0.000189846475502798,0.000208194891865956,0.000228285102818891,0.000250313331778821,0.000274425937139615,0.00030086042467269,0.000329782793194522,0.000361485937399916,0.000396166533684517,0.000434181027392122,0.000475741464114959,0.000521291919559849,0.000571090972141124,0.000625658940140935,0.000685267842216021,0.000750588943650945,0.000821913952912675,0.000900039057865604,0.00098534028253063,0.00107871424912552,0.00118067893944374,0.00129221263318179,0.00141397016993423,0.00154707587627183,0.00169236130009544,0.00185109446884254,0.00202429402710847,0.00221342772427174,0.00241974707607295,0.00264488091113133,0.00289033188016416,0.00315798073780823,0.00344971306027268,0.00376762018365986,0.00411392995125624,0.00449097228127971,0.00490153768291234,0.00534820154060265,0.00583425745470259,0.00636246850936261,0.00693690140404393,0.00756062329455283,0.00823852556772018,0.00897365388544881,0.00977182029727651,0.0106363365290047,0.011574441455741,0.0125895288563823,0.0136903059706388,0.0148797022907169,0.0161680853035316,0.0175584796532084,0.0190633522685516,0.0206842584918036,0.0224364930374953,0.0243217596765252,0.0263574096613126,0.0285423954888022,0.0308979031682553,0.0334226182799233,0.0361392746058658,0.0390457531268681,0.0421639111841225,0.0454952620113057,0.0490604457366813,0.0528595816350261,0.0569115984677953,0.0612202979530938,0.06580220407904,0.070657539622077,0.0757991255853009,0.0812300401455951,0.0869571777260264,0.092981507812271,0.0993021063554505,0.105921936103072,0.112827091004397,0.120017795487442,0.127466502672389,0.135174381604527,0.143093140279156,0.151222855732976,0.159494343891979,0.167908465126151,0.176367326256895,0.184871036070869,0.193289258937001,0.201623677700359,0.209711678068141,0.217557987903963,0.224959301803309,0.231926375015406,0.238225333331785,0.243882147863233,0.248622721614758,0.252491964771604,0.255200290011082,0.256832751612128,0.257093356680194,0.25606040515762,0.253516394702359,0.249539880977316,0.243977339125996,0.236931482093005,0.228358742309177,0.218388197922156,0.20707634887284,0.194591631035872,0.181106648530881,0.166824435969258,0.152001747506205,0.136868222096999,0.121731439077478,0.106806316549897,0.0924190366293484,0.0787445241388841,0.0660539242330556,0.0544376258713411,0.044080500120856,0.0349848457342578,0.0272251884166469,0.0207128460951416,0.0154142796289064,0.0111813078525637,0.00790872717808689,0.00543605104401641,0.00363136846106628,0.0023481398374084,0.00146674744934401,0.000884691670404206,0.000513602914982313,0.000287897909703497,0.000153672030222862,7.95798174881254e-05,3.82749467929474e-05,1.8248713452457e-05,7.8487968123715e-06,3.44607512561258e-06,1.1983092845119e-06,5.14122279953506e-07,4.99593454578131e-08,0
9437878.27777539,0,1.63734720942033e-06,1.02424449528896e-07,1.84323737558016e-06,3.28511260476651e-07,2.08546879854008e-06,4.03314391736603e-07,2.56436311772537e-06,6.07029505102396e-07,2.7255442041689e-06,1.31801541738162e-06,2.66467367703175e-06,2.14791980454614e-06,2.81899046855039e-06,2.85877588454896e-06,3.26189087596069e-06,3.53420077133488e-06,3.90862288544092e-06,4.28933574300828e-06,4.71921357464734e-06,5.18751332469605e-06,5.70293630242004e-06,6.26918471502186e-06,6.89079916200887e-06,7.57422542167595e-06,8.32386548752394e-06,9.14815947580929e-06,1.0052597774849e-05,1.10470003251062e-05,1.21372769486967e-05,1.33362633089132e-05,1.46506226594622e-05,1.60957953890548e-05,1.76805586006e-05,1.94221848287496e-05,2.13321247002971e-05,2.34300607983159e-05,2.57311513685152e-05,2.82584225471822e-05,3.10306413880579e-05,3.40745631357643e-05,3.74132909983696e-05,4.10781777704739e-05,4.509809176011e-05,4.95095046147653e-05,5.43479663318451e-05,5.96568885371657e-05,6.54804906208868e-05,7.18688577583608e-05,7.88758460854248e-05,8.65595797066478e-05,9.49868798209893e-05,0.000104226229780284,0.000114360072624514,0.000125467393018423,0.000137648654239162,0.000150994556694103,0.000165628249198214,0.000181655268483343,0.000199228281549455,0.000218471523429364,0.000239573626292303,0.00026267510450586,0.000288004036211621,0.000315720827469442,0.00034610661843162,0.000379349438747072,0.000415791436478023,0.00045563824471596,0.000499317227252137,0.000547076830932523,0.000599416432045896,0.000656600105135339,0.000719274646861943,0.000787720432772261,0.000862700583075316,0.000944579602904749,0.0010342244467627,0.00113213650269472,0.00123925497355916,0.00135621038118242,0.00148408946974207,0.00162369992979384,0.00177626360614618,0.00194276395008446,0.00212461886759716,0.00232303494353351,0.00253958437406454,0.002775728259215,0.0030332921120368,0.00331409463037587,0.00362014845292993,0.00395362040828806,0.0043167923719646,0.0047123546061603,0.00514276812095438,0.00561123786136075,0.00612050372146838,0.0066745035514099,0.00727616307087332,0.00793022137092112,0.0086397014019135,0.00941024823812026,0.0102450667899247,0.0111511790257885,0.0121319218859601,0.01319575435333,0.0143455841734439,0.0155914646888817,0.0169363187062002,0.018392282922846,0.0199611014806393,0.0216575828796478,0.0234831653846244,0.0254547623393947,0.0275719417414723,0.0298553424039276,0.0323031163426854,0.0349371267802933,0.0377562950967442,0.0407824382743132,0.0440161596522655,0.047476839724122,0.0511657301557581,0.0551021141052085,0.0592887125612905,0.0637410157502921,0.0684603986952746,0.0734598887860814,0.0787415310285323,0.0843118487465142,0.0901725837077305,0.0963229293183396,0.102765336281982,0.109486308075029,0.116486102906306,0.12373791747665,0.131242881434864,0.138953455044152,0.146869399795543,0.154923719684099,0.163117167764696,0.171353395509798,0.179632247377716,0.187826851206428,0.195938589345322,0.203807988982981,0.211439375651243,0.218634682326492,0.225404732367321,0.231520688368356,0.237007315952359,0.241597496609823,0.245336377760992,0.247941424311704,0.24949508184971,0.249710361546903,0.248665970122367,0.246149460623422,0.242236839302953,0.236782725701788,0.229889630715881,0.221514716398279,0.211783691839349,0.200755410689675,0.18859513471856,0.175471725303037,0.161581706380026,0.147176340045563,0.132479055480539,0.117788303713432,0.103311230416379,0.0893643419053635,0.0761160423120467,0.0638279844446239,0.0525852590646991,0.0425657491567226,0.0337717295465314,0.0262736199609591,0.0199822455217807,0.014864725657499,0.0107792908020159,0.00762288496624816,0.00523816138491402,0.00349760394870134,0.00226076091659191,0.00141182169557431,0.000851362965960824,0.0004941609479893,0.000276923275590563,0.000147641262711453,7.64084471898548e-05,3.68351002391091e-05,1.75615413430503e-05,7.49858706188908e-06,3.30045199575575e-06,1.1669764772174e-06,4.90835743792064e-07,4.34402828784379e-08,0
9658832.24115871,0,1.56358119477467e-06,9.73515342614016e-08,1.75881554339291e-06,3.15223902445533e-07,1.99134238336645e-06,3.82953695811918e-07,2.4502571415655e-06,5.79928258637675e-07,2.60030557701258e-06,1.26101591802568e-06,2.54288919107656e-06,2.05145482415537e-06,2.69246108645932e-06,2.72926636702466e-06,3.11580077780048e-06,3.37484162149003e-06,3.73319486273559e-06,4.0966993691533e-06,4.50746056740577e-06,4.95500873503354e-06,5.4473941640443e-06,5.98859514460275e-06,6.58250415957077e-06,7.23569669277371e-06,7.95201813197459e-06,8.73985090147641e-06,9.60418950839566e-06,1.05546210389137e-05,1.15966659139564e-05,1.27427236059621e-05,1.39990714360143e-05,1.53805044942153e-05,1.6895418967806e-05,1.85604259622432e-05,2.03864177410539e-05,2.23922058708696e-05,2.45923118009833e-05,2.70088675060204e-05,2.96598638516186e-05,3.25708788325454e-05,3.57639966582213e-05,3.92692554822652e-05,4.31143222737532e-05,4.73341713749565e-05,5.19628752035039e-05,5.70419806225363e-05,6.26138477396133e-05,6.8726503299929e-05,7.54316128260934e-05,8.27849335996552e-05,9.08504146487624e-05,9.96935041809488e-05,0.000109393260896501,0.000120025747449748,0.000131687329158542,0.000144464744202648,0.000158476156534262,0.000173823311965545,0.000190652699458578,0.000209083362901962,0.000229296207843738,0.000251426359826729,0.00027569288179349,0.000302250110523927,0.000331368195028557,0.000363228524441203,0.000398159793939725,0.00043635966784,0.000478238488221273,0.000524036586436164,0.000574234165798465,0.000629084750568027,0.000689210336109651,0.000754883884618038,0.000826839806174221,0.000905430258454101,0.000991486802913809,0.0010854926740357,0.00118835722382379,0.00130069304073662,0.00142354179741178,0.00155767900970609,0.00170428877660194,0.00186432711761426,0.00203915898780321,0.0022299465029944,0.0024382097308405,0.00266536683773629,0.00291318487886742,0.00318341814367424,0.00347801151416099,0.00379906364523287,0.00414878338195944,0.00452977661749477,0.00494444102302988,0.00539588340816881,0.00588674732660531,0.00642083275363648,0.0070010002120867,0.00763186757397779,0.00831637941675467,0.0090599911760515,0.00986582560369131,0.0107406978799002,0.0116878767636299,0.0127155743387149,0.0138266619293103,0.0150308775265412,0.0163310874753132,0.0177391094916281,0.0192567122582559,0.0208982504808493,0.0226652343611923,0.0245741042088115,0.0266244391857267,0.0288362589436098,0.0312080275036791,0.0337611135319092,0.0364944058011647,0.0394288708872346,0.0425654117601326,0.0459232963678653,0.0495036650501429,0.053324908423769,0.0573898297421443,0.0617140208617396,0.06629900564803,0.071157058155607,0.0762899186283939,0.0817044641942137,0.0874029313835154,0.0933842583198389,0.0996501532052164,0.106187720598934,0.112997685584248,0.120053793844497,0.127356656334606,0.134860186733317,0.142564174546343,0.150402689287541,0.158376034900008,0.166390603286659,0.174446556780308,0.182419645276133,0.190310084391518,0.197962102199827,0.205380987859096,0.21237353673754,0.218948727156109,0.224883008115698,0.230202101178355,0.234645749231591,0.238257529966698,0.240761772613178,0.242239691776489,0.242413345116463,0.2413600106731,0.23887314934068,0.235028044114004,0.229684957032417,0.222944740378295,0.214768172785327,0.205278370481796,0.194533971857276,0.182696023056934,0.169931364699591,0.156431211974841,0.142439385783505,0.128172906265905,0.113922742971485,0.099887963931241,0.0863744065424239,0.0735449808622041,0.0616523150442008,0.0507764151285145,0.0410884892874533,0.032589576103137,0.025346256423128,0.0192712212531354,0.0143316515258903,0.0103897040389952,0.00734526084872986,0.00504600645728949,0.00336831771711178,0.00217652220899205,0.00135883916563187,0.000819232088217164,0.000475354281690792,0.000266288566200121,0.000141955449804607,7.34456131156039e-05,3.53753944369407e-05,1.68671728986508e-05,7.21075478589449e-06,3.1657514030248e-06,1.11685629075911e-06,4.73411364900524e-07,4.1226115239362e-08,0
9884959.04662559,0,1.4946943810505e-06,9.34846709765489e-08,1.68249532720639e-06,3.00031145119681e-07,1.90388448006386e-06,3.67894415925467e-07,2.34115679256993e-06,5.54445762038309e-07,2.4876356729658e-06,1.20400713117488e-06,2.43219817824524e-06,1.96147764387191e-06,2.57353199821894e-06,2.6103989280536e-06,2.97827504968972e-06,3.22717483501061e-06,3.5691524607078e-06,3.91694719866238e-06,4.30967200481538e-06,4.73755359232094e-06,5.20846641121552e-06,5.72587499217211e-06,6.29390465433607e-06,6.91843822415489e-06,7.60354109465324e-06,8.3569003289406e-06,9.18354412314191e-06,1.00924836446527e-05,1.10891303883963e-05,1.21852420712825e-05,1.33869046701769e-05,1.47082558118652e-05,1.61573750002504e-05,1.77500674088797e-05,1.9496796338264e-05,2.14155940726396e-05,2.35204225106995e-05,2.58324212818283e-05,2.83687953520071e-05,3.1154053039167e-05,3.42093855143085e-05,3.75635195448781e-05,4.12429477452697e-05,4.52812133471445e-05,4.97109721379687e-05,5.45720023897103e-05,5.99049208152853e-05,6.57557735083671e-05,7.21740618754272e-05,7.92132153398276e-05,8.69345527488887e-05,9.54009234670759e-05,0.000104688228104491,0.000114869371054511,0.000126036560196065,0.000138272917918089,0.000151691978074969,0.000166391696459379,0.000182512570422576,0.000200168562237046,0.000219533213628192,0.000240736981981451,0.000263990456563844,0.000289441150401873,0.0003173474150098,0.000347884688719896,0.000381370507353712,0.000417994407334399,0.00045814772592548,0.000502062551092267,0.000550203714192911,0.00060281513520332,0.000660490848072358,0.000723495624836392,0.000792538315282518,0.000867957068586417,0.000950551265818231,0.00104079067076645,0.00113954849546044,0.00124741158618127,0.00136538611805956,0.00149422680945239,0.00163507417444491,0.00178884374646048,0.00195684822428238,0.00214022142200209,0.00234044506022425,0.00255888155327913,0.00279720988269017,0.0030571233086193,0.00334054319333581,0.00364952204473337,0.00398615287333174,0.00435292056781782,0.0047522018128517,0.00518705156550735,0.00565997458408517,0.00617460102447912,0.00673377845161384,0.00734202404897365,0.00800213868774864,0.00871938201094711,0.00949686450637373,0.0103412001623798,0.0112555254296165,0.0122477983920353,0.0133208893827521,0.0144842464942821,0.0157407029740805,0.0171017607884788,0.0185690981120809,0.0201564587852642,0.021865607347842,0.0237129612311815,0.025697893184131,0.0278389858730844,0.0301351232661393,0.0326083976063174,0.0352578075439558,0.038101940571409,0.0411413961310838,0.0443971218528255,0.0478710690884291,0.0515787930167327,0.055522221534281,0.0597189041712012,0.0641711007139135,0.0688887723684363,0.0738732382107907,0.0791329077836417,0.0846702786007762,0.0904830378905482,0.0965724839532913,0.102927133834266,0.109548287939208,0.116409437430142,0.123510447775979,0.130807055358122,0.138299389849453,0.145922651133947,0.153676921922543,0.161471301260066,0.169305380881424,0.177057111862135,0.184726943075017,0.192164117102255,0.199373474975573,0.206164705914583,0.212545828552475,0.218300886551497,0.223456875526257,0.227758265024092,0.231244149499478,0.233648702353342,0.235056845736472,0.235195225350469,0.234134087771412,0.231677806732008,0.227906004339487,0.222679703559084,0.216093195327518,0.208115132626113,0.198869518667069,0.188410823568375,0.176893834983002,0.164485436456016,0.151373024040556,0.137792178522597,0.123951667031331,0.110135479945293,0.0965365762992526,0.0834502465774979,0.0710323707649956,0.0595272568845061,0.0490105639775911,0.0396465607726294,0.0314361735027779,0.0244424163049108,0.0185782107754336,0.0138114721995046,0.0100098618170846,0.00707520793244148,0.00485899853153547,0.0032420910265036,0.00209425539889744,0.00130733349780555,0.000788147865280256,0.000457075530459015,0.000255815662896441,0.000136352359265462,7.06020161941775e-05,3.39942504064577e-05,1.61863784267114e-05,6.91367047008313e-06,3.03021968521252e-06,1.07407187836367e-06,4.58793148336685e-07,3.82693489077228e-08,0
10116379.7976621,0,1.4269952884296e-06,8.93313240072684e-08,1.60638278126847e-06,2.86584687064097e-07,1.81762261758268e-06,3.51798417478937e-07,2.23514182367447e-06,5.29638337048377e-07,2.37572591421412e-06,1.14955810992834e-06,2.32313732452583e-06,1.87294906536938e-06,2.45837458017821e-06,2.49284100943935e-06,2.84496213479293e-06,3.08237839062783e-06,3.40924992804354e-06,3.74160265261951e-06,4.11678494240372e-06,4.52567805686858e-06,4.97565188271424e-06,5.4700669683159e-06,6.01286298323022e-06,6.60969995492676e-06,7.26439916871203e-06,7.98439869056294e-06,8.77443815866162e-06,9.6431334629891e-06,1.05956835242844e-05,1.16433355765155e-05,1.2791905276508e-05,1.40549071642211e-05,1.54400886286069e-05,1.6962606317024e-05,1.8632450004696e-05,2.04668325505611e-05,2.24791278281146e-05,2.46896003862695e-05,2.71147268404995e-05,2.97779286046463e-05,3.26994670596923e-05,3.59068743244741e-05,3.94255864795375e-05,4.32877240822781e-05,4.75245262705655e-05,5.21740665047024e-05,5.72752554833254e-05,6.28722447332723e-05,6.90125146902746e-05,7.57473148814558e-05,8.31354052105405e-05,9.12369370862351e-05,0.000100124603120949,0.000109868406187593,0.000120556901665797,0.000132269966286304,0.000145116322609109,0.000159189743591675,0.000174625121452972,0.00019153232741248,0.000210077917988079,0.000230386619036185,0.000252659960214228,0.00027704073414284,0.000303778278674367,0.000333040390889622,0.000365129838535607,0.000400230345007969,0.000438720514669081,0.000480822408885761,0.00052697951080677,0.000577428770771802,0.000632743563159015,0.000693177975306158,0.000759411312592518,0.000831772246846851,0.00091103039704116,0.000997636249181756,0.00109243158302351,0.00119598710243227,0.00130926960328672,0.00143300094395036,0.00156828124594076,0.00171600371765868,0.00187743784497068,0.00205366706675085,0.00224610750821077,0.00245608352149056,0.00268524510880262,0.00293523487366903,0.0032078710595863,0.00350511119402468,0.00382902638148312,0.00418206667309406,0.00456648019699557,0.00498515704201416,0.00544059093161077,0.00593637742625565,0.00647521227678325,0.00706138361920063,0.00769769021508391,0.00838929834309454,0.00913915765840579,0.00995361703339427,0.0108358297639935,0.0117935646813791,0.012829562952059,0.0139529310719336,0.0151664816628554,0.0164813566857383,0.0178993318587931,0.0194339176573364,0.0210866663897888,0.022873028268001,0.0247927986933461,0.0268648964425772,0.0290881041296133,0.0314824652431946,0.0340470197040595,0.0368017702416713,0.0397480165736507,0.0429037885654076,0.0462699068759263,0.0498641481494776,0.053690005300648,0.0577619841197419,0.0620806571354044,0.0666581208005197,0.0714974599334705,0.0766050636626346,0.081981642442656,0.0876263113865365,0.0935419738997865,0.0997165461781917,0.106149880215542,0.112817047371737,0.119718669280814,0.126810478481957,0.134092200913961,0.141502006818963,0.149039636203279,0.156614999932405,0.164227717298213,0.171759984808698,0.179212048615957,0.18643575976761,0.19343515296666,0.200025928116434,0.206216865061304,0.211795778088685,0.216787655813196,0.220946060630128,0.224311053647814,0.22662101389494,0.227957392387796,0.22805911195559,0.226996797011258,0.224575773241317,0.220873483266537,0.215762599065492,0.209336031317578,0.201558809066354,0.192551706856966,0.182374934376688,0.171180793494889,0.159128520950855,0.146397795021253,0.133221300367614,0.119803964957478,0.106419065913075,0.0932492461123502,0.0805815554200125,0.0685689582305592,0.0574465403537356,0.0472835065936238,0.0382373289487938,0.0303088543136641,0.023558722041885,0.0179020522737601,0.0133058140201202,0.00964038879797076,0.00681134109500243,0.00467649179037366,0.00312015382986276,0.00201535592919573,0.00125737984757345,0.000757318428511581,0.000439145204021176,0.000246065518646594,0.000131131663066461,6.77093277626047e-05,3.25679708101321e-05,1.55567977647432e-05,6.66185854589855e-06,2.91410966815396e-06,1.01932538716921e-06,4.305629346027e-07,3.99738439302015e-08,0
10353218.4329566,0,1.36088147706067e-06,8.53023955368069e-08,1.53171736143864e-06,2.74041718572627e-07,1.73351347507244e-06,3.35641367913531e-07,2.13202820998618e-06,5.06607056744772e-07,2.26476469627256e-06,1.09902136413921e-06,2.215191225814e-06,1.78845654497695e-06,2.34543758681729e-06,2.37967749577094e-06,2.71501174141867e-06,2.94233851273821e-06,3.2542636681931e-06,3.57169565645885e-06,3.93013001334516e-06,4.32061091186318e-06,4.7504681184305e-06,5.22282919095013e-06,5.74134239331027e-06,6.31158022665536e-06,6.93711476822993e-06,7.62504659316889e-06,8.37994137997417e-06,9.21004007505875e-06,1.01203647308185e-05,1.11216293262089e-05,1.22193779855357e-05,1.34265481197524e-05,1.47505571047437e-05,1.62058650123164e-05,1.78020485927993e-05,1.95556704258394e-05,2.14795525812741e-05,2.35930017780596e-05,2.59117431288391e-05,2.84582298249477e-05,3.12519369611159e-05,3.43192331387535e-05,3.76844284450864e-05,4.13782686852912e-05,4.54307507018796e-05,4.98783733739497e-05,5.47582649774925e-05,6.01126390737099e-05,6.59871708909515e-05,7.24310779530679e-05,7.95005311763306e-05,8.72531678064934e-05,9.5758748500885e-05,0.000105084326070836,0.000115314688690906,0.000126526503476463,0.00013882419823942,0.000152297897521475,0.000167076762017825,0.000183265996287926,0.000201025509711835,0.000220475496189162,0.000241809234883394,0.000265163299582711,0.000290776797596835,0.000318811900011583,0.000349559604512561,0.000383196036796879,0.000420084273363942,0.000460438411453378,0.000504684477023148,0.000553050855016698,0.000606088440502989,0.000664042670281962,0.000727566052137124,0.000796975333031019,0.000873010577585375,0.000956106107855327,0.0010470707717398,0.00114645589930428,0.00125519466130703,0.00137398457975241,0.00150388214905934,0.00164574522403131,0.00180079912877502,0.00197009507215362,0.00215499990466824,0.00235678935685559,0.00257705379317837,0.00281738096659544,0.00307953393282029,0.00336540659417192,0.00367698778646361,0.00401663598558051,0.00438655133499835,0.00478955056312728,0.00522802137960011,0.00570541026210322,0.00622436407958694,0.00678906046648015,0.00740218279398156,0.00806871076755959,0.00879157319500121,0.00957693885570016,0.0104278163571162,0.011351697752534,0.012351341045952,0.013435606590478,0.0146072041935082,0.0158768959949568,0.0172464867788751,0.0187290876241607,0.0203262813615984,0.0220530450889683,0.0239092095001181,0.0259130807380343,0.0280636234301497,0.0303804515390195,0.0328627712363889,0.0355296938433219,0.0383823552650131,0.0414387098801738,0.0447000749201377,0.0481832841820003,0.0518911930298696,0.0558384604180543,0.0600265535797423,0.0644667524180529,0.0691609730435529,0.074115909422086,0.0793336063056801,0.0848130845415942,0.090555887692897,0.0965501820257333,0.10279673353132,0.109271435756951,0.115974379450446,0.122862604180654,0.129935643844001,0.137132728332159,0.144453807694999,0.15181180304984,0.159205836681199,0.166520594321427,0.173756133636866,0.180767855110212,0.187559786891822,0.19395339034228,0.199956906105747,0.20536218055262,0.21019280531215,0.21421105481747,0.217458240884526,0.219678157055671,0.220947113263396,0.221013379166421,0.21995077814924,0.217570213239164,0.213943119238324,0.208947305461713,0.202677731538611,0.195103288693638,0.186339932467512,0.176445770485997,0.165568901880018,0.153867972140859,0.141518973779053,0.128744959823923,0.11574232387757,0.102779497693031,0.0900338784181776,0.0777806603709376,0.0661657352641925,0.0554161942648255,0.0455982251078409,0.0368641100782632,0.0292130900208395,0.0227006061365178,0.0172441512323481,0.0128133755308631,0.00928198795024566,0.0065561465715302,0.00449937807095766,0.00300131660598431,0.00193841480877484,0.00120892375740315,0.000727907354365513,0.000422071284144313,0.000236364328217051,0.00012588608059564,6.50617821494305e-05,3.12815411794067e-05,1.48896442767163e-05,6.39352176666972e-06,2.81364221227819e-06,9.69896618082769e-07,4.06721417782329e-07,4.15501832610704e-08,0
10595601.7927761,0,1.30090151809523e-06,8.15775432551774e-08,1.4643290644841e-06,2.61395855324638e-07,1.6572677368277e-06,3.20872566746669e-07,2.03758525171267e-06,4.83684415905719e-07,2.16573542124092e-06,1.04869739283703e-06,2.11841441917339e-06,1.70820110869225e-06,2.24195917806172e-06,2.27370945862029e-06,2.59478542943984e-06,2.81154317760944e-06,3.10983795018408e-06,3.41308933448678e-06,3.7555778137319e-06,4.12875733376616e-06,4.5395080084309e-06,4.99085523081672e-06,5.48638452430372e-06,6.03129195026647e-06,6.62906761688935e-06,7.28647714563814e-06,8.0079123490535e-06,8.80126463847935e-06,9.67127289679439e-06,1.0628189786503e-05,1.1677349980716e-05,1.28311397217658e-05,1.40966573403062e-05,1.54877154905138e-05,1.70135087013588e-05,1.86898656814499e-05,2.0529006709302e-05,2.25493937322977e-05,2.47661390462461e-05,2.72007886914969e-05,2.98719365225442e-05,3.2804775212157e-05,3.60226288647216e-05,3.95549528255527e-05,4.34304151138627e-05,4.76839042996374e-05,5.23510546307112e-05,5.74724046216141e-05,6.30915991487362e-05,6.92556989516705e-05,7.60186798798005e-05,8.34358301702023e-05,9.15738206279456e-05,0.000100496992490634,0.000110286809639126,0.000121016679832138,0.000132786376339939,0.000145682369728565,0.000159828909951113,0.000175327170509884,0.000192330038763867,0.000210952517722559,0.000231380256264464,0.000253745217696122,0.000278276993835707,0.000305130718986207,0.000334584829657975,0.000366808912879189,0.000402152348585266,0.000440821654556778,0.000483225205737164,0.000529582471290513,0.000580422301552944,0.000635981355938733,0.000696886851911704,0.000763444837842361,0.000836365406570971,0.000916066665728901,0.00100332818938293,0.00109868197340507,0.00120302356521428,0.00131702423865722,0.00144170330418637,0.00157789103695723,0.00172676766510977,0.00188934479120442,0.00206694089169896,0.00226079008612153,0.00247242575791207,0.00270337542555631,0.00295533812309454,0.00323015072634209,0.00352975006715003,0.00385641199517034,0.00421224229523185,0.00459996043368092,0.00502190521615256,0.00548140841844536,0.00598100696203691,0.00652474951434415,0.00711528678243551,0.00775742292679293,0.00845395045684525,0.00921084721721152,0.0100311051500431,0.0109219591378217,0.0118860596181386,0.0129320142592268,0.0140625237706069,0.0152879782150275,0.0166101593164701,0.0180417925175604,0.0195844665306705,0.0212526798125439,0.0230463795458094,0.0249833283609579,0.0270625325908824,0.0293029383603924,0.031703967508849,0.034284340820089,0.0370451886083025,0.0400036846656771,0.0431611628057746,0.0465343978439298,0.0501262939359802,0.0539506692445664,0.0580089530060797,0.0623127099184541,0.0668639355844858,0.0716685294707934,0.0767283561875864,0.0820431769739927,0.0876147440607164,0.0934310756697646,0.0994925737374689,0.105776042901638,0.112281671428061,0.118967672461523,0.125833572716307,0.132820051970074,0.139926569603287,0.147068412598285,0.15424493003605,0.161343816863676,0.168364636673325,0.175166675060908,0.18175382741639,0.187951682728793,0.193768092084198,0.199001987452929,0.203676777330538,0.207558805545487,0.210687631948815,0.21281775883456,0.214025390144634,0.214062759256677,0.213000229630368,0.210658919283463,0.207111318453876,0.202236644027244,0.196125270767457,0.188751317908895,0.180231055649359,0.170620624401454,0.160060703895248,0.148707315226243,0.136734591694467,0.124359547160486,0.11176857751949,0.0992210454598552,0.0868908400878654,0.0750445746146546,0.0638200112361387,0.0534359744837804,0.0439563485905638,0.0355264877113716,0.0281447291686241,0.0218651174180559,0.0166058618475465,0.0123349625066095,0.00893201981571081,0.00630803159605643,0.00432915245562703,0.00288686349245661,0.00186328737371748,0.00116158299250423,0.000699548342111838,0.0004058378560038,0.000227155828305108,0.000120648505281647,6.23135549314483e-05,3.01776455922782e-05,1.43812644306961e-05,6.03458903147866e-06,2.65899454382156e-06,9.83511449124523e-07,3.9745512225148e-07,2.20379834715619e-08,0
10843659.6868961,0,1.24251637362496e-06,7.79030639295137e-08,1.39828436783003e-06,2.50418783019872e-07,1.58274942699096e-06,3.06331689215486e-07,1.94677843465323e-06,4.62658990380742e-07,2.06757595569798e-06,1.00407329231138e-06,2.0221200001419e-06,1.63352201046723e-06,2.14144462750169e-06,2.17303902131272e-06,2.47924437569381e-06,2.68678456005946e-06,2.97173672111682e-06,3.26165485159025e-06,3.58898530211017e-06,3.9457005018452e-06,4.33825678127612e-06,4.7696931912965e-06,5.24329632313556e-06,5.76414456717978e-06,6.33552701176613e-06,6.96392618460421e-06,7.65350457786474e-06,8.41182962431668e-06,9.24342670764171e-06,1.01581375647296e-05,1.11610285336298e-05,1.22639402937794e-05,1.34736672027101e-05,1.48034562070353e-05,1.62620937127662e-05,1.78646775904248e-05,1.96229169130216e-05,2.15545304867196e-05,2.36739716807638e-05,2.60018239017982e-05,2.85559209828179e-05,3.13603634941348e-05,3.44374149068641e-05,3.78152651934511e-05,4.15214295984456e-05,4.55893755177462e-05,5.00532626716493e-05,5.49518882446992e-05,6.03269930182332e-05,6.62235933205885e-05,7.26933805241162e-05,7.97894569732374e-05,8.75758593148579e-05,9.61141608481253e-05,0.000105482191054311,0.000115750475714652,0.000127014968689516,0.000139358390465839,0.000152899346023311,0.000167735212317553,0.000184013201434704,0.000201843560318087,0.000221403586946956,0.000242819597931543,0.000266312187990226,0.000292031107504993,0.000320243394435701,0.000351111864378322,0.000384971800958743,0.000422021445569658,0.000462652050935567,0.000507075559139018,0.000555801405906255,0.000609057914025125,0.000667445473622611,0.00073125828081617,0.000801180823203583,0.000877618238690419,0.000961317017669273,0.00105278711401527,0.00115289442870831,0.00126228900372422,0.00138194690406118,0.0015126660670665,0.00165558906412982,0.00181169588982446,0.00198225078402199,0.00216843689767249,0.00237173966552675,0.00259364485695529,0.0028357863598367,0.00309992091707881,0.00338792203728874,0.0037020051859952,0.00404420462655406,0.00441712796989826,0.00482304863348788,0.00526521321454439,0.00574606457175523,0.0062694768589924,0.00683803875473667,0.00745644003063142,0.00812737987062708,0.00885658936764257,0.00964699990855382,0.0105056769204116,0.0114352071408276,0.0124438336488791,0.01353419397739,0.0147164398250247,0.0159923641353886,0.0173741956524965,0.0188635099103472,0.0204744295044717,0.0222069680962628,0.0240782501192902,0.0260874585175434,0.0282530362985664,0.0305744140512234,0.0330696659678397,0.0357400322486646,0.0386022694407589,0.0416577885218211,0.0449228630951331,0.0484001958694127,0.0521031457713263,0.056033461955076,0.0602026090382476,0.0646122098367352,0.0692679234248382,0.0741719130732215,0.079323833434822,0.0847251257740305,0.0903646938512928,0.0962431275068838,0.102337258466208,0.108646956937594,0.115132048889025,0.121792131905881,0.128569528314145,0.135463576634735,0.142391363217778,0.149351892004674,0.156236558826806,0.163045099999691,0.169640096182964,0.176024548811238,0.182028917057816,0.187661319009961,0.192726539518767,0.197247166061017,0.200995550375623,0.204010235583847,0.206053621870385,0.207200415902259,0.207210068292783,0.206151614852433,0.203852486940861,0.200383159681277,0.195627916902937,0.189676661440736,0.182505335871089,0.174224700353152,0.164891524059377,0.154646724712502,0.143641720404852,0.132040363100396,0.120054556680475,0.107869252529631,0.0957346052954368,0.0838137034006908,0.0723651673762796,0.0615244123968295,0.0515007960325339,0.042352779118713,0.0342211014365674,0.0271038578066811,0.021051138322305,0.0159834143439026,0.0118700169906272,0.00859363025077102,0.00606726146873015,0.00416254634651021,0.0027752553074164,0.00179114540406555,0.00111636962439519,0.0006719783013274,0.000389588120824162,0.000218054125263973,0.000115948255983263,5.98774869346177e-05,2.88649269887631e-05,1.37464100101099e-05,5.84257632157156e-06,2.5657167609811e-06,9.13687292537099e-07,3.80346032361653e-07,3.00999341253967e-08,0
11097524.9641207,0,1.18584373092388e-06,7.45075569084112e-08,1.33464271337065e-06,2.38663907690153e-07,1.51084343252499e-06,2.92737278783405e-07,1.85764624135972e-06,4.41812129101342e-07,1.973899801267e-06,9.57972609161749e-07,1.93058309279011e-06,1.55937957245638e-06,2.04423444901677e-06,2.07465001293567e-06,2.36693300821505e-06,2.56521411454978e-06,2.83734260040151e-06,3.11427543393204e-06,3.42693230901705e-06,3.7676914955964e-06,4.14275518472243e-06,4.55493242720549e-06,5.00748264145197e-06,5.50513065015316e-06,6.05114486869024e-06,6.65165424840302e-06,7.31067703738985e-06,8.03542123868263e-06,8.83023760228882e-06,9.7045345510618e-06,1.06632161197526e-05,1.17175818535965e-05,1.28740872630258e-05,1.41453967717969e-05,1.55399492422457e-05,1.70722020115692e-05,1.87533448867883e-05,2.06003327654479e-05,2.26270455850961e-05,2.48531511507159e-05,2.72956510848395e-05,2.99776172421276e-05,3.29203857191006e-05,3.61509461327337e-05,3.96956478149575e-05,4.35865803101625e-05,4.78564739648617e-05,5.25423923965287e-05,5.76842114413014e-05,6.33250909674472e-05,6.95146648883188e-05,7.63038119709409e-05,8.37537241922631e-05,9.19233808353604e-05,0.000100887555682675,0.0001107138527226,0.000121494093358799,0.000133307828853674,0.000146268877764134,0.000160470222631293,0.000176052742299065,0.000193122627532998,0.000211850638877153,0.000232358268711042,0.000254856077090097,0.000279487405460699,0.000306509348534482,0.000336078702565838,0.000368516339228324,0.000404013721171005,0.000442947321025624,0.000485519067241365,0.000532216103831263,0.000583260691684283,0.000639231239068797,0.000700410093697875,0.0007674522394065,0.000840747391678983,0.000921016152339431,0.00100875089913537,0.00110478007110591,0.00120972995614221,0.00132454585730353,0.00144999508804329,0.00158716888443959,0.00173701256218057,0.00190075402802008,0.00207953584715809,0.00227478019902216,0.00248791732660174,0.00272053658840803,0.00297434144294486,0.00325112743416887,0.00355301859759538,0.00388199231042645,0.00424058419572324,0.00463098165693731,0.00505630157982885,0.00551892915381754,0.00602263056333103,0.00656988703335631,0.00716519753227306,0.00781122961560396,0.00851356966637812,0.00927501791665899,0.010102344471387,0.0109981236454571,0.0119704005873938,0.0130217285826163,0.0141618446411633,0.0153925489844768,0.016725746402841,0.0181629963475407,0.0197179421439391,0.0213907069941378,0.0231978451357172,0.025138518978199,0.0272306279875345,0.0294738962403474,0.0318858675536597,0.0344676194849763,0.0372353268252839,0.0401905677488269,0.0433492521050805,0.0467140650946591,0.0502980200245065,0.0541027305241513,0.0581393030523449,0.0624096065835674,0.066919166085558,0.0716698837073115,0.0766617256564733,0.081896283319841,0.0873623211933934,0.0930602374094008,0.0989681242096234,0.105085956273015,0.111374254963717,0.117832309614052,0.124404129130645,0.131089131733813,0.13780697276438,0.144556396571295,0.151231177544513,0.157830781386708,0.164221937736273,0.170407851622151,0.176223583722833,0.181676443286991,0.186576366841294,0.190945578631999,0.194563753430667,0.197468478976641,0.199428426568599,0.200516660327915,0.200501129111102,0.199449275599512,0.197193551341964,0.193802955697369,0.189168231883595,0.183377456501528,0.176405954050168,0.168361626194294,0.159304806255073,0.149371762719773,0.138705668414313,0.127467131362601,0.115866739113054,0.104079658824064,0.0923442183212704,0.0808223430935054,0.0697655904754219,0.0592978036307871,0.0496209958577765,0.0407967076288825,0.0329575402854543,0.0260950490187031,0.0202599467317301,0.0153795468719983,0.0114205435232533,0.0082657634450283,0.00583320453097963,0.00400129245633515,0.0026677004458006,0.00172114410124051,0.00107237695624699,0.000645594467461851,0.000374058237808768,0.000209049471776204,0.000111336433161313,5.76804998058668e-05,2.76268659443136e-05,1.30549062465201e-05,5.66326535843848e-06,2.51471401206447e-06,8.33464315632199e-07,3.4776986216997e-07,4.43248569383052e-08,0
11357333.5834311,0,1.13269823342187e-06,7.08590371207959e-08,1.274512409471e-06,2.28683721279857e-07,1.44267358487066e-06,2.789131752909e-07,1.77531024266255e-06,4.21480538376916e-07,1.88478928676697e-06,9.15885410627389e-07,1.84312462284193e-06,1.48960332363384e-06,1.95251947977858e-06,1.98125583039753e-06,2.26077737896249e-06,2.44995278560052e-06,2.70999230376939e-06,2.97441338530773e-06,3.27317811161765e-06,3.59861719765082e-06,3.95683406632888e-06,4.35065108073213e-06,4.78288570052182e-06,5.25833780115927e-06,5.77992334711602e-06,6.35362431575825e-06,6.98323468948821e-06,7.6756997522329e-06,8.43509672738938e-06,9.27049175425439e-06,1.01865137303807e-05,1.11939762490653e-05,1.22991246831384e-05,1.3514045345925e-05,1.48467554837996e-05,1.63111011533107e-05,1.79178151242289e-05,1.96831285176593e-05,2.16202892266678e-05,2.3748107996063e-05,2.60828800189443e-05,2.8646701459746e-05,3.14600155072777e-05,3.45486472618923e-05,3.79377468102683e-05,4.16579865010848e-05,4.57407229736135e-05,5.0221475173064e-05,5.51385100674587e-05,6.05331805484066e-05,6.64528571113433e-05,7.29462122662224e-05,8.0071990510776e-05,8.78867367977077e-05,9.64619485941004e-05,0.000105862433540771,0.000116176212830656,0.000127479427575551,0.000139881209737316,0.000153471015766926,0.000168383799191217,0.000184721205899618,0.000202646692788462,0.00022227690849936,0.000243814299659168,0.000267396781656786,0.000293270173258571,0.00032158481272971,0.00035264931311354,0.000386647879308284,0.00042394092107442,0.000464723888126494,0.000509465516981796,0.00055837828127994,0.00061201542535524,0.000670649794273394,0.000734912963104226,0.00080518193383287,0.000882146417885283,0.000966277862507025,0.00105837489443462,0.00115904226262882,0.00126918721096467,0.00138955042173759,0.00152118638102549,0.00166500289385025,0.00182217616415659,0.00199381048023005,0.00218128417687682,0.00238597410939019,0.00260940304376298,0.00285321468390989,0.00311915543473656,0.00340927435611175,0.00372546154020685,0.00407016345857842,0.00444552254140283,0.00485454500189988,0.0052995055053091,0.00578405021746257,0.00631062686242831,0.00688356622975901,0.00750540475065741,0.00818154909851331,0.00891477997986585,0.00971164857515631,0.0105746137529243,0.0115114141735483,0.0125245966325025,0.0136236543204163,0.01481032485969,0.0160960093073664,0.0174822954892458,0.0189825182714158,0.0205968562649849,0.0223411970476409,0.0242147923690743,0.0262350525612002,0.0284017987161361,0.0307320184647745,0.033226766954894,0.0359016813105597,0.0387585902892574,0.0418130960989374,0.0450673516218049,0.0485337503616399,0.0522146973800153,0.0561213283222616,0.0602546242800322,0.0646196784088419,0.0692191100884112,0.0740531237105498,0.0791227960825033,0.0844173110766793,0.0899372159366099,0.0956609074209603,0.101588183618203,0.107681330207981,0.113939890637994,0.12030874213474,0.126786462797123,0.133295516712027,0.139835627100769,0.146303239535853,0.152696695657445,0.158886722065167,0.16487663127308,0.170505513050692,0.175780857811641,0.180519629905966,0.184742130586588,0.188232196902195,0.191028265417266,0.19290885079419,0.193943515198315,0.193904806959476,0.192859839402682,0.190650043908038,0.18734240815207,0.182828432191275,0.177194658553714,0.170423184707936,0.162617815214242,0.153833155993554,0.144203917372449,0.133874857997615,0.122998474723289,0.111774723194988,0.100376065628562,0.0890361504617149,0.0779072085156759,0.0672305143702932,0.0571281610331165,0.0477943793422514,0.0392845022800687,0.0317270627669541,0.0251156379494103,0.0194961256988933,0.0147953343341213,0.0109828903088468,0.00794784845874457,0.00560893744031174,0.00384649433203216,0.0025629840530597,0.00165318650824304,0.00103025009106116,0.000620031769298471,0.000359053541251236,0.000200772088540352,0.000106841881796426,5.51882906746469e-05,2.65262163578505e-05,1.262181099277e-05,5.39620368030224e-06,2.36104365132702e-06,8.23557804370483e-07,3.50922095869384e-07,3.31683843868792e-08,0
11623224.6867985,0,1.08173970083105e-06,6.79856307173269e-08,1.21756748852979e-06,2.17620343646816e-07,1.37826635139251e-06,2.67208375505238e-07,1.6943857730746e-06,4.03192759480586e-07,1.80097707117772e-06,8.73216232182152e-07,1.76220181546876e-06,1.42168438138571e-06,1.86559090382485e-06,1.8922865747597e-06,2.15959895842624e-06,2.34014790352909e-06,2.58864112240402e-06,2.84122394602647e-06,3.12656158246273e-06,3.43747671160168e-06,3.77970949344609e-06,4.15584363206769e-06,4.56880000248149e-06,5.02296121716695e-06,5.52123706254053e-06,6.06928129025878e-06,6.67076417019954e-06,7.33227020513232e-06,8.05778523565189e-06,8.85588137209504e-06,9.73103069120209e-06,1.06935761742669e-05,1.1749441814646e-05,1.29101888215404e-05,1.41835413556059e-05,1.55827326815006e-05,1.71180139042902e-05,1.88048620491069e-05,2.06559483463044e-05,2.26893001978652e-05,2.492054718009e-05,2.73708343202294e-05,3.00596770191293e-05,3.30117281757816e-05,3.625111748554e-05,3.98072623190577e-05,4.37101505703345e-05,4.79937594215402e-05,5.26947246513488e-05,5.78526567375252e-05,6.35129284175765e-05,6.97220872294561e-05,7.65363304488481e-05,8.40099155513924e-05,9.22113812774275e-05,0.000101202792623531,0.000111068488613631,0.000121881464476846,0.000133746060742373,0.000146747994010062,0.000161016931922187,0.000176650667646179,0.000193805472267587,0.000212592833516865,0.000233207060111617,0.000255780921334329,0.000280550129186948,0.000307659441800705,0.000337404305892667,0.000369960746080957,0.000405675152257054,0.000444736775290503,0.000487594250726519,0.00053445075627212,0.000585839061692094,0.000642024048490337,0.000703609201837549,0.000770953820210987,0.000844723137145781,0.000925375291718864,0.00101367567139623,0.00111020298264995,0.00121583112878716,0.00133127462926538,0.00145754558135505,0.00159551765651974,0.00174632674336207,0.00191103874866274,0.00209097758758465,0.0022874680715971,0.00250198164069258,0.00273610284649024,0.00299150926273714,0.00327017995677309,0.00357395758492519,0.00390520037874215,0.00426595048848589,0.00465910900871608,0.00508690989095708,0.00555286696416042,0.00605931416978691,0.00661044442337152,0.00720876022649287,0.00785947465387142,0.00856524795893719,0.00933239970762017,0.0101633651822645,0.011065653210435,0.0120417181975785,0.0131006675875218,0.0142442508960529,0.0154836081246533,0.0168203046191618,0.0182670230873162,0.0198239596011491,0.0215067801132287,0.0233149611734927,0.0252650479353072,0.0273567050034089,0.0296065405831338,0.0320159861454951,0.034600255077281,0.037360693209517,0.0403121967221267,0.0434576298834132,0.0468094782834601,0.0503691857647567,0.0541469425817213,0.0581447022763946,0.0623682858792542,0.066819542296602,0.0714978770026693,0.0764047026526541,0.0815300807972544,0.0868744307430494,0.0924167899661505,0.0981570589171048,0.104058214770041,0.110119186764917,0.116287010022202,0.122561154684805,0.128866056761596,0.135200144410388,0.141462632523904,0.147652609476533,0.153645034156308,0.159442784717326,0.164889270823841,0.169991181820332,0.174570290208912,0.178647422543954,0.182014611996615,0.184707949619466,0.186510610797212,0.187491489366278,0.187432794341497,0.186399714617333,0.184237345154352,0.18101150631768,0.176619388030814,0.171144048527496,0.164569925311682,0.157001281113721,0.148489582170743,0.139160765937289,0.129160046984993,0.118639487779404,0.10778856809802,0.0967710882055784,0.0858164270933112,0.0750708489074425,0.064765587609699,0.0550203073977715,0.0460212926420487,0.0378167149147593,0.0305317791252138,0.0241642127147734,0.0187554182147061,0.0142300232798539,0.0105594021060214,0.00763915517686273,0.00539032202416795,0.00369641021064426,0.00246287507391394,0.0015878323318424,0.000988486325741423,0.000594988089701718,0.000345269514676127,0.000192967431051764,0.000102124218395075,5.27528194058838e-05,2.56371114992791e-05,1.21811089559272e-05,5.08679214896889e-06,2.2407014182526e-06,8.17195420479388e-07,3.37310470819783e-07,2.64286117776092e-08,0
11895340.6737032,0,1.03414637144556e-06,6.46206725778324e-08,1.16332554878649e-06,2.08618477156157e-07,1.31730290942214e-06,2.54101419776126e-07,1.62056907717677e-06,3.84555836942045e-07,1.72059666079536e-06,8.35280616366285e-07,1.68286275218077e-06,1.35873419690699e-06,1.78281806436847e-06,1.80724707816764e-06,2.06405841287031e-06,2.23541848042336e-06,2.47331552755248e-06,2.71458509925488e-06,2.98703600393194e-06,3.28417516436417e-06,3.61111154092015e-06,3.97041330087221e-06,4.36492305629392e-06,4.7988696443461e-06,5.2748629614458e-06,5.79855633880866e-06,6.37319845533754e-06,7.00526307302808e-06,7.69845503605709e-06,8.46103820819762e-06,9.2972659873967e-06,1.02170623557829e-05,1.12260695067073e-05,1.23353823565333e-05,1.35523313370897e-05,1.48895821181422e-05,1.63569377229084e-05,1.79692764381464e-05,1.9738745173189e-05,2.16825426742532e-05,2.38155482316279e-05,2.61579820063721e-05,2.87286135730549e-05,3.15511258898424e-05,3.46485265858851e-05,3.80488675413381e-05,4.17809303559268e-05,4.58773059057983e-05,5.03729774711286e-05,5.53058918283942e-05,6.07196313565499e-05,6.66587743118297e-05,7.31770117186576e-05,8.03263145465623e-05,8.81724273597111e-05,9.67746911449196e-05,0.000106213531523145,0.000116559070157931,0.000127911882706633,0.000140354243362872,0.000154009819484112,0.000168971926291132,0.000185390570207876,0.000203373302591518,0.000223106229242676,0.000244716233133667,0.000268429237946271,0.000294384329291812,0.000322865007789653,0.000354040926769419,0.000388243731691762,0.000425654461061836,0.000466704083323592,0.000511588815267911,0.000560819402350961,0.00061465020274336,0.000673660716262615,0.000738198048999415,0.000808901167980895,0.000886209779508273,0.00097085890334799,0.00106340583535113,0.0011646911889088,0.00127540287738438,0.00139651367679396,0.00152886629726814,0.00167355719966428,0.001831613319959,0.00200430444251768,0.00219290074666034,0.00239881949639408,0.00262359700202533,0.00286886093980599,0.00313651345773886,0.00342831513238894,0.00374653448364274,0.00409316159227026,0.0044710082145748,0.00488221829723777,0.00533015958261842,0.0058171131364406,0.00634715610747405,0.00692267657332599,0.00754865343427103,0.00822772199517248,0.0089660511552799,0.0097659598064479,0.0106346389175811,0.0115745427572745,0.0125945235399631,0.0136962403619666,0.0148903870579651,0.0161785925006481,0.0175732090217761,0.0190744040659833,0.0206972120382675,0.0224412500406667,0.0243226417799778,0.0263410862482641,0.028512466682125,0.0308382160703499,0.0333334165169346,0.0359996530789203,0.0388509027368041,0.0418894844454875,0.0451279446443699,0.0485684018632685,0.0522205405415618,0.0560858078104081,0.0601700186401465,0.0644751065597835,0.0690002759478061,0.0737470435756149,0.0787062397770045,0.083878143513348,0.0892420813426504,0.0947976737643471,0.100509225948901,0.106376184946316,0.11234701092433,0.118420427692916,0.124523398929769,0.130654436904905,0.136715310241094,0.142705628329,0.148504132696048,0.154111999523366,0.159377810947771,0.16430937439085,0.168732733584496,0.172667839342151,0.175914233236433,0.178505663925089,0.180231463414385,0.18116190634285,0.181086372810734,0.18006457864737,0.177947956759054,0.174803748966771,0.170533028865098,0.165216261376109,0.158838879600983,0.15149979889547,0.14325234699139,0.134223461266532,0.124550819883541,0.114376227862404,0.103887405340953,0.093246450022359,0.0826714540898756,0.0723011568632039,0.0623608909586265,0.0529643648206075,0.0442897153961443,0.0363856381855089,0.0293714964032312,0.0232400522554953,0.0180320773030506,0.0136782334577686,0.0101490262817763,0.0073410839594237,0.00517848072440713,0.00354975952626162,0.00236431628483522,0.00152455380422229,0.000949626310506944,0.000571167475677057,0.000330670092377012,0.000184872408117255,9.82860797499832e-05,5.07340103501675e-05,2.44155570247079e-05,1.16127365084571e-05,4.93810893404635e-06,2.16703826206002e-06,7.67691539346204e-07,3.18264489727249e-07,2.60542327078675e-08,0
12173827.2773966,0,9.86525274329958e-07,6.16831016302405e-08,1.10989062295879e-06,1.99345716059532e-07,1.2565423321704e-06,2.42814916714747e-07,1.54617230929286e-06,3.67402331522608e-07,1.64166441514371e-06,7.97224075053635e-07,1.60656142813668e-06,1.29634855343999e-06,1.70195358088436e-06,1.72518409656453e-06,1.97001914095034e-06,2.13413711008823e-06,2.36114141056809e-06,2.59148305728655e-06,2.85186496467614e-06,3.13558452588717e-06,3.44781799818348e-06,3.79114532880232e-06,4.16794639381441e-06,4.58250003140485e-06,5.03724561054969e-06,5.53752921240112e-06,6.0865696694303e-06,6.6904520142845e-06,7.35274378982762e-06,8.08136948377004e-06,8.88038249427611e-06,9.75922247639854e-06,1.07233410897851e-05,1.1783338814626e-05,1.29462415458838e-05,1.42241208117264e-05,1.5626393071473e-05,1.71672533045127e-05,1.8858263524886e-05,2.07158932743289e-05,2.27544560229918e-05,2.49933177864785e-05,2.74503909823876e-05,3.01482608114429e-05,3.31090013211715e-05,3.63595235565507e-05,3.99272563873581e-05,4.38433414277901e-05,4.81414392831599e-05,5.28579175307964e-05,5.80343620263137e-05,6.37134779308549e-05,6.9946844132071e-05,7.67841803744466e-05,8.42882188353701e-05,9.25159065516794e-05,0.000101544612667156,0.000111441477414007,0.000122302461278349,0.000134206237105043,0.000147271418920031,0.000161587872933288,0.000177299510874037,0.000194509325547533,0.000213395502369475,0.000234079800478228,0.000256778920877786,0.000281626550078014,0.000308894312197471,0.000338744667567323,0.000371495937623309,0.000407323140534528,0.000446639217262966,0.000489632057762674,0.000536791467804787,0.000588362655873114,0.000644902956323811,0.000706745358768498,0.000774501345465674,0.000848594072594499,0.000929732043255298,0.00101845225995394,0.00111556027786984,0.00122171694919375,0.00133786060140238,0.0014648028384158,0.00160359248668604,0.00175521543508302,0.00192090093682423,0.00210187906795043,0.0022995134732603,0.00251527784912874,0.00275073502111605,0.00300771758460054,0.0032879339302202,0.00359358094710006,0.00392657027966381,0.00428959187414167,0.00468472664873621,0.00511525471263511,0.00558336744002163,0.00609294894376072,0.00664634128395346,0.00724842127393866,0.00790171047534455,0.00861207765940006,0.00938180500041784,0.0102179024938212,0.0111227515826336,0.0121048542573747,0.0131658461652767,0.0143160852425817,0.0155571886490592,0.0169010645168355,0.018347941767847,0.0199123742397242,0.0215939804376768,0.0234082785925803,0.0253551670522373,0.0274502211065688,0.029694790442392,0.0321030440631534,0.0346764449804298,0.0374291826256694,0.0403640461689086,0.0434925290611705,0.0468159953045525,0.0503444922756194,0.0540801500489943,0.0580278930361964,0.0621890995496577,0.0665640487832763,0.0711546219475993,0.0759508139573514,0.0809524687526952,0.0861405834555639,0.0915151854943175,0.0970409872064182,0.102716937502312,0.108493593244654,0.114369854912046,0.120274133685669,0.126205158561935,0.132068753009293,0.137863467609734,0.14347051693821,0.148892111603967,0.153981937858336,0.158746926055167,0.16301892826187,0.166816157201891,0.169943303691927,0.172436178731166,0.174092288227518,0.174975465596002,0.174881357324613,0.173873151310719,0.171807405537017,0.168746068877148,0.164595525648065,0.159435811375246,0.153252216523508,0.146141452414621,0.138158067018657,0.12942282351917,0.120068222815698,0.110234293706435,0.100103147416052,0.0898284231468038,0.0796220079914539,0.0696186579876642,0.0600327594321243,0.0509736008924113,0.042616130486993,0.0350044032530759,0.0282492415187564,0.0223457098021724,0.0173350279373768,0.0131477810338171,0.00975365061989949,0.00705347612295577,0.00497410808382412,0.00340859921186886,0.00227015192153433,0.00146402016142016,0.000911609428565312,0.000547832366677249,0.000317099931846575,0.000177456617249735,9.4353542382166e-05,4.86072725532996e-05,2.33698482432621e-05,1.1142932094264e-05,4.74226696636851e-06,2.07003872531171e-06,7.33540643431289e-07,3.07650587334219e-07,2.46612849955036e-08,0
12458833.6429501,0,9.420362369384e-07,5.91349104101917e-08,1.06018559432518e-06,1.89756921065504e-07,1.20019298216216e-06,2.32486960393271e-07,1.47582339009497e-06,3.51176405911339e-07,1.56812721179869e-06,7.60916664374056e-07,1.53452058399921e-06,1.23829717975205e-06,1.62501175192216e-06,1.64813999603361e-06,1.88121627477926e-06,2.03850136129729e-06,2.25505697995331e-06,2.47525575125665e-06,2.72391667044644e-06,2.99498596648747e-06,3.29332634930639e-06,3.62128564555208e-06,3.98134312463975e-06,4.37739474441561e-06,4.81195835421799e-06,5.28998875483855e-06,5.8146366727574e-06,6.391683823312e-06,7.02463282549262e-06,7.72097852777636e-06,8.48461082571819e-06,9.32454916549546e-06,1.0246018869613e-05,1.12591537455571e-05,1.23706549616239e-05,1.35920618869156e-05,1.49323969634165e-05,1.64052457061039e-05,1.80216638128828e-05,1.97973725454199e-05,2.1746069495854e-05,2.38862781697939e-05,2.62351081267964e-05,2.88142100789795e-05,3.16447663502425e-05,3.47525335708177e-05,3.81636827470251e-05,4.19079269240794e-05,4.60175543950792e-05,5.05274921159337e-05,5.5477436616422e-05,6.09081026100517e-05,6.68688827828492e-05,7.34074941856147e-05,8.05841121201142e-05,8.84533212627295e-05,9.70891452089316e-05,0.000106555846787798,0.00011694522635988,0.000128332595598577,0.000140831888365591,0.000154529689613946,0.000169563279923434,0.000186030259998868,0.000204101880563497,0.000223897039379875,0.000245623357351625,0.000269406913500993,0.000295507265152758,0.000324082545899399,0.000355439451862989,0.000389744283576068,0.000427390808058757,0.000468561434394072,0.000513728983954241,0.000563129182630321,0.000617292395448224,0.000676537344274991,0.000741454611625385,0.0008124531165307,0.000890213116694206,0.000975251433052152,0.00106833883797679,0.0011701058589291,0.00128145711327017,0.00140318100906747,0.00153628430665765,0.00168171073102183,0.00184064770163214,0.00201427952184303,0.0022039062102412,0.00241094791717061,0.00263693067076464,0.00288362563297603,0.00315267159478448,0.00344617659671425,0.00376595960648384,0.00411460357123751,0.00449417243042557,0.00490785827614743,0.00535772264336627,0.00584748150959341,0.00637945342924251,0.00695836830462652,0.00758662261209946,0.00826980857079568,0.00901020270836541,0.00981469975252149,0.0106855317499256,0.0116307542256545,0.012652112876312,0.0137597407240606,0.0149550929061942,0.0162495286600631,0.0176434188148465,0.0191509312868022,0.0207717008424522,0.0225206710524043,0.0243978246868679,0.0264181863002425,0.0285831183387191,0.0309064559246114,0.0333896371013294,0.0360462115668275,0.0388788889365043,0.0418991280294385,0.0451084518463887,0.0485161898307224,0.0521242399367907,0.0559379869157247,0.0599590459862849,0.0641870036931225,0.0686233868846279,0.0732593729345386,0.0780951258096712,0.0831112378150247,0.0883074755149939,0.093650798069998,0.0991401819592225,0.104726488364595,0.110408719509574,0.116118839855171,0.121855169348014,0.12752481184176,0.133126457041036,0.138546380385124,0.143786662836631,0.148704524897976,0.153306164318316,0.157428953392311,0.16109145022314,0.164104836164882,0.166502748921971,0.168088426079874,0.168925190723949,0.168816806925089,0.167824143402959,0.16580811301591,0.162828746097398,0.158797129451736,0.153792481279836,0.147801398710769,0.140915809600017,0.133188956813149,0.12474033147908,0.115699831827859,0.106200104471017,0.09641666417625,0.0864997558717461,0.0766540136777651,0.0670077211812874,0.0577682023666882,0.0490397595341605,0.0409891198447859,0.0336596953073076,0.027159173950628,0.021479621346163,0.0166586086915419,0.0126311916321215,0.00936879499453714,0.00677414572802865,0.00477631851795936,0.00327271814661594,0.00217911917187043,0.00140469965304278,0.000874651250202744,0.000525791726667501,0.00030412430435575,0.000170003842461437,9.04925788980404e-05,4.66724820225152e-05,2.23551920049371e-05,1.06433713280675e-05,4.56863832227277e-06,1.99329349413518e-06,6.93290380426326e-07,2.91412975788257e-07,2.51808354430533e-08,0
12750512.4071301,0,8.99284012635149e-07,5.64854920486257e-08,1.01158620586408e-06,1.81739275267439e-07,1.14591045527491e-06,2.213934483633e-07,1.40938931363647e-06,3.36101200280549e-07,1.49559457011461e-06,7.28867880617634e-07,1.46335228312281e-06,1.18405451702128e-06,1.55100790209718e-06,1.57448047505648e-06,1.79649674492873e-06,1.94703773060526e-06,2.15381521575167e-06,2.36423676374863e-06,2.60180484672103e-06,2.86077241553296e-06,3.1457806890191e-06,3.45911785799564e-06,3.80310819026688e-06,4.18152244309911e-06,4.59666842035425e-06,5.05336906796809e-06,5.55463164627949e-06,6.10598745356818e-06,6.71074012297489e-06,7.37608294891752e-06,8.10573512566813e-06,8.90832506293308e-06,9.78885893049755e-06,1.07569996229482e-05,1.18191541411883e-05,1.29863938253532e-05,1.42673307999213e-05,1.56749329989108e-05,1.72198071173731e-05,1.8917034425009e-05,2.07796949508486e-05,2.28254767835527e-05,2.50707811742042e-05,2.75363255234999e-05,3.02423066729452e-05,3.32132743364033e-05,3.64743334769972e-05,4.00540969976941e-05,4.39834762233902e-05,4.82956946417541e-05,5.30286556400746e-05,5.82215344300889e-05,6.39218232684464e-05,7.01751496308956e-05,7.70388803916988e-05,8.45652656253371e-05,9.28253059781262e-05,0.00010188048501336,0.000111818765473707,0.000122712690507123,0.000134671106571949,0.000147776225997529,0.000162159862688258,0.000177916800957476,0.000195210777383452,0.000214154152057602,0.000234945881231632,0.000257708440747118,0.000282690932692085,0.000310043886381404,0.000340060261754624,0.000372901208160096,0.00040894595327371,0.000448368543111697,0.000491619657128851,0.000538925810480611,0.000590798234165132,0.000647545271366716,0.000709732897044725,0.000777752248329581,0.000852253864225379,0.000933732944831376,0.00102293479713579,0.00112047451922401,0.00122721783217764,0.00134391044692218,0.00147152209430682,0.00161097130163952,0.00176339583902027,0.00192992986717195,0.00211183486967613,0.00231048113728577,0.00252732496399752,0.00276406505436043,0.00302227785971209,0.00330399550241927,0.00361101183744108,0.00394583540577139,0.00431038726087376,0.00470769535792004,0.00513983341678743,0.00561044029339861,0.00612168272228254,0.00667804795977397,0.00728192351260014,0.0079388208841976,0.00865090895184438,0.00942466638863499,0.0102622847778366,0.0111716911013633,0.0121546106172524,0.0132207232183752,0.0143713870815506,0.0156176075766278,0.016959951565561,0.0184121303747951,0.0199736375699365,0.0216587369451555,0.0234676385418719,0.0254151763533981,0.0275025957832389,0.0297428095470824,0.0321373899284276,0.0347000658412831,0.0374333001896414,0.0403474612958277,0.0434443845423958,0.0467339684287001,0.0502175280721156,0.0538994272534068,0.0577820215797871,0.0618657320270555,0.0661512051029469,0.070629292402583,0.0753008580780883,0.0801477003538826,0.0851690583054524,0.0903323881338032,0.0956369636449649,0.101035890102043,0.106527785753403,0.112045755988058,0.117588416034569,0.123067120822699,0.128480206257396,0.133715971350153,0.138776531449012,0.14352493734915,0.14796691751115,0.151943977007463,0.155474177446751,0.158375625487343,0.160681242394871,0.162200181230741,0.162993266694096,0.162871741580472,0.161895908912409,0.159930985795428,0.157034564313539,0.153122445545003,0.148272286844598,0.142471288051089,0.13580842777551,0.128337058048071,0.120172562636029,0.111439558948382,0.10226702363008,0.0928268247830185,0.0832620555611268,0.0737679375171737,0.0644697084088835,0.0555692689961615,0.0471642888544825,0.0394126646197351,0.0323573761764,0.0261034433152927,0.0206413621377555,0.0160055242555343,0.0121334053650635,0.00899762116019513,0.00650451924578529,0.00458560779314056,0.00314168806524012,0.00209132379522063,0.0013475299105869,0.000838894115490625,0.000504510304348735,0.000291870119150668,0.000162937347874633,8.66048703799253e-05,4.47499692702545e-05,2.14964073675939e-05,1.01950460562834e-05,4.34690102066643e-06,1.90679317525533e-06,6.71379372976723e-07,2.80821452673473e-07,2.29670537116831e-08,0
13049019.780144,0,8.59434441172119e-07,5.40234749667522e-08,9.67384246075047e-07,1.72824221986007e-07,1.09506977869615e-06,2.12293673959131e-07,1.34624313455508e-06,3.20333314852633e-07,1.43083657851429e-06,6.94086998878321e-07,1.3999170527903e-06,1.12993121169533e-06,1.48229938412844e-06,1.50388067880476e-06,1.71614783942965e-06,1.85988446451213e-06,2.05737785496799e-06,2.2582946434601e-06,2.48524443021276e-06,2.73254507480466e-06,3.00481117701112e-06,3.30402280187701e-06,3.63260956626711e-06,3.99400413681673e-06,4.39056819155828e-06,4.82678732727547e-06,5.30559087643251e-06,5.83222349373748e-06,6.40988747238043e-06,7.04541949975159e-06,7.74240601854052e-06,8.50910059184845e-06,9.35025546264592e-06,1.02750925207014e-05,1.1289778156209e-05,1.24048983357932e-05,1.3628693931513e-05,1.49735653599282e-05,1.6449648238363e-05,1.80713418664565e-05,1.98511511619296e-05,2.18060013672159e-05,2.39516017219123e-05,2.63077650308827e-05,2.88937623654376e-05,3.17331300430411e-05,3.4850020995068e-05,3.8271718843269e-05,4.20275694203839e-05,4.61494925403649e-05,5.06741002488066e-05,5.56388054504989e-05,6.10886710172078e-05,6.7067421602089e-05,7.36302702583841e-05,8.08269997047998e-05,8.87251658499509e-05,9.73840983634905e-05,0.000106888547570908,0.000117307705591772,0.000128745437357425,0.00014128068448551,0.000155039813344164,0.00017011365219721,0.000186658966420908,0.000204783311007011,0.000224677019071926,0.000246458004485442,0.000270365634380274,0.000296544059668397,0.000325273133419172,0.000356707658158656,0.000391211469504269,0.00042895160167182,0.000470359608986945,0.000515653492963239,0.000565325149738665,0.000619670483591474,0.000679229711871787,0.000744379036826188,0.000815745194942472,0.000893803018457637,0.000979264992452899,0.00107272218200268,0.00117501011545606,0.00128684913367506,0.00140916800864452,0.00154284432111474,0.00168897426629207,0.00184865655956961,0.00202310314146176,0.00221362243397465,0.00242161609186613,0.00264872939617564,0.00289648390996627,0.00316682898910801,0.00346149051724171,0.00378289061739662,0.00413288903124707,0.00451439370669129,0.004929396782545,0.00538140961172578,0.00587253917087457,0.00640711086789005,0.00698743484967128,0.00761881818066798,0.00830335541577031,0.00904729248094612,0.00985279627332858,0.0107275080408718,0.0116730500135126,0.0126987659216685,0.0138061077555696,0.0150056792545481,0.0162979082053609,0.0176960153638084,0.0191997697605182,0.0208229920473871,0.0225657242783932,0.0244422009072141,0.0264538332524405,0.0286132898414366,0.0309220376480202,0.0333930850626424,0.0360289402155054,0.0388400074172954,0.0418280200469681,0.0450021955656175,0.0483639990469054,0.0519180674374176,0.0556664279823525,0.0596092256106172,0.0637475001999575,0.0680725951284354,0.0725848987353447,0.0772668227373833,0.0821179915612892,0.087106728619275,0.0922319655876753,0.0974485862184099,0.102755423885862,0.108087420050649,0.113442834518218,0.118735935221133,0.123965259471318,0.129022572977548,0.133909603304332,0.138493827175459,0.142780884851544,0.146617092257721,0.150019790735296,0.152813431833145,0.155030014831021,0.156484661849018,0.157236690565115,0.157104440167666,0.156146026985876,0.154231096957937,0.1514164990809,0.147622799042834,0.142924419272881,0.13730803756614,0.130861319068176,0.123639370066316,0.115752471289152,0.10731854673236,0.098462941729515,0.0893546672225923,0.0801316842151185,0.070980300791742,0.0620192212893439,0.0534439608013534,0.0453508882375417,0.0378912314330134,0.0311021155842466,0.0250840038030441,0.0198305736639953,0.0153748507960853,0.011653911837551,0.00864036174827426,0.00624456215101993,0.00440095281724435,0.00301480749211937,0.00200736964166598,0.00129342137044554,0.000804370693805807,0.000483349045107222,0.000279982572847302,0.000156512025648413,8.29827050511928e-05,4.27479823778129e-05,2.06108442355993e-05,9.82027122703231e-06,4.15745297294795e-06,1.81115130430922e-06,6.45813372147996e-07,2.71000961597943e-07,2.13382148694703e-08,0
13354515.629299,0,8.21037745843597e-07,5.14658250933018e-08,9.24057458469605e-07,1.65593050332034e-07,1.0458961249453e-06,2.02730084042355e-07,1.28648310045172e-06,3.0609679752872e-07,1.3669294057381e-06,6.63401769985184e-07,1.33767134380327e-06,1.07960792162424e-06,1.41664515911954e-06,1.43697732170704e-06,1.64013328473638e-06,1.77736025431612e-06,1.96622617208677e-06,2.15826228961507e-06,2.37519648405425e-06,2.61161924762773e-06,2.87188588459146e-06,3.15796432610039e-06,3.47207801125931e-06,3.81761333352607e-06,4.19675166409592e-06,4.61384774660483e-06,5.07163269502166e-06,5.5751938046536e-06,6.1275350600584e-06,6.7352326681729e-06,7.40170413199797e-06,8.1348568156746e-06,8.93922769889634e-06,9.82365949315145e-06,1.07940646118877e-05,1.18605436675669e-05,1.30309330178636e-05,1.43171024152709e-05,1.5728787200792e-05,1.72797800676553e-05,1.89820353132009e-05,2.08517456652489e-05,2.29039357482506e-05,2.51575675354837e-05,2.76311243517308e-05,3.0347095219875e-05,3.3328491354226e-05,3.66014979769223e-05,4.01943287478972e-05,4.41374317274102e-05,4.84657175239325e-05,5.32150731588354e-05,5.84287114300537e-05,6.41484241098829e-05,7.04270952994651e-05,7.73127051187053e-05,8.48700896083461e-05,9.31556957873795e-05,0.000102250271004947,0.000112220180499017,0.000123165211995619,0.000135161170591394,0.000148328965257147,0.000162755540656126,0.000178591292349395,0.000195939744629839,0.000214983240821834,0.000235834523782193,0.000258722470986112,0.000283785618319626,0.000311292857430053,0.000341392588115888,0.000374433420445544,0.000410576859244638,0.000450236143929431,0.000493619964497889,0.000541200361127129,0.00059326215629841,0.000650324178547598,0.000712747509774728,0.000781132759769629,0.000855937530563448,0.000937848094732957,0.00102743120252563,0.00112548513741011,0.0012327016213246,0.00134997728018821,0.00147815866694421,0.00161829672095751,0.00177144410035651,0.00193876920347609,0.0021215347943012,0.00232108510549374,0.00253899636774862,0.00277673810837075,0.00303619540309368,0.00331903008447714,0.00362755875972264,0.00396356851184454,0.00432988050162767,0.00472843637688502,0.00516259666896829,0.00563437440277076,0.00614794880380092,0.00670557131637991,0.00731234519260064,0.00797028915141737,0.00868542586340467,0.00945988317854788,0.0103010474214507,0.0112104716036593,0.012197089583736,0.0132623768724767,0.0144166857425032,0.0156604274156337,0.0170061840157188,0.0184537753615942,0.0200167184088866,0.0216951481820081,0.0235025967986512,0.0254404320058442,0.0275211271681112,0.0297461244906105,0.0321277711479352,0.0346686253567786,0.0373789690674581,0.0402603348150119,0.0433215486899359,0.0465643027759249,0.049993095963137,0.0536095806053655,0.0574139888806667,0.0614076920892807,0.0655823497165251,0.0699381122268457,0.0744578794205945,0.0791411232635785,0.0839573926383009,0.0889059484814228,0.0939429715643817,0.0990669109575414,0.104214969101854,0.109385513093559,0.114495429304937,0.119543281581372,0.124424469135099,0.129140372963719,0.133562508730756,0.137696210450847,0.141393462157094,0.144671785792172,0.147360323945341,0.149488452067654,0.150879520554154,0.151593468778165,0.151452408532639,0.150510248052832,0.148645076548494,0.145914461906662,0.142238303589454,0.1376873134773,0.13225420103804,0.126024565366062,0.119047048002095,0.111428653226273,0.10328948258193,0.0947497795285699,0.0859675643945878,0.077075863689465,0.0682586982239854,0.059630569615408,0.0513759997273867,0.0435858767592377,0.0364081151242807,0.0298794158199311,0.0240941787456491,0.0190445089062252,0.0147622729520515,0.0111868410783398,0.00829202716864127,0.00599242582706183,0.00422365510714145,0.00289256800112613,0.00192456770299494,0.0012398850207562,0.000771614040903563,0.00046362751780618,0.000268229622903489,0.000149895870428923,7.95138784080969e-05,4.09473609012662e-05,1.97641155918127e-05,9.4295515799682e-06,3.9602893726462e-06,1.71659777565445e-06,6.3154515989036e-07,2.66972479159209e-07,1.5542070437746e-08,0
13667163.5646201,0,7.82847734086104e-07,4.91449553832048e-08,8.81074350428056e-07,1.58125362722698e-07,9.97258937032114e-07,1.93414329581038e-07,1.2268848975949e-06,2.92374137394081e-07,1.30290088931928e-06,6.33868750149329e-07,1.27491223856285e-06,1.03056273792649e-06,1.35077287961966e-06,1.37108665676776e-06,1.5643205647166e-06,1.69558798513615e-06,1.87564184996063e-06,2.0589075910065e-06,2.26588920114064e-06,2.49147697700636e-06,2.73977947828305e-06,3.01275272359018e-06,3.31246672286746e-06,3.64216758286027e-06,4.00394886612848e-06,4.4019249800748e-06,4.83876417274314e-06,5.31930257861252e-06,5.84639804832925e-06,6.42632089893078e-06,7.06235955895938e-06,7.76208017268578e-06,8.52980904464591e-06,9.37395315309862e-06,1.03001707300412e-05,1.13181491872494e-05,1.24353753175935e-05,1.36631572721047e-05,1.50108153971121e-05,1.64915670013766e-05,1.81168272288981e-05,1.99020367344768e-05,2.1861562319719e-05,2.40135321347784e-05,2.63755928757257e-05,2.89692635995891e-05,3.18166374432087e-05,3.49427995200885e-05,3.83746974461034e-05,4.21413841249015e-05,4.62761734964045e-05,5.081339165353e-05,5.57944728502613e-05,6.12595019749864e-05,6.7259012353724e-05,7.38387437128252e-05,8.10607049692806e-05,8.89791656872266e-05,9.76715351362684e-05,0.000107201282715752,0.00011766374912905,0.000129131362115349,0.000141720043919825,0.000155513499023571,0.00017065520607783,0.0001872436212852,0.000205453719734404,0.000225394525686301,0.000247285118276996,0.000271257500547779,0.000297569442155398,0.000326363982073778,0.000357974368800126,0.000392555478046696,0.000430503784454108,0.000472019007088454,0.000517553778623933,0.000567383257483594,0.000622004503791791,0.000681762143255144,0.000747232589728014,0.000818858114796897,0.000897296693258523,0.000983088681225283,0.00107700165121483,0.00117970553943442,0.00129206123628778,0.00141487769913304,0.00154916210598503,0.00169592908270312,0.0018563071781667,0.00203151084459313,0.0022228259754943,0.00243176505586388,0.00265975191161792,0.00290860555509965,0.00317991286405654,0.00347589742748607,0.00379830562193213,0.00414986104700802,0.00453240339467472,0.0049491457182712,0.0054020650705792,0.00589522273999333,0.00643077977376875,0.00701360865277938,0.0076456636616103,0.00833278095663146,0.00907703065348131,0.0098854956919607,0.0107597075064919,0.0117083241461412,0.0127327710787009,0.0138429756609243,0.0150393799317132,0.0163341400041505,0.0177271326319105,0.0192313852777623,0.0208470306682167,0.0225871595877518,0.0244532217654869,0.0264572038839703,0.0286003588888364,0.0308946347261278,0.0333428726936561,0.0359551841369277,0.038732576572345,0.0416832172498276,0.0448094046978989,0.04811601131252,0.0516039823406212,0.0552731600295252,0.0591255423051842,0.0631532603273693,0.0673557542023882,0.0717165482433677,0.076235895583459,0.0808842609441579,0.0856601604348715,0.0905214065768713,0.0954669623832009,0.100435785173509,0.105425975325764,0.110357660174366,0.115229115128582,0.119938577589051,0.12448789184744,0.128753083255011,0.132738731870086,0.136302016839496,0.139459611105336,0.142045687139348,0.144090262507732,0.145423462003775,0.146100726496765,0.145950647229891,0.145028811950002,0.143216583655242,0.140566938656302,0.137005804844856,0.132604123797281,0.127352277477413,0.121331654959978,0.114593797583494,0.10724284025851,0.0993914084944364,0.0911552008040281,0.0826900160152183,0.074123888642655,0.0656319600541997,0.0573240074518185,0.0493790176137823,0.0418841858356449,0.0349804671467959,0.0287021788647541,0.0231404319517081,0.0182876035212364,0.0141732467721377,0.0107385555679161,0.00795862500612368,0.00575069356675924,0.00405220216892979,0.00277455447547234,0.00184619418964119,0.001189383228575,0.000739827306100994,0.000444372686203654,0.000257095486299151,0.000143656108422754,7.62377494113183e-05,3.9280591822562e-05,1.88923722085443e-05,8.99073608905617e-06,3.82263109102122e-06,1.66461674840122e-06,5.87168464179524e-07,2.48088691611947e-07,2.06399000077976e-08,0
13987131.0264724,0,7.47593643502997e-07,4.70415287446434e-08,8.41410177463816e-07,1.50786211411047e-07,9.52531767222783e-07,1.84824796717335e-07,1.17144016201538e-06,2.79228635180317e-07,1.24440595956601e-06,6.05290618556183e-07,1.21733973041802e-06,9.84586560287173e-07,1.2896450105212e-06,1.30967955402387e-06,1.49384115762554e-06,1.61943159724876e-06,1.79128241065714e-06,1.96640736859297e-06,2.16408924787598e-06,2.37955246959882e-06,2.61676707096837e-06,2.87748758067572e-06,3.16382026144908e-06,3.47874397749633e-06,3.82432813990765e-06,4.20449890477294e-06,4.6218243189906e-06,5.08086226262847e-06,5.5844051943096e-06,6.13843192094062e-06,6.7460795645362e-06,7.41454131642536e-06,8.1479787076829e-06,8.95445891236108e-06,9.83936793301854e-06,1.08119417208049e-05,1.18793751217111e-05,1.30524903943893e-05,1.43401654539151e-05,1.57549843395768e-05,1.73078820253207e-05,1.90136868007573e-05,2.08861365532831e-05,2.29425023611205e-05,2.51996534676228e-05,2.76782304310943e-05,3.03993542404398e-05,3.33869167889189e-05,3.66666888723271e-05,4.02665427199286e-05,4.42183590530243e-05,4.85549531387401e-05,5.33159435485376e-05,5.85396012168153e-05,6.42742122182014e-05,7.05637057187544e-05,7.74675723668541e-05,8.50375805741424e-05,9.33475771324823e-05,0.000102458471910395,0.000112461680648054,0.000123426470904913,0.000135463630262179,0.000148653472928618,0.00016313376415431,0.000178998930221595,0.000196415927754603,0.000215488859027901,0.000236428165889161,0.000259361166939675,0.000284534130471077,0.000312083758144927,0.000342329237901323,0.000375419120873833,0.000411734004356788,0.000451467498308259,0.000495051823103202,0.000542747701212138,0.000595033287155812,0.000652243236754554,0.00071492818068484,0.000783508697712331,0.000858618339927899,0.000940782271363159,0.00103073599507781,0.00112911532812942,0.00123674446804774,0.00135440662753981,0.00148307716001968,0.00162372960422066,0.00177743732655322,0.00194536407383202,0.00212876028743079,0.00232908955702067,0.00254770734792313,0.00278635009752048,0.00304655984629559,0.00333048795691878,0.00363980457713356,0.0039771169062967,0.00434420872553031,0.00474419116023609,0.00517897326063038,0.00565243407586731,0.006166644233454,0.00672632427027986,0.00733341532929412,0.00799353684985274,0.00870862544579379,0.00948543107433356,0.0103255236614962,0.011237404465967,0.0122224155299273,0.013289863775082,0.0144402376945651,0.0156855895434842,0.0170258247095269,0.0184731236627166,0.020027738886738,0.0217026763450072,0.0234990546839525,0.025428072033806,0.02749160646662,0.0297016447703791,0.032060126825795,0.0345762746481878,0.0372519359522555,0.0400956471048505,0.0431089419482818,0.046295909550828,0.0496581180261701,0.0531961069601211,0.0569112023505695,0.0607950895153372,0.0648477840977802,0.0690542608096503,0.0734143669565998,0.0778987133376016,0.0825058358817176,0.0871955261721079,0.0919669985957368,0.0967612050439725,0.101575821853961,0.106333234267878,0.11103213624783,0.115574539823125,0.119961618720366,0.124073666432905,0.127915517645189,0.131348131885725,0.134387357538429,0.136874870587489,0.138839716743257,0.14011582146682,0.140757189924308,0.140600355708986,0.139698963777886,0.137938008869753,0.135369266190854,0.131921994801735,0.127664537670002,0.122589085946263,0.116775239076414,0.110272188927856,0.103179252949975,0.0956068829977837,0.0876683468567205,0.079512977540843,0.0712619243117138,0.0630847755013976,0.0550888320133189,0.047445492494982,0.0402362731092839,0.0335971220182751,0.0275623287973594,0.0222182485257872,0.0175553661191623,0.0136027382725143,0.0103049004698047,0.00763641602142379,0.00551672110397729,0.00388655076853254,0.00266088932569554,0.00177020193549526,0.00114012494238436,0.000709248562977359,0.000426036573802801,0.000246286176973698,0.000137525993856464,7.30682270540307e-05,3.76806765007229e-05,1.80782989225765e-05,8.5835666682249e-06,3.66157857177147e-06,1.60265659053073e-06,5.63233461305353e-07,2.33860966278865e-07,1.90204435111205e-08,0
14314589.3752348,0,7.14069077014507e-07,4.48022313402348e-08,8.03255238789569e-07,1.44538237551837e-07,9.09723882018422e-07,1.75963133965041e-07,1.11924584126894e-06,2.66951748403038e-07,1.18778951342691e-06,5.7880715073757e-07,1.16248410408456e-06,9.40158895465232e-07,1.2322701937671e-06,1.25046446069181e-06,1.42715814853349e-06,1.54662090678423e-06,1.71101259134547e-06,1.87819613549671e-06,2.06702529903206e-06,2.27287558271514e-06,2.49941143257895e-06,2.74849050917155e-06,3.02192887603957e-06,3.32278731286996e-06,3.6528454756584e-06,4.0159912725097e-06,4.41460217496767e-06,4.85307853010679e-06,5.33406067239915e-06,5.86328772098871e-06,6.44373515224395e-06,7.08228741171718e-06,7.78291005406051e-06,8.55334036252553e-06,9.39872946518085e-06,1.03278889789589e-05,1.13476632571843e-05,1.24684300503085e-05,1.36987023495118e-05,1.50504975437717e-05,1.65342335544694e-05,1.81640772019406e-05,1.99531835165775e-05,2.19180860068027e-05,2.40749093376253e-05,2.6443373498443e-05,2.90437453794177e-05,3.18989351258065e-05,3.5033460086411e-05,3.84738575706332e-05,4.22506968716327e-05,4.63954885733259e-05,5.0946185688811e-05,5.59394510492157e-05,6.14214436146458e-05,6.74341268303047e-05,7.40344376643651e-05,8.12719946004665e-05,8.92174024018245e-05,9.79288943866865e-05,0.000107494090157313,0.000117979617225396,0.000129491387931155,0.000142105771224553,0.000155954775069323,0.000171130048661586,0.000187791660958645,0.000206038044116362,0.000226069888167451,0.000248010573537877,0.000272096833242936,0.000298459118197557,0.000327403548466938,0.000359072692672879,0.0003938289168788,0.000431858269593508,0.000473578285475708,0.000519239714939001,0.000569297823011183,0.000624075122251929,0.000684103810541783,0.000749784078251257,0.000821716672901925,0.000900408891877925,0.000986576851477378,0.0010808309900936,0.00118395376095236,0.00129669830044377,0.00142000730160326,0.00155481143392976,0.00170213553172102,0.00186310314359623,0.00203892484254018,0.00223100596208466,0.00244064329915067,0.00266950512761758,0.00291908114748923,0.00319143914193281,0.00348817572402491,0.00381179831942213,0.00416405256143949,0.00454793947392066,0.0049652652949981,0.00541974460909735,0.00591340231664177,0.00645079828906039,0.00703382436161923,0.00766788310510106,0.00835479436864146,0.00910106352952582,0.00990831344000109,0.0107847175547683,0.0117314736698905,0.0127575422500214,0.0138635824870181,0.0150612926659901,0.0163503851505701,0.0177423451741815,0.0192377520823798,0.0208495978572105,0.0225787061289733,0.0244352379745081,0.0264213081902642,0.0285492814085456,0.0308207855061012,0.0332439389527686,0.035820866486002,0.0385605692475546,0.0414642265105762,0.0445351682028366,0.0477752310371609,0.0511855557829758,0.0547672563155,0.0585117238238197,0.0624189333913518,0.0664749792913355,0.0706797982236985,0.0750045607430221,0.0794479041955287,0.0839712370066759,0.0885732394298623,0.0931965875449664,0.0978395705422905,0.102427606100596,0.106959014198451,0.111338448214853,0.115566748770332,0.119529071094595,0.12323076941011,0.126536603106193,0.129460741412696,0.131851582626067,0.133738494011747,0.134959710502816,0.135566530386794,0.135403445304946,0.134523056824178,0.132812505842363,0.130322025568964,0.126986703444379,0.122872388082682,0.117969335549473,0.112355117550811,0.106080433566077,0.0992407371843037,0.0919409932124706,0.0842909201433215,0.0764358674626478,0.068491468295349,0.0606204574087252,0.0529269422530147,0.0455757850460252,0.0386434455374431,0.0322605188916209,0.0264612490817925,0.0213278162840691,0.0168486701728613,0.0130521527903393,0.00988659260523383,0.00732599906715075,0.00529125427773852,0.00372677030235433,0.00255153690371825,0.00169728797370893,0.00109274304594606,0.000679844597050363,0.000408440532885247,0.000235819634020067,0.000131635209264222,7.01497104859755e-05,3.61467586589197e-05,1.72029062993487e-05,8.20392128427389e-06,3.56403090222831e-06,1.53004569172317e-06,5.14177951901762e-07,2.29550235642858e-07,2.44476077664179e-08,0
14649713.9830728,0,6.81605671857406e-07,4.30242085116281e-08,7.67064026273566e-07,1.37389306790439e-07,8.68687827014281e-07,1.68575215433936e-07,1.06786568077022e-06,2.55010009868239e-07,1.13442805308423e-06,5.52108921986498e-07,1.11009858117799e-06,8.97722588381522e-07,1.17627934776326e-06,1.19415786733903e-06,1.36247332317878e-06,1.47682007966636e-06,1.63366309844896e-06,1.79338521337717e-06,1.97371207300137e-06,2.17026718252897e-06,2.38668872363527e-06,2.62454205698883e-06,2.88577704451387e-06,3.17311221806304e-06,3.48841297083764e-06,3.83529156994725e-06,4.21609509069538e-06,4.63498842398316e-06,5.09450841183273e-06,5.60011332028879e-06,6.15468930398376e-06,6.76480362666252e-06,7.43424359953129e-06,8.17037966746287e-06,8.97815711875407e-06,9.86599821367117e-06,1.08404655232318e-05,1.19114832448932e-05,1.30871917461536e-05,1.43790654784738e-05,1.5797067090323e-05,1.73547385128266e-05,1.90646575653691e-05,2.09426615544778e-05,2.30041826448802e-05,2.52680235052993e-05,2.77535134844699e-05,3.04825698272234e-05,3.34786759675461e-05,3.67672780492261e-05,4.03776802999758e-05,4.4339969957999e-05,4.86903183152603e-05,5.34637559674606e-05,5.87045181018992e-05,6.44528376454229e-05,7.0763142895928e-05,7.76827688329664e-05,8.5279369316431e-05,9.3608964484567e-05,0.000102755150649325,0.000112781300322378,0.00012378928682944,0.000135852858682707,0.00014909770841458,0.000163610654068802,0.000179545554695876,0.000196998056171898,0.000216160130357475,0.00023714902721293,0.000260191193312076,0.000285412097092029,0.000313105001008032,0.000343407148982073,0.000376666654923712,0.000413061302025378,0.00045298875614986,0.000496691336875287,0.000544607599060329,0.000597043885700174,0.000654508324779032,0.000717389770798663,0.000786269362219075,0.00086163042113043,0.000944151410897258,0.00103442024075537,0.00113319737818638,0.00124120410604714,0.00135933549517561,0.00148848891875356,0.00162966269121252,0.0017839368766511,0.00195246019114806,0.00213657662099626,0.00233754469735249,0.0025569753307487,0.00279629345357523,0.00305748473252439,0.0033421000917961,0.0036525510831663,0.00399049359555767,0.00435880803114498,0.0047592764432929,0.00519548321001173,0.00566934537059673,0.00618524406328017,0.00674500818838628,0.00735381978527748,0.00801351216699855,0.00873039543782352,0.00950591011775129,0.0103478183789443,0.0112574908102022,0.0122437771408841,0.0133071046751662,0.0144583319138038,0.0156974790577346,0.0170361990471859,0.018474769799334,0.0200249790690316,0.0216880655811488,0.0234747229212147,0.0253864961987371,0.0274342624581738,0.029620241911197,0.031953422885293,0.0344352273681496,0.037073267446574,0.0398693117797592,0.0428275491612976,0.045949327430021,0.0492348424284145,0.0526853284997729,0.0562935933763415,0.0600597601026667,0.0639691893896833,0.0680215228279165,0.0721900508672443,0.0764735289765073,0.0808339041848187,0.0852700076448063,0.0897270941080177,0.0942032488421054,0.0986257122875263,0.102992678152525,0.107213136927721,0.11128832319001,0.115105891197128,0.118670054888289,0.121851823614281,0.124666125304739,0.126965110577064,0.128775614981077,0.129943299999985,0.130519650934286,0.130353077736709,0.129492853697776,0.127832656675068,0.125422268791918,0.122197288698921,0.118221467370708,0.113488347719969,0.108071978207817,0.102020115062264,0.0954265857756162,0.0883937797300313,0.0810249821639691,0.0734602614057996,0.0658137058575554,0.0582416332197377,0.0508407517551811,0.0437702565905281,0.0371062784677057,0.0309732413011262,0.025400762047771,0.0204682772914578,0.0161670837548591,0.0125232890699627,0.00948449872778986,0.0070262491571218,0.00507407245974228,0.00357357486948026,0.00244619688258389,0.0016270319032287,0.00104744863185745,0.000651339848679649,0.000391243806295583,0.000226131428104339,0.000126199462684153,6.70409419844547e-05,3.45670816050229e-05,1.65605305007382e-05,7.86676112384787e-06,3.36905986874469e-06,1.46651113383281e-06,5.07712350890165e-07,2.15562921966213e-07,1.99323558080489e-08,0
14992684.3278605,0,6.50558072004995e-07,4.07827892683877e-08,7.31763998928759e-07,1.31675436307618e-07,8.28841363571537e-07,1.60167691189378e-07,1.0197692076808e-06,2.43107165156362e-07,1.08223048564166e-06,5.27143875914565e-07,1.05930005120877e-06,8.56357617866637e-07,1.12284907923345e-06,1.13920733868199e-06,1.30039863707692e-06,1.40917526553973e-06,1.55907512697477e-06,1.71145293480122e-06,1.88355149695336e-06,2.07122452863015e-06,2.27774235408021e-06,2.50484528080567e-06,2.75416978257689e-06,3.02850081355134e-06,3.32950274155401e-06,3.66068296764541e-06,4.02420990958692e-06,4.42414326014644e-06,4.86288066757525e-06,5.34563721864317e-06,5.87511336681343e-06,6.45763753450787e-06,7.09687359277212e-06,7.79982650942676e-06,8.57114368386531e-06,9.41892687896802e-06,1.03495183213245e-05,1.13723422015177e-05,1.2495067504931e-05,1.37287358952226e-05,1.50830417919237e-05,1.65708734249549e-05,1.82040416557101e-05,1.99977045886913e-05,2.19668757013587e-05,2.41295574606924e-05,2.65039264513126e-05,2.91109240444921e-05,3.19733333283897e-05,3.51154601786675e-05,3.85650781184452e-05,4.23511498970878e-05,4.65085505457494e-05,5.10705634394358e-05,5.60791246466951e-05,6.15728883279847e-05,6.76044299582929e-05,7.42190347296582e-05,8.14807932046377e-05,8.94434980832355e-05,9.81882328665851e-05,0.000107775487010824,0.000118301297366729,0.000129836555257767,0.000142503017746633,0.000156383718382876,0.00017162486507389,0.00018831777925255,0.000206646670810377,0.000226725918983169,0.000248772822830521,0.000272903427028322,0.000299397112756996,0.000328393053417644,0.000360227537508148,0.000395060208176884,0.000433267782411768,0.000475096031312224,0.000520970565208802,0.000571170233143077,0.000626176239206486,0.000686378754821772,0.000752340559673183,0.000824503825389562,0.000903515113436187,0.000989966292292007,0.00108459148813578,0.00118804967974454,0.0013011928396082,0.00142491902185622,0.0015601985930916,0.00170803482956371,0.00186951692343334,0.00204596346755981,0.00223859986571761,0.00244895374940572,0.00267837649080196,0.00292878570418749,0.00320170199078728,0.00349945318888726,0.00382359995303414,0.00417686777471931,0.00456099227688524,0.00497949441684013,0.00543425205037182,0.00592940659899169,0.00646665855551279,0.00705101803574352,0.00768433983545343,0.00837273684924654,0.00911754467529732,0.00992612850080658,0.0107998757096751,0.0117474283813537,0.0127691827638479,0.0138754771081374,0.0150664232769261,0.0163533704171755,0.0177365124533589,0.0192270331740642,0.0208262992777827,0.0225448256816993,0.0243839688592887,0.026354039899421,0.0284573779031484,0.0307028377339644,0.0330916800523277,0.035631071177096,0.0383227886965693,0.0411711442558418,0.0441774084752056,0.0473414868331012,0.0506647356693291,0.0541405698298783,0.0577688321720808,0.061535059702732,0.0654392648612501,0.0694560732963888,0.0735837163011955,0.0777849591359794,0.0820592964349042,0.0863545225290653,0.0906678983732788,0.0949284935227512,0.0991354070413442,0.10320152571242,0.107126968502017,0.110802431564222,0.114233046652353,0.11729526931892,0.120002233446789,0.122210456230616,0.123947309474574,0.125064720292388,0.125611085234041,0.125440177913314,0.124600869816349,0.122990962159839,0.120658184330001,0.117541320545254,0.113701829305795,0.109133819652006,0.103909737086365,0.0980763641394595,0.0917227048170212,0.0849475756890348,0.0778528320151926,0.0705738464116736,0.0632173200784814,0.0559331651866023,0.0488169165924033,0.0420220699090554,0.0356190358152169,0.0297262836593059,0.0243736572325376,0.019638237718634,0.01551003462182,0.01201253956831,0.00909565422308563,0.00673687208413593,0.00486478400294088,0.00342615321250093,0.00234497190148254,0.00155928648228713,0.00100360920415817,0.000623986900726088,0.000374815863933752,0.000216694703271035,0.000120899414996662,6.41223526800273e-05,3.30577996670488e-05,1.58985698532866e-05,7.55180339395007e-06,3.20177332128207e-06,1.39640597646322e-06,4.96186190553594e-07,2.07525844792801e-07,1.58972038352453e-08,0
15343684.0893001,0,6.21368206730818e-07,3.92162757756638e-08,6.99420928900024e-07,1.25323943059973e-07,7.9180279590715e-07,1.54049604702064e-07,9.73493065846486e-07,2.32543596521426e-07,1.03471789701148e-06,5.0312207583657e-07,1.01272974106621e-06,8.18497895345218e-07,1.07289343567666e-06,1.08914146849295e-06,1.24269573694873e-06,1.34706395094042e-06,1.49019177146403e-06,1.63592863717282e-06,1.80049158294874e-06,1.9798543097838e-06,2.1773588038314e-06,2.39444747144216e-06,2.63287010995251e-06,2.89510601031771e-06,3.18288577317107e-06,3.49948775769708e-06,3.84706613624165e-06,4.22941193429273e-06,4.64884499968579e-06,5.11036998345411e-06,5.61661368222133e-06,6.17353922065646e-06,6.78461920810868e-06,7.45661663671374e-06,8.1940433055833e-06,9.00459540452651e-06,9.89426950300395e-06,1.08720964576656e-05,1.19455053915474e-05,1.31250326622445e-05,1.44198295924728e-05,1.584225365862e-05,1.74037553967169e-05,1.91188039708055e-05,2.10015430779617e-05,2.30691561722412e-05,2.53392876493264e-05,2.78320626046629e-05,3.05690878882472e-05,3.35735717012529e-05,3.68721346241829e-05,4.04923199688419e-05,4.44674364075159e-05,4.88296879724171e-05,5.36194251709051e-05,5.88732262404621e-05,6.46409482690934e-05,7.09663448737234e-05,7.79114982706643e-05,8.55274113972747e-05,9.38902262551811e-05,0.000103058130415111,0.000113125142448749,0.000124159630852606,0.000136276029166319,0.000149552055964103,0.000164128673756237,0.000180096838121701,0.000197633731594399,0.000216843350097456,0.000237930536537869,0.000261014174985452,0.000286367109079867,0.000314113414399371,0.000344567910488883,0.000377896147502034,0.000414466947311224,0.000454499674740431,0.000498394918353695,0.000546440499814956,0.000599103789538066,0.000656734996514,0.000719868703600258,0.00078895962468724,0.000864631770997918,0.000947414765639921,0.00103800802136622,0.00113708893540543,0.00124548408478082,0.00136400927718623,0.00149358213355142,0.00163521036593436,0.00178995915764835,0.00195905422990756,0.00214364627222896,0.00234523842778141,0.00256517624735478,0.0028052829800293,0.00306695051378862,0.00335240028899605,0.0036632207903494,0.00400209195311818,0.00437060799996566,0.00477205374337888,0.00520830751247483,0.00568348098570829,0.00619914527663995,0.00675995630453873,0.00736779720154063,0.00802874043296981,0.00874398544857677,0.00952041342776747,0.010359474655107,0.0112696591875364,0.0122512898310817,0.0133141875381287,0.0144585563377546,0.0156954106151321,0.0170249012301578,0.0184577026702943,0.0199952261821233,0.0216477427629281,0.0234164945563356,0.0253113021427295,0.0273345637694304,0.0294948360695931,0.0317932717553231,0.0342369354093374,0.0368276244449615,0.0395693133200822,0.0424632548075716,0.0455096085947214,0.0487095584919384,0.0520565194271568,0.0555506550213559,0.0591783726815905,0.0629390930890443,0.0668078178383632,0.0707835690031594,0.0748312814606021,0.078949656391936,0.0830871570628931,0.0872417736584637,0.0913463037761088,0.0953990452959464,0.0993145823811577,0.103093798340724,0.106632589796942,0.109934907440858,0.112880408908795,0.115482850606043,0.117604707858051,0.119271087843571,0.12033910335295,0.120857107740817,0.120684012648833,0.11986554132958,0.118304366218002,0.116048214140936,0.113037801494956,0.109331323614465,0.10492409883489,0.0998873252083727,0.0942662210593107,0.0881457940512293,0.0816221519875558,0.0747935226184868,0.0677893309590953,0.0607122001251574,0.053708181896316,0.0468687279868307,0.0403386162688211,0.0341850381521699,0.0285247222048476,0.0233862888634566,0.0188404375134582,0.0148767521892389,0.0115196212581206,0.00872130397480199,0.00645928209987177,0.00466425385524624,0.00328420011487553,0.00224652937137194,0.00149346241385188,0.000961994077074978,0.000598369567844251,0.000358827445614863,0.000207139246962757,0.000115812638784439,6.15547223718567e-05,3.16297248599368e-05,1.51656454930889e-05,7.23295211836407e-06,3.07158378707326e-06,1.33450166852231e-06,4.77086891048578e-07,1.97468638370007e-07,1.36387638919611e-08,0
15702901.2472938,0,5.9407814503214e-07,3.74669722916543e-08,6.68624049117702e-07,1.19798072772586e-07,7.570788464018e-07,1.47060012157906e-07,9.30781644769839e-07,2.22270244703883e-07,9.89107241149907e-07,4.81035274155467e-07,9.68088588889725e-07,7.82458117522716e-07,1.02567327336777e-06,1.04117259253167e-06,1.18801318956092e-06,1.28775850916085e-06,1.42460500503473e-06,1.56391682868011e-06,1.72125040166669e-06,1.8927252619906e-06,2.08154695782651e-06,2.2890772067695e-06,2.5170082977691e-06,2.76772270290929e-06,3.04286364888638e-06,3.34554959516919e-06,3.67784078871327e-06,4.04338662695954e-06,4.4444100151987e-06,4.88565785623997e-06,5.36964185615453e-06,5.90211527394618e-06,6.48639056171467e-06,7.12888543984563e-06,7.83391807843052e-06,8.60886551944705e-06,9.45945528405927e-06,1.0394318885265e-05,1.14205590362971e-05,1.25482298364025e-05,1.3786036365493e-05,1.51457781590874e-05,1.66384611943967e-05,1.82779448591839e-05,2.00777158268232e-05,2.20542096219751e-05,2.42243019659133e-05,2.66071680779352e-05,2.9223446732305e-05,3.20954212783757e-05,3.52486188659751e-05,3.87093407980363e-05,4.25093304367185e-05,4.66792956492591e-05,5.12579360603849e-05,5.62805024104973e-05,6.17946863967414e-05,6.78420573646847e-05,7.44818555003394e-05,8.17630043991e-05,8.97587858257858e-05,9.85251717107053e-05,0.000108151268175761,0.000118701454465815,0.000130286094215774,0.000142981566393852,0.000156922381015265,0.000172193257517722,0.000188962949594332,0.000207333688663199,0.000227504124494962,0.000249586002863484,0.000273836031056566,0.000300374903940227,0.000329509387519058,0.000361396502945688,0.000396384892819626,0.000434688288734719,0.000476692135671457,0.0005226677586754,0.000573064403236491,0.000628225125715409,0.000688660380663006,0.000754794606226,0.00082722434981508,0.000906472303834821,0.000993216482046336,0.00108809585918736,0.00119189584812437,0.00130540689900421,0.0014295132453514,0.00156517031058623,0.00171339622909672,0.00187538843124872,0.00205227179313543,0.00224546924883927,0.00245623120181564,0.00268631396064662,0.00293711656252869,0.00321078813114015,0.00350879856861239,0.00383370035360924,0.00418707942190598,0.00457211549267942,0.00499055696509876,0.00544628837122053,0.00594091183884893,0.0064790741509762,0.00706251022449378,0.00769678245827542,0.00838313811742909,0.00912851952328827,0.00993425204176379,0.0108081924594939,0.0117507593082835,0.0127716624040682,0.0138710452889273,0.0150592871338671,0.016336629113142,0.0177135271996572,0.0191913290405414,0.0207797605916899,0.0224801033662539,0.0243019760079356,0.0262475386320243,0.0283250003602201,0.0305357344360315,0.0328864673792275,0.0353787657554684,0.0380166226003629,0.0408013662680736,0.0437330707786624,0.0468128586908062,0.0500344066670284,0.0533977022910799,0.0568896588398463,0.0605100631851303,0.0642350353182769,0.0680633629468539,0.0719608150997288,0.0759259448309341,0.0799095780020291,0.0839101183328648,0.0878622947295071,0.091764054325399,0.095533270610194,0.0991709989782983,0.102576830931214,0.105754137236779,0.108586751916092,0.111088549204468,0.113127091627357,0.114725975540904,0.11574744777809,0.11623864060163,0.116064132331966,0.115268216903911,0.113756909165404,0.111575906901207,0.108669270631781,0.105093915798555,0.100844993742791,0.0959907796132514,0.0905763805025907,0.0846839676878696,0.0784049365406579,0.0718333959138018,0.0650959825729728,0.0582921617139398,0.0515599323198581,0.0449855964484561,0.0387110003963768,0.0328019923860448,0.0273677322399131,0.0224336777999558,0.018069439939859,0.0142660508689153,0.0110458667143464,0.00836212425103758,0.00619243638579067,0.00447015049483622,0.00314674223539659,0.00215301100779671,0.00143161110368644,0.000921497040011161,0.000572712037145928,0.000343692885756153,0.000198594440747459,0.000110899638215136,5.88564140325076e-05,3.02809807712808e-05,1.45368607626531e-05,6.9216157184142e-06,2.93717811162319e-06,1.2768511601019e-06,4.54883466967026e-07,1.88840707064287e-07,1.38232653752512e-08,0
16070528.1826164,0,5.68901516261208e-07,3.54737342823004e-08,6.3991890307584e-07,1.15011361033237e-07,7.24580986924547e-07,1.39701400567631e-07,8.9179736188872e-07,2.11630194431779e-07,9.46638283605272e-07,4.59641690518714e-07,9.26368344036505e-07,7.47510692252269e-07,9.81409892972453e-07,9.94868850038931e-07,1.13613967801475e-06,1.23078890314514e-06,1.36186379850659e-06,1.49478462691528e-06,1.64509228050293e-06,1.80893236030169e-06,1.98920774775261e-06,2.18753647437472e-06,2.40518622426652e-06,2.64472387766528e-06,2.90752514424283e-06,3.19668610214256e-06,3.51410072252359e-06,3.86329248826044e-06,4.24635250754302e-06,4.66787328149755e-06,5.13022658837354e-06,5.63891219787484e-06,6.19708316404004e-06,6.81090366263632e-06,7.48448049491318e-06,8.22486336308272e-06,9.03753986625049e-06,9.93078888865484e-06,1.0911385021649e-05,1.19889300740026e-05,1.31717662777433e-05,1.44711932188413e-05,1.58977249599217e-05,1.74646289218051e-05,1.91848322451909e-05,2.10740601947375e-05,2.31483917037053e-05,2.54261256822955e-05,2.79270650410576e-05,3.06725874362334e-05,3.36870725247799e-05,3.69956255117387e-05,4.06285827361868e-05,4.46153524904868e-05,4.89929972393683e-05,5.37952455009185e-05,5.90677055501319e-05,6.4850204646567e-05,7.11994169248533e-05,7.81621990326678e-05,8.58087377689719e-05,9.41925697913645e-05,0.000103398879478217,0.000113489300621619,0.000124569453986075,0.000136712821107152,0.000150048297987109,0.000164656308253289,0.000180698375206951,0.000198273266921694,0.00021757085688497,0.000238697562200851,0.000261899868737092,0.000287294222788348,0.000315173302027461,0.000345686786403175,0.000379169647343889,0.000415827539443107,0.000456029614580449,0.000500034891360967,0.000548272241902801,0.000601071992419147,0.000658925812501691,0.000722241659694069,0.000791591559800162,0.00086747397913118,0.000950534558634122,0.00104138750640124,0.00114079273153655,0.00124951080791472,0.00136838776407155,0.00149833928050266,0.00164034009178381,0.00179553424414362,0.00196500084538267,0.00215011209787381,0.00235208080010303,0.00257259605324745,0.00281298694871729,0.0030753062808547,0.00336097884117961,0.00367246082443749,0.00401127939046982,0.00438050020862311,0.00478180384050573,0.00521891805765542,0.00569339817999849,0.00620967385437452,0.00676940204610871,0.00737800652188428,0.00803673950913386,0.00875218992819239,0.00952558047442573,0.0103645172506273,0.0112695018082307,0.0122498680581301,0.0133057223009121,0.0144470187697749,0.0156740325598936,0.0169968515016853,0.0184168136055525,0.0199432962100321,0.0215775281945267,0.0233287324929408,0.025199037462985,0.0271963976535275,0.0293221948472282,0.0315829550339139,0.0339800999044369,0.0365174617862689,0.0391964072228798,0.0420170284566145,0.0449804280806343,0.0480805869611244,0.0513174748142543,0.0546784446400655,0.0581632135939731,0.061748747233976,0.0654338755657627,0.0691856493986653,0.0730027331464475,0.0768377706385132,0.0806888980087383,0.0844929793318634,0.0882483176046727,0.0918759827242217,0.0953766644536422,0.0986531882086786,0.101709013099109,0.104432647935616,0.10683709300243,0.108794399090566,0.110327685919427,0.111304633342729,0.111770456941348,0.111594543260329,0.110820035009532,0.109357352566239,0.107250320722339,0.104444370707768,0.100995232472702,0.0969005184086888,0.0922251781373821,0.0870105473442021,0.0813367683376123,0.0752949508742918,0.068974998604634,0.0624964318405497,0.0559548264829377,0.0494842849834883,0.0431681271100593,0.0371423795693208,0.031468686966275,0.026250495821379,0.0215134353941592,0.0173262527374572,0.0136788766397036,0.0105899546208532,0.00801479421444437,0.00593384893437986,0.00428340704900211,0.00301559293503605,0.00206323172093025,0.00137143022405412,0.00088227752191298,0.000548352194567609,0.000329396974672149,0.000190350335648555,0.000106050728513003,5.62411501995448e-05,2.90512953320882e-05,1.39525631376009e-05,6.59564582070109e-06,2.80507830180624e-06,1.2323619955038e-06,4.33457025657614e-07,1.78772773217783e-07,1.4167510306392e-08,0
16446761.7799466,0,5.42792316449407e-07,3.40501002399406e-08,6.11098005380515e-07,1.09148235069883e-07,6.9149162539912e-07,1.34118627348665e-07,8.50421414792831e-07,2.02001614598857e-07,9.04059139921084e-07,4.3807187727901e-07,8.84467908642539e-07,7.13558016737026e-07,9.36378659782033e-07,9.49970595818654e-07,1.08409225988838e-06,1.1749890326779e-06,1.29978768728081e-06,1.4268078877692e-06,1.57025976934108e-06,1.72660453981448e-06,1.89876731535508e-06,2.088002579125e-06,2.2958272295096e-06,2.52442806305779e-06,2.77530662261778e-06,3.05130459436525e-06,3.35429362606218e-06,3.68759629209744e-06,4.05324905785727e-06,4.45560049597074e-06,4.89694563818682e-06,5.38249974976678e-06,5.91529598766108e-06,6.50121724895628e-06,7.14419500914875e-06,7.85094386344992e-06,8.62671501819956e-06,9.47941929376231e-06,1.04155329006523e-05,1.14442066370592e-05,1.2573421960658e-05,1.38139773154206e-05,1.51759034488923e-05,1.66718837961098e-05,1.83143333635038e-05,2.01182884626796e-05,2.20990425870939e-05,2.42740371908751e-05,2.66622485596789e-05,2.92841401621871e-05,3.21629837272802e-05,3.53227951968083e-05,3.87926215511192e-05,4.26005478602106e-05,4.67819937888968e-05,5.13692551856736e-05,5.64058436159401e-05,6.19297448362105e-05,6.79952475147867e-05,7.46472563785909e-05,8.19528469154023e-05,8.99633423524831e-05,9.87602096308699e-05,0.000108402189261185,0.000118990286377533,0.000130595130862664,0.000143340038693537,0.000157301780001873,0.000172634750908525,0.000189433628730222,0.000207880566407653,0.000228077741418937,0.000250259743105242,0.000274537079184745,0.000301191901461626,0.000330369893909278,0.000362389460802163,0.00039744520300465,0.000435892268433622,0.000477980310389421,0.00052411890406116,0.000574624862684565,0.000629970167875005,0.000690544519761684,0.000756894341440566,0.000829498893879664,0.000908979554275819,0.000995925656164187,0.00109106361238117,0.00119512048223414,0.00130890813709786,0.00143330944604261,0.00156926276643866,0.00171786286953733,0.0018801435698403,0.0020574237605372,0.00225086567031937,0.00246208778595359,0.00269237817452489,0.00294371539052129,0.00321745391851215,0.00351594248980072,0.00384067255603962,0.00419460098620141,0.00457932106423358,0.00499839295963968,0.00545335016132245,0.00594848721995292,0.00648535938867402,0.00706910832308878,0.00770100358097224,0.00838747995337152,0.00912967434624893,0.00993477706060698,0.0108033502279328,0.0117444753496444,0.0127581685889075,0.0138539270428648,0.0150322140540606,0.0163028003989227,0.0176667414647851,0.0191330055168775,0.0207030501282972,0.0223858171230012,0.0241832440865343,0.0261029582185891,0.0281462767000488,0.0303194954816652,0.0326241514025838,0.0350639274332921,0.0376400302555279,0.040352670463492,0.0432029120284553,0.0461848095315123,0.0492985222651733,0.0525320536755355,0.0558848486804574,0.0593345578601132,0.0628802060321408,0.0664902233621441,0.0701633080190496,0.0738536434916994,0.0775593289677776,0.0812196635797781,0.0848328493487566,0.0883228287661315,0.0916903829349122,0.0948417769685598,0.097780183948623,0.100398160039777,0.102708176681958,0.104587202729733,0.106057876258285,0.106992462327029,0.107434219969583,0.107258094087132,0.106506051179264,0.105091576143431,0.103056895572738,0.10035056024252,0.0970264233472855,0.093081754829624,0.0885790297437587,0.0835596476156302,0.0781010376578057,0.0722896448307054,0.0662119050318077,0.0599843112749317,0.0536982305676713,0.047481638464438,0.0414148675223693,0.0356287392835548,0.0301817021944799,0.02517322823326,0.020628201163931,0.0166115065223408,0.0131124261795347,0.0101496196411,0.00768083098740433,0.00568632261627913,0.00410426857082144,0.00288906161934665,0.00197636015829882,0.00131336463432809,0.00084484176204609,0.000525255115201305,0.000315548341578117,0.000182163307494281,0.000101392619822466,5.38315958773475e-05,2.78769746754095e-05,1.33768814904989e-05,6.27375056895345e-06,2.65711878567824e-06,1.19426164752834e-06,4.30923044790238e-07,1.6466328478335e-07,8.17942240543217e-09,0
16831803.5333095,0,5.16867269406855e-07,3.26195362374889e-08,5.81718465573518e-07,1.04274086807853e-07,6.58670266355804e-07,1.2800263256655e-07,8.09847847122127e-07,1.93434073889242e-07,8.60495459358978e-07,4.18804126887861e-07,8.41998000421909e-07,6.81166106408366e-07,8.92193976091217e-07,9.06060772135811e-07,1.03366661240647e-06,1.12049371293114e-06,1.23958654598701e-06,1.36081655422378e-06,1.49770511608098e-06,1.6469688540955e-06,1.81127392191481e-06,1.99189268431356e-06,2.19028243981409e-06,2.40848632562677e-06,2.64796513965785e-06,2.91142244679824e-06,3.20066911787473e-06,3.51888421321475e-06,3.86798047586654e-06,4.25211227365178e-06,4.67348086462026e-06,5.13708667663668e-06,5.64582995944465e-06,6.20531492163532e-06,6.81930106694182e-06,7.49420088679566e-06,8.23502731616676e-06,9.0493343815506e-06,9.94332751465807e-06,1.09257692734571e-05,1.20042725637262e-05,1.31891549863887e-05,1.44900074447745e-05,1.59189373680733e-05,1.74877694815853e-05,1.92108211623798e-05,2.11027804493195e-05,2.31804563110699e-05,2.54619489156963e-05,2.79666877339147e-05,3.07169125193697e-05,3.37356194765043e-05,3.70506187282655e-05,4.06888747352563e-05,4.46842480760268e-05,4.90674575098884e-05,5.38800747486731e-05,5.91585437169328e-05,6.49548863532979e-05,7.13120782982175e-05,7.82940157548469e-05,8.59495470333643e-05,9.43568918825976e-05,0.000103572776164314,0.000113693696219625,0.000124786684487186,0.000136969550542084,0.000150315964066556,0.000164973881064184,0.000181034771633857,0.00019867252842272,0.000217982587355089,0.000239190093079057,0.000262405473706034,0.000287897950183551,0.000315801591239508,0.000346421940246687,0.000379950300094535,0.000416725742388416,0.000456985337954155,0.000501124182560537,0.000549445957170865,0.000602397510427931,0.00066035303934404,0.000723843812240357,0.000793331085356918,0.000869403204101737,0.000952620105352759,0.00104368066442819,0.00114328731250028,0.00125222197454571,0.00137133066201372,0.00150150959403241,0.00164380911263839,0.00179922464786148,0.00196901702468719,0.00215430200735083,0.00235664721280948,0.00257728902253734,0.00281810066974209,0.00308038114792778,0.00336641816710812,0.00367766248961321,0.00401691906719616,0.0043856919806116,0.00478744012731332,0.00522368762161662,0.00569849870479185,0.00621331224434672,0.00677317147960349,0.00737938118342703,0.0080379640555847,0.00874996399327255,0.00952250126311896,0.0103561684450721,0.0112594524321556,0.0122323660461594,0.0132842860677845,0.0144156866572072,0.0156357290783827,0.0169454966168106,0.018353863537923,0.0198621224949505,0.0214786312616085,0.023205467313168,0.0250502023836663,0.0270139457794098,0.0291026231892778,0.0313178001704876,0.0336631703809363,0.0361399369063528,0.0387480573179091,0.0414885366490934,0.0443561243241652,0.0473509239594388,0.0504608468736094,0.0536854307410676,0.0570035876930939,0.0604142660635167,0.0638868566087071,0.0674201502497895,0.0709700832179247,0.0745346994870762,0.0780554532812009,0.0815306961257854,0.0848872443464435,0.0881254784753656,0.091155022242187,0.0939793288569137,0.0964949835644515,0.098713691955509,0.100516885898303,0.101926284789992,0.102819401078592,0.103238584849404,0.103063105340793,0.102332734830105,0.10096466957064,0.0990001456861842,0.0963906464226712,0.0931885351050237,0.0893901572080125,0.0850543665313921,0.0802233065597729,0.0749739858889506,0.0693876959999399,0.0635443179447084,0.0575578308347723,0.0515191632201398,0.0455497079235648,0.0397238372232104,0.034168352200281,0.0289406558789477,0.0241350673575703,0.0197744542132816,0.0159217694705894,0.0125668533522515,0.0097261881838594,0.00735868781858422,0.00544684351779782,0.00393183967526554,0.00276805850906971,0.00189283175489862,0.00125701756748168,0.000808728626871143,0.000503234093970202,0.0003021953781776,0.000174173828365906,9.70315657305181e-05,5.16319298897554e-05,2.66287062721514e-05,1.27228544809033e-05,6.04269761356065e-06,2.57778933230241e-06,1.1190230859392e-06,3.99152772388908e-07,1.65594611940048e-07,1.0585251549827e-08,0
17225859.6539879,0,4.93907758740624e-07,3.11049348822926e-08,5.5583764627397e-07,9.9718691216479e-08,6.29354313791254e-07,1.22145837375592e-07,7.740664165482e-07,1.8461144611546e-07,8.22329646018565e-07,4.0007454419986e-07,8.04625540887153e-07,6.50743174603851e-07,8.52545983274857e-07,8.65720053327735e-07,9.87621005688953e-07,1.07065064734032e-06,1.18438937553956e-06,1.30022688498006e-06,1.43103707348837e-06,1.5736177437615e-06,1.73061702863269e-06,1.90317938256977e-06,2.09270335460899e-06,2.30118214407195e-06,2.52998567085381e-06,2.78170217597327e-06,3.05804769400302e-06,3.36205439257187e-06,3.69556457283831e-06,4.06255173809237e-06,4.46511397504162e-06,4.9080071081984e-06,5.39400100553197e-06,5.92848376066004e-06,6.51505117219469e-06,7.15980824669281e-06,7.86754391027566e-06,8.64547011969045e-06,9.49949371865472e-06,1.04380116552772e-05,1.1468344629554e-05,1.2600338723596e-05,1.38431208825258e-05,1.52082506463599e-05,1.67070566721074e-05,1.83532086553019e-05,2.01606781544333e-05,2.21455551553515e-05,2.43252416308317e-05,2.67183296701412e-05,2.93460256090561e-05,3.22303344975335e-05,3.53979155069456e-05,3.88744838844034e-05,4.26922615398129e-05,4.6880644136058e-05,5.14794800340535e-05,5.65235899340067e-05,6.2062618603473e-05,6.81377141233631e-05,7.48101973685079e-05,8.21269648923862e-05,9.0162631735299e-05,9.89713645790886e-05,0.000108645523938657,0.000119249081345484,0.000130894909320076,0.000143654208440752,0.000157668001215101,0.000173022529448706,0.000189884915648257,0.000208349467553159,0.000228631307171244,0.000250832685532415,0.000275210073570753,0.000301894514620062,0.000331180779488887,0.0003632511993783,0.000398428570401524,0.000436940567419587,0.000479166128431587,0.000525395322227312,0.000576055308838616,0.000631505426445083,0.000692256434526389,0.000758751839434455,0.000831555334405147,0.000911201113107195,0.000998355996117815,0.0010936951889024,0.00119797448693854,0.00131200602911369,0.00143664420133538,0.0015728922405967,0.0017217062749767,0.00188430291171973,0.0020617586441574,0.00225556987863948,0.00246691380217429,0.00269759591184139,0.00294888613144247,0.00322297339308302,0.00352121393950765,0.00384630355802568,0.00419974683966327,0.00458486821472697,0.00500306774015072,0.00545823978781064,0.00595186386679337,0.00648878305842844,0.00707014017034018,0.00770173082746791,0.0083846999256177,0.00912587917025558,0.00992574364501312,0.0107924684396912,0.0117261826248523,0.0127358404974046,0.0138218160626038,0.0149930245285264,0.0162506372879838,0.0176030480186724,0.0190514534594155,0.0206040758841758,0.0222629120482688,0.0240350905727727,0.0259217926537557,0.0279289017108511,0.0300578249418178,0.0323119318144317,0.0346924727726689,0.0371996858648006,0.0398344990869434,0.0425915138224177,0.0454708452832099,0.0484612768050192,0.0515623644197969,0.0547534834444373,0.0580335521645274,0.061373221020699,0.0647713718227924,0.0681855592928872,0.0716136576521276,0.074999338535425,0.0783413137891087,0.0815689515001122,0.0846821465700049,0.0875939937900595,0.0903081840354408,0.0927251232880058,0.0948557007403678,0.0965858391252286,0.0979370153743321,0.0987912825188824,0.099188704725796,0.0990134061348598,0.0983044901548657,0.0969831142969275,0.095089114906165,0.0925739812391925,0.0894870580394731,0.0858293024368325,0.0816600911658407,0.0770145504203849,0.0719628494452771,0.0665899492594083,0.0609772909091157,0.0552282643526903,0.0494255528551979,0.0436907673858836,0.0380986429250273,0.0327675360964949,0.0277504336607072,0.0231392705718069,0.0189560268492363,0.0152604508359423,0.012043453930333,0.00932090391050732,0.00705176173821602,0.00521837951173303,0.00376567763845257,0.00265102925900784,0.00181342180663753,0.00120431419615096,0.000774208592281034,0.000481427821542965,0.000289361119430542,0.000166963342589113,9.28303388529479e-05,4.92898285190435e-05,2.55366201938375e-05,1.22274637112036e-05,5.73539469868261e-06,2.45411505903902e-06,1.09548532331417e-06,3.76586719619939e-07,1.49597935951134e-07,1.39142992700797e-08,0
17629141.1809595,0,4.71903329884221e-07,2.97430841070889e-08,5.31176945277266e-07,9.52052425700701e-08,6.0131785121174e-07,1.16817261909662e-07,7.39467916531877e-07,1.76534220384718e-07,7.85636558169353e-07,3.82190998352336e-07,7.68982437363776e-07,6.2154205287634e-07,8.14694519560858e-07,8.27110193703692e-07,9.43626516498588e-07,1.02294089712129e-06,1.13161933070697e-06,1.24228545412094e-06,1.36729571349819e-06,1.50352084359871e-06,1.65351065552822e-06,1.81839117807347e-06,1.99949455270068e-06,2.19869677245711e-06,2.41730756501248e-06,2.65782915330709e-06,2.92190475858869e-06,3.2123965347327e-06,3.5310595847523e-06,3.88171231161875e-06,4.26638868348125e-06,4.6896225747156e-06,5.15401035056612e-06,5.6646869866071e-06,6.22515458875674e-06,6.84127748359743e-06,7.51758605746804e-06,8.26096314571058e-06,9.07707025902148e-06,9.97389800497127e-06,1.09584664513215e-05,1.20402744719495e-05,1.32280072939568e-05,1.45326030122925e-05,1.59649297233101e-05,1.75381922917933e-05,1.92658107707109e-05,2.11631636164514e-05,2.32467664319506e-05,2.55341281898496e-05,2.80455230620249e-05,3.08023612993457e-05,3.38302286720966e-05,3.7153448151885e-05,4.08027569372132e-05,4.48062643610556e-05,4.9202105443626e-05,5.40241649280394e-05,5.93202575374835e-05,6.51287383176929e-05,7.15071418108908e-05,7.85010827609202e-05,8.61835895558131e-05,9.46061783061173e-05,0.000103855346450698,0.000113992787485156,0.000125128069177668,0.000137327831990096,0.00015072586329256,0.000165408421841093,0.000181536152150078,0.000199193412835983,0.000218586443798889,0.000239819102568967,0.000263133625066579,0.000288652479088219,0.000316664704061237,0.000347344760517928,0.000380992576664802,0.000417832428768025,0.000458236010008666,0.000502466251304572,0.000550926084030659,0.000603983260958049,0.000662131276852351,0.000725772270075702,0.000795444927530571,0.000871667995114426,0.000955071175306699,0.00104632667829066,0.00114619480175639,0.00125540422361053,0.00137471376782477,0.00150513904284779,0.00164766046614845,0.00180340950774375,0.00197338007388795,0.00215900672773733,0.00236141905979158,0.00258238979633256,0.00282317732346049,0.00308583035830933,0.0033716036506132,0.00368308851502602,0.00402176539433805,0.00439092972831573,0.00479191470699131,0.00522822789566357,0.00570130522184312,0.00621611682869198,0.00677374304559685,0.00737939262746407,0.00803424380314393,0.00874520291990344,0.00951262825349838,0.0103440519522479,0.0112397489184361,0.012208622461222,0.0132509155414698,0.0143749355353804,0.0155819542457839,0.0168801866536572,0.0182706520759063,0.0197613242001771,0.0213543439270699,0.0230562687234963,0.0248680506174935,0.0267958525436231,0.0288411145925432,0.0310065091085594,0.0332933691097086,0.035702513311529,0.0382345814724107,0.0408839840757972,0.043651048109413,0.0465250471721438,0.0495054988099925,0.052572916530914,0.0557261160196963,0.0589362686102864,0.062202363357224,0.0654841075275169,0.0687795097880742,0.0720339978029842,0.0752460290005404,0.0783477480290192,0.0813391291463913,0.0841364324040046,0.0867434137864979,0.0890644832635257,0.0911095278682853,0.0927685796921284,0.0940631319176142,0.0948795340355206,0.0952555541946986,0.0950811396074326,0.0943947972848494,0.0931183932119922,0.0912901049119023,0.0888675275922041,0.0858979084662451,0.0823773210615624,0.0783636230575907,0.0738970706045245,0.0690450917307747,0.0638829320468381,0.0584877474114971,0.0529648105594902,0.0473959591829585,0.0418941105070196,0.03652689727169,0.0314090478254999,0.0265959117940533,0.0221765167761496,0.0181670035116591,0.0146221438662955,0.0115364182139212,0.00892745314638054,0.00675470844860725,0.00499931474325311,0.00360682498225693,0.00253687024351886,0.0017343773641869,0.00115340795501075,0.000742532992535319,0.000460599019629104,0.000275880700470895,0.000159686362065036,8.92796278718146e-05,4.71679316727422e-05,2.42291491588441e-05,1.17009860153188e-05,5.55553999041757e-06,2.33613953582888e-06,1.02569751059355e-06,3.67137703711643e-07,1.48339383538949e-07,1.08794553677198e-08,0
18041864.0939207,0,4.50404162325167e-07,2.82802566522463e-08,5.06915323602899e-07,9.10218610882993e-08,5.73753899652401e-07,1.11360888538132e-07,7.05972764723492e-07,1.68218800426849e-07,7.4977838287213e-07,3.64968204817153e-07,7.33449376692208e-07,5.93515245567718e-07,7.7723424421787e-07,7.89427494057836e-07,9.00473577365054e-07,9.76240936737314e-07,1.07992430855779e-06,1.18557108211944e-06,1.30484077423168e-06,1.43488448064104e-06,1.57803608916762e-06,1.73542651472962e-06,1.90826039617696e-06,2.09842214328205e-06,2.30711115260218e-06,2.53670696897625e-06,2.78876474018844e-06,3.06608315595428e-06,3.37033679392538e-06,3.70513081509343e-06,4.07237072214228e-06,4.4764502999772e-06,4.91989785555934e-06,5.40757265397644e-06,5.94277152715181e-06,6.53112681527783e-06,7.17700079468819e-06,7.88694967842344e-06,8.66638129556739e-06,9.52297931535104e-06,1.04634135425185e-05,1.14966548405097e-05,1.26310745032934e-05,1.3877291320531e-05,1.52456536227308e-05,1.67486409096453e-05,1.83990536662055e-05,2.02115654829149e-05,2.2202004700428e-05,2.43874258936756e-05,2.6787350954461e-05,2.94218884441728e-05,3.23152521709757e-05,3.54909114414752e-05,3.89784641044229e-05,4.28049001968013e-05,4.70066411230679e-05,5.16155163505652e-05,5.66767965588308e-05,6.22281368107969e-05,6.83260083506721e-05,7.50134129474052e-05,8.23580691164499e-05,9.04094928801327e-05,9.92529263882566e-05,0.000108947232044504,0.000119594544099082,0.000131259644248515,0.00014407333011274,0.000158115564827076,0.000173537733383078,0.000190425407860143,0.000208976584385265,0.000229285193883071,0.000251586269629899,0.00027600180078571,0.000302801530991507,0.000332150513147882,0.000364345191428935,0.000399595526305115,0.000438246960895018,0.000480566492399506,0.000526949774115559,0.000577725923892928,0.000633359069276543,0.000694254712722966,0.000760932306348394,0.000833886623825706,0.000913734655478235,0.00100109673116911,0.00109665849428856,0.00120115783168473,0.00131538783601415,0.00144028626836863,0.00157673311167116,0.0017258348346913,0.0018885762673419,0.00206633588279549,0.00226020992535259,0.00247187368950602,0.002702488763811,0.00295404588577114,0.00322780453850663,0.00352627249995452,0.00385084089050556,0.00420455505165741,0.00458872162517957,0.00500694024492386,0.0054605559748457,0.00595401485532227,0.00648845528464844,0.00706926840590621,0.00769744310594063,0.0083791500309766,0.00911489634050588,0.00991243762508938,0.0107719956987486,0.0117015889856811,0.0127014499129566,0.0137800164186241,0.0149385039463517,0.0161845303210662,0.0175192466525242,0.0189503426336438,0.0204795897962189,0.0221136499104187,0.023853820512143,0.0257052886717331,0.0276691601465018,0.0297490684444471,0.0319464438312614,0.0342610506022241,0.0366935524132243,0.0392392225324742,0.0418981891380419,0.0446600503976671,0.0475246045880673,0.0504727917273853,0.0535032063573249,0.0565885728480468,0.0597280596609872,0.0628824745010709,0.0660497509584605,0.0691776478196276,0.072264537653666,0.0752448214743942,0.0781189446793048,0.0808068321861485,0.0833111626830124,0.0855393649913732,0.0875019263041552,0.0890934293098232,0.0903338243662816,0.0911141042683637,0.0914709912205918,0.0912978513109974,0.0906323715994776,0.0894012035743605,0.0876393906548532,0.085304374336454,0.0824446080139835,0.0790593949505843,0.0752011230616978,0.0709050992746536,0.0662393837831842,0.0612804621196597,0.0561000203359238,0.0507962438140906,0.0454483843839078,0.0401663086521437,0.0350162026415942,0.0301080880705743,0.0254917039227676,0.0212512860520826,0.0174059332721753,0.0140095668650649,0.0110532481656689,0.00855208959784317,0.0064690087314487,0.00478686063305403,0.00345352124399145,0.00243003240764611,0.00166167803846147,0.00110376657158821,0.000709703756248876,0.000441006115638399,0.000264792888388352,0.000152827951800005,8.50974619770773e-05,4.51669911948395e-05,2.33178180682267e-05,1.11597270029374e-05,5.27389605104372e-06,2.25546042956586e-06,9.87731749170713e-07,3.42905013014822e-07,1.43070511270923e-07,1.22613074642208e-08,0
18464249.4289554,0,4.29735485800596e-07,2.71380832087005e-08,4.83557072837027e-07,8.66829324004315e-08,5.4775607445042e-07,1.06263454899783e-07,6.73271657968316e-07,1.61038982973845e-07,7.15146242788614e-07,3.48336339778669e-07,7.00065817513965e-07,5.66179830270385e-07,7.41923448883528e-07,7.53229791929421e-07,8.59446904693962e-07,9.31629620011447e-07,1.03065911280692e-06,1.13146969376828e-06,1.24533614330944e-06,1.36944006138374e-06,1.50610179149693e-06,1.65631275158769e-06,1.8213016659823e-06,2.00280101980033e-06,2.20200927997315e-06,2.42117539009668e-06,2.66177972226021e-06,2.92647496706525e-06,3.21689528320223e-06,3.53648436325041e-06,3.88705134667861e-06,4.27275641818345e-06,4.69603055274413e-06,5.16154541466637e-06,5.67243529528781e-06,6.2340573912919e-06,6.85060340044702e-06,7.52833492252547e-06,8.27237863256098e-06,9.09007882849232e-06,9.98784442693426e-06,1.09742327309415e-05,1.20572054478255e-05,1.32468973198342e-05,1.4553229655611e-05,1.59881742845419e-05,1.75639348761335e-05,1.92944333469134e-05,2.11947510384427e-05,2.32812221357923e-05,2.55725423015238e-05,2.80879369296783e-05,3.08505389331048e-05,3.38827131852603e-05,3.72126472736471e-05,4.08662017013245e-05,4.48783643060991e-05,4.92795167761223e-05,5.41126997636537e-05,5.94138914315386e-05,6.52371389242323e-05,7.16235075577519e-05,7.86378348006555e-05,8.63275937195298e-05,9.47737439337271e-05,0.000104032197217359,0.000114201409026086,0.000125344331413925,0.000137585616223415,0.000151000175434566,0.000165731767701352,0.0001818640302011,0.000199588480539997,0.000218993641670535,0.000240301844720009,0.000263631404809656,0.000289241868669789,0.000317290545099007,0.000348060922763161,0.000381753999853665,0.000418699265258406,0.000459153627880231,0.000503499719694371,0.000552053463316409,0.000605253637166932,0.000663484303719295,0.000727247782966234,0.0007970278306689,0.000873417462405367,0.000957001251734664,0.0010484274756829,0.00114841039044144,0.00125772127998232,0.00137725204110867,0.00150783620547379,0.00165054455518828,0.00180633275937568,0.00197651292393258,0.00216212784489731,0.00236478641876372,0.00258560470963542,0.00282649993718253,0.00308869802116097,0.00337459622880153,0.00368550847951075,0.00402434540002797,0.00439236065365307,0.00479304648105273,0.0052277529280356,0.00570069540819267,0.0062128775268944,0.00676951555751755,0.00737168337257407,0.00802531317753091,0.00873081225649694,0.00949554494181566,0.0103197403442036,0.0112112459833156,0.0121703891445262,0.0132050912368316,0.0143164540962399,0.0155119700407602,0.0167927706756517,0.0181661571783667,0.0196339125401767,0.0212024351379936,0.0228728620621413,0.0246503255388702,0.0265361046706401,0.028533468486489,0.0306435275686682,0.0328662814703301,0.0352026468357343,0.0376480605856885,0.0402024847210082,0.0428558217067894,0.0456078541547932,0.0484403276012117,0.0513520097185479,0.0543167546883975,0.0573335465302626,0.0603644798096176,0.0634077442929651,0.0664132626541978,0.0693793035867659,0.0722427862854527,0.0750041346960276,0.0775860034642623,0.0799908786752404,0.0821301194173616,0.0840140496857619,0.0855410065169606,0.0867296109913144,0.0874753415793376,0.0878146716860534,0.0876448110952461,0.0870004251673564,0.0858118826836699,0.084115004577909,0.0818684058428196,0.0791167118329601,0.0758599342943975,0.0721502851542208,0.0680222431585534,0.063539625407049,0.0587755071077678,0.0538004021124576,0.048708892889448,0.0435755196937631,0.0385062529035608,0.0335654053104828,0.0288575582686803,0.0244296193640845,0.0203632890146853,0.0166773280056344,0.0134220849404351,0.0105880868069528,0.00819089655091376,0.0061956388511477,0.00458468244211664,0.00330717522113274,0.00232643350900401,0.0015907077634946,0.00105680769098213,0.000679601671575123,0.00042223179176086,0.000253380964206628,0.000146145973450354,8.14181881455325e-05,4.32986757207481e-05,2.23367222542055e-05,1.06304363712806e-05,5.02874444895044e-06,2.1817926988118e-06,9.51372586602356e-07,3.16586554193406e-07,1.3475565891453e-07,1.50650940083541e-08,0
18896523.3969121,0,4.10462643112071e-07,2.57950141969137e-08,4.62173420689928e-07,8.28621429707996e-08,5.22867074300365e-07,1.01624742817772e-07,6.43448846476126e-07,1.53364290945751e-07,6.83318465935978e-07,3.32584847469625e-07,6.69060111290564e-07,5.40086869249594e-07,7.09356422397446e-07,7.19062620029587e-07,8.20869955901913e-07,8.90021308445598e-07,9.84311392237654e-07,1.08063831726725e-06,1.18961730501006e-06,1.30786899151594e-06,1.43856251259422e-06,1.58207630167216e-06,1.73954496298415e-06,1.91304590531557e-06,2.10327368251811e-06,2.31262281738312e-06,2.54251633210235e-06,2.79533383103598e-06,3.07280421652856e-06,3.37812340139386e-06,3.713054518031e-06,4.08158986234167e-06,4.48601284329112e-06,4.93081947436671e-06,5.41895738565318e-06,5.95556460130593e-06,6.54470677308807e-06,7.19236462216924e-06,7.90336171529583e-06,8.68468771988898e-06,9.54258393392132e-06,1.04852637665142e-05,1.15201982892383e-05,1.26570474927855e-05,1.39054320102681e-05,1.52768017325361e-05,1.67826913828223e-05,1.84364589841777e-05,2.02526948135118e-05,2.22469511241713e-05,2.44368630193324e-05,2.68407671479476e-05,2.94809694801302e-05,3.23790998406405e-05,3.55621697069819e-05,3.9054577002151e-05,4.2889358183584e-05,4.70957201393868e-05,5.17155386932506e-05,5.67836180848474e-05,6.23509913556105e-05,6.84558549985835e-05,7.51603345825428e-05,8.25114855749829e-05,9.05876913252249e-05,9.94409488090933e-05,0.000109163374212532,0.000119815665943686,0.000131519726748655,0.000144349079689012,0.00015843883740752,0.000173863878382928,0.000190808603491015,0.000209366417619222,0.000229750739418971,0.00025206509899235,0.000276556075527767,0.00030338171139484,0.000332812867795644,0.000365038799817771,0.000400381644182256,0.000439089248799311,0.000481514065950719,0.000527952390012541,0.000578842533208096,0.000634568550866682,0.000695592858398683,0.000762351168422629,0.000835427705750108,0.000915418199914852,0.00100293247940088,0.00109861608897316,0.00120321201637892,0.00131761621343603,0.00144264151336718,0.00157928167421112,0.00172842156990978,0.00189132490238664,0.00206902177896541,0.00226308166596319,0.00247457377081208,0.00270528986180607,0.00295637736550138,0.00323018359658533,0.00352802053411127,0.0038526447385479,0.00420521462140755,0.0045890887220576,0.00500561612413743,0.00545887813241686,0.00594976680300679,0.00648319652216973,0.00706032850913422,0.00768697966453916,0.00836340671493251,0.00909654760950806,0.00988678173945408,0.0107417451322708,0.0116616326050327,0.0126540134675371,0.0137200748453466,0.0148670025780953,0.0160958069774381,0.0174135181569662,0.018821907505806,0.020327174597988,0.0219304637410432,0.0236365823614286,0.0254466105259714,0.0273639336687519,0.0293899060727005,0.0315242284047172,0.0337674404802782,0.0361155309429523,0.0385687893640796,0.0411170816093825,0.0437599583920718,0.0464803718718005,0.0492771338831599,0.0521245979403542,0.0550220803513634,0.0579336399194945,0.0608568498261707,0.0637430306227711,0.0665913326229081,0.0693415431498177,0.071993122037521,0.0744713841202006,0.0767794762306789,0.0788322719315166,0.0806392955176908,0.0821029998667231,0.0832411756148801,0.0839531812050928,0.0842746503351763,0.0841071943901833,0.0834836430045904,0.0823369160034462,0.0807021173963796,0.0785402857305456,0.0758936610079168,0.0727619913484971,0.069196730209905,0.0652313824897583,0.060925821244919,0.0563508949669516,0.0515754147052895,0.0466892406494635,0.0417636132769514,0.0369009842151168,0.0321621420639551,0.02764721859721,0.0234024895454683,0.0195057925588507,0.0159730010924633,0.0128526232698501,0.0101375366180757,0.00784249865407132,0.00593208025101845,0.00438877778398035,0.00316495509127451,0.00222611586640435,0.00152246005876302,0.00101188506088935,0.000650451536914591,0.000403506447863506,0.000242218730459492,0.000140173995073996,7.80281705978411e-05,4.12142926667091e-05,2.13195177646514e-05,1.02693949590615e-05,4.8187974136731e-06,2.05034315949182e-06,9.07990190310008e-07,3.12940157835785e-07,1.31395733221774e-07,1.19973408793574e-08,0
19338917.5045523,0,3.93295856649945e-07,2.47629464902035e-08,4.42673832185406e-07,7.9027348560492e-08,5.01262296090256e-07,9.71390262691019e-08,6.16051464316e-07,1.46734701411424e-07,6.54930759676774e-07,3.17566443158315e-07,6.41101795772802e-07,5.17032933732415e-07,6.78864181145638e-07,6.88433985762141e-07,7.85919367126516e-07,8.51672591690382e-07,9.42263310591071e-07,1.03433596952403e-06,1.13840270753441e-06,1.25179564906578e-06,1.37667569618269e-06,1.51392108234208e-06,1.66466375243162e-06,1.83049305992351e-06,2.01250333311705e-06,2.21273974573655e-06,2.43255762749322e-06,2.67438871216397e-06,2.93972815830031e-06,3.23170901886256e-06,3.55197879832088e-06,3.90436015167886e-06,4.29108496137374e-06,4.71640046135121e-06,5.18315657451432e-06,5.69624886835966e-06,6.25950770962244e-06,6.87864662462346e-06,7.55837682835291e-06,8.3054529799256e-06,9.12569980178164e-06,1.00268416946685e-05,1.10161685682922e-05,1.21030539103256e-05,1.32965480757273e-05,1.46075062304925e-05,1.60471305829782e-05,1.76281812897869e-05,1.93643877965559e-05,2.12707145063434e-05,2.3364300310051e-05,2.566265839431e-05,2.81869470864838e-05,3.09576522306404e-05,3.4000417781345e-05,3.73389903482177e-05,4.10056141558473e-05,4.50277067690456e-05,4.94443796944901e-05,5.42893581699992e-05,5.96121085346784e-05,6.54489541385675e-05,7.18596142341069e-05,7.8889151076634e-05,8.66104891637316e-05,9.50727797418868e-05,0.00010436819019594,0.000114557310761014,0.000125751320835757,0.000138015251777136,0.000151483798736039,0.000166237397219761,0.000182448681409367,0.000200196015877053,0.000219684318406756,0.0002410222078603,0.000264448293998127,0.000290112723996125,0.00031827133925476,0.000349094684394344,0.000382889170330298,0.000419911209899974,0.000460511895916059,0.000504959965616921,0.000553649694332687,0.000606946359798899,0.000665322414612979,0.000729221067395169,0.000799179367928861,0.000875727861747875,0.000959462364015268,0.00105104600386606,0.0011511869663222,0.00126069502960296,0.00138034606083435,0.00151114763969039,0.00165396372449663,0.00180996072845081,0.00198011050792258,0.00216592878175149,0.00236843620338777,0.00258938266449894,0.00282989862752068,0.00309217329906054,0.00337744918006643,0.00368843254724162,0.00402620802538887,0.004393975770024,0.00479311011752134,0.00522748547962157,0.00569790449140043,0.00620916408371894,0.00676235230103082,0.00736298577371101,0.00801144832128335,0.00871440428295575,0.00947208423218894,0.0102918665534927,0.0111740376672193,0.0121257598334343,0.0131481716504549,0.0142483225759337,0.0154271712735501,0.0166913397311675,0.0180425743688164,0.0194868850777617,0.0210253067657471,0.0226625272511226,0.0243997939010075,0.026240168974107,0.0281845801294458,0.0302330976964199,0.0323867746478497,0.0346413154064167,0.0369964980184085,0.0394431175481328,0.0419809976607301,0.0445931534190686,0.0472785569361872,0.050013293077673,0.0527961795054786,0.0555919285530049,0.0583988874976085,0.0611708330339732,0.0639062917114362,0.0665470123877524,0.0690926765629608,0.0714717788072524,0.0736875820232479,0.0756577974150529,0.0773908722447376,0.0787937431299887,0.0798844736982564,0.0805657729014269,0.0808709965397303,0.0807058574671715,0.0801027897354289,0.0789981236284229,0.0774249033793848,0.0753445511442468,0.0727988879482652,0.0697896838749562,0.0663647457522404,0.0625548363272412,0.0584193694994043,0.0540278620737305,0.0494447443085657,0.0447552344615218,0.0400287672385003,0.035364551832447,0.0308202446361643,0.0264912206264769,0.0224214322666303,0.01868554095497,0.0152996224050105,0.0123105080685784,0.00970973967802455,0.00751013212614377,0.00567890817470157,0.00420099798721906,0.00303026460998316,0.00213171677223289,0.00145707762044697,0.000967503960334923,0.000622076150217406,0.0003864915522834,0.000231899878642023,0.00013380285894839,7.4537884208015e-05,3.95394814843295e-05,2.03830615293965e-05,9.76449211317565e-06,4.62219713674381e-06,1.96901770156009e-06,8.60194182254142e-07,3.02187633561349e-07,1.25247936214449e-07,9.72502308769633e-09,0
19791668.6785356,0,3.74078237341126e-07,2.36330863695161e-08,4.2090928497082e-07,7.55059390136518e-08,4.76834623387509e-07,9.2523944227741e-08,5.86131128270516e-07,1.40259108576944e-07,6.22570426816016e-07,3.03405069186227e-07,6.0940648725576e-07,4.93144463665108e-07,6.45905439048153e-07,6.55969530714335e-07,7.48377966808781e-07,8.11298926779932e-07,8.97547746711061e-07,9.85369190479616e-07,1.08456271192034e-06,1.19269412188088e-06,1.31175149503314e-06,1.44262359798556e-06,1.5863848249353e-06,1.74453541718508e-06,1.91811727874414e-06,2.10908574865057e-06,2.31874880541151e-06,2.54943070184817e-06,2.80255124572265e-06,3.08109333428077e-06,3.38663175952961e-06,3.72282703809211e-06,4.09181576427455e-06,4.49763392411686e-06,4.9430080148671e-06,5.43263929787661e-06,5.97015308223139e-06,6.56098469951107e-06,7.20972628847274e-06,7.92286099259438e-06,8.70579028983692e-06,9.56581559710275e-06,1.05101049696367e-05,1.15477346285504e-05,1.26871434662012e-05,1.39385654665861e-05,1.53128663879633e-05,1.68223164898058e-05,1.84799015008863e-05,2.02998890015443e-05,2.22987427855903e-05,2.44932124457118e-05,2.69034209309225e-05,2.95488169569661e-05,3.24539800596515e-05,3.5641893068743e-05,3.91434175620326e-05,4.29845817631324e-05,4.72026146829643e-05,5.18292879749948e-05,5.6911845656867e-05,6.24865894552037e-05,6.8611354442648e-05,7.53266794475013e-05,8.27005594301865e-05,9.07826870748442e-05,9.9663276510791e-05,0.00010939872831934,0.000120093804160413,0.00013180958668449,0.000144675012470441,0.000158772194948102,0.000174267879827625,0.000191227115937043,0.000209841534155947,0.000230228736790409,0.000252623271992883,0.000277154672297134,0.000304062166344552,0.000333521098076782,0.000365825502320135,0.000401208331270632,0.000440008805374447,0.000482503166326243,0.000529067593519482,0.000580023035174229,0.000635815003575108,0.000696902634448145,0.000763808296528486,0.000837000433644343,0.000917050378288949,0.00100464655115449,0.00110046855431795,0.0012052289147479,0.00131964362251689,0.00144471729412757,0.0015813367005439,0.00173064679830234,0.00189352471061262,0.00207132602628115,0.00226503433050992,0.00247644249691994,0.00270671361579777,0.00295788657705946,0.00323101524564225,0.00352867509063513,0.00385208146751128,0.00420437079011517,0.00458666263757515,0.00500255947995467,0.00545307021976551,0.00594299411457956,0.00647316540442518,0.00704857282749846,0.00766974456553885,0.00834344126601502,0.00906982061618987,0.00985564646997529,0.0107012302273379,0.0116136286405353,0.0125939280985648,0.0136488602389084,0.0147793606067302,0.0159917409538801,0.017287787389276,0.0186733425587323,0.0201491383373676,0.02171967402167,0.0233866125318742,0.025152917256442,0.0270188654736803,0.0289844993173302,0.0310516136213252,0.033215997485481,0.0354766319051587,0.0378250588521849,0.0402617352206299,0.0427697292893164,0.0453476889809902,0.0479733298470218,0.05064559328646,0.0533298116233185,0.0560245300384368,0.0586861538277935,0.0613127421979152,0.0638475703107384,0.0662911788855061,0.0685750840330997,0.0707013335848333,0.0725913501504804,0.0742541099004398,0.0755990263720938,0.0766431138677293,0.0772945102638908,0.0775852451227593,0.0774231805554907,0.0768397842308101,0.0757756970292543,0.0742623846678735,0.0722616443233251,0.0698144140422921,0.0669232054488699,0.0636328427626935,0.0599735454237867,0.0560037517853348,0.0517891583407716,0.0473905223846589,0.0428906150092444,0.0383567891135292,0.0338847557938288,0.0295283998277905,0.0253767129359614,0.021474123432084,0.0178958585973809,0.0146537744101477,0.0117884153747375,0.00929487674103678,0.00718917421085921,0.00543758596439678,0.00402246995037355,0.00290028936649816,0.00203951860876628,0.00139422497729424,0.000926298163340456,0.000595838751144247,0.000369897694441012,0.00022150564005135,0.000127836303238475,7.15442827216926e-05,3.79983199913745e-05,1.93866595959393e-05,9.22505341607941e-06,4.46718319765802e-06,1.94839004557782e-06,8.04150774844317e-07,2.57028164810772e-07,1.27169680329912e-07,1.89518526871867e-08,0
20255019.3923067,0,3.5653113119808e-07,2.24623592855439e-08,4.01268806284227e-07,7.22381958901709e-08,4.54218759684762e-07,8.84718449856852e-08,5.58851637332829e-07,1.33719092740008e-07,5.93633423384642e-07,2.89506082946373e-07,5.8102552610067e-07,4.70480234497519e-07,6.15993476523216e-07,6.25747413401297e-07,7.13846289319834e-07,7.7394407600399e-07,8.56236918211928e-07,9.40067387282499e-07,1.03472461897884e-06,1.13792823585287e-06,1.25155768397273e-06,1.37648783882477e-06,1.51369578176978e-06,1.66465922453245e-06,1.83034359067851e-06,2.01264053691325e-06,2.21279043148587e-06,2.43301546979224e-06,2.67466093348798e-06,2.94058250727834e-06,3.23229229394216e-06,3.5532919376631e-06,3.90560233320014e-06,4.29307434329306e-06,4.71831033976432e-06,5.18583648265529e-06,5.69915408859023e-06,6.26345601150929e-06,6.88302121389857e-06,7.56398101992948e-06,8.3116756186407e-06,9.13326431706944e-06,1.00353941331351e-05,1.10264900715743e-05,1.21148018719834e-05,1.331033838026e-05,1.46233298935611e-05,1.60654167410139e-05,1.76491968316288e-05,1.93883008697754e-05,2.12982975181384e-05,2.33952251398556e-05,2.56983975833804e-05,2.82265378803757e-05,3.10033142689925e-05,3.40502926522734e-05,3.73964260693124e-05,4.10671616258374e-05,4.50988993018893e-05,4.95217166450297e-05,5.43802647633608e-05,5.97088183860848e-05,6.55619583574571e-05,7.19795033546733e-05,7.90291521638972e-05,8.67580351335165e-05,9.52485257718077e-05,0.000104552424186634,0.000114773478512859,0.000125976055725672,0.000138281919071914,0.000151759583960814,0.000166567430429772,0.000182781724240382,0.000200590746229859,0.000220091257590821,0.000241498831899748,0.000264947705314847,0.000290676612381692,0.000318854708880273,0.000349759123761055,0.000383603017281028,0.000420704323583027,0.000461330708946968,0.000505855563395822,0.00055460442058284,0.000607995483677073,0.000666427869430378,0.000730398495907338,0.000800407601090211,0.000877011137209349,0.000960808780215089,0.00105244043536943,0.00115265972757504,0.00126217985757151,0.00138189939625491,0.00151261794333126,0.00165544710957597,0.00181127529996687,0.00198146167019831,0.0021669589407579,0.00236938465954436,0.0025897621929941,0.00283011080264696,0.00309157460386151,0.00337664287675554,0.00368639085991217,0.00402372601468484,0.00438975999296928,0.00478811404823213,0.00521974988919276,0.00568904115755135,0.00619682998286605,0.00674817909956565,0.00734353120128894,0.00798905841212543,0.00868497876340513,0.00943804534394729,0.0102485876408594,0.0111232996832478,0.0120631347577631,0.0130744401056757,0.014158347340813,0.0153211581296828,0.01656416724958,0.0178926307946969,0.0193079394717273,0.0208149495940313,0.0224143143987774,0.0241082712459562,0.0258983547394286,0.0277851594268341,0.0297689701670486,0.0318455164783612,0.0340151567471536,0.0362694969906338,0.0386079269616132,0.0410149192864624,0.0434898247536422,0.0460102032511658,0.0485747340517205,0.0511513275105857,0.0537385439327488,0.0562933349305868,0.0588141329210817,0.0612470178844876,0.063591813644254,0.0657828983089243,0.0678228044653365,0.0696352665163587,0.071229046612732,0.0725183276861946,0.0735185983165508,0.0741402380937178,0.0744149387329219,0.0742561273241509,0.0736935271748523,0.0726682217907643,0.0712110303250014,0.0692874370513969,0.0669360717437485,0.0641580235968247,0.0609979288641791,0.0574856649524171,0.0536753163636802,0.0496302916987357,0.0454104230714332,0.0410953349013379,0.0367483317960072,0.0324593981607492,0.0282824277890378,0.0243056404275924,0.0205674243853432,0.0171365109609003,0.0140290941849851,0.0112868866317626,0.00890031783389325,0.00688217357520818,0.00520361265668652,0.00384956711418728,0.00277625208784639,0.00195216358372191,0.0013340605010692,0.000885921027551391,0.000569651023111619,0.000353913424021268,0.000212283909357787,0.000122306033984728,6.80904267376341e-05,3.62521629223143e-05,1.87373250163283e-05,8.89024786449163e-06,4.16875888055151e-06,1.81900117547055e-06,8.13842335287756e-07,2.66633178330356e-07,1.04444267575823e-07,1.20646900957438e-08,0
20729217.7959537,0,3.41893409637555e-07,2.14804138483684e-08,3.84772488875048e-07,6.89129458690361e-08,4.35638270046844e-07,8.44691018387547e-08,5.35637039291406e-07,1.27712464115461e-07,5.69170463138017e-07,2.76470627025877e-07,5.57175070023419e-07,4.49764712931772e-07,5.90261363815444e-07,5.98659716374079e-07,6.83492490525049e-07,7.40633598700778e-07,8.19468472478662e-07,8.99577650239474e-07,9.90096745188125e-07,1.08877998476744e-06,1.1974175804127e-06,1.3168680932985e-06,1.44804249508553e-06,1.5923703409639e-06,1.75075692535747e-06,1.92503885429375e-06,2.11638066844351e-06,2.32690630013262e-06,2.55788468366372e-06,2.81207644685213e-06,3.09092784913224e-06,3.3977666648511e-06,3.73450719344424e-06,4.10486958797972e-06,4.51135452623116e-06,4.9582138745534e-06,5.44877364768807e-06,5.98809144992472e-06,6.580301467575e-06,7.23115884778894e-06,7.94570786859577e-06,8.73090034861217e-06,9.59316192719613e-06,1.05404297648145e-05,1.15804916816617e-05,1.27230257278431e-05,1.39779495373626e-05,1.53563233607722e-05,1.68700503106172e-05,1.85321733912727e-05,2.03576633029741e-05,2.23618413670097e-05,2.45631303714097e-05,2.69794858083974e-05,2.96335575078891e-05,3.25458840966085e-05,3.57441825829556e-05,3.92529581981178e-05,4.31069695748819e-05,4.73346675259053e-05,5.19787152809076e-05,5.70725414954726e-05,6.26686892293649e-05,6.8804232497594e-05,7.55430586654496e-05,8.29314274074386e-05,9.10495742295385e-05,9.99461733951823e-05,0.000109718006062182,0.000120426956201839,0.000132193385841968,0.000145083915431151,0.000159245178685181,0.000174746961752701,0.000191773864087213,0.000210423780194671,0.000230900005908872,0.000253326665819289,0.000277933511875594,0.000304883473482541,0.000334440569527994,0.000366811303184058,0.000402304129240427,0.000441172175461898,0.000483762199350592,0.000530386302810712,0.000581466138491029,0.000637391719080864,0.000698611034984716,0.000765585347751486,0.000838872111146551,0.000919071167544383,0.00100677964568278,0.00110268948956126,0.00120749134886041,0.00132207907932013,0.00144721697360499,0.0015839357976616,0.00173308567601431,0.00189600338298913,0.00207360897660166,0.00226741622830451,0.00247838913593025,0.0027085072465619,0.00295891254576076,0.0032319433364339,0.00352852850861387,0.00385147252994348,0.00420204252644607,0.0045837985112095,0.00499740367413398,0.00544678951842531,0.00593294474172333,0.00646111986851549,0.00703181826176962,0.00765058988763521,0.00831736674715072,0.0090388695975435,0.00981573411453252,0.0106541336134107,0.0115548212184403,0.0125243501420048,0.0135638529207668,0.0146785765902719,0.0158697654272143,0.017143581014643,0.0185014098216026,0.019946667405304,0.0214800146981065,0.0231047924957045,0.024822384235495,0.0266323342042693,0.0285347863321956,0.03052652242667,0.0326084662687233,0.0347718486530831,0.0370153207386857,0.0393246787426724,0.0416998063425155,0.0441184088375547,0.0465789885871885,0.049051448269223,0.0515346226523391,0.0539863924137834,0.0564043952321718,0.0587378148353005,0.0609881138615983,0.0630910752395498,0.0650472951138641,0.0667847730022635,0.0683129430315583,0.0695485495953101,0.0705061114947832,0.0710996382904148,0.0713602818340451,0.0712057741569556,0.0706632988189949,0.0696754226501396,0.0682735816029013,0.0664255766460873,0.0641670190211559,0.0614989040664963,0.05846462193201,0.0550932323614771,0.0514375169301334,0.0475573102454933,0.0435086953550142,0.0393698658291199,0.0352026903980485,0.0310919859809623,0.0270877110508471,0.0232753672700305,0.0196940639001186,0.0164087807212613,0.0134318986923771,0.0108039087526894,0.00851858998066517,0.00658764977372513,0.00498077203170703,0.00368367279876106,0.00265615298917778,0.00186784954020025,0.001276456389007,0.000847658246656993,0.000545059880746009,0.00033841077657657,0.000202843749341275,0.000117061923733889,6.52787707603406e-05,3.46010165164486e-05,1.78106849671979e-05,8.5399678795544e-06,4.04029598988936e-06,1.71772339485705e-06,7.55100911613305e-07,2.64103976104726e-07,1.06853763391037e-07,8.86459176611695e-09,0
21214517.8491063,0,3.26402702425653e-07,2.05567865703439e-08,3.67463007468258e-07,6.55981028728375e-08,4.15955553114843e-07,8.08221580062582e-08,5.11224882087393e-07,1.21836811727654e-07,5.43743268110934e-07,2.63511296685017e-07,5.32311601700154e-07,4.29193556319746e-07,5.6360688255555e-07,5.71583756068903e-07,6.52518194411009e-07,7.07149459814953e-07,7.82385138244184e-07,8.58877507080726e-07,9.45315627381381e-07,1.03952263166431e-06,1.14326727384611e-06,1.25730394929551e-06,1.38256440489291e-06,1.52035986898797e-06,1.67159493538459e-06,1.8379947222387e-06,2.020690005239e-06,2.22168652282238e-06,2.44221650982212e-06,2.68490036698645e-06,2.95112710895896e-06,3.24408217676484e-06,3.56561077914983e-06,3.91922673776329e-06,4.3072784681504e-06,4.73387365504962e-06,5.20225767894468e-06,5.71719392655642e-06,6.28253335309489e-06,6.90383970834764e-06,7.58604202290128e-06,8.33568365528014e-06,9.15875959694276e-06,1.00629494107237e-05,1.10558519864521e-05,1.21466025873057e-05,1.33444626138812e-05,1.4660064951612e-05,1.61049831234026e-05,1.76916127689701e-05,1.94340792008525e-05,2.13470677170958e-05,2.34483043044685e-05,2.57549304811836e-05,2.82884892598869e-05,3.10685175984827e-05,3.41214425989277e-05,3.7470640236151e-05,4.11493948611168e-05,4.51853861568769e-05,4.96196712373274e-05,5.44830390852251e-05,5.98246277528799e-05,6.56818071932981e-05,7.21176790789077e-05,7.91739228021218e-05,8.69237521437032e-05,9.54159250655029e-05,0.000104747852869924,0.000114978278927602,0.000126215967922602,0.000138521606932322,0.000152040962954466,0.000166847917967486,0.000183115799538146,0.000200929055260905,0.000220481615685235,0.000241899528550219,0.000265405012196792,0.000291152219134789,0.000319391999833415,0.000350318889193653,0.000384224279484589,0.000421353729182163,0.000462052656705789,0.000506623162436184,0.000555444142308577,0.000608873594060112,0.000667371926543438,0.000731409469294453,0.00080148927650586,0.000878147218681917,0.000961979546210547,0.00105369378931655,0.0011539345950697,0.00126350778911484,0.00138315368903243,0.00151391085188771,0.0016565987447875,0.00181245520547116,0.00198234505040949,0.00216774467176375,0.00236960861750095,0.00258981429861763,0.00282940518102804,0.00309065103323256,0.00337455995245729,0.00368379099349722,0.00401934646629462,0.00438460190183476,0.0047804780082428,0.00521091772441963,0.00567666439102167,0.00618244664754869,0.00672876035500274,0.00732126820196989,0.00796010749326269,0.00865142679068142,0.00939561310525399,0.010198886601547,0.0110620847484019,0.0119910703193692,0.0129869283820257,0.0140553370889573,0.0151975933896536,0.0164188675459238,0.0177202251639922,0.01910560829206,0.0205760233041292,0.0221341908533128,0.0237810809959522,0.0255166676342457,0.0273415548574042,0.0292522568462913,0.0312489472136809,0.0333237051704621,0.0354761845431555,0.0376921295816527,0.0399704479889618,0.0422904405940343,0.0446515345689325,0.0470241434042783,0.0494061675488404,0.0517578091416441,0.0540780568226982,0.05631758394432,0.058476249741486,0.0604927542607889,0.0623689970144833,0.0640356202502034,0.0655007752897756,0.0666843919602067,0.0676012297267793,0.0681693896075679,0.0684175431515534,0.0682660632545591,0.0677429860109632,0.0667933711480518,0.0654455179250419,0.0636695746488262,0.0615010003923411,0.0589395298425895,0.0560268469598841,0.0527923199167467,0.0492854565716648,0.0455628844755798,0.0416801079242178,0.037712589432191,0.0337181541985788,0.0297777701704491,0.0259399664627159,0.0222873633721392,0.0188570064488674,0.0157100058250961,0.0128583088930533,0.0103416074034133,0.00815359393090212,0.00630482658110709,0.00476660934875454,0.00352515844977493,0.00254129181799293,0.0017864953461386,0.0012211185423492,0.000811369559589889,0.000521456578883095,0.00032331390550514,0.000193900037582736,0.000112143228805215,6.24830926087475e-05,3.29952772218769e-05,1.69877171260913e-05,8.19076638408919e-06,3.88721940947824e-06,1.63722109063289e-06,7.06308863605153e-07,2.52896581521726e-07,1.09738904590625e-07,8.17984199888221e-09,0
21711179.4569451,0,3.11362994402707e-07,1.96731884655928e-08,3.50452459243379e-07,6.26112367915742e-08,3.96880045500407e-07,7.71079983267902e-08,4.87596682066509e-07,1.16514135624092e-07,5.18420044004284e-07,2.51747299354848e-07,5.07596746823536e-07,4.09635433472439e-07,5.37669512252572e-07,5.45352044908279e-07,6.22563830433134e-07,6.74696020205697e-07,7.46488764083759e-07,8.19493870355906e-07,9.01987502315762e-07,9.91880106746121e-07,1.09089527788579e-06,1.1997378548012e-06,1.31928847256053e-06,1.45079526129428e-06,1.5951409628675e-06,1.75396806243717e-06,1.92833940840875e-06,2.12018141985923e-06,2.33069908516721e-06,2.56237236992787e-06,2.81649818965066e-06,3.09611936992738e-06,3.40301334815601e-06,3.74055952169064e-06,4.11104768090969e-06,4.51835638482883e-06,4.96548326694194e-06,5.45702285104555e-06,5.99676287690858e-06,6.5899553680096e-06,7.24123025641799e-06,7.95695448909367e-06,8.74291193671137e-06,9.60628938460255e-06,1.05542914531568e-05,1.15958190980359e-05,1.27398268623103e-05,1.39962801436154e-05,1.53760128118939e-05,1.68910418156447e-05,1.85552050539563e-05,2.03824444535041e-05,2.23892915023844e-05,2.45919804804591e-05,2.70113241359658e-05,2.96664301222915e-05,3.25828783700451e-05,3.57824888696097e-05,3.92958339335671e-05,4.3149566594179e-05,4.73850878792351e-05,5.20318767992015e-05,5.71336509275906e-05,6.2726376287685e-05,6.88749861864459e-05,7.56181747042945e-05,8.30197989165388e-05,9.11294445479061e-05,0.000100047753444255,0.00010982586320041,0.000120559992378476,0.000132314827135286,0.000145235420715649,0.000159385190609624,0.000174930146365535,0.000191959283252496,0.0002106485559055,0.000231110802672851,0.000253578653496211,0.000278204916650628,0.000305201328892816,0.00033475238831247,0.000367169524109016,0.000402690893769543,0.00044161616755383,0.000484221915204554,0.000530890031439985,0.000581988729315759,0.000637955787945252,0.000699206279439326,0.000766214151823798,0.000839535115695736,0.000919751637007746,0.00100748786937294,0.00110333990985065,0.00120813843559632,0.00132263817747215,0.00144778827614503,0.00158430329916724,0.00173338149906067,0.00189592283301348,0.00207336353440684,0.00226658863281697,0.00247736710928698,0.00270667512115375,0.00295668953214924,0.00322843612133523,0.00352451337970781,0.0038458264954778,0.00419549342843474,0.00457444814741415,0.00498665245796013,0.00543278554353859,0.00591716495541857,0.0064403290964282,0.00700789604278067,0.00761988683669457,0.00828209625031218,0.00899510280565599,0.00976484038520089,0.0105918634301797,0.0114819491496417,0.0124364167205091,0.0134605185291141,0.0145552463717786,0.015725733443937,0.0169732877341371,0.0183015777359919,0.0197112466592551,0.021204986748256,0.022784051095449,0.0244484463430165,0.0261986186877371,0.0280310844381828,0.0299459092106106,0.031935684728803,0.0340003023897297,0.0361259873713213,0.0383115586165758,0.0405370397586349,0.0428015475568431,0.0450770126058376,0.0473624603706637,0.0496190846777394,0.0518440622094119,0.05399099317601,0.0560619273613351,0.0579965866330482,0.0597947432294152,0.06139155943412,0.0627962828295296,0.0639302554146373,0.0648070090858448,0.0653498098562814,0.0655861981775963,0.065437941843206,0.0649324787240663,0.0640191082045125,0.0627242493220802,0.06101792996091,0.0589353283984622,0.0564767748524246,0.0536812487462726,0.0505777956947495,0.0472145047162418,0.043644631113259,0.0399216796910133,0.0361187750932715,0.0322900634061069,0.0285132564706719,0.0248366308869429,0.0213385262682316,0.0180522072474921,0.0150371330573789,0.0123068438066477,0.00989849865880622,0.00780384648128492,0.00603318148510939,0.00456051284269839,0.00337277916907491,0.00243183276337389,0.0017098101056348,0.00116831618997412,0.000775613137478399,0.000498484673015229,0.000309575617210466,0.000185740228569745,0.000107099860050827,5.95746685527478e-05,3.16178828090109e-05,1.63458982199823e-05,7.81189376154948e-06,3.66638672435214e-06,1.569649029341e-06,6.9822383854371e-07,2.4069487314534e-07,9.57701522408019e-08,8.26987328160286e-09,0
22219468.6093952,0,2.98006197175464e-07,1.88016714214072e-08,3.35486230533626e-07,5.98692289640084e-08,3.79718509447646e-07,7.38686445728239e-08,4.66890055042059e-07,1.10937528512414e-07,4.96652775508702e-07,2.40685023050804e-07,4.8585419710085e-07,3.91931291218072e-07,5.14658526849337e-07,5.21895732788585e-07,5.95659144532164e-07,6.45828480760943e-07,7.14226722257884e-07,7.84147267389917e-07,8.63155373284542e-07,9.4901923676434e-07,1.04380721602759e-06,1.14784908971723e-06,1.26214143333939e-06,1.38799238718332e-06,1.52601623348643e-06,1.67789801444728e-06,1.8446385489173e-06,2.02807367663538e-06,2.22939693459961e-06,2.4508876906069e-06,2.6938230066695e-06,2.96118599672892e-06,3.25467895135799e-06,3.57745592401498e-06,3.93161505126913e-06,4.32094516881976e-06,4.74845806769056e-06,5.21849809364336e-06,5.73454443449976e-06,6.3016004687921e-06,6.92415083350982e-06,7.60837732145664e-06,8.3598815071242e-06,9.18528592317747e-06,1.00912348661169e-05,1.10866108338666e-05,1.21803213256627e-05,1.33814257856254e-05,1.46999716904009e-05,1.61480867096076e-05,1.773927096446e-05,1.94860014844988e-05,2.14037891091081e-05,2.35091904381353e-05,2.58223690217402e-05,2.83602662180473e-05,3.11469497912494e-05,3.42048759087719e-05,3.75641509219036e-05,4.12488538301106e-05,4.52969678210146e-05,4.97374890201404e-05,5.46145971473138e-05,5.99622607938098e-05,6.58387779754095e-05,7.22816952844815e-05,7.93576724308313e-05,8.71125507434441e-05,9.56352801861192e-05,0.000104977826980886,0.000115240145739956,0.000126480175205831,0.000138829745063779,0.000152353765381887,0.000167212743011053,0.000183486620444881,0.000201350378488317,0.000220917958363022,0.0002423969890115,0.000265929632325269,0.000291736942960074,0.000319993093554145,0.000350975543191554,0.000384919396573988,0.000422133711676397,0.000462881605374645,0.000507509628577664,0.000556356164633174,0.000609849050321151,0.000668416458086269,0.000732512694106339,0.000802627170213197,0.000879312128814382,0.000963215822079156,0.00105492146699604,0.00115517080389444,0.001264658471524,0.00138433930513722,0.00151494864984102,0.00165760961975101,0.00181313263917303,0.00198289532146065,0.00216776039170938,0.00236942045056778,0.00258886611780842,0.00282821160991883,0.00308833172578852,0.00337164948183962,0.00367916452975444,0.0040139716155312,0.00437686570216562,0.00477149444991314,0.00519857112694866,0.00566241538953188,0.00616352254807179,0.00670707944701487,0.00729312886161645,0.00792740695080749,0.00861046605535869,0.00934788739816719,0.0101402373102065,0.0109931034994787,0.0119077063214498,0.0128890588915729,0.0139381209064897,0.0150598716627161,0.0162556878767916,0.0175290623777412,0.0188804732069273,0.0203124982582807,0.0218264030898248,0.0234221520744821,0.0251002126335829,0.0268573991712351,0.0286936803452426,0.0306018636351148,0.0325819408782918,0.0346204282309849,0.0367160162340557,0.0388502387320463,0.0410226925089867,0.0432054035248431,0.0453963818187288,0.0475596425427657,0.0496941841553188,0.051753767091016,0.053738101978567,0.0555916704879762,0.0573164906228843,0.0588475210421083,0.0601918628636558,0.0612769107753842,0.062116618119919,0.0626349410444885,0.0628582274983336,0.0627134432569229,0.0622264720590086,0.0613474213590391,0.0601024690944017,0.0584636849238362,0.056464192836287,0.0541046196017209,0.0514226697146001,0.04844549678013,0.0452195191060306,0.041797040991036,0.0382286366782865,0.0345834749434615,0.0309142148466306,0.0272960152944277,0.0237746552184773,0.0204243863610081,0.0172766222255147,0.0143891653805372,0.0117758176973491,0.00947126459010386,0.00746653685461182,0.005771538090475,0.00436172663155024,0.00322538487815513,0.0023263174533832,0.00163615991012939,0.00111721701688961,0.000741033909639956,0.000476839633627747,0.000296612678881487,0.000177523328080907,0.000102097558513915,5.70894128675753e-05,3.03818356272746e-05,1.55278011574879e-05,7.41889337727354e-06,3.56044073446987e-06,1.50597635497898e-06,6.46325827093729e-07,2.3309878044967e-07,9.6062808938109e-08,6.46731053574095e-09,0
22739657.5235793,0,2.84433871942749e-07,1.78848099319415e-08,3.20201879625744e-07,5.725319145118e-08,3.6240155518356e-07,7.04030915374692e-08,4.45653794038087e-07,1.06022656925053e-07,4.739301363803e-07,2.29690819089593e-07,4.63800563039701e-07,3.74161386934351e-07,4.9110494544134e-07,4.98205287712134e-07,5.68644795676907e-07,6.16319860013201e-07,6.81859462602264e-07,7.48537430830458e-07,8.2386571341143e-07,9.0596498751514e-07,9.96380861752914e-07,1.09576864821676e-06,1.2049280769262e-06,1.32501044862513e-06,1.45682059638495e-06,1.60185387820953e-06,1.76107309908873e-06,1.93622238134882e-06,2.12840532144659e-06,2.33992445128527e-06,2.57196608922498e-06,2.82726824431879e-06,3.10746023038384e-06,3.41566275577323e-06,3.75391877298284e-06,4.1257533715825e-06,4.53399298142068e-06,4.98284516959758e-06,5.47567554647562e-06,6.01728088412252e-06,6.61197340709844e-06,7.26554157744859e-06,7.98321055943528e-06,8.77157476193929e-06,9.63724292357741e-06,1.05882929703006e-05,1.16328854754596e-05,1.27802323185738e-05,1.40403000818925e-05,1.54239419763137e-05,1.69436794043786e-05,1.86123353205421e-05,2.04452221686995e-05,2.24573391630727e-05,2.46675339786354e-05,2.7092722162046e-05,2.97561698713938e-05,3.26787263583314e-05,3.58890481702771e-05,3.94106365202202e-05,4.32799921532001e-05,4.75247870305164e-05,5.21868230103322e-05,5.72981371922341e-05,6.29157468472393e-05,6.90767721504606e-05,7.58428938105745e-05,8.32562876091487e-05,9.14045690394645e-05,0.000100339500618089,0.000110153785058817,0.000120900423188684,0.000132708781122142,0.000145644250629598,0.000159858623459531,0.000175424280687087,0.000192506273247517,0.000211217513400961,0.000231763197350628,0.000254276610388295,0.000278961104019158,0.000305986021248086,0.000335624710286991,0.000368096360973598,0.000403688899667361,0.000442663906449577,0.000485361415728688,0.000532095597950872,0.000583268228859656,0.000639292845382306,0.000700607765450892,0.000767683369175418,0.000841050172383304,0.000921327170821593,0.00100907223470062,0.00110500055631487,0.00120977268474536,0.00132428198198059,0.0014492373583098,0.001585759328334,0.00173463035418491,0.00189711177568939,0.00207401666078404,0.00226702012476802,0.00247708063266266,0.00270618386836183,0.00295517491282444,0.00322639642121313,0.00352081556205756,0.0038414005963964,0.00418886363782106,0.00456668004498254,0.00497563495571217,0.00541988230770509,0.00589980105277095,0.00642037179230477,0.00698172082377081,0.007589300858475,0.00824358742600064,0.00895003490886164,0.00970925289510602,0.0105264078304494,0.0114026296111869,0.0123430186902406,0.0133485619447101,0.0144237194605943,0.0155697301067454,0.0167902150384744,0.0180856841904172,0.0194584550365051,0.0209098610324894,0.0224399105025284,0.0240487507779923,0.0257334611139612,0.0274944019175896,0.0293242912784584,0.0312227640707635,0.0331775615238767,0.0351877221842897,0.0372346336261853,0.0393175316105179,0.0414105131979037,0.0435121518881405,0.0455869677468551,0.0476333510473192,0.0496079729415028,0.0515112445902563,0.0532886585034533,0.0549414858750078,0.0564085871684528,0.0576972346756293,0.058736705714045,0.0595401536524028,0.0600352890324047,0.060247469940192,0.0601065695455362,0.0596375975705372,0.0587924076049754,0.0575959809679504,0.0560223721892833,0.0541034433236492,0.0518392826023456,0.0492661809789709,0.0464105103931795,0.0433169340279873,0.0400359108057487,0.0366152086941892,0.0331206965195838,0.0296042836140064,0.0261384792332868,0.022764805513728,0.0195541189579578,0.0165393684002242,0.0137759041578022,0.0112735120528405,0.00906513447413301,0.00714518594312414,0.00552374650097978,0.00417530214997531,0.00308739500692852,0.00222572702637797,0.0015645929957472,0.00106882080102376,0.00070973377196244,0.000456440846512372,0.000283295775897288,0.00016964155813016,9.78665099348828e-05,5.46515192718463e-05,2.89719099501179e-05,1.48453398161856e-05,7.11013544184552e-06,3.40169920815518e-06,1.44686534545737e-06,6.1783575599965e-07,2.17398484109561e-07,9.36542421538607e-08,7.55222611396327e-09,0
23272024.7896041,0,2.70802773785037e-07,1.70547749739857e-08,3.04850981195861e-07,5.46382741457074e-08,3.45030483258757e-07,6.71375341136029e-08,4.24328134624626e-07,1.01258180090224e-07,4.51055160340764e-07,2.19188360970241e-07,4.41479753274362e-07,3.56679400879371e-07,4.67697320150391e-07,4.7470979876726e-07,5.41720943254857e-07,5.87198391587459e-07,6.49650351355376e-07,7.13208624892425e-07,7.85008718237833e-07,8.63272055723729e-07,9.49461003841759e-07,1.04419499685552e-06,1.14825472308658e-06,1.26273504521647e-06,1.38839547126331e-06,1.52666638809572e-06,1.67847676409963e-06,1.84548245736577e-06,2.02873007496705e-06,2.23042119428501e-06,2.45168774503725e-06,2.69514000968796e-06,2.96233342579621e-06,3.25624546808864e-06,3.57883207276783e-06,3.93345437116539e-06,4.32280691408254e-06,4.75088702764891e-06,5.22088574971637e-06,5.73740035989268e-06,6.30456971747453e-06,6.92789985781793e-06,7.61235482158114e-06,8.36424576270216e-06,9.18990201219135e-06,1.0097010148481e-05,1.10933317750297e-05,1.218767874252e-05,1.33895895165426e-05,1.47093959740721e-05,1.6158987501339e-05,1.77506105151728e-05,1.94989591756033e-05,2.14183455838398e-05,2.35267260313839e-05,2.58403113972977e-05,2.83811665271051e-05,3.11689518140757e-05,3.42314012894565e-05,3.75913277523216e-05,4.12827969543827e-05,4.53316231852845e-05,4.97788978716417e-05,5.46558583580231e-05,6.00149251304347e-05,6.58910100653588e-05,7.23461469357544e-05,7.94209429896163e-05,8.71945755163486e-05,9.57161357774553e-05,0.000105079412942318,0.000115335461318092,0.000126603054974496,0.000138944417843376,0.000152506440764316,0.000167358491680655,0.000183661275894964,0.000201523966037834,0.000221134318345247,0.000242616235349809,0.000266176163935158,0.000291982701651383,0.000320285914087891,0.000351287330115455,0.000385266675855454,0.000422481883871704,0.000463262471892332,0.000507901454729415,0.000556772386379006,0.000610282727757048,0.000668869385263776,0.000732965382596964,0.000803051104365385,0.000879733920379863,0.000963585432248979,0.00105528769450949,0.00115543435416925,0.00126486739622555,0.00138429361204196,0.00151480440689145,0.00165714010517554,0.00181249962773318,0.00198165712083328,0.00216620286061945,0.00236706954024806,0.00258619515717246,0.00282436958523478,0.00308378429027033,0.00336539224858861,0.003672100103356,0.00400457558464843,0.00436606748961202,0.00475733879309787,0.00518246954514395,0.00564181009288824,0.00614002635894596,0.00667730684452205,0.0072589647920292,0.00788532632042661,0.00856156573809188,0.00928849274906044,0.0100710671117994,0.0109100857595865,0.0118104932775143,0.0127735784909362,0.0138035226501301,0.0149012038172109,0.0160702233295055,0.0173113194005691,0.0186265720401524,0.0200171171991145,0.0214831723806545,0.0230249473698159,0.0246393964453647,0.0263269003762903,0.0280807585558668,0.0299005191858724,0.0317741612269431,0.0337008257623293,0.0356629165448766,0.0376597761789125,0.0396663399907854,0.0416808856711323,0.0436695496062042,0.0456314636791905,0.047524869550806,0.0493490596298654,0.0510520430653785,0.0526363900837027,0.0540429112829413,0.0552772491012441,0.0562723689929457,0.0570418324874035,0.0575153795882772,0.0577170241898279,0.0575803991344196,0.0571292812381099,0.0563170980699274,0.0551685861984765,0.0536590686666343,0.0518179320901857,0.0496455973932208,0.0471786996418651,0.0444421721877808,0.0414764885414884,0.038330856213176,0.0350537621419816,0.0317074403157801,0.0283387783742903,0.0250180588804371,0.0217876069678589,0.0187146402865056,0.0158281773404399,0.0131815478195245,0.0107864192428382,0.00867391665005787,0.00683637925555693,0.00528391904817119,0.00399383581051104,0.00295340568827849,0.00212874334489992,0.00149615401069157,0.00102229954602858,0.000678768886070783,0.000436162646723406,0.000270747652028795,0.000162339762214671,9.35201125261044e-05,5.20703749741149e-05,2.77432402851531e-05,1.43067293980626e-05,6.73803896101185e-06,3.18025406680184e-06,1.42465453746148e-06,6.20547478886304e-07,1.81983654467784e-07,8.0442407295586e-08,1.62314899525577e-08,0
23816855.5197616,0,2.59218375700595e-07,1.63122541793802e-08,2.91776521609589e-07,5.2126705568471e-08,3.30338410074523e-07,6.40772729429979e-08,4.06057940293349e-07,9.67161000281244e-08,4.31682064776427e-07,2.09410818984837e-07,4.22469589562115e-07,3.40962694999103e-07,4.4740852395936e-07,4.53903033097125e-07,5.18074492749666e-07,5.61497227913804e-07,6.21208558400973e-07,6.81965800533715e-07,7.50596750033247e-07,8.25397825665366e-07,9.07784939593866e-07,9.98344642520054e-07,1.09781440326677e-06,1.207239531276e-06,1.32734928841131e-06,1.45950548509209e-06,1.60460122854957e-06,1.76424015635642e-06,1.93940779121164e-06,2.13217685917594e-06,2.343658660915e-06,2.57637711004272e-06,2.83177835866122e-06,3.11268214696323e-06,3.42102007432529e-06,3.76002765442744e-06,4.1322053368401e-06,4.54135538839849e-06,4.99059958034097e-06,5.48434230808193e-06,6.02649183423569e-06,6.62231557444178e-06,7.27657036057676e-06,7.99528408239114e-06,8.78455405422512e-06,9.65175802924761e-06,1.06042324889723e-05,1.16503244804799e-05,1.27992133283193e-05,1.40608679342973e-05,1.54466457714373e-05,1.69682020203336e-05,1.86395283154645e-05,2.0474205309888e-05,2.24894138683586e-05,2.4700979969879e-05,2.71302300474059e-05,2.97954598494058e-05,3.2722542463771e-05,3.59338513106919e-05,3.94629496299414e-05,4.33339643584953e-05,4.75852874249837e-05,5.22477871308411e-05,5.73722048162386e-05,6.29897024022678e-05,6.91589750276674e-05,7.59231443980648e-05,8.33591433704408e-05,9.15076529408742e-05,0.000100456560649781,0.000110261732985162,0.000121038154753017,0.000132839078912014,0.000145805741217642,0.00016000909232707,0.000175598718962405,0.000192676948441207,0.00021143055542601,0.000231976795469209,0.000254504102732377,0.00027917829387683,0.000306248880805305,0.000335906172310222,0.000368406955651693,0.000403990444107404,0.000442980656478379,0.000485679688242206,0.000532439302510939,0.000583614871254683,0.000639629378132902,0.000700942741560297,0.000768012276743915,0.000841366609551218,0.000921543735885033,0.00100924474156691,0.0011050667847624,0.00120979063944565,0.00132405180732942,0.00144888880481404,0.0015850399770772,0.00173367576309981,0.00189554624130236,0.00207216542625287,0.00226437869586036,0.00247402379562293,0.00270193815728189,0.00295026190743553,0.0032197997991638,0.00351326499223101,0.00383143671049221,0.0041775353848292,0.00455214568462147,0.00495903936221185,0.00539870817554541,0.00587574731111471,0.00639020262230457,0.00694711893793006,0.00754693130056629,0.00819448634289726,0.00889046075718831,0.0096398917891604,0.0104436548594724,0.0113060932168564,0.0122283655732467,0.0132148850186625,0.0142665244240185,0.0153863923429465,0.0165752356249962,0.0178353284198582,0.0191676644554208,0.0205722981080513,0.0220496109217275,0.0235966778471609,0.0252136417747375,0.0268942282151282,0.0286382222369952,0.0304339674192194,0.0322804562921834,0.0341607943098808,0.0360744085548041,0.0379975227898978,0.0399286735702138,0.0418348702298384,0.0437146681315937,0.0455288383246091,0.0472775856784627,0.0489098223699144,0.050427097730658,0.0517742433056996,0.0529571966220672,0.0539099113311777,0.0546454553027793,0.0550982313332818,0.0552907286316303,0.0551577306185802,0.0547228748768398,0.0539430418276156,0.0528410977215145,0.0513923541128727,0.0496260159324989,0.0475432174814644,0.045178029960298,0.0425544425061208,0.0397122209623225,0.0366981042427369,0.0335577916957896,0.0303515676189431,0.027125102784862,0.0239453115530311,0.0208515619168751,0.0179084890690878,0.0151454874666915,0.0126131288029069,0.0103202230119703,0.00829722247589873,0.00653929164227356,0.00505505534139248,0.00382037188122298,0.00282409395829312,0.00203556052100571,0.00143105210893394,0.000977591969487765,0.000648857678525308,0.000417091323166962,0.000258903159170105,0.000155101125765605,8.94527691150121e-05,4.99013292661407e-05,2.6454859631222e-05,1.35785122876351e-05,6.49688001962628e-06,3.09436005218664e-06,1.31979024172285e-06,5.68911543234593e-07,1.98765306835438e-07,8.43460131921207e-08,6.90381518558298e-09,0
24374441.5012222,0,2.47404310607094e-07,1.55409353169713e-08,2.78540036190618e-07,4.97758261250323e-08,3.15209934644911e-07,6.12139146141442e-08,3.87600130624781e-07,9.22228917052494e-08,4.12138710002885e-07,1.997688519059e-07,4.03341138056791e-07,3.25386901758208e-07,4.2706881951842e-07,4.33247741604669e-07,4.94514595790939e-07,5.3596375817773e-07,5.92974109199059e-07,6.50953360669258e-07,7.16472057739554e-07,7.87877743163851e-07,8.66510895685125e-07,9.52941950124844e-07,1.04788395460806e-06,1.15233097787447e-06,1.2669694042647e-06,1.39310060684969e-06,1.53159177689423e-06,1.68396316438711e-06,1.85115483634959e-06,2.03517296390343e-06,2.23706092561479e-06,2.45919617543915e-06,2.70300324735318e-06,2.97120219684318e-06,3.26559271119105e-06,3.58924188498964e-06,3.94456539323065e-06,4.33520863378259e-06,4.76417300807591e-06,5.23567991743108e-06,5.75338064381862e-06,6.32224989222735e-06,6.94697248791249e-06,7.63337601447078e-06,8.38706192395447e-06,9.21494067428124e-06,1.01242736904902e-05,1.11232262952045e-05,1.22203764926962e-05,1.342507033639e-05,1.4748227419529e-05,1.6201078454049e-05,1.77970173746289e-05,1.95490527745635e-05,2.14735298926446e-05,2.35853670233459e-05,2.59048751001374e-05,2.8449953422776e-05,3.12456003117444e-05,3.43123074250226e-05,3.76815395687458e-05,4.13783775548802e-05,4.54404236582169e-05,4.98932057766456e-05,5.47842461651347e-05,6.01501892725148e-05,6.60479334922119e-05,7.25084890766893e-05,7.96044019386725e-05,8.73870591698719e-05,9.59414008539706e-05,0.000105309240663827,0.00011560101973216,0.000126874457501896,0.000139259317199779,0.0001528246810259,0.000167725798405316,0.000184050507758848,0.000201958319209042,0.000221577962281308,0.000243112477159045,0.000266703321670647,0.000292565900767905,0.000320893037002855,0.00035195068503226,0.000385968098102634,0.000423238759517458,0.000464039187522309,0.000508722250483546,0.000557652741863061,0.000611215991176057,0.00066981494193677,0.000733906574605931,0.000804044730940633,0.000880735115117046,0.000964594364939568,0.00105618341280992,0.00115630531878229,0.0012656046344799,0.00138502430057389,0.00151522386997111,0.00165736676494151,0.0018122081947688,0.00198116918192994,0.00216505759416757,0.00236563368569058,0.0025836623390122,0.00282122224805086,0.00307916123576352,0.00336003765370717,0.00366448971700852,0.00399562265734774,0.00435416160079282,0.00474374205831595,0.0051646295829059,0.00562119350539961,0.00611370549887064,0.00664692967011669,0.00722110892088506,0.0078411583234845,0.00850783875131431,0.00922552745998452,0.00999502322360186,0.0108210367874385,0.0117047070533022,0.0126497614713692,0.0136569948272559,0.0147297718608285,0.0158689021834455,0.0170763296240904,0.0183528910770691,0.0196987396289785,0.021114352329226,0.0225969583972021,0.0241466190023564,0.025757221081712,0.0274285074660083,0.0291493225123431,0.0309188900411829,0.0327212452947023,0.0345556433775072,0.0363986283014354,0.0382486810695939,0.0400753257693814,0.0418776064233242,0.0436161222428256,0.0452905735329062,0.0468543805236169,0.0483090719128085,0.0495989739247331,0.0507304350732359,0.0516426292971184,0.0523467473929796,0.0527782633221857,0.0529605048658349,0.0528316975582212,0.0524129386618658,0.0516629916773197,0.0506049146483852,0.0492147182069172,0.0475200564696754,0.0455227896904649,0.0432553098894974,0.0407400103337799,0.0380160291473152,0.035128627201454,0.0321202438189071,0.0290487815841756,0.0259591383076819,0.0229148101441343,0.0199525682083462,0.0171349438001684,0.014490441040939,0.0120669640639307,0.00987278613832829,0.00793705711468019,0.00625498548843698,0.00483499688424108,0.00365407735165527,0.00270116134846058,0.00194673037581908,0.00136844077782674,0.000934904916502362,0.000620635304079732,0.000398899046982881,0.000247488964355255,0.000148227890905523,8.55381369683151e-05,4.77364126209618e-05,2.52758010060101e-05,1.29693274849135e-05,6.22595752763344e-06,2.96157689106041e-06,1.25137849581648e-06,5.43621703852247e-07,1.94182596046508e-07,7.95257226927914e-08,5.55989105313402e-09,0
24945081.3523032,0,2.36183078476761e-07,1.49312128758021e-08,2.65783615274909e-07,4.74794804952054e-08,3.01153283899228e-07,5.83809117195231e-08,3.69855648296929e-07,8.85138454897941e-08,3.93155840288455e-07,1.90967100922152e-07,3.85193569431086e-07,3.10607956709408e-07,4.0802400511027e-07,4.13632133327197e-07,4.72357371338762e-07,5.11812940853991e-07,5.66335404345731e-07,6.2167171265112e-07,6.8424783895644e-07,7.52415223424677e-07,8.2751035481677e-07,9.10051304098866e-07,1.00070396118688e-06,1.10042248890299e-06,1.20988013100043e-06,1.33031682007273e-06,1.46255495472658e-06,1.60804611601955e-06,1.76766813582128e-06,1.94333484147878e-06,2.13608655197252e-06,2.34819802526371e-06,2.58096745150959e-06,2.83699246731441e-06,3.1180583758083e-06,3.4271089583545e-06,3.76641239430952e-06,4.13940777197259e-06,4.54894230398219e-06,4.99911803898919e-06,5.49354982836959e-06,6.0369045265559e-06,6.63341641477484e-06,7.28872958135311e-06,8.00854929826946e-06,8.79944269932361e-06,9.66794916490915e-06,1.0621834084489e-05,1.16696589601255e-05,1.282044534674e-05,1.40843574691463e-05,1.54720366261581e-05,1.69964325721794e-05,1.86700052522872e-05,2.05082695938392e-05,2.25255531232042e-05,2.47415081037482e-05,2.71732021188668e-05,2.98442497180472e-05,3.27744510911986e-05,3.5993790480263e-05,3.9525040632242e-05,4.34049359386183e-05,4.76612769297865e-05,5.23378894831462e-05,5.74634402198609e-05,6.30947145139254e-05,6.92707376162551e-05,7.60579658514332e-05,8.34943465795681e-05,9.16642356676049e-05,0.000100618211232705,0.00011045832081949,0.000121233527729408,0.000133072607894928,0.000146039600824885,0.000160277683268631,0.000175884721570114,0.000193019690569647,0.000211781734525666,0.000232353593490422,0.000254895541658903,0.000279631619446352,0.000306731420986395,0.000336432013476015,0.000368956693065887,0.000404598247624682,0.000443623326354066,0.00048635997497644,0.000533150985227595,0.000584374928724088,0.000640428633518158,0.000701740435061168,0.000768823526782511,0.000842169046870565,0.000922393218765549,0.00101002789868032,0.0011058020414262,0.001210338000792,0.00132459668949482,0.00144920397529986,0.00158520207489455,0.00173331263115279,0.00189494907366689,0.00207089364871645,0.00226283551617304,0.00247149613293954,0.00269881197915239,0.00294562307837606,0.00321443688129576,0.00350582462684221,0.00382273381916123,0.00416586803954252,0.00453870765248835,0.00494158716101993,0.00537867666387378,0.00585011746671231,0.0063605712129678,0.00691033973428535,0.00750391245667915,0.00814209192195276,0.0088293471317598,0.00956629379281676,0.0103571626990217,0.0112031958417226,0.0121082435416395,0.013072979789945,0.0141003780664099,0.0151912286314325,0.0163476229917702,0.0175704941314411,0.0188598035729273,0.0202157490624997,0.0216357917471266,0.0231202901851445,0.0246634907885242,0.0262650838882426,0.0279141443141726,0.0296095785609512,0.0313361031680976,0.0330935439311503,0.0348599594780635,0.0366335322804638,0.0383838378191228,0.0401099795389773,0.041775810110438,0.043380944640358,0.0448789074534813,0.0462717404613242,0.0475076800477162,0.0485916474079035,0.0494644129666,0.0501381109685496,0.0505508919033629,0.0507239274782362,0.0505987930458464,0.0501965084098956,0.0494767755500727,0.0484612554131504,0.0471275753845546,0.0455026241456702,0.0435879865221959,0.04141459730911,0.0390043347250927,0.036394438018903,0.033627879208274,0.0307458079634748,0.0278041206689006,0.0248453518599588,0.0219297920684563,0.019093252705654,0.016396524132122,0.0138656341447104,0.0115449721414944,0.00944415214636313,0.00759275020097462,0.0059841427234332,0.00462466188546153,0.00349410647019824,0.00258313527466402,0.00186204489592509,0.00130868618074026,0.000893832351801218,0.00059328464116503,0.000381209293099484,0.000236574906072283,0.000141889178962088,8.18464229567996e-05,4.54997102820518e-05,2.4094660248242e-05,1.2459778343482e-05,5.97833718891546e-06,2.80348088039273e-06,1.18936982246179e-06,5.28665129763524e-07,1.85600959249756e-07,7.390873587573e-08,5.64153561737477e-09,0
25529080.6823952,0,2.25002040791859e-07,1.42294041826089e-08,2.53152574445129e-07,4.54330544705083e-08,2.86835918735246e-07,5.56747316883474e-08,3.52531023560221e-07,8.44753408514618e-08,3.7441150277824e-07,1.82633557088688e-07,3.66547521815452e-07,2.96721343526465e-07,3.88606591477191e-07,3.94665985525257e-07,4.50276355104056e-07,4.88158141635615e-07,5.40056832026998e-07,5.92926254218125e-07,6.52633651528973e-07,7.17718257484521e-07,7.89399592700081e-07,8.68195209223441e-07,9.5474727054727e-07,1.04996974453184e-06,1.15449386902912e-06,1.26949882049238e-06,1.39576939794025e-06,1.53470945561862e-06,1.68717204376926e-06,1.85494519556361e-06,2.03899764856772e-06,2.24155826434035e-06,2.46389494937633e-06,2.70841343639911e-06,2.97677737868644e-06,3.27187311629375e-06,3.59590830284089e-06,3.95210828447988e-06,4.34316216869916e-06,4.77301003546134e-06,5.24509231261398e-06,5.76388086349497e-06,6.33348654428415e-06,6.95929021702621e-06,7.64663611610193e-06,8.40179044763016e-06,9.23110960718625e-06,1.01420628124744e-05,1.11427350223523e-05,1.22416635187426e-05,1.34486389335584e-05,1.47738891997146e-05,1.62297058926284e-05,1.78279812720186e-05,1.95836809262324e-05,2.15104145080016e-05,2.36266133728491e-05,2.59485799763547e-05,2.84994309515757e-05,3.12985290882971e-05,3.43742886858955e-05,3.77475519315464e-05,4.14525178450542e-05,4.55163082446325e-05,4.99830553101876e-05,5.48809904745836e-05,6.02610640355406e-05,6.6157875400386e-05,7.26384947450237e-05,7.97438743633803e-05,8.75515500392449e-05,9.61034092383437e-05,0.000105499100101442,0.000115792872688022,0.000127107219202338,0.000139497225069083,0.000153096460049101,0.000167999066673948,0.000184363377076102,0.00020229101549133,0.000221953421345684,0.000243494710165926,0.000267124651472705,0.000293006877212963,0.000321374924498216,0.000352451342135153,0.000386512714840712,0.000423799370713799,0.000464624820098574,0.000509334404640468,0.000558292995122379,0.0006118599961418,0.00067044016274555,0.000734549213801254,0.000804667223870011,0.000881360512305634,0.000965126824941665,0.00105667226758661,0.00115658660734303,0.00126579224662112,0.00138492622550995,0.00151499359717369,0.00165663211502292,0.0018111684720517,0.00197939997897329,0.00216297520024368,0.00236255548191877,0.00257995084612346,0.0028159718851931,0.00307310819905474,0.00335193235896703,0.00365511186857063,0.00398329929484399,0.00434001475222273,0.00472557090815767,0.00514380453797304,0.00559489274643571,0.0060833612387606,0.00660949052605028,0.00717762694319669,0.00778849868003047,0.00844629055071216,0.00915166539092565,0.00990879080496041,0.0107188123606711,0.0115853093396288,0.0125089693638579,0.0134927446621437,0.0145373756328588,0.0156447690042012,0.0168158138567316,0.0180506118087768,0.0193493602426629,0.0207095247254858,0.0221315068506311,0.0236097105413289,0.0251435996239361,0.0267229272853138,0.0283470811925385,0.0300013354720497,0.0316850375573905,0.0333768943900878,0.0350754140988198,0.036751965516167,0.0384057069489329,0.0400013815612739,0.0415384365274413,0.0429729030463047,0.0443068101261213,0.0454900636720939,0.0465275467529613,0.047362852621638,0.0480073302258626,0.0484015355980644,0.0485658594774965,0.0484445545197736,0.0480580773496175,0.0473671639772928,0.0463923997365101,0.0451138212280846,0.0435568533232933,0.0417214061541041,0.0396380599234928,0.037329241941643,0.0348297138121356,0.0321799957068252,0.0294200306539352,0.0266033594696796,0.0237706254674333,0.02098008083287,0.0182654771206379,0.0156839876387341,0.0132614837964401,0.011041882790384,0.0090329250815237,0.00726108939892504,0.00572147238075264,0.00442178270389361,0.00334131343752272,0.00246990025656547,0.00178005927678395,0.00125099660614466,0.000854274571537698,0.000566996710857406,0.000364557957138073,0.000226252438746981,0.000135437296283715,7.80892536622139e-05,4.35975495835267e-05,2.31094707788173e-05,1.18364773096132e-05,5.67032426266337e-06,2.7132893106284e-06,1.15010057789198e-06,4.91006510418554e-07,1.75207179789093e-07,7.48015224969342e-08,5.28426496483405e-09,0
26126752.2556333,0,2.15896307293814e-07,1.35767580608049e-08,2.42998931274975e-07,4.32903893955816e-08,2.75150705479753e-07,5.32027121855682e-08,3.38144335103458e-07,8.03908915657623e-08,3.59367593484988e-07,1.74175493946552e-07,3.51751810398922e-07,2.83537166678542e-07,3.72478365664104e-07,3.77566673664881e-07,4.31145706601838e-07,4.67161768213296e-07,5.16883448149468e-07,5.67358997689241e-07,6.24472254079605e-07,6.8669181125505e-07,7.55220683140401e-07,8.30512303395516e-07,9.1322568868644e-07,1.00424265148863e-06,1.10414289013705e-06,1.21404411649835e-06,1.33469839966311e-06,1.46742814944017e-06,1.6130914315296e-06,1.77345284625095e-06,1.94936112932599e-06,2.1428188748942e-06,2.35512894588035e-06,2.5887995111698e-06,2.84535711310686e-06,3.12726674193239e-06,3.43662287747815e-06,3.77686226224508e-06,4.15068275770155e-06,4.56147557542016e-06,5.01227104738248e-06,5.507683045932e-06,6.05204888986949e-06,6.65024076322249e-06,7.30674615900479e-06,8.02766913167853e-06,8.81991069610778e-06,9.69073209430713e-06,1.06469657466592e-05,1.16964029665422e-05,1.28491302437036e-05,1.41153579930695e-05,1.55063326597989e-05,1.7032967860032e-05,1.8709822389856e-05,2.05504946473726e-05,2.25726496468262e-05,2.47913559391566e-05,2.72286857297538e-05,2.99030550820411e-05,3.28408889508942e-05,3.60636792222648e-05,3.96062239911104e-05,4.34903327630449e-05,4.77544142004495e-05,5.24331789937047e-05,5.75807978668306e-05,6.32192120744535e-05,6.94066618597734e-05,7.61953784962434e-05,8.36628095115562e-05,9.18369493922447e-05,0.000100816324207872,0.000110660479376497,0.000121473520696659,0.00013330713505652,0.000146311815419625,0.000160572576030577,0.000176211738170637,0.000193335038030891,0.000212135589969003,0.000232742450030121,0.000255332904278594,0.00028007080647454,0.000307196966121752,0.000336918526441106,0.00036948298420953,0.000405121533373872,0.00044415479670522,0.000486920280317139,0.000533743338273472,0.000584950736584266,0.000640952087148103,0.000702266177365131,0.000769337692682542,0.000842674225375653,0.00092274497680566,0.00101026833479668,0.00110585381089067,0.00121034056897424,0.00132425147485924,0.00144857522806876,0.00158402738060977,0.0017318858786691,0.0018928364083336,0.00206840683306512,0.00225924820860129,0.00246718108097941,0.002693030172561,0.00293906841375491,0.00320574606715489,0.00349571179045669,0.00380974645682874,0.00415118177129175,0.00452009567102884,0.00492013401825989,0.0053517664679622,0.00581936980590112,0.00632290627496834,0.00686656945499917,0.00745131668814418,0.008080971672631,0.00875602364231443,0.00948080651867685,0.0102564965895115,0.0110861068211471,0.0119702289319732,0.0129120663864912,0.0139124582795758,0.01497305616241,0.0160945081053806,0.0172768141087741,0.0185204224264248,0.0198231840583072,0.0211852566463029,0.0226010818315784,0.0240702492303674,0.0255828503131642,0.027138304039724,0.028722906038173,0.0303360150379207,0.0319566156247649,0.0335831638806211,0.0351889590854644,0.0367734027885317,0.0383017850785439,0.039773381963162,0.0411472180493246,0.0424251267324727,0.0435578096548323,0.044550561054165,0.0453503734745236,0.0459668845915493,0.0463427878756505,0.0464994191878681,0.0463829171440112,0.0460108310563067,0.0453468232436319,0.0444127702463859,0.0431879006162915,0.0416944654618257,0.0399345078745466,0.037939500183145,0.0357288490471699,0.0333338162151173,0.0307950992486302,0.0281525368269406,0.025456425544441,0.0227447501935791,0.0200730391075608,0.017473885395703,0.0150035091108183,0.012686587975401,0.0105626528620621,0.00863907677016126,0.00694386311460799,0.00547216466493586,0.00422915694923721,0.00319523741610894,0.00236168552891761,0.00170179185715037,0.0011957553892704,0.000816911258244558,0.000542515944587044,0.000348432682103818,0.000215891918006163,0.00012948953199635,7.4894648123603e-05,4.16343253210376e-05,2.19344009686776e-05,1.1344582520079e-05,5.49323745196714e-06,2.56947714396957e-06,1.07107788048917e-06,4.80881388376786e-07,1.74258417410584e-07,6.73843065833257e-08,4.16956050157921e-09,0
26738416.1583994,0,2.05424463857609e-07,1.29340976781108e-08,2.31191359114414e-07,4.14904971482616e-08,2.61768535646867e-07,5.08075335429892e-08,3.2199498992904e-07,7.6826155684568e-08,3.42038109997332e-07,1.66498179369735e-07,3.34729216343025e-07,2.70736080830209e-07,3.54761885255002e-07,3.6017984677199e-07,4.10991136724713e-07,4.45515372460257e-07,4.928973436282e-07,5.41124698248059e-07,5.9560602144311e-07,6.54986623416558e-07,7.20388375705704e-07,7.92276067285774e-07,8.71244687271654e-07,9.58123595751027e-07,1.05348189853244e-06,1.15839590215158e-06,1.27359156758225e-06,1.40034621841433e-06,1.53943144679835e-06,1.69249844472153e-06,1.8604341691453e-06,2.04522764791995e-06,2.248034145361e-06,2.47110325156129e-06,2.71595852279131e-06,2.98517959863513e-06,3.28077725518852e-06,3.60574860202504e-06,3.96256782048053e-06,4.35478538194013e-06,4.78548785555193e-06,5.25877169793924e-06,5.77847355967255e-06,6.34952297562766e-06,6.97671214912453e-06,7.66574361426427e-06,8.42248226638691e-06,9.25372309142363e-06,1.01667898396266e-05,1.11695193945262e-05,1.22709080074135e-05,1.34802691040916e-05,1.48087622324646e-05,1.626722378279e-05,1.78693916900951e-05,1.96278228755922e-05,2.1559268696137e-05,2.367845816226e-05,2.60066886739322e-05,2.85615288722177e-05,3.13681477313031e-05,3.44462111150176e-05,3.78288006938787e-05,4.15396805491526e-05,4.56159774728189e-05,5.00846255353263e-05,5.49967248878074e-05,6.03831209300275e-05,6.62998741037278e-05,7.27841007271471e-05,7.99109530511689e-05,8.77209482802311e-05,9.63029765832521e-05,0.000105702553200678,0.000116030362324048,0.000127341250436581,0.000139763264844828,0.000153379911212156,0.000168325637046647,0.000184693303326533,0.000202650983469976,0.000222332108415258,0.000243919440069735,0.000267563653760794,0.000293485686333025,0.000321883727792126,0.000353004427861878,0.000387077138095913,0.000424393583192051,0.000465256442866585,0.00050999562557531,0.000558957179816711,0.000612517553007856,0.000671131317564289,0.000735229406989523,0.000805339578939224,0.000881921995049469,0.000965630337092842,0.00105701804105968,0.00115690703855301,0.00126584441271997,0.00138477159200633,0.00151432190841297,0.00165571484520469,0.00180964596593679,0.00197758692561394,0.00216015869784383,0.00235908671889284,0.00257512017188132,0.00281045207487397,0.00306559626757716,0.00334310574133642,0.0036436107667706,0.00397021566677968,0.004323167092362,0.00470608989599813,0.00511921995497627,0.00556664621005535,0.00604855844857638,0.00656896360833787,0.00712861249088098,0.00773133664306505,0.00837767466354475,0.00907146221788064,0.00981384580537041,0.0106080997793959,0.0114547571593833,0.0123565653374185,0.0133143379720901,0.01432979847037,0.0154035971911956,0.0165358095544408,0.0177268405990066,0.0189744512806425,0.0202787849700359,0.0216346450879099,0.0230416704835553,0.0244904296868711,0.0259803462479199,0.0274980339702685,0.0290428702335861,0.0305950817799937,0.0321531464524132,0.033691060665634,0.0352083597841398,0.0366722617086874,0.0380818294583807,0.0393971061616693,0.0406202571069352,0.0417049506097058,0.042655524191404,0.0434202728331044,0.0440095935584155,0.0443691319186681,0.0445178664311859,0.0444042600008656,0.0440468124992882,0.0434104287285576,0.0425142344140109,0.0413386197018231,0.0399072622687643,0.0382223203901189,0.0363111314678878,0.0341918021649268,0.0318972674656775,0.0294675070059666,0.0269381908488158,0.0243561889524389,0.0217592979013352,0.0192025425970276,0.0167166406776022,0.0143527175987452,0.0121341240828468,0.0101018200157712,0.00826315661497275,0.00664189984465017,0.00523316692745141,0.0040438981270966,0.00305522579812344,0.00225808502687171,0.00162737711864984,0.00114380149193441,0.000781079468406913,0.000518268057938656,0.000333091960677059,0.000206726993177361,0.000123810468052009,7.13748344865423e-05,3.97957337223287e-05,2.10958320967546e-05,1.08378905764664e-05,5.18663197267377e-06,2.46218313968548e-06,1.04780481273153e-06,4.54952544426579e-07,1.59621629449358e-07,6.62651658711371e-08,5.18177861398979e-09,0
27364399.9707467,0,1.96446246460387e-07,1.23544713703426e-08,2.21148031851762e-07,3.94279574379294e-08,2.50383708047993e-07,4.8530880840524e-08,3.07705156290046e-07,7.3263502410644e-08,3.27210830300823e-07,1.58533640134848e-07,3.20345267928306e-07,2.58200234955038e-07,3.39186434840066e-07,3.43888655209716e-07,3.92662938356168e-07,4.25499013140297e-07,4.70792090510272e-07,5.16819810537619e-07,5.68841494842496e-07,6.25543000973986e-07,6.87988043277089e-07,7.56629899315256e-07,8.32031767705011e-07,9.14985409139452e-07,1.00603409047637e-06,1.10621962218505e-06,1.21623055235738e-06,1.33727064820488e-06,1.47007524403091e-06,1.61623362745314e-06,1.77659201978802e-06,1.95304618241022e-06,2.14670935037651e-06,2.35973321227514e-06,2.5935536943369e-06,2.85060549321435e-06,3.13281249894252e-06,3.44308732343284e-06,3.78382110084308e-06,4.15835478612767e-06,4.56958162065376e-06,5.02144006902694e-06,5.51766737882856e-06,6.06297812970262e-06,6.66186328212799e-06,7.31973500536566e-06,8.0423006657466e-06,8.83610038009481e-06,9.70800101661315e-06,1.06654367865982e-05,1.1717154658362e-05,1.28721121828723e-05,1.41407971781719e-05,1.55334675779681e-05,1.70634002206658e-05,1.87426645464501e-05,2.05870415956553e-05,2.26104474808989e-05,2.48333117936814e-05,2.7272600784906e-05,2.99527789670491e-05,3.2892800062691e-05,3.61233871246036e-05,3.96665232157835e-05,4.35586840066295e-05,4.78263908266602e-05,5.25169867521576e-05,5.76592964540611e-05,6.33088393911789e-05,6.95016888367394e-05,7.63077004617734e-05,8.37652408338413e-05,9.19605747381014e-05,0.000100936738157922,0.000110799252700209,0.000121602059685166,0.000133466157478818,0.000146468999893272,0.000160741679188152,0.000176375705905583,0.000193528451545486,0.000212324940650897,0.000232942439641387,0.000255526770343232,0.000280286450841952,0.000307408075144337,0.000337130314775534,0.000369677654242977,0.000405326777622047,0.000444361735090872,0.000487101034232032,0.000533880911940883,0.000585056515626334,0.00064105507047309,0.000702290602506957,0.000769276056788663,0.000842459883094835,0.000922465857396054,0.00100980820419311,0.00110526496435878,0.0012093718375542,0.00132304130029289,0.00144688137025513,0.00158204923067957,0.00172919048420978,0.00188971412928468,0.00206425168347171,0.00225447097367068,0.00246105067767964,0.00268605351887811,0.00293001619950296,0.00319542789875578,0.00348284128055173,0.00379518202195993,0.0041327438461381,0.00449904438229705,0.00489427180105089,0.00532228689933142,0.00578330362807815,0.0062812075630225,0.00681669052062736,0.00739339626999712,0.00801190096465121,0.00867590045587631,0.00938640530437698,0.0101465112138441,0.0109568419055921,0.011820099436324,0.0127369821590741,0.0137090650404676,0.0147370118067925,0.0158209967041798,0.0169614266712387,0.0181560547918811,0.0194049568700443,0.0207032139001339,0.0220505782981987,0.0234380837594502,0.0248651116459195,0.0263186587164475,0.0277980413870678,0.0292844740126508,0.0307767596900118,0.0322499254011178,0.0337031135355335,0.0351049122541543,0.0364548889250452,0.0377147215473937,0.0388860112547786,0.039924486766462,0.0408346402514386,0.0415666373886332,0.0421302977078266,0.0424740976597952,0.0426162180616278,0.042506520404679,0.0421627053497359,0.0415521867866627,0.0406936285313676,0.0395673870787988,0.0381955055859595,0.0365806471448824,0.0347497636852338,0.0327205041073413,0.0305238674359883,0.028197138726833,0.025774692514988,0.0233028017536567,0.0208178179018664,0.0183713102781298,0.0159917762462396,0.0137286225180899,0.011605888375937,0.00966292409494261,0.00790435721377384,0.0063520041906759,0.00500362363221935,0.00386723783805274,0.00292267962051383,0.00215970075460725,0.0015556971304114,0.00109337166732833,0.000746881058708956,0.000495696945981635,0.000318673319583342,0.000197656165727052,0.000118138167056036,6.81780697201362e-05,3.82210948776136e-05,2.02018369208192e-05,1.02510840010013e-05,4.9540562782676e-06,2.40890988785523e-06,9.91709999016075e-07,4.1332054873654e-07,1.62068460650937e-07,6.89699497636828e-08,1.31944753238251e-09,0
28005038.9418363,0,1.87828596841115e-07,1.17043588177087e-08,2.11306040371511e-07,3.79699495380015e-08,2.39264186685754e-07,4.61242978252844e-08,2.94441254701285e-07,6.99273457716457e-08,3.1267372946599e-07,1.51594257148006e-07,3.06149919298873e-07,2.46789275615213e-07,3.24065227733074e-07,3.28754115175797e-07,3.75159597591565e-07,4.06631352272178e-07,4.49890388917399e-07,4.93844555691298e-07,5.43562314159861e-07,5.97720137454221e-07,6.57370111228309e-07,7.22925189159118e-07,7.94974576955814e-07,8.74191869561924e-07,9.61156907004565e-07,1.05684325276585e-06,1.16188175659852e-06,1.27747897318585e-06,1.40431529553083e-06,1.54390279239289e-06,1.69703345904184e-06,1.86553598362977e-06,2.05050400243137e-06,2.25394686390315e-06,2.47722957813729e-06,2.7227219580396e-06,2.99229293061532e-06,3.28869660278642e-06,3.61415176293624e-06,3.97184168611117e-06,4.36461464885971e-06,4.79631457863471e-06,5.27040223704668e-06,5.79120837959567e-06,6.36314149303384e-06,6.99162456648983e-06,7.68200462434071e-06,8.44024635444055e-06,9.27302768462845e-06,1.01877076755461e-05,1.11924875738158e-05,1.22957182497139e-05,1.35076153526053e-05,1.4838157470634e-05,1.6299794780092e-05,1.79039131678145e-05,1.96659738059718e-05,2.15995512531845e-05,2.37236353233332e-05,2.60540353019159e-05,2.86147765233445e-05,3.14242945921496e-05,3.45109529324277e-05,3.78959517424452e-05,4.16160869742136e-05,4.56958728316222e-05,5.01771970533589e-05,5.50891457864569e-05,6.04896483663004e-05,6.64112931652527e-05,7.29153862076661e-05,8.00403848994894e-05,8.78723011655906e-05,9.64502407491741e-05,0.000105876258119288,0.000116205659880277,0.000127546999232266,0.000139967458514212,0.000153603785851789,0.000168553344993368,0.00018495419909266,0.000202914732919253,0.000222615222049223,0.00024420531400395,0.000267877449406064,0.000293802020790612,0.000322208187026775,0.000353316860171942,0.000387398107186785,0.000424716418123992,0.000465563245295574,0.000510268571788156,0.000559193814621475,0.000612741909856051,0.000671281947879147,0.000735301879644611,0.000805257865564431,0.000881758898976169,0.000965271183983851,0.00105652178233281,0.00115605284767752,0.00126475392969551,0.00138317885618148,0.00151243084816014,0.00165314855790726,0.00180666325474152,0.00197357733291617,0.0021555141424393,0.00235310918098991,0.00256830717914818,0.00280164354138045,0.00305554834286578,0.00333055013736145,0.00362936083728078,0.00395226269848851,0.00430273823120189,0.00468093167332062,0.0050904474333958,0.00553159633169447,0.0060081351271886,0.00652057055593111,0.00707242989215823,0.00766444791734814,0.00830006898800472,0.00898010555308662,0.00970764448425665,0.0104833985852823,0.0113098689241595,0.012187653785322,0.0131183083379906,0.0141025141811643,0.0151404465685002,0.0162324959501528,0.0173764681267051,0.0185723572009454,0.0198154550613762,0.0211056413144598,0.022434413089807,0.023801081477138,0.025192992491975,0.02660943000658,0.0280325792314439,0.0294615766353604,0.03087241441558,0.0322636230898219,0.0336050172404903,0.0348971196328289,0.0361033251280474,0.0372241104975478,0.0382172244564402,0.0390877954383846,0.0397875366930993,0.0403254521695976,0.0406530834470231,0.0407878966573851,0.0406811767976467,0.0403502781867238,0.0397643060365014,0.0389401195361612,0.0378592878805343,0.0365449629046239,0.034999187660928,0.0332450721432017,0.0312999571967452,0.0291962937063299,0.0269699210950542,0.024651782990756,0.0222855714744611,0.0199064238175385,0.0175645860770481,0.0152890678981101,0.0131263445659283,0.0110955114661309,0.00923434692211759,0.00755215863414814,0.00607064059342536,0.00478330660841802,0.00369590654959226,0.0027913061659933,0.00206188168138807,0.0014861763461875,0.0010457463569057,0.000714087175680329,0.000472736564505265,0.000303740355889138,0.000189234780862884,0.000113369134519435,6.4944051372086e-05,3.62514185792253e-05,1.94040664305584e-05,9.89734934511939e-06,4.67904838794194e-06,2.27209497705226e-06,9.68520374468972e-07,4.01329470218476e-07,1.48026766694166e-07,6.33433214226916e-08,2.77488514344365e-09,0
28660676.1694825,0,1.79004115847504e-07,1.13116825721502e-08,2.01494306565521e-07,3.59570401877606e-08,2.28211290337957e-07,4.43062203393033e-08,2.80356666765658e-07,6.69929602632858e-08,2.98094488641144e-07,1.44728999943395e-07,2.91947163660125e-07,2.35499360726785e-07,3.09263986349819e-07,3.13590729997029e-07,3.58073639418475e-07,3.88020143313999e-07,4.29348621662706e-07,4.71326488547777e-07,5.18789655146797e-07,5.70500809856834e-07,6.27465213257997e-07,6.90075828926221e-07,7.58844131278616e-07,8.34496447691188e-07,9.17544502883822e-07,1.00893151371722e-06,1.10926996545594e-06,1.21965790504096e-06,1.34078477596526e-06,1.47409571125291e-06,1.6203595527623e-06,1.78131354739306e-06,1.95795773784288e-06,2.15224202260487e-06,2.36551180139598e-06,2.60001376082834e-06,2.85747920282752e-06,3.14053053494019e-06,3.45133608786001e-06,3.79296387140142e-06,4.16811463562164e-06,4.58040909862623e-06,5.03315857188794e-06,5.53057534144299e-06,6.07687577615607e-06,6.67713427857337e-06,7.33645152527573e-06,8.06067738835532e-06,8.8561849747269e-06,9.72981648734092e-06,1.06894261185039e-05,1.17431871310635e-05,1.29008432220206e-05,1.41717416305087e-05,1.55677796714663e-05,1.71000044892632e-05,1.87831994223006e-05,2.06300980683619e-05,2.26588440311039e-05,2.48850285167939e-05,2.733168559294e-05,3.00155976964997e-05,3.2963784537999e-05,3.61975878098836e-05,3.97516639347473e-05,4.36480136240892e-05,4.79285943672012e-05,5.26234924926339e-05,5.77847607589789e-05,6.34406658274917e-05,6.96538487934997e-05,7.64637467669053e-05,8.39494842558552e-05,9.21476090810619e-05,0.000101155896136903,0.000111024458310875,0.000121859514620093,0.000133733116713764,0.000146772603190141,0.00016105931284959,0.000176727342788411,0.00019389225566131,0.000212726737212721,0.000233365469024332,0.000255988984233621,0.00028076372281485,0.000307915734979083,0.000337655030225787,0.000370226597948299,0.000405884943051016,0.000444932467087597,0.0004876862189586,0.000534459902210938,0.000585627907080773,0.000641574300145834,0.000702791213504201,0.000769694569583486,0.000842829295193237,0.000922648768336691,0.00100989127626681,0.0011050753383548,0.00120901538132905,0.00132224142786511,0.00144582046964354,0.00158035872270583,0.00172716185627072,0.00188682147234195,0.00206082365456484,0.00224975284950984,0.00245555175501428,0.00267876715261648,0.00292162466727171,0.00318458188107709,0.00347036262671875,0.00377929842336647,0.00411456916971153,0.00447626977017399,0.00486800880858179,0.00529009468906918,0.00574595924239042,0.00623613693454062,0.00676415411333215,0.0073306226360751,0.00793870017954358,0.0085892745093201,0.00928542872090446,0.0100277802084683,0.0108186150962466,0.0116585056136653,0.0125490212386954,0.0134908913967606,0.0144842354558594,0.0155293020571816,0.0166240062995082,0.0177684946240931,0.0189583372973034,0.0201933279655073,0.0214652110699063,0.0227732863402204,0.0241055016713004,0.0254613279462608,0.026823831564961,0.02819197158946,0.0295424059098554,0.0308740347400961,0.0321586190657034,0.0333961197944491,0.0345505357904404,0.0356230922327435,0.0365741832534635,0.0374077857957275,0.0380773444254312,0.0385924352700449,0.038906218231106,0.0390346065669201,0.0389318605737314,0.0386150766534506,0.0380537913150206,0.0372643801658773,0.0362297900097375,0.0349711538937217,0.0334902031737659,0.0318106992115149,0.02994959007062,0.0279361333845335,0.0258041908009802,0.0235848776053686,0.0213206898970207,0.0190447566105821,0.0168043203042756,0.014626037843874,0.0125554404426605,0.0106133540690786,0.0088347275921249,0.00722521137066696,0.00580642049961089,0.00457448953365776,0.00353454973940327,0.0026698483762908,0.00197300012462819,0.00142183425459147,0.000999075422098307,0.00068206719177726,0.000452608628917068,0.000290894224022184,0.000180458988715757,0.00010806958685937,6.23272458362817e-05,3.47456120868801e-05,1.84051111775335e-05,9.44555326730015e-06,4.51720843451592e-06,2.15432353820352e-06,9.20219832650784e-07,3.92597830654863e-07,1.36864357217574e-07,5.99753041472651e-08,4.89216051928657e-09,0
29331662.7839004,0,1.71594840073444e-07,1.07628968760057e-08,1.93160536729166e-07,3.44510745987922e-08,2.18670762636489e-07,4.22928221983488e-08,2.68841515263888e-07,6.38735956842055e-08,2.85745771567049e-07,1.3846275972773e-07,2.79630705850848e-07,2.25531379129705e-07,2.96064630802582e-07,3.00286799651209e-07,3.42779971201654e-07,3.7147320690119e-07,4.10983860784543e-07,4.51152555522636e-07,4.96542516662569e-07,5.46017961771345e-07,6.00506563363761e-07,6.60385970160789e-07,7.26157541820881e-07,7.98516166350661e-07,8.77939905740271e-07,9.65329610405397e-07,1.06127697737413e-06,1.16682956039336e-06,1.28264236025804e-06,1.41009991542449e-06,1.54993009569444e-06,1.70378743122568e-06,1.87264520136745e-06,2.0583779097564e-06,2.2622419830684e-06,2.48637481121504e-06,2.73245002224512e-06,3.00296168959229e-06,3.29999406709437e-06,3.62653948617811e-06,3.98512136578838e-06,4.37905365152655e-06,4.81158662256146e-06,5.28697905824212e-06,5.80917419918316e-06,6.38270548565754e-06,7.01246873793381e-06,7.70437121791747e-06,8.46454303933797e-06,9.29925039362893e-06,1.02159267224134e-05,1.12225975865969e-05,1.2328643091732e-05,1.35428201280669e-05,1.48764951365515e-05,1.63403751878619e-05,1.79483220134598e-05,1.97123127228085e-05,2.16503893820313e-05,2.37775228929474e-05,2.61142081774651e-05,2.86768233279082e-05,3.14939442584642e-05,3.45849665415906e-05,3.79786525120393e-05,4.16977862241088e-05,4.57881684831182e-05,5.02758930674426e-05,5.52042126261545e-05,6.06029701588984e-05,6.65374909722677e-05,7.30432249714827e-05,8.01932765393526e-05,8.80244618699431e-05,9.66278302803828e-05,0.000106048609711011,0.000116396867450817,0.000127746155619547,0.000140203546797817,0.000153839052142637,0.000168798940410827,0.000185204466479973,0.000203201375234042,0.000222905861686801,0.000244508243485983,0.000268180158095105,0.000294125043925452,0.000322535354206922,0.000353654433723484,0.00038772799472494,0.000425034096339715,0.000465874783154803,0.000510562286206949,0.00055946079227804,0.000612931433547051,0.000671429033686031,0.000735342667603797,0.0008052205975248,0.00088152808024026,0.000964936815613052,0.00105589307007898,0.00115520584725521,0.00126343323940917,0.00138158903714922,0.00151022356271003,0.00165055098141479,0.00180313377515118,0.00196946476950494,0.00215014354873676,0.00234694955559433,0.00256034793072718,0.00279253343910989,0.00304401343036638,0.00331734963629943,0.0036127683638109,0.00393334489890895,0.0042793047476199,0.00465404851338277,0.00505771071331557,0.00549369974169262,0.0059627175670372,0.0064679290876261,0.0070097166522052,0.00759137304991502,0.00821395813714547,0.00888015349471999,0.00959033720621906,0.0103469379194814,0.0111507777018363,0.0120031896030651,0.0129045400462388,0.0138549990702448,0.0148551238143959,0.0159030148592379,0.0169986398458097,0.0181375901767051,0.0193196192790893,0.020536907947964,0.0217889887134608,0.0230644466124757,0.024362676408748,0.0256671117282071,0.0269764014716948,0.0282687076520728,0.0295438631943618,0.0307740826193414,0.0319581188585639,0.0330625416191238,0.0340895980282838,0.0350001096399534,0.0357972961142492,0.0364377271224295,0.0369305151872932,0.0372299981008621,0.0373520499744103,0.0372532930144138,0.0369491275309521,0.0364105745865795,0.035654423630897,0.0346635186068212,0.0334571272288441,0.0320388394001717,0.0304321173392043,0.0286501941743129,0.0267209698943888,0.0246807833494022,0.0225587559234908,0.0203915993338036,0.0182122255364192,0.0160693999554951,0.0139871481708821,0.0120058985322983,0.0101469768623336,0.0084465136783034,0.00690852623091566,0.00555139363233078,0.00437261347582404,0.00337861798852212,0.00255230875703025,0.00188591692784711,0.00135900977900413,0.00095500855686381,0.000651789205456387,0.000432397381308957,0.000278124965359317,0.000172659719061605,0.000103198410688978,5.93678297453875e-05,3.32260171225755e-05,1.77271831542938e-05,9.01908512952152e-06,4.23238312950794e-06,2.06633180848477e-06,9.18685724325216e-07,3.63891124244266e-07,1.16534848737042e-07,6.49805174545235e-08,7.68892238849266e-09,0
30018358.1357559,0,1.63596777830546e-07,1.03378107666e-08,1.84073054181783e-07,3.26558369876933e-08,2.08673131747655e-07,4.03744917968175e-08,2.5590095062072e-07,6.10767812060043e-08,2.72493596787748e-07,1.31570828162744e-07,2.66902030442283e-07,2.14605330500549e-07,2.82412989613926e-07,2.85982601784762e-07,3.26832747324375e-07,3.53949233785849e-07,3.91698531307311e-07,4.29984424423443e-07,4.73259245902408e-07,5.20413547910508e-07,5.72326225633007e-07,6.29409806983136e-07,6.9215797630347e-07,7.61146171392616e-07,8.36844557930335e-07,9.20161261127641e-07,1.01165288134526e-06,1.11233469687387e-06,1.22282251187496e-06,1.34435586400746e-06,1.47763352231354e-06,1.62439418570475e-06,1.78561701017943e-06,1.96285618353928e-06,2.15716257171879e-06,2.37084251446702e-06,2.60577374256322e-06,2.86411278329436e-06,3.14742552569854e-06,3.45866346322312e-06,3.80080656704868e-06,4.17718314714798e-06,4.59021298895697e-06,5.04338516827412e-06,5.5411538206759e-06,6.08890964787098e-06,6.6908061144139e-06,7.35110124175954e-06,8.07595211287106e-06,8.87277366789096e-06,9.74846028051136e-06,1.07093297005105e-05,1.17644926957979e-05,1.29236023622928e-05,1.41974903418692e-05,1.55950324228587e-05,1.71293261848468e-05,1.88135124538812e-05,2.0665207006814e-05,2.26968009920322e-05,2.4927602646991e-05,2.73743673169876e-05,3.00627755768528e-05,3.30119412858087e-05,3.62555369657335e-05,3.98132996294618e-05,4.37167852248703e-05,4.79937389642127e-05,5.2701910721739e-05,5.78657990112688e-05,6.35320934006986e-05,6.97425181059166e-05,7.65763086309047e-05,8.40530773424897e-05,9.22605328548653e-05,0.000101267882015396,0.000111169089197259,0.000121999635313837,0.000133880765390536,0.000146919249320127,0.000161233540034227,0.000176900870843279,0.000194081519249038,0.000212918029387927,0.000233575847384178,0.000256199774669093,0.000280990097509768,0.000308137493802141,0.000337886002349876,0.000370474548084212,0.000406136948262756,0.000445147878934335,0.0004878566741822,0.000534641104270172,0.000585793558803788,0.000641704245438284,0.000702782291182455,0.000769602656653232,0.000842587556205559,0.000922329353214784,0.00100928322344588,0.00110427437193918,0.0012077801410831,0.00132071166750577,0.00144369080812428,0.00157794846250104,0.0017239029005158,0.00188291673139195,0.00205567355750176,0.00224390696361266,0.00244797361025835,0.00267000503659883,0.00291058701365983,0.0031720546373096,0.00345451492237517,0.0037611335324032,0.00409219625355882,0.00445062604465933,0.00483662127829917,0.00525380916623604,0.00570260278339634,0.00618574575006751,0.00670405499794103,0.00726083168484244,0.00785655587680664,0.00849378316121785,0.00917340449777648,0.00989768306889818,0.0106669432716926,0.0114825138573771,0.0123450919412433,0.0132548723942462,0.0142122152981219,0.0152152046444341,0.0162638466070966,0.0173540491377789,0.0184854886950466,0.0196504403491488,0.0208487261133102,0.0220698758745962,0.0233128212568038,0.0245610133856226,0.0258138221259612,0.0270511665203667,0.0282719438888759,0.0294485895166444,0.030581267242893,0.0316390183123258,0.0326220509325595,0.0334918598591509,0.0342539094881716,0.0348671700013223,0.0353381720436087,0.0356235921688314,0.0357397904266481,0.035643958915391,0.0353512915960461,0.034835620578226,0.0341112834876086,0.0331610527237326,0.0320057348890009,0.0306483967366015,0.0291092369507478,0.0274029264906872,0.0255580555419239,0.0236059021817439,0.0215731700548981,0.0194996380837748,0.0174170061109665,0.0153666871020368,0.013372518087422,0.0114783001252239,0.00970258379938056,0.00807560953429255,0.00660335345387584,0.00530639100736832,0.00418036173630292,0.00322964196435122,0.00243932877350335,0.00180259463573501,0.00129888269153675,0.000912546356992708,0.000623028243558232,0.00041346735222053,0.000265653333489205,0.000164738415479709,9.87008436445113e-05,5.69681140052e-05,3.17189938793349e-05,1.67554938173896e-05,8.62284805524193e-06,4.15844224818559e-06,1.96641970091201e-06,8.21097772054594e-07,3.61672395723334e-07,1.32589478027786e-07,5.15541652105805e-08,2.63942927612856e-09,0
30721129.9886176,0,1.56469962178265e-07,9.78240720072997e-09,1.76139672378198e-07,3.13188186593405e-08,1.99394366458933e-07,3.85093062846209e-08,2.44958062776451e-07,5.81443717833921e-08,2.6056095778185e-07,1.25781821993392e-07,2.55079641117854e-07,2.05183889234256e-07,2.69786941210828e-07,2.73450416435187e-07,3.12229863720697e-07,3.38275290153423e-07,3.74300063082748e-07,4.10855845431612e-07,4.52189594527157e-07,4.97243182689955e-07,5.46825400155939e-07,6.01359116945931e-07,6.61280839066309e-07,7.27171535730718e-07,7.99487414263522e-07,8.7905532066686e-07,9.66427442472212e-07,1.06258044296387e-06,1.16808732934397e-06,1.28415692701666e-06,1.41147053158129e-06,1.55163578132109e-06,1.70556230941556e-06,1.87481716936642e-06,2.06046257288323e-06,2.26457577075373e-06,2.48883256083836e-06,2.73547340930311e-06,3.00619333358355e-06,3.30358503898984e-06,3.63019691539641e-06,3.98942210771216e-06,4.38398259381949e-06,4.81709849256981e-06,5.29250409152492e-06,5.81527096917217e-06,6.38989942154066e-06,7.0207284314584e-06,7.71322205479513e-06,8.4740543870687e-06,9.31002868364303e-06,1.02276666846864e-05,1.1235703243733e-05,1.23428167288092e-05,1.35590097630549e-05,1.48933484351701e-05,1.63589306535036e-05,1.79674464942901e-05,1.97348055783368e-05,2.16742130388999e-05,2.38057242273969e-05,2.61437943680509e-05,2.87103851610115e-05,3.15246781962024e-05,3.46221556025181e-05,3.80221082007443e-05,4.17511337654026e-05,4.58336868817177e-05,5.032858256976e-05,5.52628039437403e-05,6.06760868112968e-05,6.6603086968471e-05,7.31274385674306e-05,8.0275234668613e-05,8.81187301846671e-05,9.67149111165577e-05,0.000106166915366855,0.000116517779227002,0.00012787157191858,0.000140322769349208,0.000153991457350167,0.000168956835783327,0.000185369069468305,0.000203361321845035,0.000223093043970942,0.000244702746380946,0.00026838130975376,0.000294312164948282,0.000322726663099438,0.00035385420950833,0.000387927432911888,0.000425206651722459,0.000466005958814224,0.000510680653077843,0.000559532513034549,0.000612957470508225,0.000671338728837941,0.000735187336674055,0.000804896082339598,0.000881077847436319,0.000964187432058316,0.00105497341870658,0.00115388831324305,0.00126182587831874,0.00137935277619383,0.00150764499282098,0.00164716430403894,0.00179919851119086,0.00196434147861897,0.00214428974590228,0.00233941757894957,0.0025516797102819,0.00278163363924768,0.0030316730581543,0.00330190041269863,0.00359510486003627,0.00391155750667495,0.00425434315275955,0.00462366566635628,0.00502272813791847,0.00545190249102307,0.00591402527640264,0.00640990477607402,0.00694254295669012,0.00751240389899721,0.00812205664402606,0.00877230708557325,0.00946523170470524,0.0102012279550531,0.0109816300254263,0.0118070348947211,0.0126776173050052,0.013593725108908,0.0145534543461391,0.0155568789834212,0.0166002430251062,0.0176832094103459,0.0187982602146367,0.0199451493142922,0.0211137822868627,0.0223032083275594,0.023497885943377,0.024697296740139,0.0258817365206209,0.0270498912863252,0.028175989073708,0.029260408977147,0.0302727536571978,0.0312132556807093,0.0320457882990873,0.0327751988920543,0.0333616983438413,0.0338119996764627,0.0340847566144156,0.0341955807080828,0.0341037213926485,0.0338231336924299,0.0333283655724243,0.0326342636890403,0.0317250050340061,0.0306192757823825,0.0293191581099137,0.0278451559323397,0.0262123736583852,0.0244471740156335,0.0225787449075484,0.0206333221513391,0.0186493361487813,0.0166569722734376,0.0146958281898934,0.0127881010999434,0.0109757465182012,0.0092775946032728,0.00772213910677547,0.00631381625755065,0.00507299567256644,0.00399651714191161,0.00308780248278892,0.00233195581841049,0.00172303019917426,0.00124159784371961,0.000872291797637719,0.000595493847074577,0.000395239136702697,0.000253916731504933,0.000157355579633996,9.43009455382412e-05,5.45048644447148e-05,3.03146381310898e-05,1.59688331472843e-05,8.24486379690181e-06,3.9910848356547e-06,1.87029011329993e-06,7.79381426849888e-07,3.50189311007597e-07,1.2673619133691e-07,4.76653463148732e-08,2.90834202198738e-09,0
31440354.715915,0,1.49663116893183e-07,9.77418113239552e-09,1.68981587615777e-07,2.90359595529969e-08,1.90839185706588e-07,3.798931297165e-08,2.34041412132598e-07,5.46481363987295e-08,2.50572722420618e-07,1.20526740106937e-07,2.43068332196557e-07,1.9707195297135e-07,2.58713813300698e-07,2.60649955215031e-07,2.99496552076572e-07,3.23984905035116e-07,3.57438185174622e-07,3.93909964825744e-07,4.32493305246713e-07,4.75559511053669e-07,5.2371871907263e-07,5.75029214022424e-07,6.32837765264217e-07,6.95758566963546e-07,7.64676627774734e-07,8.41127743850912e-07,9.24386048013943e-07,1.01643095324206e-06,1.11728364341737e-06,1.22819063089136e-06,1.35005930265339e-06,1.48398425786739e-06,1.63108771289155e-06,1.79281242030403e-06,1.97034132780492e-06,2.1655736439029e-06,2.37987513937217e-06,2.61550215706615e-06,2.87423132235148e-06,3.15864417415704e-06,3.47095850565395e-06,3.81415289183212e-06,4.19099084973381e-06,4.605017384199e-06,5.05978193185359e-06,5.5594759317937e-06,6.10828424861113e-06,6.71104805804937e-06,7.37312385757091e-06,8.10029108664398e-06,8.89909571395625e-06,9.77626483772212e-06,1.07398435888068e-05,1.17976552809512e-05,1.29596873045621e-05,1.42351414776075e-05,1.56363156813264e-05,1.71738864009147e-05,1.88628827539371e-05,2.07160450723286e-05,2.27525736290611e-05,2.49868140740448e-05,2.74414312779072e-05,3.0134059510436e-05,3.3093556931603e-05,3.63380573780293e-05,3.99017140035756e-05,4.38096196552177e-05,4.81067204212215e-05,5.28172827692919e-05,5.79917050831983e-05,6.36613043512772e-05,6.98929168365332e-05,7.67191729096601e-05,8.42225861704056e-05,9.24436056481223e-05,0.000101467751277251,0.000111354537526167,0.000122214331605853,0.000134117887698214,0.000147174084497933,0.000161476493312218,0.000177168405230213,0.000194362607473349,0.000213214668530391,0.000233866581573379,0.000256500584029874,0.000281291027969033,0.000308451554967644,0.000338190073956419,0.000370744774357452,0.000406388403351858,0.000445402735040871,0.000488098009857385,0.000534776927147523,0.000585841800324698,0.00064165263600057,0.000702687679049374,0.000769323511569708,0.000842149339192103,0.000921600507387185,0.00100838299716816,0.00110293950444583,0.00120615501572919,0.00131853609232598,0.00144115156488752,0.00157450849205217,0.00171990737540215,0.00187782748071413,0.00204982102601889,0.00223636150368055,0.00243940177741265,0.00265932403960009,0.00289830785956469,0.00315663860420747,0.00343709080562118,0.00373973863423938,0.00406750158542206,0.00442069685154629,0.00480228195708755,0.00521263459280416,0.00565467030978526,0.00612900106990791,0.00663830586937928,0.00718326139462215,0.00776644798241323,0.00838841397773154,0.00905107337023631,0.00975498850528842,0.0105015224295829,0.0112911440133056,0.0121239017803185,0.0130001600239394,0.0139182529340229,0.014878215566919,0.0158762475943008,0.0169121703300191,0.0179791500844711,0.0190766933933967,0.0201945959509197,0.0213322108847418,0.0224752934387242,0.0236231753488898,0.0247564164491574,0.0258737485819297,0.0269509680688388,0.0279884637054003,0.0289566675073762,0.0298560853275567,0.0306528280937854,0.0313506380414168,0.0319105342326603,0.0323403654138999,0.0326012243649377,0.0327064653790226,0.0326173800664449,0.0323486700803557,0.0318745795694451,0.0312083679340611,0.0303372851529727,0.0292802229991693,0.028036344894468,0.0266239678627079,0.0250605300414888,0.02337287383364,0.0215865708294778,0.0197254066864027,0.017827321756459,0.015921439168093,0.0140460913618343,0.0122236174627247,0.0104919529451631,0.00886676941082197,0.00737824996261999,0.00603331646156679,0.00484889845809405,0.00381982879985225,0.00295071308580453,0.00222792334784387,0.00164567962953629,0.00118642751417476,0.000834605278933899,0.000569407986297169,0.000376937536302415,0.000242532171399173,0.000151071116262837,9.02105082514402e-05,5.1733522113943e-05,2.90697804794577e-05,1.54597323575709e-05,7.79171570091662e-06,3.77218498147074e-06,1.84778000731928e-06,7.39266729701842e-07,3.1768793894867e-07,1.29950955281777e-07,4.65287478875284e-08,9.51967179884103e-10,0
32176417.5025074,0,1.43821003382527e-07,8.87598594667459e-09,1.62085560806862e-07,2.86338872291797e-08,1.830318865598e-07,3.53711491531963e-08,2.25287812257423e-07,5.25458198853918e-08,2.40045157746458e-07,1.14609123556009e-07,2.34530475305798e-07,1.87860963328764e-07,2.47527106389402e-07,2.50660822865349e-07,2.86143418624454e-07,3.10055085231855e-07,3.42916440037311e-07,3.76386712623288e-07,4.14158353907234e-07,4.55356408759893e-07,5.00706903270305e-07,5.50561115356019e-07,6.05311535009394e-07,6.65545213601606e-07,7.31656272229997e-07,8.04386652774522e-07,8.84231277389471e-07,9.72073295613318e-07,1.06846305833539e-06,1.17453953952426e-06,1.29090031931303e-06,1.41893203269346e-06,1.55945888026753e-06,1.71402867202105e-06,1.88366713425164e-06,2.07015916083011e-06,2.27492862228989e-06,2.50006722412238e-06,2.74727318086507e-06,3.01895800587385e-06,3.31727913561605e-06,3.6451655102708e-06,4.00525817388544e-06,4.40083692909245e-06,4.8352267652187e-06,5.31253441961652e-06,5.83683012885636e-06,6.4126846725176e-06,7.04516597311767e-06,7.7397940706309e-06,8.50280585683391e-06,9.3406144736076e-06,1.02609388596116e-05,1.12713198118254e-05,1.23813044726407e-05,1.35995284751971e-05,1.4937594954447e-05,1.64059136207553e-05,1.80190224478594e-05,1.97886476421555e-05,2.1732991489565e-05,2.38666588894393e-05,2.62112582973206e-05,2.87821869596411e-05,3.16072554481428e-05,3.47057122419149e-05,3.81095955331339e-05,4.18407286654338e-05,4.59428523601199e-05,5.04408949127277e-05,5.5382136918911e-05,6.07962140946406e-05,6.67477176009409e-05,7.32658063552155e-05,8.0428489608345e-05,8.82790717225853e-05,9.68999711210663e-05,0.000106341153502156,0.000116707928121806,0.000128076468222666,0.00014055001788018,0.000154207528663563,0.000169186289086625,0.000185606602720826,0.000203618223040193,0.000223343976216604,0.000244956585839977,0.000268632670812968,0.000294575759502267,0.000322978861210399,0.000354072487152831,0.000388119921035075,0.000425388105896698,0.000466172584478121,0.000510760460563148,0.000559533636408376,0.000612845536346643,0.00067116315920091,0.000734833925456001,0.000804403294017095,0.000880295738754454,0.000963201721763539,0.00105354621812165,0.00115217716028,0.00125957582519862,0.00137674248576644,0.00150416167781259,0.00164310967389376,0.00179405719011662,0.00195845043712711,0.00213672329955343,0.0023307937318247,0.00254105173870952,0.00276950158820082,0.00301640089472137,0.00328450999503327,0.00357392243076038,0.0038873481669991,0.00422505939277949,0.00458991577109098,0.00498230065465699,0.00540502320585224,0.00585870797406536,0.00634591243674762,0.00686717558978162,0.00742490373389125,0.00801979309182811,0.00865384093229471,0.00932741035653069,0.0100415998704764,0.0107969775278525,0.0115937683290539,0.0124322989628192,0.0133108768326044,0.0142294634547018,0.0151843919952298,0.016175577092566,0.0171966269647144,0.018247080336365,0.0193169628857489,0.0204054690398905,0.0214990887789038,0.022597452338163,0.0236819370161748,0.0247510936337489,0.0257817424938475,0.0267744341737893,0.0277007313898925,0.0285608472713639,0.0293227179361093,0.0299904097390183,0.0305260910863781,0.0309365976143323,0.0311852763212679,0.0312857208363923,0.0312001526926288,0.0309418622811997,0.0304875314711736,0.0298508456681686,0.0290173264626741,0.0280033409217655,0.0268117222692284,0.0254628926387746,0.0239688437510434,0.0223512749291706,0.0206397171842744,0.018861335778396,0.0170478157351333,0.0152232252088607,0.0134281159375078,0.0116859292212906,0.010029928873739,0.00847523308464175,0.00705324205442176,0.00576841693347591,0.00463421791088923,0.00364893339186253,0.00281995090020996,0.00213086918184637,0.00157310518074983,0.0011325342963923,0.000796832468191447,0.00054449403998238,0.000360514677892693,0.000231493124812436,0.000143961084933375,8.610748248012e-05,4.94991177701175e-05,2.77592784688549e-05,1.47565196207487e-05,7.44953057586521e-06,3.55054339746048e-06,1.75212377289121e-06,7.45192122802382e-07,2.97048506020167e-07,1.07312424430678e-07,5.24556894683282e-08,3.5749832593541e-09,0
32929712.5509715,0,1.37329562257739e-07,8.51764434074002e-09,1.54758503547915e-07,2.73460276925674e-08,1.74808481232405e-07,3.38348158995301e-08,2.15079651182333e-07,5.03291367115445e-08,2.29094950099037e-07,1.09705906985956e-07,2.23801609998603e-07,1.79619897612317e-07,2.36354027996746e-07,2.39495416054569e-07,2.73326363237502e-07,2.96214692413778e-07,3.27583346362554e-07,3.59578207765484e-07,3.95662076699043e-07,4.35017297248745e-07,4.7833921942323e-07,5.25960211977297e-07,5.78259172906386e-07,6.35789202598623e-07,6.98927313212786e-07,7.68391958234656e-07,8.44655416590065e-07,9.28553115805565e-07,1.0206134643031e-06,1.12192948784893e-06,1.23306819941734e-06,1.35535380361164e-06,1.48958410585271e-06,1.63723306746524e-06,1.79926007020195e-06,1.97737275921229e-06,2.17295594688237e-06,2.38801367199543e-06,2.62414113492345e-06,2.88362699213295e-06,3.16854541443397e-06,3.48170312525637e-06,3.82562175672894e-06,4.20342620084218e-06,4.61828359818644e-06,5.07413884727477e-06,5.57491820638165e-06,6.1249410794909e-06,6.72899641672327e-06,7.39243520844478e-06,8.12123519572607e-06,8.92137487787504e-06,9.80023671124817e-06,1.07652653996828e-05,1.18256302027093e-05,1.29893102309781e-05,1.42672197646869e-05,1.56695040205737e-05,1.7210295220299e-05,1.89007356804129e-05,2.07580866041966e-05,2.27963346727467e-05,2.50359168373707e-05,2.74912072701819e-05,3.0189595256784e-05,3.31506491416673e-05,3.64037288265831e-05,3.9967545616951e-05,4.38851619174404e-05,4.81832691977742e-05,5.29059928762463e-05,5.80785905497311e-05,6.37639547741464e-05,6.99924692765231e-05,7.68368178949103e-05,8.43372254151282e-05,9.25754373390451e-05,0.000101598897255729,0.000111504123117992,0.000122365475683991,0.000134287165727305,0.000147343984001901,0.000161660774927645,0.000177349343934499,0.000194557802959904,0.00021341178536023,0.000234074919235249,0.000256705762049013,0.000281498057451075,0.00030864534633786,0.000338369161570678,0.000370913747689124,0.000406532728906272,0.000445516270303214,0.000488143965978664,0.000534774057438352,0.000585735391423271,0.000641480549826897,0.000702351158271631,0.000768862144614117,0.000841416022780032,0.000920685776735702,0.00100707447654588,0.00110136950966792,0.00120403143280167,0.00131604755890161,0.00143789974312814,0.00157078472789148,0.00171511450332218,0.00187228838773252,0.00204276732944414,0.00222836429099188,0.00242942066894609,0.00264789572785572,0.00288404243174943,0.00314045944996297,0.003417250745707,0.00371699249743135,0.00403992992267068,0.00438889523002304,0.00476427018006929,0.00516860634391935,0.00560247786132883,0.00606843432569677,0.00656703947253297,0.00710056622219712,0.00766960721028655,0.00827603234587548,0.00892028140887005,0.00960346651321466,0.0103260635762299,0.0110882860517357,0.0118904823200704,0.0127309607752533,0.0136096949126838,0.0145233157927279,0.0154717200796414,0.016448643990593,0.0174536401960275,0.0184773137439925,0.019518985989654,0.0205656039210164,0.0216166388195502,0.0226543347773066,0.0236774638843491,0.0246638341245973,0.0256139479900998,0.0265005732613019,0.0273237428178543,0.0280526007607497,0.0286913062017272,0.0292041016998406,0.0295973083508571,0.0298351248914647,0.0299306390642988,0.0298484624148226,0.0296014198896291,0.0291664644540734,0.0285563675014459,0.027758310212682,0.0267885806115283,0.0256483446755459,0.0243561825554645,0.0229258858138658,0.0213795224612194,0.0197425605330165,0.0180395183893755,0.016303792556695,0.0145596962452323,0.0128428915929046,0.0111751659848786,0.00959140562663951,0.00810549890191013,0.00674456889156737,0.00551481437994716,0.00443164128823791,0.00349018038353878,0.00269551904644956,0.00203600769566449,0.00150462276952775,0.00108376517187637,0.000761254526945703,0.000519828179067968,0.000344848915536436,0.000221470549437453,0.0001374746908158,8.23705849189458e-05,4.7364556682994e-05,2.63523319543303e-05,1.40430667110611e-05,7.23814299672939e-06,3.41985949499872e-06,1.61454487631119e-06,7.04960785070627e-07,3.05604904293023e-07,1.01174380845438e-07,4.37947654640132e-08,4.65384545942087e-09,0
33700643.2927192,0,1.30337558398238e-07,8.14109479655134e-09,1.46794901487937e-07,2.60586305680926e-08,1.6602140621993e-07,3.2133374005851e-08,2.04120415030214e-07,4.82398845063365e-08,2.17166279103287e-07,1.04697233065323e-07,2.12441108718953e-07,1.70831555285842e-07,2.24703874856503e-07,2.27663883507455e-07,2.59962073843314e-07,2.81667003548556e-07,3.11600762885206e-07,3.42039743608093e-07,3.76445673777527e-07,4.13919580604277e-07,4.55195374638069e-07,5.00569397472057e-07,5.50413058775613e-07,6.05244119523109e-07,6.65422409594012e-07,7.31631388835653e-07,8.04324748981528e-07,8.84318191129028e-07,9.721065992715e-07,1.06869018582396e-06,1.17462763474067e-06,1.29123967111537e-06,1.41926263095381e-06,1.56003682035897e-06,1.71451229531042e-06,1.88438650045825e-06,2.07095065983114e-06,2.27605789775775e-06,2.5012442381563e-06,2.74873712603263e-06,3.02052219899276e-06,3.31926652671711e-06,3.64734117820499e-06,4.00768146216825e-06,4.40335347357427e-06,4.83825531790851e-06,5.31614655089658e-06,5.84097608932266e-06,6.41721897539843e-06,7.05011376404184e-06,7.74551982308062e-06,8.50920711831509e-06,9.34818755186841e-06,1.02692608342592e-05,1.12809135461961e-05,1.23912282329606e-05,1.36112491570136e-05,1.49501349597997e-05,1.64205472242209e-05,1.80339758614056e-05,1.98080536220397e-05,2.17545080289238e-05,2.38908337298015e-05,2.62334025344619e-05,2.88120071459396e-05,3.16419972520322e-05,3.47456536160731e-05,3.81440970095641e-05,4.1886135573042e-05,4.59947040220255e-05,5.0503403698531e-05,5.54382078214954e-05,6.08665105927693e-05,6.68154107672473e-05,7.3350623674054e-05,8.0513588769287e-05,8.83810659923334e-05,9.69935955343408e-05,0.000106449276503606,0.000116824240545983,0.000128208634582165,0.000140670850318083,0.000154341789892868,0.000169329833703208,0.000185767403579831,0.000203771536996577,0.000223496939548108,0.000245100092435469,0.00026878271400019,0.000294725633166914,0.000323112599736902,0.000354177524872952,0.000388194334879942,0.000425442958958712,0.000466162075764993,0.000510692601329782,0.00055937112663378,0.000612625539495816,0.000670765461523893,0.000734292102122113,0.000803605403016835,0.000879344523966906,0.000961880816863547,0.00105196334133965,0.00115005500717607,0.00125710690554724,0.00137353562032777,0.00150047444058929,0.00163838607515473,0.00178862439329055,0.0019515436776143,0.00212884736464086,0.00232097064290144,0.00252984540203844,0.00275559911581285,0.00300063292653758,0.00326513487115953,0.00355165071647217,0.00386041685342533,0.00419408742517692,0.00455291338614039,0.00493936233813994,0.00535418632592883,0.00579979758476554,0.00627655004930936,0.0067867098390608,0.0073309577560845,0.00791093510475537,0.00852701994574174,0.00918043160292477,0.00987162777490666,0.0106007114371225,0.0113680636311865,0.0121721226261492,0.0130128086730808,0.0138868891869155,0.0147942189578171,0.0157286917773693,0.0166900531215429,0.0176695558530066,0.0186662661920973,0.0196673850425302,0.0206727492554562,0.0216656188359311,0.0226443453108384,0.0235874785610766,0.0244961458731127,0.0253445460675587,0.0261318053411455,0.0268281300351144,0.0274385947286753,0.0279290707684846,0.0283045590962586,0.0285311997462828,0.0286222029981587,0.028542998935328,0.0283057127747208,0.0278889712551441,0.027304789580093,0.0265406974230035,0.0256127541704217,0.0245218729502681,0.0232851777198052,0.0219163799385632,0.0204375709087411,0.0188725625965534,0.0172434453751966,0.015582814886213,0.0139155822742851,0.0122749468176707,0.0106799377512248,0.00916512452258395,0.00774548836896846,0.0064454627632057,0.00526942735659087,0.00423371115467552,0.00333469569424933,0.00257558904026117,0.00194485450874189,0.0014372048255783,0.00103554840980555,0.00072720503607777,0.00049630942103401,0.000329419607130369,0.000211656379165246,0.00013120868712211,7.86156397457799e-05,4.53610292583128e-05,2.52188677095795e-05,1.33304769302971e-05,6.88436040349224e-06,3.30867408142092e-06,1.55274809289627e-06,6.5594039145912e-07,2.91303648708443e-07,1.0286236973923e-07,4.05422061364562e-08,3.01333971541547e-09,0
34489622.6040576,0,1.24877031751996e-07,7.74637869282692e-09,1.40465691131802e-07,2.50794434277154e-08,1.59083428825893e-07,3.04921340775311e-08,1.95601862118033e-07,4.61842824317749e-08,2.07875597800415e-07,1.00184410706384e-07,2.03396971246572e-07,1.63556514136666e-07,2.14953892785007e-07,2.1796728962892e-07,2.4877639574824e-07,2.69467652839589e-07,2.98207382217169e-07,3.27219302559564e-07,3.60121098990803e-07,3.95982468240728e-07,4.35368461395265e-07,4.78744392453735e-07,5.26392828041511e-07,5.78745394061304e-07,6.36237659591715e-07,6.99471379788012e-07,7.68914701803799e-07,8.45341291868124e-07,9.29181590193369e-07,1.02141250759495e-06,1.12256663888784e-06,1.23397650524688e-06,1.35632359250332e-06,1.49077545474075e-06,1.63824397100082e-06,1.80050628787668e-06,1.97882851369937e-06,2.1747796810931e-06,2.38974640824151e-06,2.62609361620724e-06,2.88586398542287e-06,3.17136979950489e-06,3.48464027685434e-06,3.82866701611812e-06,4.20673081098407e-06,4.62246949276807e-06,5.07902645789705e-06,5.58011271408888e-06,6.13046081941424e-06,6.73523632098478e-06,7.39962820081455e-06,8.12887907337027e-06,8.92994341162546e-06,9.8097578436812e-06,1.07764274720922e-05,1.18369813335466e-05,1.30016678014837e-05,1.42802061575231e-05,1.56851560504415e-05,1.72263125131068e-05,1.89199187490796e-05,2.07782018317626e-05,2.28188620865823e-05,2.50575169065255e-05,2.75207963281062e-05,3.02211392675233e-05,3.3182316703642e-05,3.64296786917567e-05,4.00069296001821e-05,4.39282416389456e-05,4.82297888777903e-05,5.29449949425327e-05,5.81312730975603e-05,6.38073267798682e-05,7.00461766740986e-05,7.68902420897627e-05,8.43999119962864e-05,9.26173073691379e-05,0.000101651027372769,0.000111566083265553,0.000122433659510245,0.000134327471525026,0.000147385203300241,0.000161704132630614,0.000177400575591266,0.000194589312802107,0.000213428962760597,0.000234070923787372,0.00025669383626923,0.000281462870840512,0.000308570615561307,0.000338255362492465,0.000370765077753823,0.000406348978522715,0.000445239387164023,0.00048777425520873,0.000534284760006386,0.000585183496179235,0.000640744912075054,0.000701428885932258,0.000767645150120946,0.000840027542743377,0.000918906921967068,0.0010049831055348,0.00109871142500353,0.00120101091573339,0.00131228969993627,0.00143362553648377,0.00156542138743865,0.00170896771806925,0.00186467986254008,0.00203422834129466,0.00221791452390808,0.00241747338898142,0.00263317744084741,0.00286749500234558,0.0031204397079898,0.00339429337668236,0.00368943576978062,0.00400845506015312,0.00435149700120647,0.00472102169143636,0.00511779846473909,0.00554393508933143,0.00599970817051952,0.00648747982546617,0.00700802578878516,0.00756279666546193,0.00815200338260339,0.0087768789909814,0.0094379962233515,0.0101354307677496,0.0108694413003596,0.0116384783392882,0.0124424857914847,0.0132784351557576,0.0141463003552418,0.0150403268956314,0.0159600904465803,0.0168969292448677,0.0178500547923458,0.0188075961886237,0.0197694326697689,0.0207192279291361,0.0216552935841941,0.0225573617855045,0.0234264832958675,0.0242376225467295,0.0249902752284639,0.0256564758622799,0.0262403899230716,0.0267087894185318,0.0270674291640264,0.0272842024470837,0.0273706759885256,0.0272939192006806,0.027066615818642,0.0266680607881538,0.0261084584369811,0.0253761003798905,0.0244881822575303,0.0234456586128694,0.0222625276800508,0.020951668570152,0.0195368274161988,0.0180412047162799,0.0164838136132376,0.0148952021811069,0.0133001416071335,0.0117314687380524,0.0102076827877174,0.00876020571654159,0.00740213463355138,0.0061585724640658,0.00503505506081723,0.00404581790454958,0.0031867957738782,0.00246158897174339,0.00185837276353865,0.00137235960791265,0.000989157529519653,0.000695746406541757,0.000474641832552408,0.000314174191369512,0.000202046481982697,0.000125793746326804,7.51769534366383e-05,4.31001051940981e-05,2.4146936201133e-05,1.28728385668508e-05,6.51586148305293e-06,3.11802831014481e-06,1.53025961610177e-06,6.27871337692791e-07,2.58865510355571e-07,1.06439958049498e-07,4.21302657114481e-08,-8.4593118823106e-10,0
35297073.0273065,0,1.1940606287924e-07,7.42687305556539e-09,1.345183419007e-07,2.37630755864625e-08,1.52031112778772e-07,2.94047115383941e-08,1.86974071943291e-07,4.3789873407276e-08,1.99179352855612e-07,9.5434124546202e-08,1.9454218546898e-07,1.56258104270141e-07,2.05526056097249e-07,2.08278559485325e-07,2.37758007649738e-07,2.57629309117379e-07,2.84964982456972e-07,3.12824418383742e-07,3.44230269671441e-07,3.78478698369674e-07,4.16197790248952e-07,4.57669715193075e-07,5.0320422015448e-07,5.53268253760655e-07,6.08231439994807e-07,6.68719235223366e-07,7.3510403434119e-07,8.08124852267246e-07,8.88263960840108e-07,9.76454833642212e-07,1.07319020738092e-06,1.1796593746868e-06,1.29653264223641e-06,1.42501538081757e-06,1.56599893341463e-06,1.72109004459981e-06,1.89144524815721e-06,2.07867965291977e-06,2.284193013375e-06,2.51007360110783e-06,2.75819655875678e-06,3.03099613013113e-06,3.33050955845261e-06,3.65936399442748e-06,4.02054307776012e-06,4.41768348739899e-06,4.85398457901391e-06,5.33297026839875e-06,5.85897264931831e-06,6.43682761218774e-06,7.07165813428604e-06,7.76869477990198e-06,8.53449597222303e-06,9.3753783760605e-06,1.02990001352581e-05,1.13123224887185e-05,1.24254077276352e-05,1.3647592855005e-05,1.4990631542387e-05,1.64635804614526e-05,1.808198510996e-05,1.98574199012296e-05,2.18066041567167e-05,2.39460381570742e-05,2.63029622896493e-05,2.88862382327128e-05,3.17140878043161e-05,3.48138741141944e-05,3.82342825149119e-05,4.19873295898727e-05,4.60996151953575e-05,5.06025249036309e-05,5.55583308524675e-05,6.09869769596905e-05,6.69544449526133e-05,7.35014194285803e-05,8.068426874386e-05,8.85371961055116e-05,9.71695311435998e-05,0.000106654851357933,0.000117054709503134,0.000128427809924697,0.000140909095378387,0.000154598581845768,0.000169612464201123,0.000186060519703418,0.000204078505994479,0.000223807908431497,0.0002454451584651,0.000269146684128833,0.000295062171291681,0.000323423945997808,0.000354506415766567,0.000388548913843558,0.000425746591234164,0.000466417101286226,0.000510883612409147,0.000559536509333707,0.000612646860537482,0.000670680242593865,0.00073402368555343,0.000803239421405778,0.000878623817702119,0.000960886452503968,0.00105051259779731,0.00114837430626686,0.00125480111546403,0.00137078534661327,0.0014967665957925,0.00163403503628894,0.00178292934122661,0.00194501315247921,0.00212067595675899,0.0023115798663351,0.00251785901586956,0.0027418749571612,0.00298370505250719,0.00324555060303381,0.0035279070238653,0.00383321543911895,0.00416122857354405,0.00451429906197127,0.00489367920383387,0.0053014774220405,0.00573756714493708,0.00620404037116489,0.00670179822450083,0.00723237188663898,0.00779585829371196,0.00839338435026166,0.00902576681357956,0.00969304873731862,0.0103950680989352,0.0111304485516906,0.0118994992027172,0.0126991708423269,0.0135292371105374,0.0143842892424568,0.0152639508659584,0.016159987170712,0.0170716713672812,0.0179874687289642,0.01890733770768,0.0198158090170806,0.0207109397325123,0.0215733904767474,0.0224048298643215,0.023180980176074,0.0239002849043557,0.0245363979583565,0.0250947332798727,0.0255431535698805,0.0258856597603235,0.0260919801857316,0.026174318297545,0.0261005341945392,0.0258823319303715,0.0255005218122488,0.0249650454873664,0.0242646483552369,0.0234151152248387,0.022416589398486,0.02128419973537,0.020031750591487,0.0186793853493473,0.017247614828474,0.0157571664760843,0.0142388903468274,0.012714918417701,0.0112149648995465,0.00975682993091899,0.008372404410981,0.00707517823563217,0.00588733909311965,0.00481283878323347,0.00386660889142934,0.00304536170749258,0.00235197459975912,0.00177589945933174,0.00131232872343203,0.000945558496896944,0.000663937967928627,0.000453066800962945,0.00030072655831819,0.000193242355637204,0.000119776590261881,7.17467372036662e-05,4.14020556570546e-05,2.30234403778715e-05,1.21646554162094e-05,6.27879042585763e-06,3.02079409228981e-06,1.4183630585362e-06,5.97543244738467e-07,2.65803296476792e-07,9.40093033811122e-08,3.67048082113237e-08,2.85282405151602e-09,0
36123426.9970943,0,1.13796519205421e-07,7.09087049821145e-09,1.28210573648334e-07,2.26094717761275e-08,1.44952279440846e-07,2.79505719229015e-08,1.78281645087342e-07,4.17408267985625e-08,1.8976002141175e-07,9.10807244121186e-08,1.85413826697572e-07,1.48900594552171e-07,1.96009606782874e-07,1.98471640285615e-07,2.26696962849404e-07,2.45601825077002e-07,2.71692502507394e-07,2.98220755851796e-07,3.2818734912232e-07,3.60887015685406e-07,3.96875081123439e-07,4.36435258817377e-07,4.79870955809655e-07,5.27681166209874e-07,5.80160572545739e-07,6.37876510296074e-07,7.0124759120464e-07,7.70967611021237e-07,8.47470653515827e-07,9.31678350877899e-07,1.02404048292099e-06,1.12564191216833e-06,1.23716476003181e-06,1.35990457510134e-06,1.49462537719757e-06,1.64264705889353e-06,1.80511717117049e-06,1.98379872250503e-06,2.18009047636505e-06,2.39584861990698e-06,2.63264493788353e-06,2.89276939431871e-06,3.17857602971308e-06,3.49282270330236e-06,3.83778781046838e-06,4.21647642567344e-06,4.63255742400591e-06,5.0899758760484e-06,5.59234137197896e-06,6.14377725409668e-06,6.74956894283972e-06,7.4149179462395e-06,8.14570301808e-06,8.94797204861577e-06,9.82958906509458e-06,1.0797402723821e-05,1.18602886688759e-05,1.30263149983939e-05,1.43074767599212e-05,1.57135316268784e-05,1.72583565434903e-05,1.89531344502285e-05,2.08159519299279e-05,2.28590263007664e-05,2.51028803635392e-05,2.75639131637922e-05,3.02706047677366e-05,3.3238115044065e-05,3.64964426117777e-05,4.00680297656227e-05,4.39960293294509e-05,4.83017088804579e-05,5.30326800021264e-05,5.82146461563136e-05,6.39089369136728e-05,7.01467385340954e-05,7.70011873231511e-05,8.45170171563818e-05,9.27629328754367e-05,0.000101792162988909,0.000111706700019071,0.000122580425331381,0.000134505331927139,0.000147564311096491,0.000161886178389072,0.000177582312527797,0.000194787947905125,0.000213629142291809,0.000234268971004319,0.000256881329397837,0.000281649094399765,0.00030875472384589,0.000338406298319644,0.000370869028338348,0.000406391725007975,0.000445262905403029,0.000487729838231025,0.00053416145886379,0.000584884269925389,0.000640349950050341,0.000700839628305536,0.000766893360950561,0.000838906669848897,0.000917547634033226,0.00100317093205892,0.00109661084865788,0.00119824835323503,0.00130905547215607,0.00142945149421096,0.00156064242249064,0.00170293288738999,0.00185779043049162,0.00202554959912156,0.00220792896262544,0.00240514751250475,0.00261925915887241,0.00285034764626588,0.0031006959017716,0.00337047033348967,0.00366198353175996,0.00397567137795286,0.00431359205964081,0.00467611062507987,0.00506556080120804,0.00548248438541774,0.00592857196832212,0.00640435334288291,0.00691155760032301,0.00745045022121655,0.00802189726773958,0.00862641268740413,0.00926413084044672,0.0099352981752485,0.0106386568945771,0.0113741558699998,0.0121388534422645,0.0129327861954431,0.0137505878017764,0.0145915337450817,0.0154480897036872,0.0163203575943047,0.0171971088015159,0.0180768379944256,0.018944662842899,0.0198009581206269,0.0206272597150657,0.0214221554756789,0.0221629434430845,0.0228517489687718,0.0234620464610323,0.0239953075301706,0.0244227162427307,0.0247509887728955,0.0249489469479262,0.0250270429095984,0.0249565123733899,0.0247479721083522,0.0243822259144386,0.0238703502822485,0.0232006122978864,0.0223864834788672,0.0214311135676807,0.0203502350756691,0.0191526484465974,0.0178567010377171,0.016486964912517,0.0150639197279659,0.0136125061870132,0.012153431572398,0.0107188699560028,0.00932611614882581,0.00800289075971473,0.00676198881405505,0.00562651870217285,0.00460007522109791,0.00369545178505182,0.00291018168742016,0.00224829399479968,0.00169827421362543,0.00125432871671884,0.000903356556390681,0.000635073815218818,0.000433838130849807,0.000287600553312332,0.000184685806729956,0.000114711042886202,6.87272597554112e-05,3.95720341380155e-05,2.20645755097401e-05,1.17035371114106e-05,5.99151401353944e-06,2.86340938346338e-06,1.37513534948394e-06,5.83571911801635e-07,2.42892933639844e-07,8.818955740662e-08,4.0510599572552e-08,1.93015627807112e-09,0
36969127.0719502,0,1.08844659648617e-07,6.76663011344369e-09,1.22557843395796e-07,2.17348872305519e-08,1.38591110013091e-07,2.66958976459197e-08,1.70535746608762e-07,3.99407641770189e-08,1.81388589355018e-07,8.72138860013448e-08,1.77113059308603e-07,1.42559550814786e-07,1.87246622333636e-07,1.89827006161618e-07,2.16690693589713e-07,2.34745025512095e-07,2.59720095472424e-07,2.85034921023415e-07,3.13667997496991e-07,3.44885098357638e-07,3.79239609529163e-07,4.17024886285848e-07,4.58489505722202e-07,5.04128790187882e-07,5.54221744276169e-07,6.09304081554129e-07,6.69787400944645e-07,7.36346001003085e-07,8.09377462067309e-07,8.89733338437549e-07,9.77901856049698e-07,1.07492754695503e-06,1.18137707566295e-06,1.29846461894275e-06,1.42704338726983e-06,1.56843631692031e-06,1.72362708050272e-06,1.89422322330907e-06,2.08159167509684e-06,2.28760707718595e-06,2.51386420250801e-06,2.76244858319072e-06,3.03533281592476e-06,3.33524029821605e-06,3.66482890620749e-06,4.02693397727159e-06,4.42442664282763e-06,4.86100305098183e-06,5.34074976577599e-06,5.86776139409113e-06,6.44661369842049e-06,7.08218472033329e-06,7.78039834453086e-06,8.54689598608015e-06,9.38880397218411e-06,1.03129929771581e-05,1.13286812141787e-05,1.24432023481795e-05,1.36668907179057e-05,1.50094971741014e-05,1.64852666410532e-05,1.81040633152627e-05,1.98834114907713e-05,2.18373172617425e-05,2.39832445085029e-05,2.63316713652697e-05,2.8913250912767e-05,3.17507948731829e-05,3.48696334716074e-05,3.82817003866836e-05,4.20306504131138e-05,4.61441682217733e-05,5.06657507779715e-05,5.5618135739408e-05,6.10634517347388e-05,6.70254744406839e-05,7.35664635942812e-05,8.07431080255789e-05,8.86345044930161e-05,9.72723615622103e-05,0.000106736908675711,0.000117118383298579,0.000128520984789029,0.0001410104678532,0.000154698769984241,0.000169694031625471,0.00018613294058274,0.000204148594325586,0.000223885257443143,0.000245481216220277,0.000269131683688787,0.000295054185499812,0.000323428077219279,0.000354457049815745,0.000388384547136711,0.000425529830810724,0.000466141670540602,0.00051054034163358,0.000559009356884861,0.000612007948417701,0.000669843731648296,0.000733001620153942,0.000801824572564893,0.000876995182070458,0.000958872739046062,0.001048204237403,0.00114535781801416,0.00125130111901567,0.00136640326464854,0.00149179932013155,0.00162783839708199,0.00177594643350999,0.00193637212849288,0.00211071012431344,0.00229924922820028,0.00250398840301811,0.00272493800649031,0.00296437520686486,0.00322248427448219,0.00350113634874493,0.00380081037171173,0.00412407305709761,0.00447110687577511,0.00484344319769315,0.00524187491289996,0.00566862312161263,0.00612384370765533,0.00660875134730269,0.00712396778801956,0.00767066815050441,0.0082490558582317,0.00885899856326346,0.00950087015664115,0.0101735562217818,0.0108770008759042,0.0116084358137779,0.0123678207322973,0.0131500628850586,0.0139546337402459,0.0147740036856239,0.0156079262355406,0.0164462739965348,0.0172881897823816,0.0181185918727011,0.0189370650380444,0.0197270590065199,0.020487962709787,0.021196454079331,0.0218540469414186,0.0224374960148982,0.0229483627673569,0.023356807288646,0.0236696104626248,0.0238587003050102,0.0239331836253352,0.0238648916176203,0.0236650580098579,0.0233149050457436,0.0228243998890225,0.0221832774254791,0.0214044129000546,0.0204900933491892,0.019455861560678,0.0183104399310239,0.017070667166198,0.015760227106278,0.0143995101104064,0.0130119164839668,0.0116164826605614,0.0102444744080824,0.00891302312622353,0.00764825998070152,0.00646205621483218,0.00537659848015422,0.00439538205886984,0.00353079319646478,0.00278047107752332,0.00214799089133186,0.00162237979134861,0.00119821737504709,0.00086285879960345,0.000606524842526969,0.000414409705389162,0.000274787099518884,0.000176360744031716,0.000109480297192182,6.56699879905662e-05,3.78413439473258e-05,2.10470197448251e-05,1.11586115391489e-05,5.74282370223682e-06,2.73888854879341e-06,1.30153916741527e-06,5.58641221838617e-07,2.36730574453923e-07,8.23754217140942e-08,3.73403594039285e-08,2.51344463534435e-09,0
37834626.1713193,0,1.03523363760292e-07,6.4662745944991e-09,1.16608719262504e-07,2.05609341489632e-08,1.31855924662394e-07,2.54485916246638e-08,1.62003720685872e-07,3.80947135278666e-08,1.72410568352313e-07,8.28500363606778e-08,1.68470589540359e-07,1.35392332206982e-07,1.78080691104007e-07,1.80395917113279e-07,2.0602334038981e-07,2.23160688825479e-07,2.46902169510119e-07,2.71046109278007e-07,2.98291413729299e-07,3.28012940951658e-07,3.60699213240986e-07,3.96706513979784e-07,4.36244851037863e-07,4.79713383842799e-07,5.27430536634059e-07,5.79957439352145e-07,6.37641933756136e-07,7.01107879749805e-07,7.70747753967589e-07,8.4737446518933e-07,9.3144107128946e-07,1.02398222257648e-06,1.12555719342319e-06,1.23722249499205e-06,1.35980578523312e-06,1.49468191645068e-06,1.64276574735394e-06,1.80545662141348e-06,1.98406812082874e-06,2.18047069687127e-06,2.39621886848691e-06,2.63333760165566e-06,2.89363665288723e-06,3.17955065067075e-06,3.49367389142755e-06,3.83898109377121e-06,4.21819803605364e-06,4.63456241392706e-06,5.09193045969692e-06,5.59439664260659e-06,6.14629604707909e-06,6.75220870336028e-06,7.41801201710633e-06,8.14921199402273e-06,8.95216804861662e-06,9.8329980436764e-06,1.08010731901187e-05,1.18643257965925e-05,1.30320108642108e-05,1.4312173834286e-05,1.57194282433137e-05,1.72642150931002e-05,1.89605158712165e-05,2.08210398558003e-05,2.28688790118414e-05,2.51155669459277e-05,2.75798050415785e-05,3.02796970337007e-05,3.32524541000583e-05,3.65150798132631e-05,4.00963606720351e-05,4.40165034280392e-05,4.83263439340179e-05,5.30517236405654e-05,5.82490741860559e-05,6.39440230983177e-05,7.01916753121965e-05,7.70326330619752e-05,8.45535365400592e-05,9.28075299261676e-05,0.000101854909345821,0.0001117571703339,0.000122630564621495,0.000134553640029735,0.000147622764636149,0.000161939680226018,0.00017763235151742,0.000194819552908243,0.000213661615132308,0.000234304885606793,0.000256894169891925,0.000281615289165501,0.000308688504538328,0.000338339896536312,0.000370759166444206,0.000406213779948567,0.000444976502306322,0.000487388870366588,0.000533685411477289,0.000584279475075526,0.000639517671006802,0.000699889598935532,0.000765659965058976,0.000837436634575482,0.000915609439849052,0.00100094947832208,0.00109379575362279,0.00119502582012589,0.00130498816231363,0.00142479425752233,0.00155476722462993,0.00169625915574535,0.00184956377697778,0.00201621527728622,0.00219641556115444,0.00239209795353639,0.00260328149119128,0.00283198945734331,0.00307855933870935,0.00334514020459914,0.00363181445473432,0.00394055444591207,0.0042720528765314,0.00462818987203882,0.00500924006947417,0.00541713289045832,0.00585237143526887,0.00631608360790708,0.00680858740657619,0.00733112425665716,0.0078841989063697,0.00846766593034233,0.00908152154990887,0.00972458641483943,0.0103971301054799,0.0110966770169488,0.0118230033432592,0.0125710817500842,0.0133405025509645,0.0141242255316641,0.0149217895290301,0.0157232378401349,0.0165283601572488,0.0173231796190417,0.0181060873053645,0.0188606721979649,0.0195882569000461,0.0202672305170574,0.0208965914487637,0.0214532321990422,0.021941271640967,0.0223330465218978,0.0226326330302744,0.022812688849816,0.0228837143308403,0.0228185627855408,0.0226271530904136,0.0222919715355723,0.0218224986136435,0.0212092792698767,0.0204651233015809,0.019590447673498,0.0185997307036292,0.0175043595383806,0.0163206627898805,0.0150677792782822,0.0137650372526383,0.0124380767590558,0.0111052279193136,0.00979382855183762,0.00852018139544441,0.00731094372649344,0.00617733460581004,0.00513962405754181,0.00420146426389299,0.00337516177504298,0.00265790191395471,0.00205278085898231,0.00155009069324871,0.00114505700334064,0.000824742492035769,0.000579383719676393,0.000395548758531417,0.000262314384149842,0.000168412380619037,0.00010445961989863,6.25942339643163e-05,3.60975785658169e-05,2.01011931189033e-05,1.06268640789515e-05,5.45102954994568e-06,2.61622866273045e-06,1.2479303237609e-06,5.27737539654015e-07,2.25644769429855e-07,8.11120958981519e-08,3.45756114550012e-08,1.99677914794669e-09,0
38720387.8181256,0,9.88572896317394e-08,6.15479599989984e-09,1.11327830490342e-07,1.97902884054252e-08,1.25915000238089e-07,2.43214146935465e-08,1.54855767786722e-07,3.65627036625769e-08,1.64682759035726e-07,7.94296122678881e-08,1.61067546217513e-07,1.29608507580714e-07,1.7035562748791e-07,1.72653459056132e-07,1.9714428211896e-07,2.13592404723223e-07,2.36310545958358e-07,2.59354862796548e-07,2.85445678237761e-07,3.13886127309776e-07,3.45185417023264e-07,3.79566084910331e-07,4.17347938103982e-07,4.58927536563452e-07,5.04557965054006e-07,5.54754392799671e-07,6.0986549092494e-07,6.70488935818778e-07,7.37027491766971e-07,8.10285959486843e-07,8.90611503824804e-07,9.78940731184599e-07,1.07594965199469e-06,1.18274502314634e-06,1.2999248263962e-06,1.42866363508575e-06,1.57002816714203e-06,1.7255254540208e-06,1.89629100985503e-06,2.08395306076257e-06,2.28998036107992e-06,2.51642044208666e-06,2.7652256827917e-06,3.03867473860171e-06,3.33880927892902e-06,3.66838144018437e-06,4.03055850006519e-06,4.42866651810054e-06,4.86590356360694e-06,5.34596818635071e-06,5.87333008754609e-06,6.45232851556974e-06,7.08829237969448e-06,7.78688370791328e-06,8.55481539266714e-06,9.39746337949578e-06,1.03224874106827e-05,1.13375285686228e-05,1.24532706818963e-05,1.36778250279574e-05,1.50232115768727e-05,1.64993282820215e-05,1.81214496512789e-05,1.99000719447908e-05,2.18544055942703e-05,2.39994900050774e-05,2.63582195840199e-05,2.89421055731966e-05,3.17792782111088e-05,3.48916462147242e-05,3.83148820867697e-05,4.20652710785748e-05,4.61868830759701e-05,5.07039292780031e-05,5.56664804304044e-05,6.11008034046075e-05,6.70741051916407e-05,7.36251177877306e-05,8.08114248642652e-05,8.86812819773729e-05,9.73247667597557e-05,0.000106803790178958,0.000117198085158367,0.00012858152141998,0.000141067465890751,0.000154754885454914,0.000169761346038459,0.000186192748192008,0.000204189388422714,0.000223906380981355,0.000245507215377135,0.000269147451054533,0.0002950028132925,0.000323312267730976,0.000354302643907817,0.000388214811805906,0.000425254118493554,0.000465756244489845,0.000510011118171828,0.000558395788610838,0.000611160125916606,0.00066880133357848,0.000731658205871674,0.000800279388814739,0.000874970710714659,0.000956498013124195,0.00104522253527108,0.00114196728848925,0.00124705349242359,0.00136154675132713,0.00148575779144747,0.00162095289257718,0.00176740662900666,0.00192666581775879,0.00209891450857002,0.00228588188213159,0.00248766266937792,0.00270628374186556,0.0029418870640012,0.00319652907191138,0.00347057694181154,0.00376576300601425,0.00408243514813631,0.00442266630498204,0.00478692510127367,0.00517673162471614,0.00559251109009842,0.00603567826463893,0.00650657160134673,0.00700605956332911,0.00753445199751607,0.00809180174274796,0.00867846863359062,0.00929338623124212,0.00993644707387271,0.0106050801282473,0.0112992462188593,0.0120142197997312,0.0127495786865105,0.0134988598524388,0.0142618588673129,0.0150284913265392,0.0157977485610419,0.0165569668106998,0.0173060837000167,0.0180285433885947,0.0187236668241739,0.0193719689411506,0.0199745223700406,0.020507703854212,0.0209737171333916,0.0213477092335676,0.0216346380436746,0.0218069912796449,0.0218746673873415,0.0218126736752264,0.0216298454374601,0.0213089724851451,0.0208600693437113,0.0202739738514904,0.0195622478595228,0.0187259872031033,0.0177790931226563,0.0167315559938512,0.0155994924638805,0.0144019016426618,0.0131565207493268,0.0118878273215038,0.0106138675543724,0.00936017966999668,0.00814243352684029,0.00698703474965599,0.00590384676412427,0.0049113130942485,0.00401434016248,0.00322545056832991,0.00254037690384065,0.00196147367613341,0.0014808228487643,0.00109424747551377,0.000788339311099661,0.000553594371980933,0.000377864859307219,0.000250674823651252,0.000160929870841741,9.98409955497403e-05,5.99125792974725e-05,3.44839156180757e-05,1.90882770546653e-05,1.01444679038245e-05,5.29102433494368e-06,2.50910779274915e-06,1.15176496668057e-06,5.04955283566396e-07,2.31926100376245e-07,7.26403367813154e-08,2.80302305695118e-08,4.49610035005706e-09,0
39626886.3870148,0,9.41431770749963e-08,5.74075404977227e-09,1.06159904733072e-07,1.89140923511878e-08,1.19766700245316e-07,2.30171529635237e-08,1.47864788122493e-07,3.45586796951312e-08,1.56805126884619e-07,7.5805655769729e-08,1.53457588750666e-07,1.23320553455604e-07,1.62520162873965e-07,1.64454122574553e-07,1.87879244845823e-07,2.03627494343634e-07,2.25298707031541e-07,2.47293186646669e-07,2.72200229810742e-07,2.99243226519681e-07,3.2917778298233e-07,3.620686593212e-07,3.98114960502528e-07,4.37758658662254e-07,4.8128121904479e-07,5.29202974076135e-07,5.81880043466284e-07,6.39805733013894e-07,7.03251098367397e-07,7.73060627814364e-07,8.49826587853976e-07,9.34365278612189e-07,1.0269361269724e-06,1.12866661671496e-06,1.24062975931423e-06,1.36390845379162e-06,1.49887690772928e-06,1.64691519942418e-06,1.8098367224645e-06,1.98948367326963e-06,2.18659336221078e-06,2.40241922012949e-06,2.63918038739178e-06,2.90022740034243e-06,3.18763465222256e-06,3.50256422156073e-06,3.84756536811589e-06,4.22728811531066e-06,4.64520468755523e-06,5.10351850470467e-06,5.6065367852704e-06,6.15967860649876e-06,6.76736918732222e-06,7.43336893874563e-06,8.16515526263239e-06,8.97034863880335e-06,9.85529850294528e-06,1.08239288840854e-05,1.18868428597573e-05,1.30553500187777e-05,1.4341075657399e-05,1.57507752683521e-05,1.72988297733927e-05,1.89964377100773e-05,2.08618790477772e-05,2.290954540624e-05,2.51611958627262e-05,2.76275429772976e-05,3.03362011477147e-05,3.33077263641086e-05,3.65751697025838e-05,4.01556735177795e-05,4.40909472097539e-05,4.84010708801562e-05,5.31366577799032e-05,5.83272527118022e-05,6.40331918005117e-05,7.02875963942909e-05,7.71476358644745e-05,8.46570662016089e-05,9.2901518751624e-05,0.00010195344492273,0.000111890525947396,0.000122761904441181,0.000134669603015286,0.000147726737308881,0.000162056251026622,0.000177753330480029,0.000194940642259421,0.000213757060570516,0.00023436887725765,0.000256949457390131,0.000281662128836621,0.000308698483056414,0.000338268463473695,0.000370643528115318,0.000406040346807108,0.000444739560415457,0.000486987701621897,0.000533185893928922,0.000583606256522734,0.000638669051989759,0.000698675852739947,0.000764242136556829,0.000835664513173104,0.000913538976934437,0.000998214144732128,0.00109062976145135,0.00119111706031201,0.00130056612590167,0.00141917265819895,0.00154826039150678,0.00168831337002428,0.00184064562186192,0.00200510855755806,0.00218361690755746,0.00237661951417488,0.00258573490434398,0.00281081294312884,0.00305414756828631,0.0033162545784446,0.00359842845628138,0.00390088672081293,0.00422609432212495,0.00457471951007354,0.00494762396085131,0.00534486227247908,0.00576837086793973,0.00621876056114804,0.00669640367235078,0.00720164519867888,0.00773484272734601,0.00829587074517348,0.00888357397170942,0.00949855594071124,0.0101381661652157,0.010801639663221,0.011485124308388,0.0121888642843366,0.0129055473533458,0.0136343673066116,0.0143670414137721,0.015103224443488,0.0158294490304391,0.0165450426126315,0.0172355220453841,0.0179007550427257,0.0185205778083057,0.0190956560915982,0.0196051856646415,0.0200513586334857,0.0204085653191237,0.0206818775229966,0.0208465617645108,0.0209114236473039,0.020851438623906,0.0206756768575744,0.0203685459832646,0.0199395246231463,0.0193790235665132,0.0186976660287045,0.0178974503373969,0.0169923247803616,0.0159909654660008,0.014908332196118,0.0137634014535552,0.012573185707758,0.0113601984203737,0.0101421052629241,0.00894439153337334,0.00778105290748888,0.00667609256278098,0.00564032186480841,0.00469269150654402,0.00383635650658684,0.00308181550522502,0.00242632172334503,0.00187362225014166,0.00141511688226458,0.00104555030393309,0.000752848994991596,0.000528661106854183,0.000360882548744181,0.000239377805117659,0.000153822344044944,9.54860131582539e-05,5.71059826782217e-05,3.28172172892875e-05,1.83158963920373e-05,9.75234991978822e-06,4.99205914825248e-06,2.37218643367966e-06,1.13484592669103e-06,4.83836021094041e-07,2.05828911668601e-07,7.39833399559236e-08,3.15103502125874e-08,1.8276000385681e-09,0
40554607.3584083,0,9.02654901753146e-08,5.64593857243705e-09,1.01489517718605e-07,1.80394674171369e-08,1.15065762935393e-07,2.21190028948502e-08,1.41200993405884e-07,3.34436993446017e-08,1.50308103038016e-07,7.23177652994972e-08,1.47007883560981e-07,1.1825185888706e-07,1.55350904923207e-07,1.57501456914986e-07,1.79820117031153e-07,1.94778063121597e-07,2.15554817724745e-07,2.36573579512078e-07,2.60304397055181e-07,2.8624079598211e-07,3.14791871238235e-07,3.46165059128767e-07,3.80592246358294e-07,4.18471712956277e-07,4.60072309872268e-07,5.05829811200898e-07,5.56074589912347e-07,6.11348719685178e-07,6.71962823788598e-07,7.38700563844272e-07,8.11985991113908e-07,8.92582046511177e-07,9.80934699773739e-07,1.07816434034856e-06,1.18505071970108e-06,1.30256953489468e-06,1.43142659180724e-06,1.57304669405517e-06,1.7287308839412e-06,1.90001716633932e-06,2.08803939505535e-06,2.2944435280806e-06,2.52107816058386e-06,2.77045087490068e-06,3.04456410021014e-06,3.34533208983106e-06,3.67532708458434e-06,4.03824766341269e-06,4.43731378726993e-06,4.87516608770577e-06,5.3558373866085e-06,5.88427228956369e-06,6.46505084296865e-06,7.10179095859497e-06,7.80091585865173e-06,8.56953630325915e-06,9.41478578626066e-06,1.03410670231695e-05,1.13573334969657e-05,1.24733056064068e-05,1.37007082824957e-05,1.50469362439158e-05,1.65268048313714e-05,1.81515158618225e-05,1.99346373554176e-05,2.18865186838352e-05,2.40347459186082e-05,2.63960657829662e-05,2.89886177353756e-05,3.18246923642541e-05,3.49434068326005e-05,3.83655059468462e-05,4.21258309686603e-05,4.62455858941673e-05,5.07752159594087e-05,5.57321389301384e-05,6.11721618437095e-05,6.71451627781392e-05,7.37107558818889e-05,8.08920203721608e-05,8.87628180625952e-05,9.74026579605873e-05,0.00010689338054822,0.000117284821290863,0.000128670016440397,0.000141143561582997,0.000154826406382007,0.000169826972821458,0.000186252638302189,0.000204219086075572,0.000223905653795065,0.000245495839915032,0.000269121521017099,0.000294947342812663,0.000323193894479916,0.000354137160263311,0.000387968306975328,0.000424939808028916,0.0004653065260726,0.000509471008753677,0.000557664130812247,0.000610264506493199,0.000667598660845398,0.000730272997618736,0.00079853904227168,0.00087297161020082,0.00095392184629386,0.00104225003132061,0.00113824787709035,0.00124282543738322,0.00135625687672992,0.00147973860634436,0.00161353325075944,0.00175900483325155,0.00191632107750036,0.00208709322051866,0.00227143038465609,0.00247129492212241,0.00268671600735869,0.00291923829722053,0.00316943554233491,0.00343939110201469,0.00372906570583349,0.00403991775015142,0.00437280858915993,0.00472933052794378,0.0051094499451325,0.00551448980773106,0.00594511354036758,0.00640205332241812,0.0068853791084586,0.00739511319647143,0.00793160214328167,0.0084939414914181,0.00908212746079532,0.00969367264886714,0.0103284540509295,0.0109824799648433,0.0116553691503233,0.0123405070085393,0.0130376897733311,0.0137387466191725,0.0144428366375148,0.0151370643343985,0.0158212922668211,0.0164818551830065,0.0171179106500346,0.0177098613890555,0.0182593629707674,0.0187469274221005,0.0191734546883606,0.0195141249020566,0.0197749327688383,0.0199321695892621,0.0199933716779825,0.0199353768485493,0.0197673557609204,0.0194730803358059,0.0190616083118073,0.0185251859163031,0.0178735671536102,0.017107671132292,0.0162417629543314,0.0152845990897988,0.0142490586143571,0.0131534049986673,0.0120156197382607,0.0108566373581781,0.00969178096815674,0.00854640564292276,0.0074350070933503,0.00637918436294645,0.00538863959075969,0.00448300460596188,0.00366544306215649,0.00294443486631858,0.00231752697445319,0.00178970359578328,0.00135226650262666,0.000998970019143997,0.000718875790216439,0.000504888356642269,0.000344901927144932,0.000228758905109408,0.000146924572231857,9.11847446412825e-05,5.4485642927852e-05,3.13102688097164e-05,1.75408871795567e-05,9.35380336949269e-06,4.74683720655862e-06,2.24400441645189e-06,1.09165094667798e-06,4.69815557420066e-07,1.93024300222134e-07,6.87397080936891e-08,3.17238440324632e-08,1.94718035621011e-09,0
41504047.5785047,0,8.59891610314617e-08,5.34387697112573e-09,9.68667730582724e-08,1.7206970133548e-08,1.0949175365193e-07,2.11630459523207e-08,1.34763217311827e-07,3.16892084661184e-08,1.43321773677447e-07,6.9077762696798e-08,1.40046600851149e-07,1.12803814571169e-07,1.48094952780856e-07,1.50234105112525e-07,1.71426340901553e-07,1.85793958163789e-07,2.05533773665403e-07,2.25583186127921e-07,2.48236843754502e-07,2.72999495382564e-07,3.00232737990596e-07,3.30141083547339e-07,3.62986675044191e-07,3.991491476745e-07,4.38865608179844e-07,4.82548996991679e-07,5.30504378404435e-07,5.8324449143292e-07,6.41113301378974e-07,7.04861141219683e-07,7.74803397289639e-07,8.51658414922292e-07,9.36006746097457e-07,1.0289691974059e-06,1.13105856468995e-06,1.24307348305551e-06,1.36594161275419e-06,1.50124227753593e-06,1.65004676519511e-06,1.81352194020444e-06,1.99271625872693e-06,2.18955449303078e-06,2.40614616047805e-06,2.64450356300269e-06,2.90586396334697e-06,3.19246291829367e-06,3.50762202268842e-06,3.85438348727936e-06,4.23499644020968e-06,4.6527028787361e-06,5.11195235409039e-06,5.61633691610404e-06,6.16982943442629e-06,6.77754665533924e-06,7.44613107021855e-06,8.18024637767793e-06,8.98565279025417e-06,9.86882669270145e-06,1.08399567230171e-05,1.19061455384326e-05,1.30772656062983e-05,1.43629962256695e-05,1.57770845684488e-05,1.73255730314294e-05,1.90240934490052e-05,2.08910158954204e-05,2.2949013910687e-05,2.52018000997323e-05,2.76696309583415e-05,3.03777811397171e-05,3.33619554554842e-05,3.66312297699293e-05,4.02207201744199e-05,4.41551974215487e-05,4.8477893492278e-05,5.32094599286949e-05,5.84152437442395e-05,6.41308712986945e-05,7.03924086279196e-05,7.72392770799065e-05,8.4768758535335e-05,9.30381077039731e-05,0.000102099017780699,0.00011201337974045,0.000122891364035346,0.000134820043161853,0.000147898145002343,0.00016221510051636,0.00017789187485932,0.000195074880709707,0.000213915465458778,0.000234536676630452,0.000257076817391975,0.000281744988053159,0.000308752498528069,0.000338323072868876,0.000370626064531944,0.000405935611996387,0.000444522896691846,0.000486733034949411,0.000532745992853697,0.000582986012286484,0.000637811997477856,0.000697713420430692,0.000762884365979093,0.000833968950777421,0.000911338825298197,0.000995754157731838,0.0010874779793201,0.00118739771705783,0.00129578399838695,0.00141377295718271,0.00154158647214964,0.00168055814256687,0.00183091277254313,0.00199417244175666,0.00217036072364136,0.00236122242531044,0.00256686645061146,0.00278918063319645,0.0030286179719418,0.0032865274015102,0.0035630275934438,0.0038601311137707,0.00417837379295559,0.004518899134512,0.00488209469617455,0.00526939852134299,0.00568105277730892,0.00611760673938483,0.00657926617354183,0.00706619777806293,0.00757891668906819,0.00811653601034784,0.00867870650973476,0.00926304189513337,0.00986978419909989,0.0104948515264447,0.0111374353481558,0.011791951237679,0.0124589419283038,0.0131294962449475,0.0138016473289641,0.014464365718851,0.0151189969941822,0.0157509060632574,0.0163578007432575,0.0169231372603721,0.0174497308923638,0.0179160369140735,0.0183221158509522,0.0186473867089932,0.0188976898939936,0.019047798456404,0.0191056389992114,0.0190504025581256,0.0188897717748554,0.0186082636973647,0.0182150749552391,0.017701880517399,0.0170787577737293,0.0163477505959153,0.0155203705753021,0.0146041241893029,0.0136142959778211,0.012568588053001,0.0114812011389453,0.0103726609895154,0.00925989138344814,0.00816594397798617,0.00710329002008997,0.00609425069900285,0.00514869809155203,0.0042834077193148,0.00350122455353809,0.00281234282076063,0.00221441524411651,0.00171014521673999,0.00129135098690945,0.000953831565591078,0.000686877053549516,0.000482498154992357,0.000329409191472119,0.000218436983519118,0.000140238827622754,8.69763065147791e-05,5.20920633526424e-05,3.0027799057123e-05,1.67280798659568e-05,8.85279011455708e-06,4.54077453651596e-06,2.17470600372723e-06,1.03659942454924e-06,4.39283005134771e-07,1.88008990145138e-07,6.74428200631252e-08,2.84938612274857e-08,1.68676576135463e-09,0
42475715.5253689,0,8.24700961713189e-08,5.13633178662408e-09,9.2837421601655e-08,1.65657152504733e-08,1.05003886661152e-07,2.02915326011158e-08,1.29243973671892e-07,3.04443375640173e-08,1.37399296025368e-07,6.63228956372601e-08,1.34276737416343e-07,1.0817964141062e-07,1.42092459464267e-07,1.4402675469049e-07,1.64430797492143e-07,1.78153122906379e-07,1.97068107112712e-07,2.16314354421254e-07,2.38033394662891e-07,2.61699827693962e-07,2.87775489544982e-07,3.16427287853488e-07,3.47892864787587e-07,3.82495907291958e-07,4.20479329304562e-07,4.62270753461605e-07,5.08144353393154e-07,5.58618002615691e-07,6.1400830297214e-07,6.7496055167749e-07,7.41829542681221e-07,8.15424066553806e-07,8.96191791831302e-07,9.85005970519172e-07,1.08251190733474e-06,1.18975951107812e-06,1.30750108240354e-06,1.43691088205298e-06,1.57901900754312e-06,1.73525357402667e-06,1.90684700466957e-06,2.09543035906535e-06,2.30246342570829e-06,2.52988604989178e-06,2.77975323651937e-06,3.0544011280364e-06,3.35600782184645e-06,3.68718722128497e-06,4.05098245759961e-06,4.4505932328711e-06,4.88954197800519e-06,5.3715784965309e-06,5.90126004702571e-06,6.4828212651706e-06,7.12152487102323e-06,7.82242009845167e-06,8.59258493731606e-06,9.43807378912013e-06,1.03666964096359e-05,1.13851716994145e-05,1.25048550017316e-05,1.373397375335e-05,1.50837835192372e-05,1.65641433584464e-05,1.81927178903292e-05,1.99782153230574e-05,2.19367800468063e-05,2.40852200466151e-05,2.64522007744449e-05,2.90471519213659e-05,3.18935455926494e-05,3.5012445557966e-05,3.84433090792563e-05,4.22017609448488e-05,4.63349764617243e-05,5.08663935022031e-05,5.58353011127835e-05,6.12743638710432e-05,6.72587084451528e-05,7.38279290617662e-05,8.10255469023726e-05,8.89036606383572e-05,9.75559723553289e-05,0.000107043901690289,0.000117443832972199,0.00012883291249258,0.000141315951283159,0.000154997816848813,0.000169998903329423,0.000186419029756459,0.000204384851498178,0.000224070134822862,0.000245640082839116,0.000269240509593318,0.00029502496090494,0.000323241151599607,0.000354115534449081,0.000387900101153512,0.000424766716922098,0.00046504193611008,0.000509008349493037,0.000557067756438215,0.00060944612162383,0.000666638448582591,0.000728929008890686,0.000796889822927668,0.00087082250864294,0.000951485799777552,0.00103912199606978,0.00113456735933665,0.00123813087620593,0.00135093115123751,0.00147314583565317,0.00160593915659574,0.00174953124723349,0.0019055529419094,0.00207396929556548,0.00225635018726824,0.00245302907760901,0.00266563233615774,0.00289417305345122,0.00314044115709823,0.00340503805732226,0.00368925222577579,0.00399323822103994,0.00431863681164666,0.00466595616573699,0.00503613884783113,0.00542936669313551,0.00584652806299397,0.00628800549697484,0.00675377934484895,0.00724398103205787,0.00775762757507592,0.00829474429869281,0.00885327747921874,0.00943318342707043,0.010030730342158,0.0106456181699372,0.0112717869120126,0.0119086561692879,0.0125486412900747,0.0131918045825548,0.0138267582679717,0.0144520637745196,0.0150547315160037,0.0156358338710901,0.0161777423589431,0.0166796908184581,0.017123987851648,0.0175137380260124,0.0178256658136192,0.0180635257327314,0.018206644952116,0.0182626958196382,0.0182092767385925,0.0180550099736314,0.0177861691451702,0.0174100829696819,0.0169191712306946,0.0163235914303023,0.0156240179234645,0.0148322779322924,0.0139570985938474,0.0130112841232782,0.012010550208261,0.0109706450426815,0.00991174558483615,0.00884819994508173,0.00780227743162292,0.00678680678866482,0.00582227176970892,0.00491832602787958,0.00409215970743102,0.00334532584770645,0.0026863408585914,0.00211456997243173,0.0016335921149693,0.00123393862054911,0.000910968808631021,0.000655728232319558,0.000460789106135803,0.000314654169140669,0.000208649367881683,0.000134042827454022,8.30860583477475e-05,4.96201501070156e-05,2.86359071067691e-05,1.60619056729091e-05,8.47999737463619e-06,4.29490455318921e-06,2.07175291780072e-06,1.00523247683162e-06,4.17573564960317e-07,1.76041732930187e-07,6.61423455563004e-08,2.76088964573311e-08,1.17504414874026e-09,0
43470131.5812503,0,7.86910779086187e-08,4.86597279239487e-09,8.87376630308399e-08,1.57965325104351e-08,1.00054463767648e-07,1.95764547588326e-08,1.23331971866059e-07,2.88815695400518e-08,1.31427287387987e-07,6.30592312001363e-08,1.28320283324731e-07,1.03189793400586e-07,1.35639116616139e-07,1.37479449999388e-07,1.56941695326111e-07,1.70055419028976e-07,1.88101418292374e-07,2.06481504385448e-07,2.27216879583808e-07,2.49815376095756e-07,2.74712396509546e-07,3.02075309239362e-07,3.32124579599696e-07,3.65168177283342e-07,4.01440807563925e-07,4.41355503172018e-07,4.85168594090562e-07,5.33371265544919e-07,5.86269975247201e-07,6.44474843608083e-07,7.08322377798958e-07,7.78600678067303e-07,8.55742135431173e-07,9.40555673727856e-07,1.03364835545302e-06,1.13604457351338e-06,1.24846353525305e-06,1.37201310749758e-06,1.50769006491196e-06,1.65686159999051e-06,1.82067796379064e-06,2.00070914201598e-06,2.19838752178037e-06,2.41552737108205e-06,2.65401844000975e-06,2.91614639189797e-06,3.20409671158076e-06,3.52032630003906e-06,3.86763513223555e-06,4.24908643344538e-06,4.66810159375575e-06,5.1282889252076e-06,5.63402835276714e-06,6.18932979842046e-06,6.79911832748979e-06,7.46824062216656e-06,8.20359418245285e-06,9.01095859793094e-06,9.89763162428099e-06,1.0870039076506e-05,1.19393446321774e-05,1.31134289269497e-05,1.44022585471052e-05,1.58150359359607e-05,1.73702077244858e-05,1.90768987086388e-05,2.0948052667635e-05,2.29980047499811e-05,2.52571051065001e-05,2.77366642801977e-05,3.04559042959254e-05,3.34329269506185e-05,3.67087777967091e-05,4.02994002595692e-05,4.42465712842416e-05,4.85737230860519e-05,5.33212012316311e-05,5.85160626314492e-05,6.42274401974241e-05,7.04991394918821e-05,7.73753487203786e-05,8.49009202097546e-05,9.31634754496952e-05,0.000102223922406887,0.000112156684930413,0.000123034949449259,0.000134955565984052,0.000148020008971307,0.000162351175261491,0.000178040824474468,0.000195196533572863,0.000213987625218416,0.000234587819300304,0.00025713672633185,0.000281768036784188,0.000308714033101161,0.000338197684817375,0.000370467021459169,0.000405686159529024,0.00044415539690745,0.000486141142577991,0.000532043214281572,0.000582079546209833,0.000636707595079042,0.000696203417136077,0.000761117429995482,0.000831725781407576,0.000908768425732114,0.000992497515179419,0.00108368297039056,0.00118258976878455,0.00129030689704663,0.00140705521264402,0.00153395710844545,0.0016711519698977,0.00182016183738891,0.00198102605758009,0.0021552638900252,0.00234317852250846,0.00254636838727929,0.00276475533915268,0.00299995281582178,0.00325272174642807,0.00352439821613508,0.00381493375707377,0.00412584838718046,0.00445775488365488,0.00481153701260122,0.00518732666819754,0.00558603500621851,0.0060080102794574,0.00645316491535535,0.00692168630517458,0.00741271556404416,0.007926231419391,0.00846019417289449,0.00901446019373325,0.00958541227889822,0.0101730375206522,0.0107718153553683,0.0113808714272497,0.0119924870547954,0.0126069517860323,0.0132138881935703,0.0138117246907665,0.0143875373310319,0.0149426817735111,0.0154608389178422,0.0159406926477251,0.0163647797636504,0.0167368806644832,0.0170351381051348,0.0172622720679801,0.017398487438423,0.0174518335019865,0.0174005711691694,0.017252642828147,0.0169953863031602,0.0166356583436287,0.0161660478159416,0.0155968383971425,0.014928511087368,0.0141715658908634,0.013334690800246,0.0124310723695245,0.0114753480961846,0.010481580639173,0.00946956119323201,0.00845367034499172,0.00745436510395166,0.00648388623278281,0.00556286738776485,0.00469973890515679,0.00390972116492062,0.00319562615147917,0.00256681499632387,0.00202110277086069,0.0015608021790287,0.00117842775311375,0.000870375387094169,0.000626850391029306,0.00044035179758235,0.000300604030505611,0.000199313394066994,0.000127935459336835,7.93391084402915e-05,4.75427530412976e-05,2.7424291643963e-05,1.52714976021629e-05,8.06573115088294e-06,4.13377416871635e-06,1.98726454697209e-06,9.49235348223252e-07,3.99797798718246e-07,1.70905831365918e-07,6.19025924346346e-08,2.61592645859079e-08,1.46035183095479e-09,0
44487828.3112759,0,7.51620443712083e-08,4.62144338842331e-09,8.47244046932591e-08,1.5107534861612e-08,9.55993572289989e-08,1.843721257522e-08,1.17939310962869e-07,2.76012690153608e-08,1.25090792649942e-07,6.05492218026167e-08,1.22186678136426e-07,9.8506043180448e-08,1.2940206837633e-07,1.31085894278084e-07,1.49684174945681e-07,1.62195947883887e-07,1.79369348887762e-07,1.96888304943941e-07,2.16642076470992e-07,2.38217612663445e-07,2.61969415324209e-07,2.88031935809506e-07,3.16679313848465e-07,3.48222749174037e-07,3.82841135847311e-07,4.20913088503399e-07,4.62698229722359e-07,5.08680335950835e-07,5.59169520932248e-07,6.14751654556237e-07,6.75659987662372e-07,7.42610501071557e-07,8.16195545892754e-07,8.97284685315777e-07,9.86197324425011e-07,1.08373252116608e-06,1.1908776466078e-06,1.30893073302735e-06,1.43857980690213e-06,1.58086103485697e-06,1.73700477788489e-06,1.90878163824601e-06,2.09767220965599e-06,2.30518753148717e-06,2.53272560864526e-06,2.78257397331705e-06,3.05740852660115e-06,3.35958953685824e-06,3.69120494154097e-06,4.05515245640254e-06,4.45516748584258e-06,4.89457996800043e-06,5.37709608950688e-06,5.90672893983878e-06,6.48887908380127e-06,7.1281959494865e-06,7.83019182152849e-06,8.60002754777415e-06,9.44626892997499e-06,1.0375301080455e-05,1.1395484287131e-05,1.2515182151565e-05,1.37470093536388e-05,1.50963214926461e-05,1.65762057844876e-05,1.82023662264661e-05,1.99944885834559e-05,2.19565662574912e-05,2.41071373982537e-05,2.64662827005391e-05,2.90628507364821e-05,3.19087242079749e-05,3.50387215760783e-05,3.84681106148816e-05,4.22286490894263e-05,4.63458337980174e-05,5.08824279428428e-05,5.58626224540565e-05,6.13137554841143e-05,6.72766785588557e-05,7.38396559660135e-05,8.10451310659479e-05,8.89329228979293e-05,9.75650056936445e-05,0.000107043328815349,0.000117437547589522,0.000128832109712776,0.000141310659894388,0.000154973831722514,0.00016994142362461,0.000186351976988345,0.000204322201531721,0.000223970139462996,0.000245471933360213,0.000269011545847148,0.000294785019099563,0.000322940358780455,0.000353720243862393,0.000387360867819348,0.000424158435846942,0.000464276746947518,0.000508092109143244,0.000555904177821448,0.000608131704095953,0.000664957641871264,0.000726960250717356,0.000794462900940031,0.000868096492355997,0.000948076915408266,0.00103523707853691,0.00112982753753899,0.00123275749479286,0.00134423810719571,0.00146553098515853,0.00159676702379986,0.00173918005685548,0.00189289137182473,0.00205952295905958,0.00223906740862162,0.00243305061832732,0.00264197343802707,0.00286716198510787,0.00310863255904426,0.00336801324479443,0.00364583995607233,0.00394316122222315,0.00426026034630442,0.00459848029113961,0.00495811655856771,0.00533943574430677,0.00574252429149434,0.00616782544180271,0.00661585693601103,0.00708557234925313,0.00757667679873117,0.00808723761704994,0.00861738655969368,0.00916356821974089,0.00972521334654734,0.0102973111663659,0.0108801418408854,0.0114660547443647,0.0120535433558329,0.0126328662181901,0.0132049902130919,0.0137572050065351,0.0142876698583117,0.0147817409980896,0.0152417460406651,0.0156491631595736,0.0160041251486164,0.0162882150703026,0.0165064439511539,0.0166372802605572,0.0166878153593385,0.0166392219726464,0.0164979410559046,0.0162512112428538,0.0159074626339295,0.0154588137020997,0.0149136256844141,0.0142741502183438,0.0135508775669486,0.0127501022301312,0.0118850210645654,0.0109713876519179,0.0100213235964813,0.00905268807245931,0.00808092953611791,0.00712594489685426,0.00619791798546753,0.00531680296822851,0.00449163247920746,0.00373655116402251,0.00305384261404022,0.00245272202890637,0.0019311684056714,0.00149131886269703,0.00112597834013424,0.000831584327069805,0.000598828446004315,0.000420636195162411,0.000287140030747541,0.000190390010145526,0.000122225519876293,7.57952046022895e-05,4.53973114148027e-05,2.61735887957026e-05,1.45775697105072e-05,7.70823193599348e-06,3.95345845795992e-06,1.89799500338596e-06,9.04358018890718e-07,3.80539498573977e-07,1.63810206602779e-07,5.96880277763418e-08,2.44077622195142e-08,1.25966221542263e-09,0
45529350.7486695,0,7.16297110164777e-08,4.53188777381317e-09,8.04996428379082e-08,1.42312629347796e-08,9.14239642739519e-08,1.75344180823471e-08,1.12000554510881e-07,2.65771787440847e-08,1.19292497707073e-07,5.74363846512873e-08,1.16568651276388e-07,9.39639622208905e-08,1.23206155036088e-07,1.25049511435514e-07,1.42696996758606e-07,1.54564953316789e-07,1.71013397045214e-07,1.87702121589662e-07,2.06548265072949e-07,2.2713462953732e-07,2.49715168013367e-07,2.74577294464678e-07,3.01919952560708e-07,3.31995566540346e-07,3.6500885128148e-07,4.01289012894279e-07,4.41088579720477e-07,4.84957339196765e-07,5.33225248123974e-07,5.86264800850086e-07,6.44198587612955e-07,7.07993170086771e-07,7.78406367268281e-07,8.55927460335984e-07,9.40558197234103e-07,1.03343687139755e-06,1.13587660523393e-06,1.24872860515022e-06,1.37225641677521e-06,1.5078203964026e-06,1.65703284187211e-06,1.82130856377134e-06,2.00146936616002e-06,2.19891358898138e-06,2.41578521793517e-06,2.65486647036109e-06,2.91782288672366e-06,3.20568918788937e-06,3.52114137778556e-06,3.86857552855077e-06,4.25124502784031e-06,4.67059140726715e-06,5.13023346719902e-06,5.6358695771407e-06,6.19255417801404e-06,6.80234391894523e-06,7.47063744381201e-06,8.20554363603734e-06,9.01512839848812e-06,9.90174591289142e-06,1.08736248116137e-05,1.19423156782064e-05,1.3118971343845e-05,1.44061051091237e-05,1.58184794754343e-05,1.73726511598244e-05,1.90831893233077e-05,2.09524478095779e-05,2.30041901077717e-05,2.52603846839034e-05,2.77422290366188e-05,3.04558953141883e-05,3.34383284715376e-05,3.67118722451184e-05,4.03084975216665e-05,4.42436335333215e-05,4.85684821172769e-05,5.33114374775774e-05,5.85151156535349e-05,6.42219407181024e-05,7.04896711071742e-05,7.73449053749243e-05,8.48620753809598e-05,9.31227157175655e-05,0.0001021870826277,0.000112096045800765,0.000122954839550324,0.000134866250101785,0.000147919318913864,0.000162210055935611,0.000177865619286594,0.000195014684947149,0.000213782492079959,0.000234321325741178,0.000256787089798357,0.000281374801645618,0.00030825264160104,0.000337658108209997,0.000369786827597683,0.000404904594703622,0.000443199690631593,0.000485050199486137,0.000530699575778293,0.000580533143418213,0.000634794810958413,0.000694051093905895,0.000758518405616453,0.000828781905433403,0.000905130320189839,0.000988377780885377,0.00107873987672302,0.00117705353455859,0.00128345816785942,0.00139923731450018,0.00152465640194874,0.00166075703616686,0.00180748314655171,0.0019665490926739,0.00213813246137623,0.00232351238406465,0.00252295028899489,0.0027379899652439,0.00296891760531099,0.00321680128957959,0.00348184948302213,0.00376580152686994,0.00406925173426636,0.00439259623122278,0.00473576313279188,0.00509985603466356,0.00548528491189602,0.00589184868450683,0.00631987698066013,0.00676865389172026,0.00723782168291367,0.00772561726586549,0.00823231980522318,0.00875410101820465,0.00929044906410464,0.00983724035460342,0.0103943428992631,0.0109537014934613,0.0115146750135212,0.0120686841172937,0.0126154898947089,0.0131422244776625,0.0136485741570838,0.0141212169911632,0.0145607130125481,0.0149489224726616,0.0152877048601189,0.0155594576507198,0.0157675384579359,0.0158918401779151,0.0159398372949656,0.0158929440540225,0.0157577409457709,0.0155224373435034,0.0151935629593907,0.0147634763380573,0.0142424020757981,0.0136325945625637,0.012941771201016,0.0121755939927558,0.0113486021016294,0.0104765018830275,0.00956956291354151,0.00864412681838607,0.0077156121730522,0.00680343917554642,0.00591716624863116,0.00507601872125621,0.00428862738890466,0.00356763591763871,0.00291505711234269,0.00234116520896693,0.0018443295390612,0.0014246696347244,0.00107497192350175,0.000793724113003058,0.000572195283423581,0.00040217425034153,0.000274361078717519,0.000181984013457444,0.000116914788910379,7.2429980427097e-05,4.34655699107886e-05,2.51705852076633e-05,1.39200166862779e-05,7.29636593881879e-06,3.82422824010515e-06,1.86291306608323e-06,8.40768158500131e-07,3.48968569574673e-07,1.71057065885179e-07,6.00003559299818e-08,1.70129397614743e-08,1.14558357841781e-09,0
46595256.6866468,0,6.83934504572959e-08,4.39749202541096e-09,7.65831818442933e-08,1.35243484188996e-08,8.75378471557221e-08,1.66739971627547e-08,1.06513307672329e-07,2.56472876526782e-08,1.13932626441131e-07,5.44735823033847e-08,1.1140637618317e-07,8.97155460751303e-08,1.17447425245007e-07,1.19338189677348e-07,1.36213504848993e-07,1.47421516988077e-07,1.63186708564173e-07,1.79115663779816e-07,1.97060339915673e-07,2.16724639292894e-07,2.3827012934025e-07,2.61962256197928e-07,2.88066571777457e-07,3.16782919688739e-07,3.48305461291649e-07,3.82895875925678e-07,4.20794394141164e-07,4.62709053378684e-07,5.08916521773624e-07,5.59507427870442e-07,6.14587555809454e-07,6.75444804753353e-07,7.42917499238063e-07,8.17010252169554e-07,8.97510348299522e-07,9.86012058612384e-07,1.08404869897449e-06,1.19191672262973e-06,1.30958530401239e-06,1.43886544235651e-06,1.58157041726176e-06,1.73855513080922e-06,1.91025318698433e-06,2.09841092147304e-06,2.30562374781903e-06,2.53435482133335e-06,2.78542205915772e-06,3.05967602727274e-06,3.36055566181652e-06,3.69271836747112e-06,4.05844416493849e-06,4.45846833091276e-06,4.89692311212872e-06,5.37991788770884e-06,5.91174324452183e-06,6.49373157771873e-06,7.13150875720196e-06,7.83352021393154e-06,8.6069536443364e-06,9.45313006221519e-06,1.03806842478295e-05,1.14018626459032e-05,1.2525888745173e-05,1.37537057202373e-05,1.51018875551823e-05,1.65879494970711e-05,1.82221309819352e-05,2.00047732921753e-05,2.19632985926055e-05,2.41204428884068e-05,2.64908499859174e-05,2.90793001653995e-05,3.19274445514692e-05,3.50571513855232e-05,3.84923094968926e-05,4.22474546053123e-05,4.63774995456514e-05,5.09092887531928e-05,5.58797445231123e-05,6.13301825854205e-05,6.73147753292668e-05,7.38582786778329e-05,8.10398607965022e-05,8.89375183239634e-05,9.75948778235356e-05,0.000107050899916547,0.000117420838962788,0.000128803330537881,0.00014127235415831,0.000154918680791297,0.000169871266180076,0.000186255608258073,0.000204184760179209,0.00022379860959827,0.000245252465256266,0.000268739487666239,0.000294415716995413,0.000322505704047641,0.000353198751637283,0.000386741066104868,0.000423313050070407,0.000463295020259329,0.000506914665791197,0.000554515242657266,0.000606342189737713,0.000662960593823408,0.000724558698367128,0.000791671093401773,0.000864592679861746,0.00094414234426499,0.00103051441615198,0.00112442704259506,0.00122602029334131,0.00133665639240956,0.00145657421649638,0.00158660394348408,0.00172673777681842,0.0018787395726051,0.00204268589304814,0.00221975931824177,0.00241035058925905,0.00261593889194697,0.00283662587108564,0.00307335712043419,0.00332650211941192,0.003597906524965,0.00388799120554412,0.00419691288544024,0.00452473533956066,0.00487265648082219,0.00524090857602325,0.00562928444248887,0.00603828880609193,0.00646715917377646,0.00691542230424833,0.00738153762852884,0.00786570862431205,0.00836405687057708,0.00887639570852745,0.00939908414243145,0.00993159644923682,0.0104660015612582,0.011002033976578,0.0115315568573301,0.0120540518410692,0.0125572369733078,0.013041125521852,0.0134930621268804,0.0139132086194013,0.0142839890822136,0.0146075717495448,0.0148673810013113,0.0150663312420019,0.0151851329903081,0.0152311186360359,0.0151863478533588,0.0150568663158781,0.0148316071191057,0.0145174232240936,0.0141070697906892,0.0136092307552796,0.0130255091821478,0.0123648621266542,0.0116337145409792,0.0108440931033765,0.0100098105423978,0.00914243560256222,0.0082587729881918,0.00737222354647461,0.00650043331152086,0.00565329115491268,0.00484940065830456,0.00409689383556243,0.00340840661969867,0.00278531008100436,0.00223638859258347,0.00176102649989305,0.00136047655899596,0.00102693276394118,0.00075799838215698,0.00054596111015426,0.000383642039223468,0.00026181517316532,0.000173652284371858,0.00011151869590545,6.90275497065791e-05,4.13231097154878e-05,2.39332011710345e-05,1.33296907814539e-05,6.98460834418881e-06,3.5938348742059e-06,1.7520428229364e-06,8.22823528690136e-07,3.39518056082323e-07,1.5315135283543e-07,5.56358364259532e-08,2.02893341499205e-08,1.30072787843049e-09,0
47686116.9771447,0,6.52556036714584e-08,4.08428210148499e-09,7.36202227408084e-08,1.29625867121286e-08,8.3051584433115e-08,1.61483764992175e-08,1.02355734325731e-07,2.38880815821059e-08,1.08806708909288e-07,5.25565133916072e-08,1.06150306467588e-07,8.56029956767316e-08,1.12519703229436e-07,1.13909218564416e-07,1.30108053412612e-07,1.41036001620694e-07,1.55942007743408e-07,1.71246810332178e-07,1.88431305817375e-07,2.07100668327689e-07,2.27825953317771e-07,2.50573063174193e-07,2.75474853211252e-07,3.02860305913606e-07,3.32959357818869e-07,3.66134361504756e-07,4.02530338543966e-07,4.42521683313871e-07,4.86379907452453e-07,5.34672857163416e-07,5.87779795804778e-07,6.46250813269629e-07,7.10189070591865e-07,7.80354317601113e-07,8.57672789432137e-07,9.42998102173706e-07,1.03640194939416e-06,1.13867555784249e-06,1.2511797521611e-06,1.37531375118173e-06,1.51156746551598e-06,1.66079571542662e-06,1.82452824217329e-06,2.00501562754427e-06,2.20368578396479e-06,2.42133511685735e-06,2.65972762508536e-06,2.92234354114812e-06,3.21160854822344e-06,3.5283655446826e-06,3.8755284947176e-06,4.25803215000681e-06,4.67916523410388e-06,5.14000063723647e-06,5.64499858182496e-06,6.200793313633e-06,6.8132304598202e-06,7.48434948882748e-06,8.21953040642903e-06,9.02665855885281e-06,9.91519439640771e-06,1.08894751717136e-05,1.19603135156173e-05,1.31378472303087e-05,1.4429940046349e-05,1.58399126866969e-05,1.73913206438188e-05,1.91031785060673e-05,2.09846244138476e-05,2.30365668384235e-05,2.52915975407174e-05,2.77709100588348e-05,3.04933338219622e-05,3.34719810310105e-05,3.6753878667509e-05,4.03495885495111e-05,4.42849211274626e-05,4.86030270559559e-05,5.33649511581567e-05,5.85761033356271e-05,6.42704431778223e-05,7.05185197177856e-05,7.73970831869723e-05,8.493020550045e-05,9.31754469878917e-05,0.000102214386096282,0.000112137144371405,0.000123005929125259,0.000134897688594637,0.000147914681485532,0.000162191570901475,0.000177849639927178,0.000194984345480225,0.000213718449169187,0.000234194307929543,0.000256612219107258,0.000281153186330082,0.000307996663899817,0.000337270304338046,0.000369292124593947,0.000404291036396548,0.000442482571567358,0.000484053355471126,0.000529524780519093,0.000579117638058833,0.000633189481098803,0.00069196430057083,0.000756066795456483,0.000825747398869386,0.00090173111747923,0.000984185580236174,0.00107392855545078,0.00117115502542023,0.00127680688639807,0.00139106752089078,0.00151527473080761,0.00164939993306474,0.00179469650230252,0.00195130501047752,0.00212042804072037,0.00230240971175223,0.00249878536589955,0.00270955511238098,0.00293578220953044,0.00317810015621735,0.00343759377682985,0.00371425495451176,0.00400915182644644,0.00432269614267493,0.00465539509460119,0.0050074734381979,0.00537884957361994,0.00576954364987591,0.00617913501463146,0.00660775659336205,0.00705320733619617,0.00751554918538097,0.00799253125609234,0.0084834659522801,0.00898253029239337,0.00948988916106583,0.0100007466737695,0.0105146028690786,0.0110209777966708,0.011519185222918,0.0120002090578056,0.012464124097098,0.0128955017569076,0.0132951275681701,0.013650217565233,0.0139613125734131,0.0142087885167955,0.0143977207318154,0.0145119225515775,0.0145557223110731,0.0145119573406585,0.0143888098760869,0.0141739209678946,0.0138725991371772,0.0134802526179033,0.0130048056959118,0.0124461041560241,0.0118143730280504,0.0111165134701045,0.0103617274636098,0.00956331846032593,0.00873475867790589,0.00789112416789584,0.00704330176292757,0.00620976198308792,0.00540086957779447,0.00463299896368544,0.0039137623668743,0.00325581223033569,0.00266052863093025,0.0021363686875414,0.00168235591551131,0.00129944913858192,0.000980756898603632,0.000724080029494516,0.000521559633507414,0.000366418323309017,0.000250090637030693,0.000165875986913817,0.000106470761350509,6.5930997793167e-05,3.95092781494673e-05,2.28583042363592e-05,1.27111770059197e-05,6.67113257884811e-06,3.44164003357641e-06,1.67388036389278e-06,7.81547503089782e-07,3.25332624543528e-07,1.47770267692122e-07,5.15490564811882e-08,1.95809144563694e-08,1.92878198912724e-09,0
48802515.8365443,0,6.25361751495444e-08,3.81894176698124e-09,7.05842952218141e-08,1.25947645083865e-08,7.94436920752593e-08,1.53594532512131e-08,9.83267454907262e-08,2.28164008839155e-08,1.04107710993488e-07,5.05168417045434e-08,1.01725805809588e-07,8.17871239260623e-08,1.08013660300914e-07,1.08977726776139e-07,1.24590826046901e-07,1.35160175924581e-07,1.49212684827401e-07,1.63924931726654e-07,1.80447660859792e-07,1.98191872851336e-07,2.18140940612876e-07,2.39720902607986e-07,2.6356924913895e-07,2.89873549001133e-07,3.18566091971017e-07,3.50327387066421e-07,3.85044681887316e-07,4.23294447577939e-07,4.65315259948e-07,5.11503027851093e-07,5.62203097547104e-07,6.17911869271146e-07,6.79155889603683e-07,7.46548777378144e-07,8.20442943423495e-07,9.01636286718523e-07,9.90822639858197e-07,1.08896854416185e-06,1.19668290065114e-06,1.31500623985555e-06,1.44495977226373e-06,1.58785901991653e-06,1.74482211214677e-06,1.91719700170722e-06,2.10639759109644e-06,2.31431696168615e-06,2.54285114482208e-06,2.79389143899696e-06,3.06952554753603e-06,3.37225288620826e-06,3.70483827612476e-06,4.06996520740137e-06,4.47110044597985e-06,4.91178057125248e-06,5.39598284770602e-06,5.92706793112271e-06,6.51021988975907e-06,7.15048975866161e-06,7.85437306016577e-06,8.62664639893019e-06,9.47496894163841e-06,1.04059488231232e-05,1.1429150487897e-05,1.2550838348025e-05,1.37834827956904e-05,1.51368464250192e-05,1.66244314779456e-05,1.82534861828807e-05,2.00433998714756e-05,2.20076694107027e-05,2.41669393011303e-05,2.65329861835322e-05,2.91351309296154e-05,3.19855251908343e-05,3.51150268710993e-05,3.85446077974517e-05,4.23164799912101e-05,4.64506300200434e-05,5.09844494324823e-05,5.5953210888209e-05,6.14129341494282e-05,6.73968099589363e-05,7.39547006955918e-05,8.11408899260279e-05,8.90292997724382e-05,9.76744424480353e-05,0.000107148447726121,0.000117525541977838,0.000128895738588584,0.000141352443753408,0.000154999172786816,0.00016993894964071,0.000186285406358293,0.000204184723557816,0.000223773201255649,0.000245207852808552,0.000268631550857259,0.000294255880373298,0.000322252448998101,0.00035286114592673,0.000386252648361555,0.000422739387245638,0.000462524355252697,0.000505961745930962,0.000553263143193518,0.000604910564925832,0.000661116774851179,0.000722398417236024,0.00078897212585169,0.000861536751691182,0.000940298201475792,0.00102603646100817,0.00111890609682418,0.00121989640004828,0.00132915668002855,0.00144780331411916,0.0015758673973838,0.00171462199785347,0.00186421015090849,0.00202593643055459,0.00219998942597125,0.0023875214281308,0.00258878978301024,0.00280503824043306,0.00303656090777804,0.003284404075111,0.00354886080555052,0.00383082787032219,0.00413052191067803,0.00444843460840575,0.00478471724323184,0.00513949654586598,0.0055131171644468,0.00590487412376947,0.00631453879652891,0.00674039806591615,0.00718258762926979,0.00763822493542397,0.00810688741039588,0.00858429067313098,0.0090704100046425,0.00955892562501346,0.0100490676419442,0.0105327114790628,0.0110099258705533,0.0114700395893113,0.0119124629182965,0.0123249355711133,0.0127082102559501,0.013047084019184,0.013342989075448,0.0135800764293902,0.0137613806684994,0.0138694755625879,0.0139108126801199,0.0138694960249782,0.0137513196451945,0.0135452575457269,0.0132570359845756,0.0128810231635166,0.0124262628415158,0.0118937594996701,0.0112898844626843,0.0106205312811137,0.00989904690518793,0.00913825356733988,0.00834646138896079,0.00753875709112183,0.00672881429193221,0.00593273743245879,0.00515929969149661,0.00442615775659324,0.00373953397877998,0.0031095256790077,0.0025400306787229,0.00204084586835591,0.00160784778352991,0.00124064934906572,0.000935655876919752,0.00069155735805313,0.000498559841047015,0.000349877337391072,0.000238681231757529,0.000158405739440155,0.000101581667576795,6.30100473091168e-05,3.79851832106249e-05,2.18369459082448e-05,1.19742782154775e-05,6.42159752697794e-06,3.39609046116699e-06,1.56247181575798e-06,7.14129812915705e-07,3.39983362019821e-07,1.47145294291596e-07,3.56395126661684e-08,1.93382035266703e-08,6.12724875218768e-09,0
49945051.1585514,0,5.97961970336159e-08,3.75466749210852e-09,6.72507522140185e-08,1.19694124118792e-08,7.6230060826561e-08,1.46273617749859e-08,9.36294316245969e-08,2.21893337440851e-08,9.94658374236937e-08,4.80979546927103e-08,9.73422258923755e-08,7.83165944433672e-08,1.03012900643136e-07,1.04310724599568e-07,1.19156572481988e-07,1.29052017507146e-07,1.42781273268572e-07,1.56694766907832e-07,1.72450919238579e-07,1.89594271781816e-07,2.08476106492149e-07,2.29237464300366e-07,2.52041983308031e-07,2.77125815827577e-07,3.0464235093261e-07,3.3492068118883e-07,3.68167426235275e-07,4.0473827874623e-07,4.44856285401758e-07,4.89001513503649e-07,5.37431196052682e-07,5.90721358978373e-07,6.49210767493773e-07,7.13523363410068e-07,7.84083367360479e-07,8.6167805409455e-07,9.46917049168554e-07,1.04060688375239e-06,1.14342663751676e-06,1.25644635007733e-06,1.38060243756483e-06,1.51708127840889e-06,1.66694404583705e-06,1.83153954252281e-06,2.012288041467e-06,2.21095006619804e-06,2.42920466832374e-06,2.66891679669073e-06,2.93221977461006e-06,3.22143194184169e-06,3.53909931470989e-06,3.88786984175313e-06,4.27105402319023e-06,4.69188996101605e-06,5.15430933226118e-06,5.66178188324853e-06,6.21908288364002e-06,6.83072404398559e-06,7.50296884364663e-06,8.24046990277355e-06,9.05068822861114e-06,9.94035144152492e-06,1.09182224919297e-05,1.19892363637108e-05,1.31659261180106e-05,1.445931769684e-05,1.58815728855312e-05,1.74373232804024e-05,1.91456751493202e-05,2.10225470067999e-05,2.30881351436648e-05,2.53499672990597e-05,2.78327443048997e-05,3.05504168010418e-05,3.35390568168558e-05,3.68210660690637e-05,4.04297323944343e-05,4.43755976506842e-05,4.86984628463305e-05,5.34447126806639e-05,5.86663032616454e-05,6.43828845665984e-05,7.06452838793695e-05,7.75119434277555e-05,8.50461174565147e-05,9.33012948586035e-05,0.000102354415387777,0.000112267851590204,0.000123126195675565,0.000135032420421494,0.000148077903177354,0.000162345664005915,0.000177954849319714,0.000195057722620432,0.000213777141950294,0.000234253624154095,0.000256627225470017,0.000281112448765156,0.000307869994392945,0.000337109828411822,0.000368999235807948,0.000403856615212444,0.000441873550582125,0.000483386512217564,0.000528599548932578,0.000577946418059792,0.000631621001464803,0.000690164619364299,0.000753806908673997,0.000823162404788137,0.000898389310791903,0.000980287668857915,0.00106905999624256,0.00116559031270937,0.00126995352201131,0.00138329796892082,0.00150573121678282,0.00163835767415787,0.00178122098002317,0.00193572103139859,0.00210214579053372,0.00228138539165931,0.00247357814251891,0.0026801429294333,0.00290145054673089,0.00313832587357993,0.00339101770478924,0.0036604588688104,0.00394676662903269,0.00425036868209799,0.00457162348716932,0.00491076052398595,0.00526787288410529,0.00564209523853318,0.00603337405953796,0.00644026413370868,0.00686280434366394,0.0072981348003797,0.007745971667191,0.00820229778120361,0.00866687622249884,0.00913350084385076,0.00960178819095784,0.0100643726615207,0.0105207707767666,0.0109601271368649,0.0113827164817319,0.0117776743570706,0.0121446875856872,0.0124683371663549,0.0127509436464084,0.0129780094177537,0.0131517685444328,0.0132553969159145,0.0132954929671922,0.0132564483409447,0.0131434274987851,0.012946471981068,0.0126713225083355,0.0123127422714908,0.0118792405736108,0.0113700544587257,0.0107912107793571,0.0101515432264129,0.00946386778152218,0.00873680451553064,0.00797843182330485,0.00720605014412124,0.00643243276480815,0.00567189892536731,0.0049331917535094,0.00423225006234146,0.00357463724994363,0.00297250290961622,0.00242999632787498,0.00195311599180486,0.00153740303544317,0.00118581360901679,0.000895448997798618,0.000662480160789731,0.000477229006669964,0.000334708259902151,0.00022836164110174,0.000151497200761094,9.73357947623258e-05,6.05615510318211e-05,3.62833326119445e-05,2.07088564324415e-05,1.15259127462868e-05,6.23307641901553e-06,3.19298002411978e-06,1.4685510682423e-06,7.10405440354304e-07,3.2321207930426e-07,1.29512916925434e-07,3.96921266755329e-08,2.23203823584041e-08,3.11324264351469e-09,0
51114334.8344017,0,5.70510356587056e-08,3.55634866134674e-09,6.42768915730296e-08,1.14218361767552e-08,7.2638481190843e-08,1.41216168989196e-08,8.93334569330739e-08,2.1088562190851e-08,9.51708167493521e-08,4.569664415511e-08,9.31035526612938e-08,7.47316489042069e-08,9.83386434229645e-08,9.9657389206377e-08,1.13758822118535e-07,1.23241263718129e-07,1.3635774560338e-07,1.49642939792092e-07,1.6467397464389e-07,1.81065525350288e-07,1.99085376924279e-07,2.1891671701577e-07,2.40685929125728e-07,2.64623240734403e-07,2.90905750377142e-07,3.19811778812148e-07,3.51545293499315e-07,3.86454359545337e-07,4.24754602784746e-07,4.66902203836182e-07,5.13137679739452e-07,5.64014479194061e-07,6.19849825573498e-07,6.8125333315867e-07,7.4865368766468e-07,8.22768884046328e-07,9.04142100871316e-07,9.93590632691434e-07,1.09181772666163e-06,1.19981282959965e-06,1.31841450773387e-06,1.44874130863174e-06,1.59184771205234e-06,1.74909187991031e-06,1.92181117279775e-06,2.11158434674115e-06,2.32001818145016e-06,2.54899219159805e-06,2.8005391816046e-06,3.07678998066481e-06,3.38019683038165e-06,3.71337426637785e-06,4.07946581902336e-06,4.48144947804602e-06,4.92303850406343e-06,5.40771341575655e-06,5.94021226067596e-06,6.52459736129346e-06,7.16653685579473e-06,7.87098661945186e-06,8.64539159741412e-06,9.49505059329769e-06,1.04282119849825e-05,1.14518666866525e-05,1.25778376879512e-05,1.38129258599652e-05,1.51688359276208e-05,1.66549567855339e-05,1.8290004804359e-05,2.0083889101886e-05,2.20542995619468e-05,2.42123394873147e-05,2.65844254434491e-05,2.91840633355548e-05,3.20430900587205e-05,3.51764191669986e-05,3.86151502457237e-05,4.23819700928792e-05,4.65211958736065e-05,5.1060514340316e-05,5.60390424127064e-05,6.14923568245042e-05,6.74788407773745e-05,7.40421529006182e-05,8.12388540004164e-05,8.91233231391891e-05,9.77660565456627e-05,0.000107233942310749,0.000117612316393273,0.000128981318774498,0.00014142630564754,0.00015505243754058,0.000169975511742505,0.00018631422890643,0.000204179049345628,0.000223727039682376,0.000245104325737412,0.000268493960899874,0.000294034659352604,0.00032195234179079,0.000352421223066624,0.000385717067709991,0.000422011144242953,0.000461646228228111,0.00050482291866955,0.000551950883370038,0.000603223507430503,0.00065914604767826,0.000719914775834913,0.000786132644057756,0.000857984964952951,0.000936223662524502,0.00102100305858037,0.00111317923905709,0.00121287553643713,0.00132115315893695,0.00143804368153884,0.00156469595504478,0.00170126653830308,0.00184891582074311,0.00200775233223679,0.00217888634814739,0.00236264011144844,0.00256009220577304,0.00277145257877142,0.00299774488993671,0.0032392462522803,0.00349666532806413,0.00377017167805989,0.00406036574416521,0.004367504521144,0.00469158140056675,0.00503270870642515,0.00539026716782869,0.00576426456286325,0.00615318067126047,0.00655694397999132,0.0069729036323806,0.00740087234950115,0.0078368718270083,0.00828060010143828,0.00872641756741662,0.00917405211452331,0.00961588859923151,0.0100513771700223,0.0104710906330903,0.0108752187281127,0.0112520065273657,0.0116014632400439,0.0119105247710953,0.0121809387157106,0.012397306526871,0.0125623799062215,0.0126610480414675,0.0126988181595546,0.0126606438344248,0.0125524920380916,0.0123646403950422,0.0121015530130554,0.0117577704832371,0.0113422968396094,0.0108564900350161,0.0103055543323679,0.00969412509277792,0.00903475261873117,0.00834031009586968,0.00761825939322633,0.00688094685654578,0.00614096056523744,0.005414557076649,0.00470941154813777,0.00404016454486156,0.00341311636475112,0.00283861879715128,0.00231925853595686,0.00186322239456426,0.0014679173951659,0.00113326583464954,0.000854765625097228,0.000631387001057254,0.000455317800984907,0.000319941043228686,0.000218173028409898,0.000144561876472883,9.27936103249246e-05,5.76342586028507e-05,3.46515910289805e-05,1.99344334156573e-05,1.09920209304473e-05,5.83805413130291e-06,3.05600356283513e-06,1.45181895171971e-06,6.65936985020763e-07,2.88717756654852e-07,1.32909037409585e-07,4.38693727347082e-08,1.56462570973924e-08,1.74818956632827e-09,0
52310993.0805626,0,5.45804839239204e-08,3.37752944175314e-09,6.14308247104485e-08,1.09840797317905e-08,6.94708998180173e-08,1.33766731937475e-08,8.55565710443453e-08,2.00894827150118e-08,9.09293594626811e-08,4.37940798515135e-08,8.8870105531177e-08,7.14797048510496e-08,9.39650168008812e-08,9.52038159107927e-08,1.08706995879017e-07,1.17735225400159e-07,1.30258534996234e-07,1.42949438809813e-07,1.57300818634577e-07,1.7294014094922e-07,1.90150959824493e-07,2.09079582022986e-07,2.29870006793391e-07,2.52730956359705e-07,2.77825004683716e-07,3.0543301575009e-07,3.35742782285699e-07,3.69083037471754e-07,4.05659843252894e-07,4.45914709607975e-07,4.90085752661389e-07,5.38696384375175e-07,5.92031959550247e-07,6.50656505222428e-07,7.14990957288504e-07,7.85756923798947e-07,8.63479256475072e-07,9.48896469120491e-07,1.04264841598556e-06,1.14569810658547e-06,1.2588853403706e-06,1.3832953528294e-06,1.51989299020503e-06,1.66990106665926e-06,1.83462624544768e-06,2.01568323930944e-06,2.21458983589781e-06,2.43305922478347e-06,2.67304392768467e-06,2.93659367278465e-06,3.22602362490885e-06,3.54387897040168e-06,3.89317958795425e-06,4.27666994953334e-06,4.69785406557726e-06,5.1600774366729e-06,5.66785285224278e-06,6.22519209355137e-06,6.83762966154792e-06,7.50955451557138e-06,8.24780829859698e-06,9.05800095145495e-06,9.94840164989653e-06,1.09249027369993e-05,1.19982083224687e-05,1.31756140897484e-05,1.44688927193113e-05,1.58863624407263e-05,1.74453968556506e-05,1.91559558385273e-05,2.10358721291829e-05,2.30962364324467e-05,2.53606242707221e-05,2.7839014559198e-05,3.05627844507187e-05,3.35520604474411e-05,3.68378870971086e-05,4.04343133744752e-05,4.43792289489312e-05,4.87071717831133e-05,5.34617738745811e-05,5.86687612807274e-05,6.43773458073915e-05,7.06369803485207e-05,7.75068924482526e-05,8.503430186712e-05,9.32847798618263e-05,0.000102321425668505,0.000112222785673299,0.000123070534806964,0.000134952134969288,0.000147962374833781,0.000162206819435976,0.000177804373437877,0.000194864976228974,0.000213531050756624,0.000233935175639789,0.000256264145892639,0.000280662774489229,0.000307334205735908,0.000336432366874118,0.000368224876386382,0.000402875844644737,0.000440718035965184,0.000481959926334038,0.000526987907718951,0.000575959044674889,0.000629352731687596,0.000687389353627302,0.000750657033684004,0.00081929535003656,0.000894018658922654,0.000975020785419552,0.00106309054685785,0.00115828186609974,0.0012616717698866,0.00137337022624983,0.00149442257601647,0.00162490405915693,0.00176593650444982,0.0019176790414111,0.00208119311372009,0.00225674372604834,0.0024454066353684,0.0026474150609349,0.00286363213259669,0.00309432222306278,0.00334034251330286,0.00360182128865925,0.00387912112522746,0.00417254937172091,0.00448228398373361,0.00480837456728009,0.00515011420240621,0.00550752748288594,0.00587920464707929,0.00626506998705526,0.00666259440542364,0.00707167378701306,0.00748849648770223,0.00791260940472044,0.00833855428497365,0.0087662329891886,0.00918856973787978,0.00960495871547114,0.0100060271659765,0.0103919917650529,0.0107521280263076,0.0110863313288543,0.0113815123560806,0.0116396009210053,0.0118464148199223,0.0120041493594756,0.0120981425306828,0.0121343131991832,0.0120980503767015,0.0119940329909166,0.0118133874898033,0.0115620807710173,0.0112351267927024,0.0108384090224429,0.0103715514815303,0.00984327269874262,0.0092613183440119,0.00863350044554752,0.00796791069210569,0.00727554405369752,0.00657201706539685,0.00586657389636222,0.0051726012432806,0.00449858636912537,0.00385840294348136,0.00325853282250504,0.00271108847330322,0.00221695980032217,0.00178017581309382,0.00140022541807151,0.00108144736050675,0.000817759864981505,0.000604179773873858,0.000434482435154249,0.000305061428076956,0.000208443971536197,0.000138312979938762,8.89637488164484e-05,5.52301044636413e-05,3.28675195288606e-05,1.88932647396485e-05,1.07011504566168e-05,5.68698565638034e-06,2.81779999440417e-06,1.35505697177319e-06,6.89443562286166e-07,2.80588816783192e-07,1.05908385843197e-07,4.59492829260433e-08,2.22775640194366e-08,-6.32977340317076e-10,0
53535666.7741072,0,5.17173002968803e-08,3.1888686504978e-09,5.85344293698867e-08,1.01772429891784e-08,6.56987153713527e-08,1.29273458925844e-08,8.11357838686571e-08,1.86429166957838e-08,8.64644871593037e-08,4.14653330777205e-08,8.40338083814787e-08,6.78510050806865e-08,8.90774242498422e-08,9.00723469862961e-08,1.03163477228299e-07,1.11589133108692e-07,1.23497823149678e-07,1.35631374081617e-07,1.49124008427586e-07,1.64072850600392e-07,1.80465736111674e-07,1.98451442256848e-07,2.18216572924308e-07,2.39904297601775e-07,2.63793425786835e-07,2.90091195236456e-07,3.18956939841452e-07,3.5066041987641e-07,3.85363861287009e-07,4.2366198677711e-07,4.65835687018253e-07,5.12174679049555e-07,5.62818919101788e-07,6.18534274576266e-07,6.79957533302008e-07,7.4757240514502e-07,8.21537573249709e-07,9.02664174327159e-07,9.92024646729404e-07,1.09066708489957e-06,1.198842213876e-06,1.31705057931181e-06,1.4467305481945e-06,1.59012443899808e-06,1.74819412315312e-06,1.92096802950311e-06,2.10977100454312e-06,2.31781297711319e-06,2.54746036483706e-06,2.79947230021418e-06,3.07550784505307e-06,3.37859235567681e-06,3.71164336744332e-06,4.07703759468515e-06,4.4790383199706e-06,4.92150852648528e-06,5.40738499708202e-06,5.93894670263461e-06,6.52221412392232e-06,7.16312960677261e-06,7.86791921896327e-06,8.641139974219e-06,9.49352319265429e-06,1.04309359438677e-05,1.14543087059067e-05,1.25683316545854e-05,1.38013916989928e-05,1.51680116355676e-05,1.66623789362548e-05,1.82849125767879e-05,2.00759209138277e-05,2.20506690140344e-05,2.42106195322422e-05,2.65718387113259e-05,2.91812537288248e-05,3.20400466868349e-05,3.51687585977832e-05,3.86051279637625e-05,4.23823740593579e-05,4.65059061445639e-05,5.10322154164344e-05,5.60183036090558e-05,6.14920347827056e-05,6.74640238514922e-05,7.40046405294911e-05,8.11915168877792e-05,8.90826681301878e-05,9.77216089658534e-05,0.000107181225168959,0.000117535290437686,0.000128875177004325,0.000141310036521805,0.00015492117326245,0.000169799853076864,0.000186087826228275,0.000203943640003785,0.000223443828860886,0.000244740783109595,0.000268025855436419,0.000293524085342885,0.000321332050886967,0.000351674644358264,0.000384759785930754,0.000420937962401762,0.000460358688639777,0.000503341694184023,0.000550073623908666,0.00060109678269269,0.000656608391580943,0.000717046253685134,0.000782531206955074,0.000853878437430148,0.000931299055436721,0.00101546264040554,0.00110640254621911,0.00120515658172146,0.0013118413798894,0.00142747604025947,0.00155208514044564,0.00168677823759477,0.00183183092189945,0.00198808432014289,0.00215555426515949,0.0023355682998969,0.00252873261491408,0.0027355481725702,0.00295578586923598,0.00319042051742495,0.00343992859989372,0.00370478525866805,0.00398532788602871,0.00428139025108772,0.00459249951189048,0.00491831912198609,0.00525968685902959,0.00561504847881143,0.00598358274513742,0.00636300105569878,0.00675357463367614,0.00715155778441611,0.00755672406989223,0.00796399170838089,0.008372441445754,0.00877514808864347,0.00917291361077186,0.00955708290949961,0.00992621221577896,0.0102696250140517,0.0105887380814927,0.0108713572080978,0.0111181838352286,0.0113158549008298,0.0114673557490149,0.0115576760356631,0.0115915697914173,0.0115567836482374,0.0114588150442973,0.0112873740837398,0.0110470061170629,0.0107337012996452,0.010354477735633,0.00990986686373292,0.00940640616599475,0.00884948173612904,0.00824837684849038,0.007613002670961,0.00695261816856054,0.00628037670432999,0.00560536792024806,0.00494164895380086,0.00429804479183996,0.00368717520831676,0.00311377805042329,0.00258934750655688,0.00211679456662268,0.00170067659690356,0.00133817333535063,0.00103256220267052,0.000780060935008532,0.000576576878751324,0.000414892252610308,0.000291162557132423,0.00019875994867939,0.0001317599165169,8.46648568434027e-05,5.2643954157784e-05,3.1450813611094e-05,1.79971817366669e-05,1.0066733158646e-05,5.39390803180161e-06,2.74433378242635e-06,1.29225075447965e-06,6.26393640434106e-07,2.6868651000269e-07,1.11100353760978e-07,4.0712220373577e-08,1.79864817692908e-08,6.69029753170575e-10,0
54789011.7959394,0,4.95554375196436e-08,3.12001406555594e-09,5.57078370407738e-08,9.82747665411206e-09,6.32147936369149e-08,1.21226949731645e-08,7.74879820819773e-08,1.8272266380969e-08,8.25844053964904e-08,3.96164842205943e-08,8.06113213467935e-08,6.49923685398921e-08,8.51320576184375e-08,8.64342648636837e-08,9.86715242082486e-08,1.06823777853691e-07,1.18268219831681e-07,1.2978325728452e-07,1.42759576694743e-07,1.57023664542494e-07,1.72677374109463e-07,1.89879199430372e-07,2.08760108178829e-07,2.29510882820815e-07,2.52332056440678e-07,2.77461380583938e-07,3.0504018303064e-07,3.35315807579812e-07,3.68511013967377e-07,4.05166384433106e-07,4.4545779939157e-07,4.89642329867182e-07,5.38011093987666e-07,5.91372485702458e-07,6.50121330762974e-07,7.14580163930297e-07,7.85151717383086e-07,8.62832105770179e-07,9.4835100009763e-07,1.04236506706119e-06,1.14542479252071e-06,1.25852847430406e-06,1.38281335607774e-06,1.51969278429364e-06,1.67013721333256e-06,1.83504771164256e-06,2.01590235602304e-06,2.21490056248012e-06,2.43386401910402e-06,2.67419894914948e-06,2.93795090463485e-06,3.22760756791916e-06,3.54583227870013e-06,3.89515921168345e-06,4.27916274509376e-06,4.70094273598697e-06,5.16401745509204e-06,5.67172300457896e-06,6.22976301663568e-06,6.84258000665127e-06,7.51546125900758e-06,8.25317251691394e-06,9.06510719467085e-06,9.95695374132399e-06,1.09351158087032e-05,1.2005480218547e-05,1.31837285539162e-05,1.44791494265855e-05,1.59017853623555e-05,1.74584258620017e-05,1.91705495308834e-05,2.10493891063496e-05,2.31130070981579e-05,2.53726567306066e-05,2.78583925064411e-05,3.05822665589737e-05,3.35730088331394e-05,3.68536985404283e-05,4.04573632705738e-05,4.44024549308974e-05,4.87316407641531e-05,5.34832716572914e-05,5.86975932549963e-05,6.44044969346373e-05,7.06625889909e-05,7.75269555677836e-05,8.50561711632647e-05,9.33020555153792e-05,0.000102330550415562,0.000112216150839543,0.000123054413228055,0.000134935638160968,0.000147930869261451,0.00016214195216941,0.000177699499383353,0.000194743144629017,0.000213362805608797,0.000233711695232449,0.000255950093989327,0.00028029207858706,0.000306851442665276,0.000335836255655347,0.000367434133413371,0.000401988174845567,0.000439627700263557,0.000480658763281196,0.000525306066295224,0.000574066318650756,0.000627051354017166,0.000684721738931345,0.000747289427597428,0.000815499549335176,0.000889451919761819,0.000969763225954067,0.00105656867525465,0.00115095326030682,0.00125292177093471,0.00136333883831244,0.00148234342181846,0.00161102354517057,0.00174952185575949,0.00189875588069654,0.00205889937846158,0.00223102988093257,0.00241548386201091,0.00261287738487245,0.00282328702601438,0.00304767111007773,0.00328632983437991,0.00353955697869289,0.00380751751342212,0.00409021779103753,0.00438764394077051,0.00469943863971689,0.00502585956690427,0.00536525380801618,0.00571731817552675,0.00608024679908287,0.00645399856475032,0.00683437267904931,0.00722107186455251,0.0076100282792281,0.00800099536837232,0.00838649689626042,0.00876613606023433,0.00913241722775634,0.00948523486357286,0.00981365492417846,0.0101182098493575,0.010388114084453,0.0106241359267619,0.0108123914204368,0.0109560912850348,0.0110422036048073,0.0110749968638073,0.011041543729072,0.0109469009541162,0.0107819784839593,0.0105518950006721,0.0102531535853085,0.00989131088425696,0.00946539094077741,0.0089828475323221,0.00845101237601914,0.00787796483580511,0.00727097958379653,0.00663900018082933,0.00599643404398217,0.00535251020129039,0.0047191774390541,0.00410407208115854,0.00352028466234167,0.00297301212059262,0.00247275663405165,0.00202170281132296,0.00162409727042452,0.00127774099625042,0.000986143513874653,0.000745421703705638,0.000551169471527005,0.000396457961255092,0.000278159373421611,0.000190120885678827,0.000126205576705382,8.10464611828628e-05,5.0352676943519e-05,3.0099004406682e-05,1.72418176209741e-05,9.67836655082699e-06,5.19659877905327e-06,2.61442108131607e-06,1.22383231360623e-06,6.12091475847995e-07,2.65079537898485e-07,1.00827382445044e-07,3.68817871089001e-08,1.99311842438045e-08,1.00693294403797e-09,0
56071699.3820546,0,4.7618248621062e-08,2.95336252217945e-09,5.35716168299849e-08,9.5693276610486e-09,6.06338825829039e-08,1.163937385538e-08,7.46424821082388e-08,1.7510278472205e-08,7.93280878040508e-08,3.82130743790711e-08,7.74752536187043e-08,6.24385223360755e-08,8.18907857631507e-08,8.31183670594661e-08,9.47983876961625e-08,1.02735748438717e-07,1.13638103900642e-07,1.24707402592624e-07,1.37223866495614e-07,1.50872999624612e-07,1.65885407789787e-07,1.82391714902269e-07,2.00516211657112e-07,2.2045709164248e-07,2.42335203301989e-07,2.66392623390874e-07,2.92808950329786e-07,3.21875610183714e-07,3.53767901459305e-07,3.88856718982174e-07,4.27326041431376e-07,4.69628892724269e-07,5.16075212124157e-07,5.67203940486419e-07,6.23303884605035e-07,6.84928598022283e-07,7.52601584888081e-07,8.27035736865244e-07,9.08743327812018e-07,9.98528960065405e-07,1.0971479712691e-06,1.20553254214421e-06,1.32455386245907e-06,1.45538255443e-06,1.5990748438729e-06,1.75683250591625e-06,1.93005614680667e-06,2.12043746590981e-06,2.32963751689523e-06,2.55939652084523e-06,2.8117867425514e-06,3.08885536562428e-06,3.39310044836974e-06,3.72720014347341e-06,4.09443264450803e-06,4.49754718980425e-06,4.940292201214e-06,5.42606790652484e-06,5.9597515963456e-06,6.5453702250791e-06,7.18876160712715e-06,7.89499341444752e-06,8.67201675658561e-06,9.52382111813419e-06,1.04574690934197e-05,1.14816535571015e-05,1.26112877167395e-05,1.3850938967974e-05,1.5209151978845e-05,1.66963844113623e-05,1.8334157913305e-05,2.01307927404241e-05,2.21042929222695e-05,2.42663984641089e-05,2.66421335810297e-05,2.92422956622469e-05,3.21015141648524e-05,3.52437107397946e-05,3.86905190016373e-05,4.24552991415451e-05,4.65875894815463e-05,5.11286669356069e-05,5.61144203688763e-05,6.15730072234415e-05,6.7556023303669e-05,7.41110471900075e-05,8.12998625523982e-05,8.91764086867628e-05,9.7803370209367e-05,0.000107257096719238,0.000117623576298706,0.00012897569075026,0.000141389778163705,0.000154973569357717,0.00016983736451813,0.000186111289066573,0.000203900383926142,0.00022335535693258,0.000244620500856313,0.000267889415856021,0.000293258397705203,0.000320943574414282,0.00035114616687298,0.000384170686888503,0.000420142217206152,0.000459388494557399,0.000502070487736802,0.000548610019913964,0.000599217523736369,0.000654409893435274,0.000714293170578403,0.00077946986640131,0.000850045885448493,0.00092676911950376,0.00100985289759217,0.00110013004605617,0.00119754587237627,0.00130312626373666,0.00141688461269984,0.00153973675127418,0.0016721353606045,0.00181500587232617,0.00196817117538645,0.00213259750569967,0.00230876277391275,0.00249739110291252,0.00269864240889877,0.00291328299618256,0.0031414527904033,0.00338351815416717,0.00363959213714764,0.00390964566725405,0.00419395610942915,0.00449215264208331,0.0048041039352295,0.00512851888674156,0.0054654708327997,0.00581246111593316,0.00616899410762367,0.00653218777766548,0.00690244393296466,0.00727488764276351,0.00764840905946129,0.00801635170802666,0.00837930244118576,0.00872990529672744,0.00906695821413612,0.00938047528154273,0.00967226082549657,0.00993092232909884,0.0101559212599257,0.0103354862700524,0.0104734129914119,0.010555807201602,0.0105868946457294,0.010555168894482,0.0104647536201661,0.0103070519911401,0.0100874840366385,0.00980158884281886,0.00945473982022647,0.00904790587768755,0.00858788496246028,0.00807925026526239,0.00752986525173142,0.00694947024815041,0.00634661215333059,0.00573248854421782,0.00511605712180213,0.00451037671859985,0.00392239483738342,0.00336436585347943,0.00284170993886598,0.00236347481889051,0.00193127322047714,0.00155099006778791,0.00122108412702165,0.000942743969200793,0.000711624620724709,0.000525563459799304,0.000378474715865891,0.000265783129128109,0.00018134694770808,0.000120216748789271,7.71926694596183e-05,4.78826585918451e-05,2.86851483250949e-05,1.65314826955078e-05,9.1840971444277e-06,4.850740048575e-06,2.50555424624943e-06,1.20616109691844e-06,5.65193114245032e-07,2.3813194703143e-07,1.057573864218e-07,3.71324909106485e-08,1.46442446610374e-08,1.20517484662806e-09,0
57384416.4830239,0,4.53521053775799e-08,2.78322878831264e-09,5.10112046033387e-08,9.14665957153349e-09,5.77113860074839e-08,1.10589319968656e-08,7.1108397106742e-08,1.66629810949481e-08,7.55479933139311e-08,3.63580726029603e-08,7.38759039479965e-08,5.93670447170008e-08,7.81110795339745e-08,7.91516942757232e-08,9.03517959732842e-08,9.78935064317782e-08,1.08309574180974e-07,1.18869179118304e-07,1.30829186891785e-07,1.43819340883148e-07,1.58135101125598e-07,1.7388895754417e-07,1.91179801209704e-07,2.10186091495741e-07,2.31049758416735e-07,2.53996971654488e-07,2.79187048379507e-07,3.06914010791766e-07,3.37342490134457e-07,3.70797812980913e-07,4.07498262367648e-07,4.47936222540429e-07,4.92320652199433e-07,5.41052022923144e-07,5.94514507667834e-07,6.53404584915494e-07,7.18132961160153e-07,7.89200480419281e-07,8.67136027983837e-07,9.52846809182527e-07,1.04707444259451e-06,1.1506423443711e-06,1.26425061485491e-06,1.38896579522252e-06,1.52607873425189e-06,1.67692983091089e-06,1.84245781798103e-06,2.02400243092632e-06,2.22359733701496e-06,2.44309599618858e-06,2.68396919951104e-06,2.94820388030799e-06,3.23888322427183e-06,3.55840567928935e-06,3.90889972974243e-06,4.29292879976278e-06,4.71532172400072e-06,5.17993695114836e-06,5.69017035359875e-06,6.24894871263401e-06,6.86305681678573e-06,7.53747141090432e-06,8.27801943987358e-06,9.09046877078565e-06,9.98533612160947e-06,1.09664611560117e-05,1.20410574442805e-05,1.32193684228665e-05,1.45190964165431e-05,1.59446296922076e-05,1.75077228228625e-05,1.92210249456533e-05,2.1105928034316e-05,2.31687616864511e-05,2.54360669152658e-05,2.79251294609088e-05,3.06590399285557e-05,3.36500931546005e-05,3.69351920705065e-05,4.05419671508893e-05,4.44995551358079e-05,4.88304878180234e-05,5.35825702024635e-05,5.87961177998121e-05,6.45158856196537e-05,7.07812190923832e-05,7.76482551043437e-05,8.51714862919033e-05,9.34174742950219e-05,0.000102450688591584,0.000112341051531098,0.00012317045747559,0.000135031193335246,0.000148021406315404,0.000162226385283474,0.000177764841023748,0.000194756145574725,0.00021335216471876,0.000233657817048326,0.000255852148331623,0.000280092243404028,0.00030659326122508,0.000335453826591907,0.000366947710881281,0.000401284017290751,0.000438800482784884,0.000479607831316535,0.000524081649654519,0.000572406796636189,0.00062510330165224,0.000682299540378314,0.000744550510714769,0.000812000258962648,0.000885362809178308,0.000964726096398588,0.00105092409082568,0.00114394806875336,0.00124472618747639,0.00135349310783546,0.00147111905363576,0.0015975282093076,0.00173371128322205,0.00188006584380589,0.00203733517720149,0.00220564661185009,0.00238589734550853,0.00257825076044344,0.00278324667661546,0.00300110762088607,0.00323226964859557,0.00347689599525681,0.00373511594570228,0.00400702573450898,0.00429191715224154,0.00458975892298337,0.0048995287922391,0.0052212573479266,0.00555282558679476,0.00589402504823328,0.00624148316221326,0.00659488439169268,0.00694992886794465,0.00730659473514856,0.00765885316229508,0.00800601737368856,0.00834027351506379,0.00866204220948623,0.00896226687834701,0.00924055654218327,0.00948636083615778,0.0097015870386749,0.00987392300439495,0.0100050997834042,0.0100831801690988,0.0101128027095148,0.0100818865319586,0.00999507954308087,0.00984480432755758,0.00963496715959273,0.00936097970652132,0.00902909063880117,0.00864070344881627,0.00820166046852526,0.00771557745007254,0.00719020686364543,0.006635637508951,0.00606021138786037,0.00547413537341369,0.00488546286047988,0.00430666871733731,0.00374490306919115,0.00321245893565881,0.00271430261839002,0.00225770089996548,0.00184396829988098,0.00148078710687438,0.00116708574123091,0.000901588807153496,0.000679808565909603,0.000501844375827176,0.00036197811237011,0.000254441677606426,0.000173576246182194,0.000115167376020086,7.38922372315123e-05,4.5713233629953e-05,2.75128366598266e-05,1.59648626384031e-05,8.78600723603871e-06,4.60499089637492e-06,2.42842902877075e-06,1.16931743611542e-06,5.27409236338183e-07,2.31333150871549e-07,1.07665746923288e-07,3.12136709572225e-08,1.27452719707072e-08,2.99165311041304e-09,0
58727866.1318949,0,4.33427763405473e-08,2.68398149334119e-09,4.87888359571899e-08,8.71751854927837e-09,5.51742348815031e-08,1.06411244512035e-08,6.79283957688618e-08,1.59559202352992e-08,7.22790308382591e-08,3.46885252960146e-08,7.06885258094181e-08,5.67441657362015e-08,7.46340244517204e-08,7.56701155652764e-08,8.63404869343849e-08,9.35380477540187e-08,1.03512095667305e-07,1.13540078596281e-07,1.24972365739984e-07,1.37400892797442e-07,1.51061447132274e-07,1.66109489232785e-07,1.8260970097753e-07,2.00783306179949e-07,2.20717060737382e-07,2.42626844028426e-07,2.66699027084543e-07,2.93190935155121e-07,3.22270602816518e-07,3.5425538445262e-07,3.89302150490843e-07,4.27845517943297e-07,4.70195207549818e-07,5.16827161181743e-07,5.67967524578795e-07,6.24133015980796e-07,6.85825875558755e-07,7.53675023857445e-07,8.2813523050916e-07,9.09970416005741e-07,9.99878539728574e-07,1.09867822114986e-06,1.20715777812208e-06,1.32640825420437e-06,1.45738429138969e-06,1.60116667880702e-06,1.75906925830964e-06,1.93264477712755e-06,2.12334647076967e-06,2.33275484319398e-06,2.56279689670036e-06,2.81531073110094e-06,3.09259068909452e-06,3.39717594373195e-06,3.73202083695321e-06,4.09952524270623e-06,4.50312157909367e-06,4.94592380817279e-06,5.43229781077911e-06,5.96595937330991e-06,6.55257285325805e-06,7.1968991938861e-06,7.90537421157687e-06,8.68089612418589e-06,9.53121058289541e-06,1.04659657951759e-05,1.1497322622123e-05,1.26267856526021e-05,1.38632561670933e-05,1.52193581043875e-05,1.67138316714725e-05,1.83511575401406e-05,2.01488164040979e-05,2.21206378950391e-05,2.42884205803921e-05,2.66595780298514e-05,2.92660019561433e-05,3.21294459789259e-05,3.52695138716312e-05,3.87016159672937e-05,4.24724854474299e-05,4.66161043182673e-05,5.11621116250039e-05,5.61367506359336e-05,6.15899663573385e-05,6.75680810114032e-05,7.41254885423532e-05,8.13072500441742e-05,8.91723747459996e-05,9.77936477011269e-05,0.000107248116559907,0.000117601096535266,0.000128921367887857,0.000141306363467573,0.000154859325005099,0.000169700002445617,0.000185925727732678,0.000203679602071465,0.000223085122898968,0.000244298061058639,0.00026740925669319,0.000292647123656155,0.000320213198696556,0.000350366566320336,0.000383186896362781,0.000418956230884709,0.000457850575232025,0.000500305895171925,0.000546501413194637,0.000596855134624528,0.000651477552450774,0.000710930873598682,0.000775273920441624,0.000845238229383058,0.000921083020916578,0.00100349461284567,0.00109237266426292,0.00118866915854185,0.00129237892191619,0.00140442421990581,0.00152530939116455,0.00165574678501184,0.00179549560299546,0.00194551592082548,0.00210621828040021,0.00227829386122936,0.00246199880787728,0.00265793095454483,0.00286616079976569,0.00308712441936042,0.00332081628287973,0.00356715394092925,0.00382664096866727,0.00409897123691083,0.00438380797127108,0.00467996455175247,0.00498749735106013,0.00530402915966312,0.00562935323726983,0.00596107638405131,0.00629929790757457,0.00663929845262921,0.00698012876959053,0.00731584153842217,0.00764707681558027,0.00796702744206292,0.00827451799451471,0.00856072997041257,0.00882718130491071,0.00906288265120367,0.00926770980568536,0.00943152524443262,0.00955729309753327,0.00963211422432527,0.00966036604429896,0.0096313763887029,0.00954836653209745,0.00940346950025942,0.009202474809535,0.00894243678003512,0.0086267991964996,0.00825391873456993,0.00783208753887927,0.00736899880707101,0.00686968288471975,0.00633933021182555,0.00578729392491074,0.00522699493128014,0.00466592761131109,0.00411393166041996,0.00357732199278011,0.00306754747467929,0.00259014200805897,0.00215518118983034,0.00176283135041209,0.00141492667302636,0.00111191933372197,0.000859107614943178,0.000650522944519239,0.000480347874902068,0.000344755106504455,0.000242196840210327,0.000165789812939079,0.000109946633943448,7.07303363561094e-05,4.39496392023204e-05,2.60212084580511e-05,1.49589628899713e-05,8.60776652678063e-06,4.54743333830055e-06,2.17335386193101e-06,1.07831361748109e-06,5.79124956141315e-07,2.12673736548002e-07,7.52653862433214e-08,4.4002909362e-08,1.79625507056927e-08,-2.98288508108772e-09,0
60102767.8207039,0,4.11263136254809e-08,2.49141328076379e-09,4.64936720375927e-08,8.31484249755856e-09,5.21593152749613e-08,1.00358330872467e-08,6.49116333676218e-08,1.48915878755021e-08,6.82499587575924e-08,3.36041593211335e-08,6.66575294887946e-08,5.38125891657604e-08,7.11292508707053e-08,7.16083539463432e-08,8.19548120556281e-08,8.89614805949468e-08,9.81399472588995e-08,1.07845368517342e-07,1.18704736470431e-07,1.30421385806348e-07,1.43557915879816e-07,1.57788727079552e-07,1.73430065168757e-07,1.90735045619563e-07,2.09719444523e-07,2.3061260291727e-07,2.53469386507865e-07,2.78576263677186e-07,3.06207502009958e-07,3.36718823999644e-07,3.70205966278317e-07,4.06900189499071e-07,4.470372505771e-07,4.91330810558511e-07,5.40236111329475e-07,5.93929510208705e-07,6.524731164275e-07,7.16871733590109e-07,7.88154399775189e-07,8.66570723409802e-07,9.51947727595174e-07,1.04546226700413e-06,1.14900643342162e-06,1.26359116087254e-06,1.3887658490831e-06,1.52498906531433e-06,1.67487566073264e-06,1.84112632402666e-06,2.02402491629964e-06,2.22335931604595e-06,2.44166216875875e-06,2.68270865123413e-06,2.94846566953244e-06,3.23922968069657e-06,3.55757091106516e-06,3.90784616720459e-06,4.29394735872342e-06,4.71680090940082e-06,5.17991746862928e-06,5.68921852134827e-06,6.25012271939893e-06,6.86406768602817e-06,7.53907218475317e-06,8.28220069618167e-06,9.09617966906102e-06,9.98415641876805e-06,1.09644084603926e-05,1.20455986716795e-05,1.32296058926068e-05,1.45231475502856e-05,1.59493711040203e-05,1.75119245352031e-05,1.922407443928e-05,2.11068597374273e-05,2.31831264283571e-05,2.54486215287083e-05,2.79317813964808e-05,3.06618748027574e-05,3.36586781831084e-05,3.69336581693793e-05,4.05382982844156e-05,4.45087139800523e-05,4.88509505847728e-05,5.35784189449134e-05,5.87741501708367e-05,6.45000531476273e-05,7.07720771967176e-05,7.76221190912075e-05,8.5132386588415e-05,9.33678531856737e-05,0.000102384878354075,0.000112255976425664,0.000123060728728168,0.000134896816930702,0.000147855680722427,0.000162032276431792,0.00017752103079449,0.000194470948529132,0.00021298568868216,0.000233223285832019,0.000255314368564047,0.000279455831957038,0.000305781018011123,0.000334551817413197,0.000365871557826081,0.000400011397656944,0.000437191979755306,0.000477816578331156,0.000521921851835626,0.000569918340857187,0.000622052808042353,0.000678875902115775,0.000740406070044377,0.000807284907195494,0.000879670814296338,0.000958287056255759,0.00104307962137323,0.00113499117672144,0.00123427821921096,0.00134160064645099,0.00145681688181055,0.00158091249860807,0.0017143550932767,0.00185791673652786,0.00201163759889668,0.00217601615604176,0.00235114481746304,0.00253790047122267,0.00273672863201919,0.00294784895667251,0.00317107473023339,0.00340637000337321,0.00365409930329915,0.00391402058275052,0.00418595130609734,0.00446841561071467,0.00476157606359598,0.00506416916813797,0.00537574578243793,0.00569250073270995,0.00601463483702751,0.00633891190604872,0.00666461793195653,0.00698565995452596,0.00730218905596182,0.0076076895552618,0.00790183632285952,0.00817557286365477,0.00842912160873704,0.00865385160480381,0.00885104691372444,0.00900844518714358,0.00912791199807068,0.00919917867950049,0.00922646830070632,0.00919895472038567,0.00912046982725867,0.00898282620662674,0.00879043069703045,0.00854119647959906,0.00823970179537637,0.00788493048257735,0.00748311684953827,0.00703948576806766,0.00656083237707769,0.00605515268552661,0.00552964760139401,0.0049939754886369,0.00445638552922213,0.0039289206427008,0.00341705378044604,0.00293049787792009,0.00247457444489858,0.0020581626656541,0.00168235972784637,0.00135128988269191,0.00106342737313724,0.000820842198863006,0.000620132505609672,0.000458319646149036,0.00032981690661452,0.00023157670487334,0.000158292840592118,0.000105028027668556,6.74037564359447e-05,4.18633423634926e-05,2.50644516783771e-05,1.43810441878038e-05,8.04871696460845e-06,4.31285010904418e-06,2.17691090019012e-06,1.01782673657282e-06,5.09865127991976e-07,2.21693790618889e-07,8.19865766193106e-08,3.06573591694768e-08,1.72858663493813e-08,4.2376754448704e-10,0
61509857.885805,0,3.93417994512292e-08,2.56310826063102e-09,4.43027503235656e-08,7.54239702735614e-09,5.03167176848179e-08,9.67584559444022e-09,6.13071464692862e-08,1.45405774560635e-08,6.55214596456153e-08,3.12387460936704e-08,6.405634984713e-08,5.13415187175215e-08,6.74767968382938e-08,6.84948264678042e-08,7.81052171342625e-08,8.46219161577778e-08,9.37170001543355e-08,1.02746419199776e-07,1.13122316846361e-07,1.24380240325647e-07,1.36782765861852e-07,1.50477664951272e-07,1.65393150138347e-07,1.81892915976687e-07,2.00004104487956e-07,2.19906310066233e-07,2.41778879215289e-07,2.65814735737443e-07,2.92181383884811e-07,3.21212049061868e-07,3.53147149120335e-07,3.88261397147827e-07,4.26640540310593e-07,4.68885779732276e-07,5.1550545156066e-07,5.66787232296655e-07,6.22797894664909e-07,6.84264193499852e-07,7.52007989328435e-07,8.26722692521393e-07,9.08693722963741e-07,9.98422927067994e-07,1.09682395063576e-06,1.20538233523961e-06,1.32497066550825e-06,1.45593084744584e-06,1.59932895346182e-06,1.75725624464118e-06,1.93109864783474e-06,2.12164998423124e-06,2.33092020805889e-06,2.56128046460161e-06,2.81403931138403e-06,3.09041795737559e-06,3.39432607603214e-06,3.72990802033934e-06,4.09929546800758e-06,4.5024830693947e-06,4.94351849822577e-06,5.42873592367949e-06,5.96330558080774e-06,6.54882820097745e-06,7.19399559002384e-06,7.90602964164659e-06,8.68448337877031e-06,9.52868979659716e-06,1.0460385616463e-05,1.14953663526328e-05,1.2630542543347e-05,1.38619434320538e-05,1.52182191177982e-05,1.67151774093048e-05,1.83555374273458e-05,2.01463006070447e-05,2.21225217376877e-05,2.42907646767868e-05,2.66650197711684e-05,2.92711490616021e-05,3.2137895268378e-05,3.52665731939437e-05,3.86982461015585e-05,4.2481369793091e-05,4.66331698002197e-05,5.11613116816143e-05,5.61270570158157e-05,6.15825446086442e-05,6.75662718960528e-05,7.41209485679459e-05,8.1302353185647e-05,8.91596589226721e-05,9.77643287392138e-05,0.000107203438912868,0.000117541552271763,0.000128842396917319,0.00014119879896049,0.000154737504769646,0.000169539703487691,0.000185717118989364,0.000203397828461699,0.000222760063831178,0.00024388611901699,0.000266933330154781,0.000292046681581201,0.000319498813601446,0.000349429586076205,0.000382101275079762,0.000417620169254486,0.000456357762011129,0.000498503627521352,0.000544429260338102,0.000594191518978816,0.000648397556692641,0.000707236451287237,0.000771202253866617,0.000840294096714855,0.00091531635361982,0.000996398017611083,0.00108436998440385,0.00117917409273018,0.00128144397411198,0.00139152719155141,0.00151043077042134,0.00163800886307197,0.00177487908170785,0.00192160472850784,0.00207880932735654,0.00224631728351754,0.00242486056128798,0.00261477142359893,0.00281624714917404,0.00302949334018899,0.00325461366797674,0.00349143205330703,0.00373946789298385,0.00399908774642894,0.00426933551143011,0.00454992191312764,0.00483888014049517,0.00513597541384839,0.00543845910579446,0.00574668872307867,0.00605699030295484,0.00636813404920373,0.00667427849948948,0.00697646199782242,0.00726891700608407,0.00755022631423487,0.00781134067671687,0.00805355188891846,0.00826859431682408,0.00845682615657561,0.00860685483762677,0.00872118753419842,0.00878968646275657,0.0088155955005722,0.00878853885517991,0.00871301678878135,0.00858220824230041,0.0083998798999474,0.00816142341830131,0.00787075147628271,0.00753111393148483,0.00715003156636812,0.00672759963548527,0.0062679281763654,0.00578287233529532,0.00528206214144329,0.00477222931626357,0.00425863104338926,0.00375321642607947,0.0032631050346537,0.0027991457222262,0.00236573672868009,0.00196793763565482,0.00160613887128723,0.00128902626755844,0.00101689276045658,0.000786548511292696,0.000592469390335546,0.000436418769901432,0.000314997938487671,0.000222000235011415,0.000151491145504359,0.000100428092312642,6.43625836818275e-05,3.96593537123031e-05,2.39547434804423e-05,1.41036166630497e-05,7.681691118586e-06,3.89154170070389e-06,2.12038533590495e-06,1.07785666696147e-06,4.46261012167137e-07,1.8325307832075e-07,1.0304633104096e-07,2.93150763388529e-08,7.55065335561577e-09,3.02984979356134e-09,0
62949889.9022189,0,3.77548582558102e-08,2.15925751775165e-09,4.24929110498609e-08,7.94058151215143e-09,4.78257997516109e-08,9.02991979317936e-09,5.95112695084898e-08,1.39115914263139e-08,6.25815887827327e-08,3.05259023253012e-08,6.14455812187087e-08,4.93344104965682e-08,6.49897340946508e-08,6.59505156849053e-08,7.49803637634323e-08,8.14716555713485e-08,9.00212561803888e-08,9.87691642929784e-08,1.087964704705e-07,1.19448160384113e-07,1.31379274159473e-07,1.44473991705086e-07,1.58856435280967e-07,1.74642149062268e-07,1.91937025442972e-07,2.10977650264941e-07,2.31931923672932e-07,2.55033285416141e-07,2.8032203075921e-07,3.08013022891405e-07,3.38469707190883e-07,3.72195513206222e-07,4.09161846585859e-07,4.49522640391704e-07,4.93790450746006e-07,5.42815267831826e-07,5.96817662851378e-07,6.5585378784735e-07,7.20307282104793e-07,7.91310622171549e-07,8.69829378122135e-07,9.56284788341193e-07,1.05056509880553e-06,1.15359741619024e-06,1.26741522339268e-06,1.39332271572948e-06,1.53107837079482e-06,1.68151943498178e-06,1.84716629524853e-06,2.02966930501565e-06,2.22975455150984e-06,2.44941891160384e-06,2.69150172393696e-06,2.95704773331995e-06,3.24739997626252e-06,3.56606308256458e-06,3.91798464469088e-06,4.30508953025619e-06,4.72867055664393e-06,5.19168318454766e-06,5.70153550861957e-06,6.26290453718099e-06,6.8792899349921e-06,7.55449924507644e-06,8.29783194551825e-06,9.11278849097872e-06,1.00054277252425e-05,1.09857320055057e-05,1.20680547790226e-05,1.32516392583348e-05,1.45467786425166e-05,1.59720706104033e-05,1.75440980379392e-05,1.92575364244515e-05,2.11370500548724e-05,2.32066423114171e-05,2.54816252662341e-05,2.79676789959088e-05,3.07004440387601e-05,3.369993321203e-05,3.69829542850494e-05,4.05779770244212e-05,4.45377461828194e-05,4.88844780337153e-05,5.36367553974308e-05,5.88337253294742e-05,6.45399579369983e-05,7.08016802306369e-05,7.7666493031887e-05,8.51818469790357e-05,9.33988719024478e-05,0.0001023963291423,0.000112270965868082,0.000123086802237913,0.000134886553917164,0.000147793438475271,0.000161937040806278,0.000177419908396776,0.000194306676300675,0.000212759968798134,0.000232916322042127,0.000254950361064898,0.000278949966827344,0.000305148841483789,0.000333729644545453,0.000364961432543445,0.000398883791520813,0.00043581296883782,0.000476003887224934,0.000519914988383259,0.000567530043773029,0.000619250299287037,0.000675315627584402,0.000736399768931576,0.000802462823077447,0.000874124601487453,0.000951517242900464,0.00103545137691451,0.00112590995781873,0.00122364269830756,0.00132890842577876,0.00144245977789228,0.00156422394991288,0.00169488027878839,0.00183493823453907,0.00198513977576172,0.00214531523137992,0.00231591002993616,0.00249728363775068,0.00268971462709088,0.00289325629118877,0.00310826644287585,0.00333488233385501,0.00357212214261991,0.00381992747046706,0.00407793830972708,0.004346149926208,0.00462220530748795,0.00490600554031949,0.00519540116024722,0.00549008711646978,0.00578594042270039,0.00608293055222271,0.00637623653190419,0.00666527759936923,0.0069436772663456,0.00721185992763314,0.0074620796907067,0.00769397247498309,0.00789874236575751,0.00807788072065002,0.00822129487069501,0.0083306150069805,0.00839583460981951,0.00842069885219014,0.0083948615480777,0.00832214017306874,0.00819669543150764,0.00802204091538033,0.00779415291119271,0.00751790029542276,0.00719407675903243,0.00682771207291243,0.00642275622729765,0.00598592714212148,0.00552444049865907,0.00504469028837402,0.00455629559265956,0.00406628689266694,0.00358443859642751,0.00311700863768887,0.00267395015304661,0.00225840923854275,0.00187768175002883,0.00153426997122978,0.0012327036206921,0.000970569548455454,0.000748779623439181,0.000564948417532227,0.000417500833193872,0.000300815496343056,0.000211197732470519,0.000144085880220549,9.54234461899565e-05,6.11835078298626e-05,3.80643293114825e-05,2.28844019757804e-05,1.31033980297887e-05,7.24455926144157e-06,3.87038274658531e-06,2.00005813139822e-06,9.47151203078967e-07,4.50571898318574e-07,1.91576668970358e-07,8.12683869052033e-08,3.00713277368524e-08,1.26642916653651e-08,4.16021737998658e-10,0
64423635.0872137,0,3.59830821918326e-08,2.38457734456698e-09,4.01820090647863e-08,6.9608752396511e-09,4.62080239639497e-08,8.78696560942441e-09,5.57544568197761e-08,1.34806150985191e-08,6.00460749627499e-08,2.84382365153061e-08,5.84023089574366e-08,4.73317516741658e-08,6.14496536079589e-08,6.26377496052668e-08,7.16549355270438e-08,7.72347880413585e-08,8.57190196780772e-08,9.39735103513734e-08,1.03355678584321e-07,1.13846320842457e-07,1.2506102057429e-07,1.37442745556583e-07,1.51172514248106e-07,1.66220773248936e-07,1.82788756136397e-07,2.00933708373756e-07,2.20819907600594e-07,2.42708191490953e-07,2.66831051914704e-07,2.93489555903534e-07,3.22505577427063e-07,3.54211788482398e-07,3.89309047995779e-07,4.28302532011184e-07,4.7083087634112e-07,5.1700178038179e-07,5.67826325554773e-07,6.24445063903147e-07,6.86839275698246e-07,7.54723370412988e-07,8.28569735181297e-07,9.10180824405421e-07,1.00100950731814e-06,1.10078154085807e-06,1.20885439888302e-06,1.32730816942139e-06,1.45900898050993e-06,1.60400647043478e-06,1.76185724638107e-06,1.93539320329817e-06,2.12741037396723e-06,2.33724800241238e-06,2.56589838272989e-06,2.81864934968927e-06,3.09942981314142e-06,3.40631036850878e-06,3.73920615867299e-06,4.10435696458528e-06,4.50960066299567e-06,4.95552977575216e-06,5.44303863904879e-06,5.97811911088068e-06,6.56759176594724e-06,7.20991273013721e-06,7.91339591427595e-06,8.6945618262678e-06,9.5581092538927e-06,1.04907707958879e-05,1.15091388509419e-05,1.26437316014932e-05,1.3896439133887e-05,1.52482885122971e-05,1.67324915140625e-05,1.83811489799426e-05,2.01909485391481e-05,2.21554315753684e-05,2.43195227113313e-05,2.66992434318242e-05,2.93007558527826e-05,3.21589543584221e-05,3.5316459565087e-05,3.87610075240218e-05,4.25120053613646e-05,4.66395818753059e-05,5.11968865037861e-05,5.61818317737138e-05,6.16274074841254e-05,6.75928784061275e-05,7.41276901850852e-05,8.12919043054549e-05,8.91668316174291e-05,9.77855914051638e-05,0.000107175362596062,0.000117460824858777,0.00012876290086008,0.000141123876749437,0.000154595669328293,0.00016935250692686,0.000185505691691546,0.000203139224426804,0.000222346414713285,0.000243364854229661,0.000266340188631831,0.000291420067237307,0.000318644581919607,0.00034834000545238,0.000380785377440324,0.000416254499995909,0.000454643157401322,0.000496344056947186,0.000541763607446897,0.000591401820867181,0.000645038349637873,0.000703158632255893,0.000766135379516221,0.000834738240769305,0.000908798263501194,0.000988916167095215,0.00107521729498414,0.00116854374387997,0.00126905477005613,0.00137741965346516,0.00149382769106678,0.00161892077891869,0.00175261343601988,0.00189562357658763,0.00204850327132063,0.00221160454837162,0.00238481467561376,0.00256874980472825,0.0027634053621782,0.00296829378718057,0.00318399334745659,0.00341081327467361,0.0036481680597843,0.00389436804868322,0.00414984719348518,0.00441348628412797,0.00468487997221612,0.00496122837025916,0.00524241273793451,0.00552482522370552,0.00580839549529808,0.00608865649390213,0.00636513508997959,0.00663116224964976,0.00688677549742633,0.00712541157347236,0.00734742458829681,0.00754361741305073,0.00771465625182538,0.00785149388651756,0.00795605545867901,0.00801826955769778,0.00804207285200932,0.00801828485886017,0.00794933747205003,0.0078285448514778,0.00766116342265003,0.00744499197888242,0.00718229622778883,0.00687149243562929,0.00652011762003769,0.00613496896111999,0.00571939827256605,0.00527711102824985,0.00481713653762795,0.00435123993490308,0.00388437053674909,0.00342442816984103,0.00297722615701918,0.00255262297133407,0.00215584541555094,0.0017944823799812,0.00146707429230559,0.001176396656733,0.00092492884314242,0.000715713623151454,0.000541645843677328,0.000399107865923793,0.000286551758821953,0.000201688591798292,0.00013800744725901,9.15098994785861e-05,5.88995108044744e-05,3.64317050369186e-05,2.15689659746998e-05,1.2582362346205e-05,7.20931634435119e-06,3.68817300988792e-06,1.79950639460108e-06,9.4542339579619e-07,4.71474025895449e-07,1.61066614775917e-07,7.34332903937647e-08,3.79078451734142e-08,9.67583797342735e-09,-1.52745288701511e-09,0
65931882.7133354,0,3.3791084848946e-08,2.37896350777017e-09,3.81794317130912e-08,6.32547544930268e-09,4.32268819588865e-08,8.9236449927503e-09,5.26266663942515e-08,1.23043923369046e-08,5.68272390045682e-08,2.75176634737835e-08,5.431721413846e-08,4.53081718369119e-08,5.80906161532022e-08,5.90257759089066e-08,6.78933773804512e-08,7.31104435186185e-08,8.10372124918088e-08,8.90289708955754e-08,9.78244109932898e-08,1.07673755547228e-07,1.18505709741038e-07,1.30265201477578e-07,1.43240791784794e-07,1.57493512085566e-07,1.73222566828781e-07,1.90551093989531e-07,2.09514758816285e-07,2.30357842554249e-07,2.53240277707092e-07,2.78468820535231e-07,3.06213173312393e-07,3.36697963649328e-07,3.70047231612027e-07,4.0673077362043e-07,4.47177960041856e-07,4.91707132919388e-07,5.40391875774764e-07,5.93844632101352e-07,6.52786199323646e-07,7.1767477206226e-07,7.88648628332172e-07,8.66432791762586e-07,9.52139134109554e-07,1.046787691672e-06,1.15058278895135e-06,1.26388383165087e-06,1.38827220379619e-06,1.5258194411896e-06,1.67727823667988e-06,1.84282511293924e-06,2.02419606901928e-06,2.22407898204858e-06,2.44416951350669e-06,2.68512280075192e-06,2.94945106728353e-06,3.24052282982611e-06,3.56090591022568e-06,3.91153963642158e-06,4.29579280615812e-06,4.71841241187065e-06,5.18451152291245e-06,5.69515442402401e-06,6.25421760319082e-06,6.8682860599608e-06,7.54491774137298e-06,8.28549048756441e-06,9.09882800736759e-06,9.99429089153252e-06,1.09787833008336e-05,1.20535655811154e-05,1.32351787378384e-05,1.45341965553978e-05,1.59603084858797e-05,1.75208205062874e-05,1.92407953431523e-05,2.11268154058847e-05,2.31929733495097e-05,2.54572576682265e-05,2.79482240976735e-05,3.06761246878364e-05,3.36670415105159e-05,3.69543833486844e-05,4.05658235434232e-05,4.4508897596736e-05,4.8829365956631e-05,5.35811918250989e-05,5.87939195747374e-05,6.44906438259468e-05,7.07320355459155e-05,7.75776494917854e-05,8.50773995818203e-05,9.32877661672083e-05,0.000102274159039627,0.000112115661807015,0.000122887072395317,0.00013467465097611,0.000147558009679968,0.000161652227945888,0.00017704557563475,0.000193879342918568,0.000212258192517236,0.000232338288541915,0.000254235552748554,0.0002781686225907,0.000304221859831584,0.000332628462592476,0.000363554233789243,0.000397336510185413,0.000434071952743512,0.000474060584494834,0.000517389685816829,0.000564617887101571,0.000615877095512903,0.000671556430682467,0.000731741766897114,0.000797199019028656,0.000867877835368245,0.00094440362459112,0.00102698106008893,0.00111631629124724,0.00121230588412776,0.0013156126375541,0.00142670324342109,0.00154635729122268,0.00167438698865672,0.00181113524785451,0.00195702744932942,0.00211277653630163,0.00227829840596321,0.00245389270960284,0.00263995748580004,0.0028362900623566,0.00304260503123579,0.00325877155980654,0.0034851399481942,0.00372072496414005,0.00396539016771479,0.00421747113416679,0.00447662339273449,0.00474048598709914,0.00500928736400541,0.0052795947794689,0.00555080800014163,0.00581831823658025,0.00608223547221157,0.00633693382742901,0.00658201725014617,0.00681009156183162,0.00702166798560958,0.0072090907169183,0.00737306488316524,0.00750419074027263,0.00760415126047813,0.00766362711982037,0.00768618474781682,0.00766288416817544,0.00759715321908808,0.00748313857413928,0.00732361201423124,0.00711490061746347,0.00686224465911553,0.00656748472211204,0.00623428140939287,0.005863893670032,0.00546339061358062,0.00504245281465187,0.00460603815155341,0.00415999282231919,0.00371148935934146,0.00327148654860434,0.00284526271213965,0.00244128623542098,0.00206217320013373,0.00171379381040845,0.00139962374130986,0.00112554401061402,0.000887454683532381,0.000683976814629843,0.000514985887362714,0.000381104857483059,0.000275375861482052,0.000193081430120756,0.000131504718537907,8.73199395775713e-05,5.59276324143077e-05,3.46804978030653e-05,2.10417815513769e-05,1.20703346391504e-05,6.50451334622974e-06,3.51113726513258e-06,1.90904973391486e-06,8.64753059473863e-07,3.8009445393114e-07,1.83734125805336e-07,8.1026291027715e-08,2.30714395493856e-08,1.19505742358835e-08,1.33852106226118e-09,0
67475440.5311069,0,3.28004653643267e-08,1.97569289627635e-09,3.70836346416991e-08,6.71942133266144e-09,4.15530329531258e-08,8.12979140615679e-09,5.17037631167921e-08,1.19167500625617e-08,5.46420670316146e-08,2.65975147113333e-08,5.33108723420039e-08,4.30283594172145e-08,5.65538611131982e-08,5.7348917971892e-08,6.52162000399676e-08,7.09436113896398e-08,7.83171703771933e-08,8.59103843487767e-08,9.46972471393333e-08,1.03888581013567e-07,1.14324352637293e-07,1.25736294279385e-07,1.38197678221236e-07,1.51963125011204e-07,1.66999001971061e-07,1.83598622843741e-07,2.01840013455498e-07,2.21891333397993e-07,2.43906845314322e-07,2.68048805716232e-07,2.94587901973047e-07,3.23891887921875e-07,3.5601120157134e-07,3.91166242694823e-07,4.29785065328643e-07,4.72507993086851e-07,5.19431982032715e-07,5.70702066470192e-07,6.26833673260627e-07,6.88807878752731e-07,7.57233512498441e-07,8.3233214544309e-07,9.1423901787386e-07,1.00408454301568e-06,1.10342960262274e-06,1.21292948224575e-06,1.33255847778541e-06,1.46359657626564e-06,1.60807411803439e-06,1.76691328994508e-06,1.94089180731905e-06,2.13218079202603e-06,2.34320491666913e-06,2.57450815113491e-06,2.82701479135064e-06,3.10403617799005e-06,3.410555613525e-06,3.74820302532501e-06,4.11719762741683e-06,4.52008179076188e-06,4.96405726106914e-06,5.4528542675854e-06,5.98924910580863e-06,6.57800390527546e-06,7.22729511029298e-06,7.93733197146032e-06,8.71298984086895e-06,9.56657588139289e-06,1.05110748013582e-05,1.15426457407663e-05,1.26707842258041e-05,1.39135169177316e-05,1.52832823126744e-05,1.677521012622e-05,1.84133382220628e-05,2.02174424501781e-05,2.21992331665198e-05,2.43660694712969e-05,2.67483840815653e-05,2.93588503808743e-05,3.22154453090274e-05,3.53508943896767e-05,3.88059169879878e-05,4.25895742464136e-05,4.67232765558379e-05,5.1251569767494e-05,5.62277122100158e-05,6.16836330558727e-05,6.7660343606202e-05,7.42048506168504e-05,8.13653142454991e-05,8.92048200532003e-05,9.78008865019899e-05,0.000107217657401866,0.000117503017371594,0.000128754140037165,0.000141070337583683,0.000154548372000005,0.000169256704477895,0.000185336492055202,0.000202900691115001,0.000222095979613512,0.000242999866861428,0.000265821840394943,0.000290719166983698,0.000317924910114361,0.000347480216076974,0.000379657538126214,0.000414672126448006,0.00045292858849439,0.000494418851360485,0.00053948596441825,0.000588326894361778,0.000641541484009411,0.000699131764131985,0.000761611197820474,0.00082900559040906,0.000902073344531181,0.000980965474479847,0.00106625981818777,0.00115794440751986,0.00125674355796399,0.00136286209492246,0.00147687510051886,0.00159900123317863,0.00172984807598018,0.00186940570838006,0.00201811169445642,0.00217620105847542,0.0023439017350742,0.00252134892130606,0.00270884054097202,0.00290637569224347,0.00311312340429456,0.00332913956319698,0.00355405149784227,0.00378783921410868,0.00402860166238141,0.00427613767805865,0.00452827178628568,0.00478492200895773,0.00504292520102857,0.00530209785085433,0.00555772731374745,0.00580938336333903,0.00605204203942668,0.00628602373157529,0.00650402741894981,0.00670581152299149,0.00688423484249643,0.00704043637471133,0.00716516666421887,0.00726010548350627,0.00731681635655765,0.00733822535832385,0.00731529604765542,0.00725174763134242,0.00714248934453875,0.00699012602929608,0.00679067802227339,0.00654905065520846,0.00626740779605957,0.00594924170468667,0.00559556274430526,0.00521337999582061,0.00481187433414095,0.00439539499241946,0.00396964584142124,0.00354159611249703,0.00312158476768054,0.00271499412052732,0.00232976673566709,0.00196755148965691,0.00163438070201832,0.00133475516273572,0.0010738497227438,0.000846482115299437,0.000651740768828486,0.00049065370082257,0.000363402139754048,0.000262578840925516,0.000184101062701652,0.000125498047586396,8.32012484948831e-05,5.32077291451481e-05,3.32356640312727e-05,2.0251408488154e-05,1.14470477993832e-05,6.16917471878045e-06,3.43876656994687e-06,1.83659672507376e-06,7.94485930886069e-07,3.79380036439739e-07,1.8611621045259e-07,6.73066316746176e-08,2.37633570809844e-08,1.51975033395977e-08,-3.16420710506818e-10,0
69055135.2016233,0,3.15491318654452e-08,1.9524364749307e-09,3.54073550897982e-08,6.35483448961554e-09,4.02060784477392e-08,7.60800810569571e-09,4.9425037774573e-08,1.16291165479908e-08,5.24433547859087e-08,2.53087201930842e-08,5.12646478679667e-08,4.13048375995578e-08,5.41711325822382e-08,5.49976681887431e-08,6.27005451650501e-08,6.79339144658232e-08,7.51664396946604e-08,8.24336258574117e-08,9.07207757922262e-08,9.969985702811e-08,1.09610576456127e-07,1.20504942101232e-07,1.32441406817007e-07,1.45580750617348e-07,1.6000116443362e-07,1.75876979090558e-07,1.93307748964106e-07,2.12470197551572e-07,2.33492918640891e-07,2.56637614617804e-07,2.82055457793603e-07,3.1002743076312e-07,3.40703191696794e-07,3.74430642216133e-07,4.11489215453816e-07,4.52268643257277e-07,4.9700271137162e-07,5.46132978324107e-07,6.00124943217093e-07,6.59548311643442e-07,7.24792087517931e-07,7.96412621484608e-07,8.75040480989014e-07,9.61500243016139e-07,1.05650476589802e-06,1.16081185895183e-06,1.27528144281398e-06,1.40104086716733e-06,1.53926666864496e-06,1.69107416670691e-06,1.85774790706654e-06,2.04073130138587e-06,2.24173005691723e-06,2.46234797973423e-06,2.70476780714697e-06,2.97105851160432e-06,3.26362223434512e-06,3.58443489859891e-06,3.93674423869136e-06,4.32352678746367e-06,4.74874377538096e-06,5.21500577443749e-06,5.72711885319149e-06,6.2895325077423e-06,6.90831780372156e-06,7.58596869265579e-06,8.32910508265697e-06,9.14470873944368e-06,1.00433452348639e-05,1.10286147657838e-05,1.2109931879179e-05,1.32945130487492e-05,1.45958963130705e-05,1.60208895380781e-05,1.75905934134303e-05,1.9315541356101e-05,2.12074260263225e-05,2.32728732888693e-05,2.55404798031628e-05,2.80330366981162e-05,3.07712090512604e-05,3.37709584014781e-05,3.7063186265524e-05,4.0668221744721e-05,4.46169288632942e-05,4.89458888127774e-05,5.36941295379896e-05,5.8896655892962e-05,6.46068168243896e-05,7.08635523321919e-05,7.76977379062666e-05,8.51753912849019e-05,9.33815463933086e-05,0.000102378171920775,0.000112211305295255,0.000122960032637321,0.00013470253004118,0.000147560460874265,0.000161630597557266,0.000177007050310558,0.000193758757556592,0.000212066637868059,0.000232045016376186,0.000253873645593077,0.000277663390365478,0.000303615052361816,0.000331810204205792,0.000362594263798227,0.000396127997673401,0.000432639949152941,0.000472157254949028,0.000515227069160401,0.000562028469091563,0.000612893141320702,0.000667785735252816,0.000727421518785884,0.000791917152662962,0.000861800851336093,0.000937112111158626,0.00101857551340683,0.00110619417683048,0.00120051091392402,0.00130188014287185,0.00141097294909231,0.00152769526204312,0.00165252719181571,0.00178578586528554,0.00192791571350961,0.00207887467788164,0.00223901566521802,0.00240866260400728,0.00258776388427126,0.00277619078419258,0.00297357930767413,0.00318007093601778,0.00339495875400785,0.00361811615871712,0.00384790353029072,0.00408433923093099,0.00432540915414904,0.00457081309779715,0.00481724314228154,0.00506459291097047,0.0053088722123513,0.00554971470161836,0.00578156854355942,0.00600494864282209,0.00621386284244016,0.00640729878104607,0.00657740502177442,0.00672659157537357,0.0068467812221133,0.00693803097279821,0.00699199184126975,0.00701280783497607,0.0069915398138992,0.00693085374336152,0.00682655520985708,0.00668159941800733,0.00649154747406727,0.00626045603135942,0.00599067201973406,0.00568683244133167,0.00534997451087697,0.00498461027906891,0.00459935464974855,0.00420086516635103,0.00379479872334899,0.00338611979800677,0.00298439064626984,0.00259497215291588,0.00222614240437571,0.00188094114355726,0.00156405021102485,0.001276824202427,0.00102544005742809,0.000808729249892835,0.000624641775219767,0.000470373290244989,0.000347095227925764,0.000250627329447762,0.000176159190922883,0.000120027048738439,7.96916913784314e-05,5.11205180991313e-05,3.15209565928585e-05,1.90332002238938e-05,1.1111279283448e-05,6.03371370179401e-06,3.12755450340022e-06,1.70258564495792e-06,8.28295108555797e-07,3.52119946061222e-07,1.53750457253531e-07,7.67007934113579e-08,2.34768764896312e-08,9.0734963389467e-09,1.29438091887494e-09,0
70671812.7392749,0,2.98744444043687e-08,1.92564636258869e-09,3.39500663088583e-08,5.67714045096884e-09,3.79896926748274e-08,7.76855018662825e-09,4.66995615631799e-08,1.06650393301882e-08,5.0320045962532e-08,2.37305522986688e-08,4.85605176308249e-08,3.93629442020761e-08,5.13273169444305e-08,5.20632807860225e-08,5.96430790555174e-08,6.42893655064128e-08,7.13603349482521e-08,7.82559002442685e-08,8.60247753676838e-08,9.47066627518625e-08,1.03969491490543e-07,1.14446509924556e-07,1.25809340416973e-07,1.38265939667502e-07,1.52040829893529e-07,1.6711010889016e-07,1.83749018816813e-07,2.01968047071811e-07,2.21974630109041e-07,2.43997911133252e-07,2.68137449741349e-07,2.94782632266856e-07,3.24027850777126e-07,3.56093508441293e-07,3.91212722673958e-07,4.29973094265638e-07,4.72643172958931e-07,5.1941713402356e-07,5.70658874322402e-07,6.27080080804584e-07,6.89170886846501e-07,7.57380296551514e-07,8.32148426412056e-07,9.14263160242167e-07,1.00464554429426e-06,1.10404767539876e-06,1.21291693336108e-06,1.33236285292645e-06,1.46405416693134e-06,1.60887842248808e-06,1.76724860022286e-06,1.94085454625265e-06,2.13257242264103e-06,2.34372546328735e-06,2.57456760550218e-06,2.82657653428726e-06,3.10411369728675e-06,3.41061945015678e-06,3.74759742537757e-06,4.11567205349452e-06,4.51941082376171e-06,4.96303901172405e-06,5.45033889029715e-06,5.98526956264581e-06,6.57597867144559e-06,7.22377325298662e-06,7.93022816476666e-06,8.70373151583441e-06,9.56071716159937e-06,1.05022874305932e-05,1.15313068737832e-05,1.26592653825157e-05,1.39043878587555e-05,1.52651832918604e-05,1.67553977594913e-05,1.83941380826794e-05,2.02003419412055e-05,2.21748635045618e-05,2.43402346875906e-05,2.67185244814484e-05,2.93247995509035e-05,3.2174788680589e-05,3.53124100297891e-05,3.8760039791685e-05,4.25294751453643e-05,4.66522964522559e-05,5.11824237937958e-05,5.61492989299553e-05,6.15866493120442e-05,6.75468573093141e-05,7.40792732829759e-05,8.12224440695519e-05,8.90357597523275e-05,9.76046966056311e-05,0.000106992547554663,0.000117257966662984,0.000128466266133562,0.000140728784945515,0.000154130953094835,0.000168793131080421,0.00018480707973974,0.000202303464746593,0.000221353913740948,0.000242152883059818,0.000264834604978749,0.000289615025671881,0.000316573821971486,0.000345954058456906,0.000377873825448492,0.000412699284173773,0.000450507776184908,0.000491629948176832,0.000536193021444202,0.000584713395995862,0.000637199791328094,0.000694164060184499,0.000755637333591607,0.000822235776210275,0.000894140772330439,0.000972019006852636,0.00105572909978023,0.00114574717213912,0.00124242860425837,0.00134644250912668,0.00145786139610523,0.00157719955571044,0.00170450904730016,0.00184016359514839,0.00198437422442005,0.00213738411064172,0.00229926349640578,0.00247018000165714,0.00265024676858396,0.00283900998644958,0.00303636819403378,0.00324141810316089,0.00345424913010511,0.00367389303783416,0.00390020409393253,0.00413037542762983,0.00436415423059365,0.00459934254959571,0.00483596229686311,0.00506933678619336,0.00529895541072116,0.00552020860223376,0.00573349998067266,0.00593252639952392,0.00611683576397714,0.00627943343185319,0.00642174433516931,0.00653566415912715,0.00662220789318317,0.00667369866790964,0.00669339863205479,0.00667264035515123,0.00661413765805054,0.00651383969105671,0.00637522947624318,0.00619444448544383,0.00597388329667974,0.00571497012929344,0.00542432755693331,0.00510417667727683,0.00475637669487605,0.00438764900247107,0.00400658411483003,0.00362001333122342,0.00323103182293582,0.002847602815119,0.00247542346785555,0.00212329692697105,0.0017947799429535,0.00149337980934259,0.00121860797060312,0.000977361129269226,0.000770915561651391,0.000596521059153491,0.000449193093530729,0.000330633219439724,0.000238527329415521,0.000167898467987652,0.000114417129106706,7.59435590264034e-05,4.87182876688921e-05,2.98960097427875e-05,1.80317464000728e-05,1.06804762240588e-05,5.80002784369306e-06,2.9173290505053e-06,1.61518229972822e-06,8.15958031773684e-07,3.2746991540056e-07,1.45786942036493e-07,7.99237852411725e-08,1.73715902962344e-08,7.7392057944998e-09,3.69843283628243e-09,0
72326338.9648353,0,2.880191167041e-08,1.74311082278129e-09,3.24015526100272e-08,5.8185399590558e-09,3.6584223767077e-08,6.96985484357116e-09,4.52477039780239e-08,1.03691805321107e-08,4.7993653016009e-08,2.30228634549979e-08,4.67546532511151e-08,3.76277360516111e-08,4.94148346230314e-08,5.01121036430203e-08,5.71279744664243e-08,6.19501662701351e-08,6.84838979666922e-08,7.51437950447827e-08,8.26850336814512e-08,9.09000074045454e-08,9.99273363852446e-08,1.09861490007972e-07,1.20751459148319e-07,1.3275306458584e-07,1.45923838273852e-07,1.60384279586822e-07,1.76264059257955e-07,1.93737139917795e-07,2.12911667502199e-07,2.34015953235761e-07,2.57155422154716e-07,2.82595413887601e-07,3.10517566856841e-07,3.41271799676073e-07,3.75039346432271e-07,4.12106361008025e-07,4.52776602032608e-07,4.97545419181545e-07,5.46748747294808e-07,6.00811097074982e-07,6.60146122130518e-07,7.2534001108156e-07,7.96952083547934e-07,8.75685710807824e-07,9.62164767192623e-07,1.05713595413599e-06,1.16145186178627e-06,1.27604476170319e-06,1.40184675537799e-06,1.54004888921888e-06,1.69210125220853e-06,1.85909463061951e-06,2.04213219700549e-06,2.24285516535128e-06,2.46381668685884e-06,2.70683860632349e-06,2.97352732911593e-06,3.2656791063137e-06,3.58692631707818e-06,3.93984287528031e-06,4.32695984601481e-06,4.75127360806569e-06,5.21928602173782e-06,5.73390810133841e-06,6.2969134852248e-06,6.91210418096727e-06,7.59110208516158e-06,8.33871650432539e-06,9.15789900364528e-06,1.00532689565074e-05,1.10394882563607e-05,1.21219973546163e-05,1.33099788328232e-05,1.46118774489165e-05,1.60452898344739e-05,1.76137725175081e-05,1.93338746734979e-05,2.12229172919777e-05,2.32994251052117e-05,2.5570171746347e-05,2.80613266567087e-05,3.07978978566509e-05,3.38006254677893e-05,3.7086035670367e-05,4.06907891479418e-05,4.46445945508009e-05,4.89785275987751e-05,5.37267968759655e-05,5.89295721557812e-05,6.46239386550937e-05,7.08615758076818e-05,7.76997563308565e-05,8.51856620256126e-05,9.33749889181679e-05,0.000102334011645802,0.000112144194384328,0.000122867665392627,0.000134594813738357,0.000147410207874485,0.00016143002694252,0.000176723715791192,0.000193425543983263,0.00021164085651,0.000231546308955402,0.000253227293891821,0.000276888370929739,0.000302639831106836,0.000330735734328894,0.000361262111395176,0.00039451889951714,0.000430623234398233,0.000469966599527852,0.000512594177652472,0.000558913017874181,0.000609012834024408,0.000663454583311843,0.000722271545910247,0.000786038001883049,0.000854735514360578,0.000928912556140835,0.00100881719060783,0.00109507856919172,0.00118760872100065,0.0012869010364252,0.00139331607175477,0.00150735259527205,0.00162894799212912,0.00175854087236003,0.00189634890076741,0.00204259119135063,0.00219733321789093,0.00236062955533931,0.00253256347231323,0.00271276396123839,0.00290120653085612,0.00309722757844471,0.00330086970068183,0.00351064113307598,0.00372625204721177,0.0039458581102316,0.00416964701906742,0.00439463879749719,0.00462020123281191,0.0048425673637193,0.00506209425562952,0.00527401854449601,0.00547764247947994,0.00566692537658748,0.00584276679825202,0.00599874297311321,0.00613479741274262,0.00624303756671878,0.00632577622402651,0.00637534623281377,0.00639371586902995,0.00637351382950958,0.00631833234158764,0.00622326080379793,0.00609041566708106,0.00591643782049874,0.00570552906341854,0.00546004577049547,0.00518336802144799,0.00487533226824941,0.00454141721880254,0.00419096300146081,0.00382849387643999,0.00345786125719061,0.00308465680941172,0.00271853157763741,0.00236425846440446,0.00202873873774499,0.0017137442839733,0.00142399316714442,0.0011627039530693,0.000935156695329296,0.000737684260347544,0.000568614307441495,0.000427921259671915,0.000316581573180956,0.000228942802187856,0.000160775504615213,0.00010953631902966,7.26139674146568e-05,4.64692699042809e-05,2.88917328320223e-05,1.75867196636686e-05,1.00654793937254e-05,5.38816847474407e-06,2.91768174284922e-06,1.60668930702185e-06,7.21909610409053e-07,3.09363997936644e-07,1.55094137699361e-07,6.86254260861593e-08,1.62900277667484e-08,1.037689583625e-08,2.05589985793004e-09,0
74019599.9691565,0,2.66555849955323e-08,1.57154971292004e-09,2.98871900527421e-08,5.62623757878237e-09,3.38484719020892e-08,6.35980270689554e-09,4.20229801006917e-08,9.91662406751008e-09,4.41198272532329e-08,2.18912839053653e-08,4.32574779442565e-08,3.50830091301808e-08,4.61306718747986e-08,4.6681520072094e-08,5.32878216157702e-08,5.79221959825858e-08,6.39168145791405e-08,7.02736952641887e-08,7.73725373516528e-08,8.50241630127121e-08,9.36102868332084e-08,1.02936044180952e-07,1.13202283922044e-07,1.24521640889759e-07,1.36917146113149e-07,1.50599346247712e-07,1.65602297130912e-07,1.82082591878921e-07,2.00171477381322e-07,2.20110842897285e-07,2.42032441063752e-07,2.66130755013935e-07,2.92535590240616e-07,3.21589732110941e-07,3.53546018386877e-07,3.88724379959429e-07,4.2731244367996e-07,4.69727386487991e-07,5.16373130024279e-07,5.67667733482031e-07,6.23914703983269e-07,6.85706643513697e-07,7.53696192761259e-07,8.28543386145094e-07,9.10715705883648e-07,1.00082554773471e-06,1.09974634315603e-06,1.20858371660819e-06,1.32828848574497e-06,1.459674368335e-06,1.60387769546736e-06,1.76233675437738e-06,1.93661670452819e-06,2.12795409044862e-06,2.33800730618369e-06,2.56856160146246e-06,2.82204053446018e-06,3.10038679309331e-06,3.40612848217311e-06,3.74159123302687e-06,4.11043856932965e-06,4.51513318806895e-06,4.95985032404851e-06,5.44829760714635e-06,5.98533010328399e-06,6.57345929840612e-06,7.21947240237775e-06,7.92892233321333e-06,8.70940087287568e-06,9.56455224953213e-06,1.05044020933836e-05,1.15346759919757e-05,1.26663290323184e-05,1.39067721741742e-05,1.5272103459141e-05,1.67678145786961e-05,1.84097269691787e-05,2.02092257162056e-05,2.2184536561572e-05,2.43495386112948e-05,2.67274935142538e-05,2.93362180947981e-05,3.21986858951116e-05,3.53320760066168e-05,3.87676196694339e-05,4.25364432279092e-05,4.66701857452535e-05,5.11976125826428e-05,5.61597057027461e-05,6.15956084042386e-05,6.75471733594593e-05,7.40629096726521e-05,8.11954252018212e-05,8.90081393450828e-05,9.75618816103446e-05,0.000106924300832298,0.000117154414196169,0.000128342626934191,0.000140563555690239,0.000153929358776082,0.000168523208891397,0.000184472129948277,0.000201855909454724,0.000220842893666653,0.000241530332372937,0.000264111928506307,0.000288683014592314,0.000315490893267193,0.000344632489363725,0.000376391722549093,0.00041084768332943,0.00044836516362375,0.000489042035047663,0.000533296023640523,0.00058115540177976,0.000633112471289122,0.000689210206308263,0.000750024246152891,0.000815636526214233,0.000886596362025457,0.000962912218209239,0.00104510724303944,0.00113338707323684,0.00122830522985325,0.00132997198950229,0.00143884302692886,0.00155497775974974,0.00167873230995501,0.00181026041370524,0.00194988105897979,0.0020977348680603,0.00225378244603107,0.00241797492315405,0.00259000257442216,0.00276999180391042,0.00295726566589572,0.00315169157369928,0.00335195794592293,0.0035580389963712,0.00376799952241698,0.00398165723192094,0.00419629266716409,0.00441176863861488,0.00462450408453425,0.00483424082989744,0.00503624116082871,0.00523062844692675,0.00541194577874942,0.00558007237587102,0.0057285108302042,0.0058582603965376,0.00596208555951207,0.00604123206867714,0.00608821270906284,0.00610563036789368,0.00608654942434064,0.00603416763347269,0.0059435204609494,0.00581599125935347,0.0056490285760552,0.00544848263363359,0.00521552980303139,0.00495039219904939,0.00465425755249577,0.00433597798965608,0.00400318105090282,0.00365685827643372,0.00330144978676123,0.00294454660996006,0.00259564699413943,0.00225848321232271,0.00193803472550996,0.00163541461159338,0.0013580538819742,0.00111089856101418,0.000895118434089144,0.000704332755833928,0.000541038042098791,0.000408333912963032,0.000303608703148102,0.000219091740121719,0.000153207323686878,0.000104496626845993,6.92336094725557e-05,4.43644580363041e-05,2.79485408126571e-05,1.68741260581239e-05,9.29672780743921e-06,5.11888251377478e-06,2.97894941005068e-06,1.51589657192133e-06,6.1181072966615e-07,3.22670705973879e-07,1.63026396247795e-07,5.05890801858365e-08,1.88635742517372e-08,1.34406021040469e-08,-5.51472153425455e-10,0
75752502.5877192,0,2.57448094743874e-08,9.52710694431322e-10,2.77813119541915e-08,6.62823664585143e-09,3.2914008176311e-08,4.30842218055837e-09,4.03499449079622e-08,1.10973248523323e-08,4.09265956339545e-08,2.04226667157309e-08,4.25074495705369e-08,3.30224157714981e-08,4.36612065686224e-08,4.51915436706877e-08,5.06416767606183e-08,5.5189467349517e-08,6.12852455047081e-08,6.69616529763907e-08,7.3984476599356e-08,8.12837042217644e-08,8.92381340015595e-08,9.83332087508158e-08,1.08223898338201e-07,1.18990064007669e-07,1.30762967605797e-07,1.43767832136252e-07,1.5817966031448e-07,1.74023718735923e-07,1.91327761150272e-07,2.10257592200011e-07,2.31033812264302e-07,2.54174358844886e-07,2.79707889637991e-07,3.07370674266257e-07,3.37413600218733e-07,3.70974104138011e-07,4.08374660293553e-07,4.49057298734277e-07,4.9305149443001e-07,5.41605846645855e-07,5.95653613577209e-07,6.55269114575461e-07,7.20112628536144e-07,7.90807118945675e-07,8.69073124546935e-07,9.55906265078322e-07,1.05055312237553e-06,1.1535686349897e-06,1.26789206866898e-06,1.39462216532241e-06,1.53201928133423e-06,1.68119145597054e-06,1.84771964007493e-06,2.03368406272889e-06,2.23511935234421e-06,2.45110510873471e-06,2.6903060463857e-06,2.95947434045728e-06,3.25515554240714e-06,3.57330785212054e-06,3.92236086112831e-06,4.31008906408735e-06,4.73467976570187e-06,5.19693433481794e-06,5.71112505343961e-06,6.27912224881517e-06,6.89250130390718e-06,7.56086738668491e-06,8.31046260637482e-06,9.13430543560668e-06,1.00210731960098e-05,1.09965602351391e-05,1.20921537938639e-05,1.32840891854811e-05,1.45687246177813e-05,1.59855384388882e-05,1.75632457952099e-05,1.92876566609832e-05,2.11739792004315e-05,2.32441801368455e-05,2.55050158125807e-05,2.79767351423128e-05,3.07146596011529e-05,3.37288812963836e-05,3.70060422338996e-05,4.05837254635708e-05,4.45327877285085e-05,4.88624500826883e-05,5.35822516083302e-05,5.87689131314378e-05,6.44808228990573e-05,7.07046215112598e-05,7.74804408783334e-05,8.49353885186525e-05,9.31292335655668e-05,0.000102066503660292,0.000111809731576668,0.000122494724413245,0.000134182325339326,0.000146937073489884,0.000160854907793546,0.000176103182113487,0.000192721665769684,0.000210799463739423,0.000230498445786274,0.000252137248208206,0.000275712887161029,0.000301231325504594,0.00032887687937293,0.000359249980920278,0.000392355131049096,0.000428162655122244,0.000466812262836339,0.000509035994033133,0.000554852833565256,0.000604547061899853,0.000658106899655371,0.000716051679742829,0.000778550506561126,0.000846374966749257,0.000919490570131765,0.000998024645598185,0.001082084131751,0.00117252252986703,0.00126964672920762,0.00137370572142337,0.00148452345000618,0.00160259401055991,0.00172833518098666,0.00186172160979117,0.00200245626924814,0.00215103043599656,0.00230806032419651,0.00247275754981451,0.00264446032258035,0.0028227347054417,0.00300817309229847,0.00319968648494914,0.00339672094872402,0.00359690548119635,0.00380036733496622,0.00400538680772612,0.00421179010330828,0.0044150675540685,0.00461480402366015,0.00480748032562485,0.00499340107443399,0.00516676249307372,0.00532754793775581,0.00546967240987033,0.0055935670608246,0.00569234885756046,0.00576792462922568,0.00581350115855366,0.00583113670621523,0.00581292803559742,0.00576152737672041,0.00567446090127283,0.00555469402892113,0.00539700223056805,0.0052038844371895,0.00497902878671093,0.00472696424842636,0.00444696462896525,0.00414267435323997,0.00382246074681217,0.00349148695672785,0.00315380802312193,0.00281393236456642,0.00247994270491027,0.00215637516338878,0.0018503360531628,0.00156359695460422,0.00129952243890388,0.00106053014430301,0.000852544642356692,0.000672963414889706,0.000519142104813065,0.00039048568650831,0.000288727404195203,0.000208822980455588,0.000146526729087434,9.98264278024589e-05,6.63405196919519e-05,4.24193607269698e-05,2.62705208407406e-05,1.60632689159064e-05,9.23226662442741e-06,4.88368970194521e-06,2.65514212444426e-06,1.49682443731742e-06,6.55152409070049e-07,2.71349750919303e-07,1.47785463980207e-07,6.53611719713874e-08,1.36076950007855e-08,9.75720315068938e-09,1.84314796240601e-09,0
77525974.8862946,0,2.38415694191502e-08,1.49349630851506e-09,2.82961199091144e-08,4.55057172722671e-09,2.9560578611571e-08,7.03685594497072e-09,3.86417346670979e-08,7.80900651597064e-09,4.04400611510757e-08,2.05266288796601e-08,3.88347658644208e-08,3.17529439185252e-08,4.23357969631284e-08,4.2269698999539e-08,4.83785735724273e-08,5.27488998880357e-08,5.81574823280688e-08,6.3820179613783e-08,7.03610866724611e-08,7.72898372536541e-08,8.51478010700091e-08,9.37388910101295e-08,1.02935622815669e-07,1.13219263456336e-07,1.24549578799156e-07,1.3705853823962e-07,1.50777463861647e-07,1.65748146728143e-07,1.82181594613797e-07,2.00339715836724e-07,2.20397757127805e-07,2.42412736705506e-07,2.66292159530672e-07,2.92600937677096e-07,3.21918831904531e-07,3.54218259885568e-07,3.89093028791439e-07,4.27205379267599e-07,4.69708778905083e-07,5.16925432080276e-07,5.68291489340214e-07,6.23982236372463e-07,6.85297242608494e-07,7.53672597909433e-07,8.29051247480278e-07,9.10855313959107e-07,1.0002477704231e-06,1.09935131948575e-06,1.20853172111863e-06,1.32772032601335e-06,1.45886929239587e-06,1.6038268009888e-06,1.76249024955651e-06,1.93525026467489e-06,2.1256497049427e-06,2.33679588670954e-06,2.56865520379471e-06,2.82029374768864e-06,3.0958043775114e-06,3.4014060858355e-06,3.74026914799673e-06,4.10943808155704e-06,4.50975788058583e-06,4.94944939927773e-06,5.43907620086958e-06,5.97835998159402e-06,6.56640762777911e-06,7.20736634470135e-06,7.91271772765314e-06,8.69001542798057e-06,9.54934576858081e-06,1.0489675566421e-05,1.15129798011914e-05,1.26326507774161e-05,1.38770922633186e-05,1.52456140110746e-05,1.6737584824233e-05,1.83678273888179e-05,2.01651561337235e-05,2.21390462672748e-05,2.43018482872932e-05,2.66733911793175e-05,2.92800422003741e-05,3.21304056759712e-05,3.52533961343066e-05,3.86879588404655e-05,4.2451956819785e-05,4.6560802743898e-05,5.10735353965969e-05,5.60342250811769e-05,6.14573231979481e-05,6.7384346006764e-05,7.38779125827263e-05,8.09868321169177e-05,8.87640924232947e-05,9.72987444406055e-05,0.000106647589082148,0.00011684744783704,0.00012794034629602,0.000140077710609941,0.000153388071354435,0.000167949373997708,0.000183785981431152,0.000201090580703686,0.000219961570947489,0.00024049451696271,0.000262790316479956,0.000287225946450058,0.00031391276592054,0.000342901984798222,0.000374160790217758,0.000408247731137921,0.000445403045576848,0.000485788108107729,0.000529329855763437,0.000576686185520125,0.000627866463146912,0.000683180594989901,0.000742887592377606,0.000807762435759401,0.000877474283813888,0.000952115119275511,0.00103231980421466,0.0011190228561293,0.00121187113430388,0.00131096239961609,0.00141674472381063,0.00152965492772211,0.00164942862912118,0.00177637916147576,0.00191119315091438,0.00205383988519112,0.0022035616946926,0.00235993164769363,0.00252374545052288,0.00269464785915034,0.00287203499008189,0.00305446010420628,0.00324227320439138,0.00343390207131896,0.00362869111673908,0.00382401849929797,0.00402048466401947,0.00421489012241229,0.0044061354525824,0.00459001654962386,0.00476748166678619,0.00493330470838676,0.00508667532499126,0.00522179439875415,0.00534015139626753,0.00543538507330199,0.00550814730830448,0.00555104098113299,0.00556669334745507,0.0055493736199991,0.00550212224733289,0.00541974235849992,0.00530319224850568,0.00515139745692407,0.00496954688199048,0.00475634050535361,0.00451310961229583,0.00424437444162432,0.0039561377891351,0.00365160398841719,0.003334084745166,0.00301072813599242,0.00268653635214148,0.00236835018294892,0.00206026573189033,0.00176733580223027,0.00149146851718278,0.00123982908164848,0.00101460539606086,0.000815974732524208,0.000641262572877738,0.000493958209909644,0.000373769524987266,0.000277086830613017,0.000199221154371564,0.000139537715384369,9.53745759054707e-05,6.32307120989892e-05,4.06691987046071e-05,2.54940495071552e-05,1.51604585175569e-05,8.48491756679171e-06,4.84284278803292e-06,2.71542463911785e-06,1.31106659163173e-06,5.72803450275259e-07,3.15750579675654e-07,1.41638780319629e-07,4.62472822578156e-08,1.96770824782963e-08,1.01929556010741e-08,-5.79850823608523e-10,0
79340966.6579749,0,2.22006713458412e-08,3.59742945543938e-10,2.9014586182874e-08,5.5282078371862e-09,2.49335219836405e-08,6.88275990809874e-09,4.01952423299218e-08,5.50814451496364e-09,3.69981197941064e-08,2.19127494110972e-08,3.69067831535718e-08,2.88134364378657e-08,4.15005433411461e-08,4.05497599819681e-08,4.53178969477433e-08,5.07823491442618e-08,5.56948284876224e-08,6.06627423259621e-08,6.72526676124858e-08,7.35933571106935e-08,8.11895103114223e-08,8.97200074562245e-08,9.83060405444088e-08,1.07924729997086e-07,1.18730910286347e-07,1.30791246466314e-07,1.44013067279951e-07,1.58302409240401e-07,1.73817167741656e-07,1.91025746417765e-07,2.10362967115691e-07,2.31612295549285e-07,2.54236033312405e-07,2.78902717106965e-07,3.06983232887972e-07,3.3854825177067e-07,3.7192856074398e-07,4.07294534355148e-07,4.47365792565455e-07,4.93538694608671e-07,5.43755853426969e-07,5.96235204854136e-07,6.53000892236981e-07,7.1828295685478e-07,7.92437021585535e-07,8.7152683877424e-07,9.552158951737e-07,1.04870460493757e-06,1.1540375392326e-06,1.26877828034391e-06,1.39375001556672e-06,1.53241357198838e-06,1.68473434736668e-06,1.84928162871515e-06,2.0299395742748e-06,2.23237567348993e-06,2.45636784074186e-06,2.6971168147936e-06,2.95693237089064e-06,3.246537816388e-06,3.57509862589427e-06,3.93569177966367e-06,4.31578616681123e-06,4.72430100855675e-06,5.19143169313064e-06,5.72008803738295e-06,6.28717937519377e-06,6.89090479570813e-06,7.55987058935054e-06,8.30608023969626e-06,9.13226121572442e-06,1.00368061434739e-05,1.10148090925603e-05,1.20747003485739e-05,1.32607813252767e-05,1.45798167666126e-05,1.60116312110025e-05,1.75622337582549e-05,1.92779448944287e-05,2.11741933541875e-05,2.32371427929656e-05,2.54858663593019e-05,2.79874357089819e-05,3.07366403896792e-05,3.37077342857117e-05,3.69669012513449e-05,4.0578051101085e-05,4.4517129924138e-05,4.88106353773252e-05,5.3538045037075e-05,5.8739615519645e-05,6.44355150066112e-05,7.06376423351659e-05,7.73726484923698e-05,8.47623765499856e-05,9.29647463873004e-05,0.000101981679053649,0.000111742403783955,0.000122268836125837,0.000133797289411044,0.000146532568894884,0.00016048185414843,0.000175589043696125,0.000192150304412991,0.000210302875525088,0.000229903273786008,0.000250979810544295,0.000274227694663327,0.000299956916320419,0.000327904194852312,0.000357651354725609,0.000389927990455603,0.000425439870101992,0.000464202980918655,0.000505784480234917,0.000551073985066585,0.000600146479840552,0.000652702369400889,0.000709275346819776,0.000771717227437361,0.000839190460309842,0.000910151491673948,0.000985727200647974,0.00106861756030507,0.00115814088788081,0.00125295621911943,0.00135377004469304,0.00146182278735113,0.00157628381943828,0.00169693327413831,0.00182552890066789,0.00196273207597784,0.00210643899316115,0.00225531043674333,0.00241128716242833,0.00257477715114521,0.00274434306241488,0.00291843884980991,0.00309827649993404,0.00328204062930559,0.00346787433989595,0.00365357758673897,0.00384126992729874,0.00402785001657923,0.00421060227306529,0.00438542358847161,0.00455479937970992,0.0047137489540495,0.00486023031626025,0.00498868684528791,0.00510127594697296,0.00519216667227393,0.00526184540520872,0.00530284772953498,0.00531730232129295,0.00529988826003275,0.00525421916032785,0.00517562042982155,0.00506453233166091,0.00491974030782238,0.00474567785014269,0.00454052189628961,0.00430776314221603,0.00405312697494606,0.00377842654436178,0.00348499025179485,0.00318086492709637,0.00287449836417113,0.00256594623885824,0.00226010199253215,0.00196435898060947,0.00168582553748333,0.00142471633672772,0.00118415460485836,0.000965983767599774,0.000775724056285589,0.000612246070508609,0.000472803982555267,0.000355492721261639,0.000262243418127785,0.000189550818874351,0.000133208896436917,9.06855024189515e-05,6.01697628153747e-05,3.85561260003335e-05,2.3809582060267e-05,1.44438966162209e-05,8.40889746963637e-06,4.50954621772458e-06,2.36330274059051e-06,1.32790034504404e-06,6.20281836335109e-07,2.48899546341818e-07,1.2836441523766e-07,6.16652542226028e-08,1.06509903653146e-08,8.85699831803389e-09,3.05187383414476e-09,0
81198449.9318401,0,2.17396223291745e-08,1.88571356094639e-09,2.56108069892357e-08,3.22791765832374e-09,2.76588452644291e-08,7.19961769822979e-09,3.40137088627881e-08,7.08892987020721e-09,3.79986466693495e-08,1.79937790469294e-08,3.50179038340884e-08,2.98285457308512e-08,3.82475937245252e-08,3.82424753655187e-08,4.45382091498929e-08,4.7955559891506e-08,5.29461406432831e-08,5.83960864779526e-08,6.4041456712132e-08,7.04591350141723e-08,7.77151842002214e-08,8.54103826834309e-08,9.38855037329961e-08,1.03252609786542e-07,1.13542300233264e-07,1.24987672074379e-07,1.37463133864199e-07,1.51097047725162e-07,1.66095468585463e-07,1.82687243622963e-07,2.00951240700487e-07,2.20949487773893e-07,2.42812913163652e-07,2.66912504586546e-07,2.93500149872253e-07,3.22792402672396e-07,3.54762676658693e-07,3.89775036340791e-07,4.2851136755298e-07,4.71377655674458e-07,5.18111782136913e-07,5.68939443485337e-07,6.25045382870411e-07,6.87676282358639e-07,7.5660480324139e-07,8.31046462986227e-07,9.12025375529067e-07,1.00220970776227e-06,1.10267894247706e-06,1.21234518470997e-06,1.33122840093095e-06,1.46193393654424e-06,1.60709634822795e-06,1.76667426324356e-06,1.94058779358037e-06,2.13117728838551e-06,2.341741456695e-06,2.57315168659506e-06,2.82644561557639e-06,3.10448394825546e-06,3.41191202965391e-06,3.74865870804168e-06,4.11391550295311e-06,4.5150330914519e-06,4.96517243291533e-06,5.46014402799397e-06,5.99190374071984e-06,6.57199055337478e-06,7.22089235475144e-06,7.93492818758462e-06,8.71350324726969e-06,9.56969376063746e-06,1.05134658500004e-05,1.15373129289187e-05,1.26585653628612e-05,1.39021846496964e-05,1.52787947387423e-05,1.67754068808897e-05,1.84060738561248e-05,2.01991177361171e-05,2.21741087947223e-05,2.4340325931176e-05,2.67229651919277e-05,2.93284489807095e-05,3.21684135119154e-05,3.52900350728231e-05,3.87383442894722e-05,4.25017971892822e-05,4.65973694885285e-05,5.11093943164144e-05,5.60889893419884e-05,6.15110246943335e-05,6.73939236461285e-05,7.38584388967762e-05,8.10003778724256e-05,8.88220989132613e-05,9.73077641431031e-05,0.000106557419989058,0.000116700741959357,0.000127837566613874,0.000139987819190694,0.000153232348345589,0.000167670022035443,0.000183472864205118,0.000200685020626485,0.000219425116978174,0.000239809170490004,0.000262095484837569,0.000286376907558143,0.000312844923816633,0.000341456195917558,0.000372541037636624,0.000406359876924732,0.000443237757554868,0.000483071311560181,0.000526303327445346,0.000572886019383553,0.000623238322842138,0.000677822070572202,0.000737256501857814,0.000800900700610486,0.00086879821197861,0.000941825193350343,0.00102109353256814,0.00110611694953212,0.00119652023379912,0.00129279004105942,0.00139589090234376,0.00150555686680518,0.00162153911297486,0.00174436915222285,0.00187436181247522,0.0020111205786015,0.00215432267184457,0.00230424224207026,0.00245994630223737,0.0026213646049618,0.00278824972773988,0.00296048781398133,0.0031353302915555,0.00331259910624179,0.00349113270919385,0.00367101400495319,0.0038485137154929,0.00402308303935616,0.00419092437261232,0.00435249944212575,0.00450380571496917,0.00464453116690672,0.0047681768958111,0.00487556802248075,0.00496194009824617,0.00502835526978514,0.00506760793267696,0.0050820610112285,0.00506625137315261,0.00502235259274079,0.00494654172081907,0.0048406115911246,0.00470213991473477,0.00453536084649507,0.0043407633157583,0.00411913480627905,0.00387309067806558,0.00360943405633594,0.00333219817650046,0.00304263954804692,0.0027466814288993,0.00245059629449038,0.00216078616285562,0.0018797410058033,0.00161214385340044,0.00136033734187081,0.00113074833684123,0.00092538225696589,0.000744457582166423,0.000585053315779879,0.000450325114911381,0.000340675745475602,0.000252809055967028,0.000181874452404193,0.000127298800811214,8.69633887324421e-05,5.76596938528287e-05,3.7097620311882e-05,2.3292771412246e-05,1.38573315134599e-05,7.72662309402493e-06,4.41037969862565e-06,2.48106442734117e-06,1.19756949498527e-06,5.30084919504117e-07,2.87306196446833e-07,1.21869485933504e-07,4.4935423982096e-08,2.09666655350387e-08,6.96019176218849e-09,-1.02719686060552e-09,0
83099419.4935339,0,2.02536039549042e-08,-8.66873321177207e-10,2.64395030098705e-08,7.12754558474192e-09,2.17589759401245e-08,4.34795635116133e-09,3.83114528465828e-08,5.77708072940108e-09,3.1974967882111e-08,2.0428732023572e-08,3.41867078333366e-08,2.58169636619737e-08,3.77891909051146e-08,3.70174654660049e-08,4.1296599677529e-08,4.62768623134118e-08,5.06425788229496e-08,5.53867822596037e-08,6.14069948398698e-08,6.69205120800741e-08,7.39354301354774e-08,8.18541606242907e-08,8.95950524170489e-08,9.83955056476625e-08,1.08217811612688e-07,1.19134308307104e-07,1.31268919809672e-07,1.44275529336932e-07,1.58460909318759e-07,1.74178556956092e-07,1.91607785078675e-07,2.10908453295393e-07,2.3176253630445e-07,2.54385705286756e-07,2.79655988052468e-07,3.08158473891217e-07,3.38936214900424e-07,3.71510710086717e-07,4.07684364859188e-07,4.49311123272913e-07,4.95272505183822e-07,5.43552561180486e-07,5.95158612482367e-07,6.54094740413416e-07,7.21758734455407e-07,7.94656958699706e-07,8.70951243328073e-07,9.55039113788736e-07,1.05089940862023e-06,1.15695609148729e-06,1.27111357143126e-06,1.39535837000595e-06,1.53347817067926e-06,1.68624461319245e-06,1.85246486352723e-06,2.03410702871113e-06,2.2358791139167e-06,2.45756520212558e-06,2.69725129616284e-06,2.95960661884906e-06,3.25572587696433e-06,3.58623399149138e-06,3.93697333970931e-06,4.30524779916627e-06,4.72341231530791e-06,5.21088318220736e-06,5.73973730055497e-06,6.28738292193019e-06,6.88609392904146e-06,7.56312801538379e-06,8.31501694867825e-06,9.1403683551845e-06,1.00491790736623e-05,1.10289099570222e-05,1.20857311224153e-05,1.32562206589036e-05,1.45768511449332e-05,1.60276182664763e-05,1.75881760251104e-05,1.92885690792437e-05,2.11700779158466e-05,2.32326139283919e-05,2.55037358655926e-05,2.80107593724274e-05,3.07325672086957e-05,3.36851729095926e-05,3.69664562672062e-05,4.05895376992318e-05,4.4494850839225e-05,4.87520594556152e-05,5.35154695219786e-05,5.87757015880951e-05,6.44133788532857e-05,7.04850996976729e-05,7.7219935650541e-05,8.47469164248612e-05,9.29747429632774e-05,0.000101836681843533,0.000111421404391678,0.000121948488075708,0.000133572208876419,0.00014631390764431,0.000160086943113336,0.000175108750973539,0.000191625252060949,0.000209617079428742,0.000228938769053806,0.000250017051663482,0.000273279181267972,0.000298822175233816,0.00032619494585145,0.000355618340718859,0.000387776538245821,0.000423137773706984,0.000461209300864482,0.000502501446521618,0.00054726115247958,0.000595181632875641,0.000646456558186422,0.000703214632868458,0.000765286544589903,0.00083055987974953,0.00089898595620967,0.000973779168891333,0.00105571216578361,0.00114278629923952,0.00123428456276378,0.00133230655874405,0.00143741237996263,0.0015482007989765,0.00166468135336217,0.00178849672564565,0.00191957651258461,0.00205638158976931,0.00219919632996141,0.00234788087016953,0.00250166798730896,0.00266001384852119,0.0028243298859046,0.0029922289781795,0.00316156548305371,0.00333085784183857,0.00350190763746457,0.00367162545726718,0.00383869770498264,0.00399911192371529,0.00415285271530522,0.00429627942790164,0.00443063567249355,0.00454976509837464,0.00465243323804602,0.00473406456820161,0.00479742271492331,0.00483524664736095,0.00484893687956558,0.00483418184281313,0.0047927655401958,0.00471983600734333,0.00461825386705512,0.00448694869381517,0.00432869078556938,0.00414254487997108,0.00393011365754229,0.00369570874580882,0.00344528218904167,0.00318047448886865,0.00290307010882326,0.002620922365444,0.00233933125075083,0.00206280248471186,0.00179399314165517,0.0015381240483671,0.00129824555748309,0.00108016664533489,0.000883747506229966,0.000709762822171572,0.000557967974286581,0.000430489196533515,0.000325671671208321,0.00024110096235953,0.000173311612460143,0.000121493547407609,8.31283757052076e-05,5.51158504346587e-05,3.54053021537678e-05,2.21801571351931e-05,1.31848405168192e-05,7.38050457429897e-06,4.24697813623559e-06,2.38514026320698e-06,1.11805153520114e-06,4.8659187064026e-07,2.88569232183957e-07,1.27392481708463e-07,3.51124497506435e-08,1.59192819837376e-08,1.00792858657571e-08,-6.44800925492637e-11,0
85044893.4180267,0,1.92947789685589e-08,-5.31731907938734e-10,2.52286099374161e-08,6.26590688511741e-09,2.08853224049038e-08,4.73479225036267e-09,3.62217663099105e-08,5.1086663534669e-09,3.08791480518679e-08,1.96451656223253e-08,3.23688125042675e-08,2.45581699649048e-08,3.62008124633107e-08,3.53786053396768e-08,3.92562981499311e-08,4.41424588145522e-08,4.84485654476246e-08,5.27781487589357e-08,5.85188545975195e-08,6.39401858329648e-08,7.05518716638845e-08,7.80513935882855e-08,8.55016062476488e-08,9.38988447044076e-08,1.03265043946246e-07,1.13677461063499e-07,1.25246509773354e-07,1.37695835719934e-07,1.51234159116482e-07,1.66178604277423e-07,1.82833932277849e-07,2.01328993278972e-07,2.2119614349532e-07,2.42695476783939e-07,2.66876619218342e-07,2.94215687275929e-07,3.23514600524711e-07,3.54413771027221e-07,3.89014192964299e-07,4.2901397651418e-07,4.72861196819081e-07,5.18617862453279e-07,5.67817254176457e-07,6.24430573556308e-07,6.89173168268166e-07,7.58411357654792e-07,8.31003265344268e-07,9.11561601070342e-07,1.00332625311484e-06,1.10433007840457e-06,1.21305541250167e-06,1.33185128686619e-06,1.46390958645731e-06,1.60951815192673e-06,1.76792721902254e-06,1.94158411868304e-06,2.13466170409165e-06,2.34599480277923e-06,2.57382966255147e-06,2.82434092357728e-06,3.10865475213297e-06,3.42464033462302e-06,3.75726631188846e-06,4.10759246704704e-06,4.50903054064675e-06,4.97607942656924e-06,5.47910367692556e-06,6.00028604919285e-06,6.57280032581857e-06,7.21980135581065e-06,7.9374885729662e-06,8.72633712558837e-06,9.59357988702813e-06,1.05261094659816e-05,1.15348488434864e-05,1.26559779433049e-05,1.39179006441003e-05,1.52997309150231e-05,1.67878455125432e-05,1.84123409480821e-05,2.02090395721327e-05,2.2179134391729e-05,2.4349623104609e-05,2.67401971444796e-05,2.9333073186241e-05,3.21558317780725e-05,3.52966356725762e-05,3.87510425676322e-05,4.24697586012419e-05,4.65391130936124e-05,5.10979663176652e-05,5.61156645962227e-05,6.14852759721172e-05,6.72837234535146e-05,7.37269124382807e-05,8.09162378143172e-05,8.87621275010701e-05,9.72182940866802e-05,0.000106375908704938,0.000116434149842978,0.000127530924478524,0.000139688225027973,0.000152836595978588,0.000167194253855003,0.000182979165264834,0.000200145462279739,0.000218569740034764,0.000238706425103722,0.000260958941881121,0.000285357149001963,0.000311459914822473,0.000339546198289597,0.000370284105053725,0.000404061761786039,0.000440418036263191,0.000479878420191613,0.000522609483353807,0.000568307067619243,0.00061732151521488,0.000671679694394796,0.000730937413498808,0.000793083386004346,0.000858463602424489,0.000930158027725929,0.00100845131073918,0.0010914227032782,0.00117884884720158,0.0012727320484765,0.00137316641230031,0.00147884220338309,0.00159019936297422,0.00170878601657854,0.00183412450300652,0.00196472993219586,0.00210122375758582,0.00224352065277994,0.00239063370867853,0.00254198711850626,0.00269909550513293,0.00285971278906235,0.00302165400308338,0.00318345042579805,0.00334695923156871,0.00350930029549675,0.00366907542456778,0.0038223556480514,0.00396924919436584,0.0041063282087643,0.00423468118016337,0.00434846732844511,0.00444660857113794,0.0045245442162432,0.00458475984764998,0.00462071659771848,0.00463394568136982,0.00461970777269877,0.0045796389858306,0.00450995835754135,0.00441309294028958,0.00428700353290907,0.00413522495474235,0.00395801439868024,0.00375543712281308,0.00353038867189433,0.00329038833023123,0.00303821559289204,0.00277382684795125,0.00250361766670486,0.00223380627665352,0.00196965102545792,0.00171352069646835,0.00146962236328018,0.00123992280723216,0.00103052773956107,0.000843218941718857,0.000678503119843593,0.000533664387400034,0.000410566378549005,0.000310081196140298,0.000230310089948037,0.000166027590456263,0.000116108269083276,7.92568521850727e-05,5.25801714864461e-05,3.37587153651646e-05,2.12363085970707e-05,1.27339073752315e-05,7.03912328437255e-06,3.95751048799324e-06,2.28377610069624e-06,1.11985698364779e-06,4.6692329686452e-07,2.58227120931447e-07,1.18054684016911e-07,3.83855624597242e-08,1.80701490307889e-08,7.85582242752937e-09,-1.20694738392749e-09,0
87035913.6148517,0,1.83415395171227e-08,2.20116529141713e-09,2.3444188507317e-08,1.27843105801956e-09,2.30056826024403e-08,8.53121865900573e-09,2.90929658454025e-08,4.32885660592081e-09,3.44292489187417e-08,1.60347946501296e-08,2.90008714661474e-08,2.64979314672424e-08,3.35914648490528e-08,3.24090269617402e-08,3.88978925048598e-08,4.18854493863538e-08,4.55733109429725e-08,5.06952056107614e-08,5.55456500803998e-08,6.10412244381292e-08,6.7635382561809e-08,7.4060044844081e-08,8.13254536091267e-08,8.95741213723428e-08,9.85300920695457e-08,1.08581430343897e-07,1.19371154748836e-07,1.31122875260984e-07,1.44111964433157e-07,1.58607278430047e-07,1.74621519407007e-07,1.91916645952789e-07,2.10720771103326e-07,2.31726419379828e-07,2.55163793990111e-07,2.80574862340283e-07,3.07823340311172e-07,3.3824116706776e-07,3.72642498859213e-07,4.10052741916407e-07,4.49732006329006e-07,4.93359897547475e-07,5.43085617728628e-07,5.98736957505509e-07,6.58128958994636e-07,7.21187533799155e-07,7.91467127478667e-07,8.71510947672145e-07,9.59599351182893e-07,1.05389792364997e-06,1.1564160966032e-06,1.27070856351267e-06,1.39790852868268e-06,1.53647355969051e-06,1.68701069431735e-06,1.85302413115011e-06,2.03658203371019e-06,2.23726880911474e-06,2.45761525265507e-06,2.70159381457221e-06,2.9701731173002e-06,3.25913503978238e-06,3.57220439756138e-06,3.92569840097811e-06,4.32668536996145e-06,4.75536198980199e-06,5.20713170143339e-06,5.70937598849586e-06,6.27898044122227e-06,6.90265918190395e-06,7.58387963591788e-06,8.3323669273344e-06,9.14473612487506e-06,1.00227741906708e-05,1.10018884859519e-05,1.20996863744724e-05,1.33021397842067e-05,1.45920355607661e-05,1.60014041636542e-05,1.75659138028815e-05,1.92913180924124e-05,2.1180146387108e-05,2.32535512212642e-05,2.55094466452251e-05,2.79723639909351e-05,3.07056218995409e-05,3.37202765963324e-05,3.69735399672773e-05,4.05231062153218e-05,4.44816347867386e-05,4.88357851266758e-05,5.35129953545895e-05,5.85926422560488e-05,6.42538426932351e-05,7.0533687341799e-05,7.73406133946712e-05,8.46719673596021e-05,9.26963905490908e-05,0.000101543845443848,0.000111265881331222,0.000121852855543558,0.000133361739240532,0.000145924921205256,0.000159731856117854,0.000174718230476653,0.000190930326249594,0.000208638595830732,0.000228170560358244,0.000249428842627676,0.00027240145362816,0.000297167216377841,0.000324252771549185,0.000353825679001281,0.000385952898330426,0.000420624016288561,0.000458261808753541,0.000498624428421028,0.0005423860840935,0.000590385381353551,0.000642511763158675,0.000697433905667741,0.000755916250673869,0.000819810564656634,0.000889571318907426,0.000963584332293774,0.00104181551313278,0.00112571592882529,0.00121585243995123,0.00131122238157878,0.00141196394455181,0.00151913554308445,0.00163269491567885,0.0017519140984476,0.00187666910591443,0.00200713875437674,0.0021424164371078,0.00228307271261751,0.0024291597219372,0.00257955162276655,0.00273133917830181,0.00288546707474143,0.00304146925100812,0.00319851274054101,0.00335303036546093,0.0035050532086336,0.00365121931188811,0.00379189450375325,0.0039240610188684,0.00404714723544654,0.0041546648763928,0.00424770506140819,0.00432298686647487,0.00438118924761221,0.00441552730318578,0.00442805818257994,0.00441402590747426,0.0043755846926408,0.00430952747643945,0.00421711888735576,0.00409669208772916,0.00395190592192869,0.00378175021268725,0.00358744830378758,0.00337352321934538,0.00314504522360999,0.00290309834146118,0.00264956313427644,0.00239162685538272,0.00213444141214138,0.00188242165626116,0.00163725565538962,0.00140320317383811,0.00118366637438191,0.000984947101062659,0.000806965094245523,0.000648324858873726,0.000508214124792533,0.00039163621891828,0.000297443904502953,0.000220576570633539,0.000158075029529256,0.000110713835030627,7.57292778877717e-05,5.01822968040477e-05,3.24972803704391e-05,2.03738425978757e-05,1.18418558696668e-05,6.67155414388335e-06,3.99410792814477e-06,2.15814046439165e-06,9.71294208801358e-07,4.79293203074435e-07,2.64463706503059e-07,9.44218825523489e-08,4.06356260919547e-08,1.9733951751268e-08,4.02870257199237e-09,-3.15981737719632e-10,0
89073546.3861044,0,1.83848742260182e-08,1.35071915675389e-09,2.09701462242967e-08,3.3669632538745e-09,2.34834434310666e-08,5.05780113724397e-09,2.87218519081896e-08,6.70395936029114e-09,3.11425037192798e-08,1.48979682050435e-08,2.99371877244192e-08,2.47056439756979e-08,3.17545589905358e-08,3.24587526096117e-08,3.71026586955167e-08,4.00762499130465e-08,4.44479639399363e-08,4.87844277421293e-08,5.36338530691728e-08,5.90438986258658e-08,6.49794273940666e-08,7.14541848721305e-08,7.85215931580205e-08,8.63526145633742e-08,9.49768926136175e-08,1.04484105663045e-07,1.14911649021199e-07,1.26279948256363e-07,1.38718373130467e-07,1.52529417922433e-07,1.67809333664668e-07,1.84522076177409e-07,2.02669762848292e-07,2.2265326005158e-07,2.44811104548669e-07,2.69250951860303e-07,2.95891055757177e-07,3.25106114032319e-07,3.57385388068833e-07,3.92910175220662e-07,4.31727680427504e-07,4.743873424017e-07,5.21492228544354e-07,5.73395981400378e-07,6.30213180475324e-07,6.92302084314885e-07,7.60521521868761e-07,8.35962004389369e-07,9.1908400369686e-07,1.00986367513109e-06,1.10914679278839e-06,1.21873567455632e-06,1.33979142637256e-06,1.47213937337543e-06,1.61661249747242e-06,1.77539027537633e-06,1.95070257787934e-06,2.14357281777209e-06,2.3552355520942e-06,2.58721523245987e-06,2.84271082901786e-06,3.12215524719252e-06,3.42548066615763e-06,3.75939369315533e-06,4.13552345748203e-06,4.54978834050529e-06,4.99276586007296e-06,5.47243707373768e-06,6.01010807039153e-06,6.60774770174012e-06,7.26032599590928e-06,7.97093189491114e-06,8.75110537532773e-06,9.60288383405532e-06,1.05400876577042e-05,1.15780291155204e-05,1.2722874590202e-05,1.39633853617594e-05,1.53169512057718e-05,1.68128913942738e-05,1.84596289609179e-05,2.0257493896525e-05,2.22342912276064e-05,2.4401856777096e-05,2.67689325002096e-05,2.93675098005866e-05,3.22277680143339e-05,3.53530388640292e-05,3.87723631810351e-05,4.2534203204756e-05,4.66600598945353e-05,5.11579886235714e-05,5.60667524976024e-05,6.14532073685273e-05,6.73735235301947e-05,7.38646611012701e-05,8.0940034731005e-05,8.86525458610598e-05,9.70764958542377e-05,0.000106312981184706,0.000116416359248071,0.000127455639078014,0.000139488561228458,0.000152637900202169,0.000166927385506681,0.000182475668629077,0.000199436250085746,0.000218034963225538,0.000238271841216874,0.000260248198134875,0.000283991038450474,0.00030985650864624,0.000338037211987059,0.000368750399335466,0.000401871308046703,0.000437765253912016,0.000476511768843409,0.000518509467714543,0.000563968786944026,0.000613303679557141,0.00066612760193535,0.000722690240851449,0.000783673362421258,0.000849615473788072,0.000920077404155505,0.000995250705447385,0.00107557257140133,0.00116139136001869,0.00125252471718886,0.0013490227741387,0.00145120447853756,0.00155929987881232,0.00167315945432614,0.00179235626846786,0.00191691314481639,0.00204636899479959,0.00218085145045663,0.00231973476525183,0.0024628066992931,0.00260818109098084,0.00275572255372114,0.00290421264725385,0.00305383706361814,0.00320158505004481,0.00334670556081414,0.00348601282160581,0.00362046310351897,0.00374687156226328,0.00386401774184605,0.00396610602451735,0.00405519470549344,0.00412791372745303,0.00418351177383343,0.00421532265049407,0.00422686516545743,0.00421444414110777,0.00417869921635614,0.00411488430236239,0.00402550363505803,0.00391133656165688,0.00377422771092783,0.00361080311546513,0.00342467769989715,0.00322180852378341,0.0030040253558729,0.00277175395407184,0.00252954181091483,0.00228428296337375,0.00203910573105371,0.00179818564329899,0.0015636957327211,0.00133979109573381,0.00113042576351521,0.00094170003790781,0.000771501446358259,0.000618403527912326,0.000484606797669438,0.000374673371725617,0.00028463630463816,0.000210203084811141,0.000150464372397533,0.000105580221277298,7.21912367062133e-05,4.79636186216751e-05,3.11668354878513e-05,1.92638299148929e-05,1.10397415674928e-05,6.42753237687938e-06,3.94966594562003e-06,2.01568042827279e-06,8.50626964291534e-07,4.6950063263619e-07,2.81081766009888e-07,8.58159158223504e-08,2.86272311104414e-08,2.05604322099074e-08,7.38930034738897e-09,-7.54194506246876e-10,0
91158882.9975082,0,1.74795882075532e-08,1.41402800291461e-09,1.93595407240132e-08,3.08679610781414e-09,2.27395196706936e-08,4.56608396647641e-09,2.66420431480555e-08,6.73717531658451e-09,2.94665598246547e-08,1.36556736211283e-08,2.84658647843947e-08,2.32891066981889e-08,2.98368288189508e-08,3.06258340119864e-08,3.506929964036e-08,3.77097090291946e-08,4.19052891595225e-08,4.60445647418007e-08,5.05670700593779e-08,5.57677395563839e-08,6.13139790982035e-08,6.73962112072206e-08,7.41776150350233e-08,8.16030390792584e-08,8.97884709799967e-08,9.87786649249685e-08,1.08599840529838e-07,1.19430206289294e-07,1.31373180702677e-07,1.44560638351053e-07,1.58955758467121e-07,1.7472029261582e-07,1.92078730423335e-07,2.11302739696715e-07,2.32412263103171e-07,2.55472770363943e-07,2.80778376700336e-07,3.0876512752861e-07,3.39492855315346e-07,3.73096591905537e-07,4.10052570901553e-07,4.50920358848163e-07,4.95827099765239e-07,5.44878876974319e-07,5.98533781067169e-07,6.57726017494576e-07,7.2321496398085e-07,7.95159265367921e-07,8.73642365451067e-07,9.59597640330851e-07,1.05456232795556e-06,1.15937459113812e-06,1.27412040359062e-06,1.39940800940886e-06,1.53732402794659e-06,1.68957629269217e-06,1.85692430845887e-06,2.03985739249372e-06,2.24055764743607e-06,2.46131451710657e-06,2.70401740886803e-06,2.96979992546435e-06,3.26271265504999e-06,3.58546242307725e-06,3.93838516450928e-06,4.32266571531012e-06,4.74717440476385e-06,5.2164142921186e-06,5.73081911533996e-06,6.29244633303218e-06,6.91092955371642e-06,7.58865302715835e-06,8.33134117667761e-06,9.14727254289531e-06,1.00495196645391e-05,1.10374509046324e-05,1.2116049041547e-05,1.32969738235441e-05,1.45994751395272e-05,1.60298148404062e-05,1.75983714975567e-05,1.9317416064601e-05,2.12013261965584e-05,2.32634864080501e-05,2.55314643652723e-05,2.8022656796793e-05,3.07465991172384e-05,3.37251980388079e-05,3.69990660855728e-05,4.05905433384325e-05,4.45120298395182e-05,4.88018684324138e-05,5.35150830395472e-05,5.86861490998855e-05,6.43279054187264e-05,7.04867192709445e-05,7.72291712360469e-05,8.46226382229541e-05,9.27010526942463e-05,0.000101526480368668,0.000111151104896857,0.000121670474859359,0.00013315273475258,0.000145692253182776,0.00015933268307607,0.000174230720465165,0.00019047337257491,0.000208194667515129,0.000227428527086768,0.000248368266641424,0.000271104360113615,0.000295904678674886,0.000322787381178526,0.000351990198651058,0.000383577237019354,0.000417879337392696,0.000454929025780388,0.000495191258411056,0.000538622979530277,0.000585377179644564,0.000635606434402695,0.000689964998296313,0.000748517633044894,0.000811316775683082,0.000878367018633296,0.000950200488189208,0.00102699441379499,0.00110885806063767,0.00119581699090782,0.00128817367992744,0.00138599141331113,0.00148912892632793,0.00159765613944322,0.00171147739020796,0.00183052267703539,0.00195434861661729,0.00208314455599843,0.00221588893552103,0.00235210645817844,0.00249072378525767,0.00263217744301586,0.00277456721595631,0.00291730170745056,0.00305783547700296,0.00319635049171584,0.00333019532589737,0.00345924064243027,0.00357924880416299,0.00369021334049559,0.00378828204695,0.0038742108745797,0.00394312404565424,0.00399553002341202,0.00402623652157821,0.0040374964131275,0.0040252148253928,0.00399067847492952,0.00392967886930369,0.00384461658386271,0.00373561216273262,0.00360393942973623,0.00344742380946198,0.00327005713569501,0.00307663108048,0.00286849541554983,0.00264627479148835,0.00241463641967652,0.00218060784466343,0.0019471376263114,0.00171721384500254,0.00149226041436478,0.00127797621403271,0.00107961865180633,0.000900614402805287,0.000736663144667179,0.000588869536839814,0.000462214978917818,0.000358984904421391,0.000272524475987538,0.000200315064827423,0.000143455425988405,0.000100993243617201,6.9073997749933e-05,4.60373860755939e-05,2.98530459952608e-05,1.81455312186988e-05,1.0518732724477e-05,6.38493627889454e-06,3.76326620878939e-06,1.79750072177073e-06,8.60085052725952e-07,4.90028962529139e-07,2.31147941573646e-07,8.13234140890186e-08,4.18173777605101e-08,1.28329619243195e-08,4.78722001160276e-09,1.90690390968565e-09,0
93293040.262847,0,1.63495290168425e-08,1.46723467679852e-09,1.75902511993031e-08,2.85473748571122e-09,2.18004286350644e-08,4.09159575688624e-09,2.41588332593312e-08,7.17500576256817e-09,2.73408326239389e-08,1.24975408420971e-08,2.68836017344566e-08,2.18976242540658e-08,2.77944857264232e-08,2.88447747553985e-08,3.2958644883929e-08,3.53481579910093e-08,3.94347311787891e-08,4.3281511550046e-08,4.7594823873711e-08,5.25570631740743e-08,5.77012512112867e-08,6.348901353267e-08,6.99555845033622e-08,7.69962981388039e-08,8.47569766787309e-08,9.32288325915178e-08,1.02552817888858e-07,1.12889490730125e-07,1.24214644763678e-07,1.36662275786231e-07,1.50289832734944e-07,1.65346201797543e-07,1.81946582826139e-07,2.00169458096102e-07,2.20055585931967e-07,2.4191043101779e-07,2.66113328479637e-07,2.92865489388349e-07,3.22046046559167e-07,3.53864871962925e-07,3.88940356180406e-07,4.27896990001062e-07,4.70782477734828e-07,5.17457976087195e-07,5.68338656249621e-07,6.24635152212877e-07,6.87112521959779e-07,7.55623519876295e-07,8.30301931394227e-07,9.1224606102335e-07,1.00268863893512e-06,1.10227161850223e-06,1.21149067439492e-06,1.33121718969228e-06,1.46295879589255e-06,1.6076915657607e-06,1.76655872671934e-06,1.94116224480363e-06,2.13332875424269e-06,2.34371138780726e-06,2.57413781387484e-06,2.82732893514308e-06,3.10757026051731e-06,3.41618505247066e-06,3.75249257023864e-06,4.1178680091046e-06,4.52201377235306e-06,4.97037204415239e-06,5.4629314893761e-06,5.99953102668249e-06,6.58799979057855e-06,7.23248265342132e-06,7.94159063319644e-06,8.7226551970677e-06,9.58458843493273e-06,1.05257794665397e-05,1.15532840495276e-05,1.26805466406606e-05,1.39259995989929e-05,1.52925743260087e-05,1.67876546960593e-05,1.8425403216035e-05,2.02239366364053e-05,2.21960545746175e-05,2.43631942128254e-05,2.6737874202389e-05,2.93327625137779e-05,3.21771434664099e-05,3.530817308563e-05,3.87352149776136e-05,4.2469904024322e-05,4.65629054517353e-05,5.10696407289797e-05,5.60100967365672e-05,6.13895214033806e-05,6.72595722725211e-05,7.36918788293934e-05,8.07501265836939e-05,8.8463319184763e-05,9.68884104090234e-05,0.000106073366428299,0.000116113686355059,0.000127074053756544,0.000139031312796563,0.000152035641653976,0.000166268218015273,0.000181801698656183,0.000198715204748224,0.00021703697880223,0.000237004951756194,0.000258728723165065,0.000282418112064595,0.000308064734530036,0.00033593324523591,0.000366086326146362,0.000398810721685364,0.000434174042487008,0.000472637219681663,0.000514083711813534,0.000558636645302755,0.000606548543633667,0.000658501432272744,0.000714436266586623,0.000774293091140206,0.000838182280013017,0.000906742917550663,0.000980067771659551,0.00105814564261539,0.00114105248297427,0.00122916219084941,0.00132250056549824,0.00142086481668877,0.0015243299942983,0.00163284619047784,0.00174639044662639,0.00186455987676927,0.00198742691546079,0.00211392670032036,0.00224377668502681,0.00237611590573886,0.0025111628894052,0.00264689189835801,0.00278292262987311,0.00291711103096303,0.00304950519623358,0.00317725216389076,0.00330030203525077,0.00341489662001066,0.00352099852118762,0.00361484366911325,0.00369712798570781,0.00376295883954948,0.00381292533234279,0.00384263489249818,0.00385403706624915,0.00384233557671025,0.00380905496331069,0.00375144513630763,0.00367133972413674,0.00356696578862248,0.00344025858492137,0.003291757443067,0.0031241791708493,0.00293895034893229,0.00273869356823767,0.00252717509644377,0.00230768862040545,0.00208429215722531,0.0018600810574445,0.00163960620086089,0.00142554070699083,0.00122276133918293,0.001033094081869,0.000859253135469866,0.000701809681307638,0.000563453301585679,0.00044386583050753,0.000342960456499101,0.00025875870092664,0.000190933492648996,0.000137566215155154,9.6684466762143e-05,6.60071070951302e-05,4.38145298732413e-05,2.80882059179125e-05,1.73460365718814e-05,1.04509901878257e-05,6.08773012946688e-06,3.33838806612737e-06,1.73739805023086e-06,9.25507551592817e-07,4.49638645873203e-07,1.99319564279843e-07,8.63544942704423e-08,4.07496337900736e-08,1.3072405615134e-08,5.32936807229349e-09,5.67296883984698e-10,0
95477161.1420807,0,1.63054292956886e-08,2.61665958453141e-09,1.46576565691894e-08,9.63946750255658e-10,2.37547309675784e-08,5.25652792867485e-09,2.02690171213816e-08,5.68131194389834e-09,2.83339645843818e-08,1.27155113885039e-08,2.34799814387371e-08,2.03278968912525e-08,2.82918828017923e-08,2.70583713050385e-08,2.98265487364092e-08,3.44916423734916e-08,3.79471771454382e-08,4.00491146794107e-08,4.53028396389878e-08,5.04066173677049e-08,5.4456769529618e-08,6.01797011529833e-08,6.64244329545872e-08,7.31010899865093e-08,8.06814710846507e-08,8.86289690062944e-08,9.73325862399358e-08,1.07209301471307e-07,1.18179993715111e-07,1.30151563644979e-07,1.43059948194232e-07,1.57207228113646e-07,1.7294009679166e-07,1.90629296739223e-07,2.09893421478337e-07,2.30434333999077e-07,2.52957230458872e-07,2.78634402286685e-07,3.07288989375999e-07,3.37793866980489e-07,3.70291191771542e-07,4.06914225488985e-07,4.48865015473599e-07,4.94406570319966e-07,5.41974307353684e-07,5.94150947897576e-07,6.5448017095672e-07,7.21955075302898e-07,7.93113589151975e-07,8.68936302539617e-07,9.54696187810421e-07,1.05205086773341e-06,1.15717570104147e-06,1.2691766155372e-06,1.39383608817023e-06,1.53439854033155e-06,1.68742439053116e-06,1.85088108478088e-06,2.0315321952168e-06,2.23606997840199e-06,2.46036693177466e-06,2.69756458867038e-06,2.95908697949814e-06,3.25876640660042e-06,3.58603654326376e-06,3.9276476687064e-06,4.30674134077197e-06,4.74414615116319e-06,5.22162153638725e-06,5.72321625066531e-06,6.27800883592181e-06,6.90365568816867e-06,7.5833407861289e-06,8.31577626805392e-06,9.14033071950352e-06,1.00562353637111e-05,1.10323537770364e-05,1.20863989599845e-05,1.32752186997955e-05,1.45948679776277e-05,1.60240805912581e-05,1.75839042080414e-05,1.92951382151802e-05,2.115798950995e-05,2.32253686025708e-05,2.553163287655e-05,2.80149604320777e-05,3.06650545635661e-05,3.36292397055018e-05,3.69738000065466e-05,4.05708400739265e-05,4.43936320330446e-05,4.86508635236781e-05,5.34525875716944e-05,5.864434620647e-05,6.4166358215587e-05,7.02236887470252e-05,7.70063586073125e-05,8.4465478247063e-05,9.25116045424297e-05,0.000101177856733319,0.00011069891350241,0.000121241951827588,0.000132757094660328,0.000145119222580004,0.000158594905313215,0.000173471523785866,0.000189753789022418,0.00020720850511359,0.000226131990121959,0.000246922848046787,0.000269661002472063,0.000294030333210859,0.000320554453070122,0.000349623141694168,0.000380986962583076,0.000414312877961579,0.000450878660437462,0.000491106176600859,0.000533940675246588,0.000578840027800206,0.000627951526290384,0.000682375515830716,0.000740369756695904,0.000800510087850903,0.000864981188320179,0.000935592059915173,0.00101115009497485,0.0010901183422777,0.00117358870179934,0.00126277633746324,0.00135711483920167,0.00145612324177789,0.00155977247710577,0.00166781681011059,0.00178029859062268,0.00189842724404644,0.00202030146318931,0.00214358754772057,0.0022685233108524,0.00239787575437582,0.00252894394015679,0.00265909710699033,0.00278641250018968,0.00291220508968613,0.00303428353414289,0.00315272382123544,0.00326312389813901,0.00336381558641981,0.00345157407961344,0.00353002128010739,0.00359532065885535,0.00364416209733966,0.00366988843080691,0.0036787581563361,0.00367008854089577,0.00364067632231619,0.00358341843234315,0.00350472660074899,0.00340667590532323,0.00328678853378749,0.0031435397402315,0.00298321443893454,0.00280716378092662,0.00261487556121218,0.00241181679424248,0.00220344002345769,0.00199046450285364,0.00177487632707932,0.00156474904459571,0.00136132489926357,0.00116547442828582,0.000983326450971559,0.000821545046428123,0.000672990099587602,0.000535822066029679,0.000419762104437291,0.000328421519023798,0.000249603401011745,0.000181332523840922,0.000130107609286251,9.30434586144158e-05,6.30218406019802e-05,4.14447891113399e-05,2.76751514327194e-05,1.67168917171128e-05,8.95175131031806e-06,5.83990651662697e-06,3.93427259192637e-06,1.52069933965587e-06,4.97390734218978e-07,5.68571682619937e-07,3.19287836574546e-07,-1.07359016406759e-08,1.66582823155323e-08,5.15647347762808e-08,6.06718535481459e-10,-9.05643701490445e-09,0
97712415.353465,0,1.49267739003044e-08,1.01859450089684e-09,1.68932483009907e-08,3.02425138379477e-09,1.8953865572066e-08,4.08311138057746e-09,2.34853778929047e-08,5.49728988617745e-09,2.51927744541392e-08,1.25993135539557e-08,2.41718830550846e-08,2.01924503189435e-08,2.62928854038378e-08,2.63964879650254e-08,3.04350372122045e-08,3.31158638749978e-08,3.62916641788306e-08,4.01878235658246e-08,4.4123543453425e-08,4.85378201998332e-08,5.35419425858652e-08,5.86997737300939e-08,6.46931991102005e-08,7.11495214777444e-08,7.82406123947502e-08,8.61175028129813e-08,9.4635668436614e-08,1.04062768621224e-07,1.14372746195144e-07,1.2583077404498e-07,1.38408080635329e-07,1.5214704546673e-07,1.6722887916371e-07,1.83867419028195e-07,2.02210438439551e-07,2.2233318288269e-07,2.44406094702523e-07,2.68752058108554e-07,2.95512674379148e-07,3.24793277015998e-07,3.56917444745953e-07,3.92520606909143e-07,4.31855493342609e-07,4.74845398261682e-07,5.21642344014504e-07,5.73049798555394e-07,6.3003924979667e-07,6.93067132856696e-07,7.61957053229117e-07,8.36945897110691e-07,9.19529766162629e-07,1.01107556403465e-06,1.11156583426961e-06,1.22098207103758e-06,1.34121621875453e-06,1.47400829033567e-06,1.61978190813773e-06,1.77910105855692e-06,1.95463405819611e-06,2.14837611489176e-06,2.36044956386017e-06,2.59018172231342e-06,2.84276760902795e-06,3.12567932237047e-06,3.43865452184712e-06,3.77389313337037e-06,4.13812138236619e-06,4.54592792342011e-06,4.99823525592336e-06,5.48726698226789e-06,6.02566445963987e-06,6.62238380880571e-06,7.26877859372622e-06,7.96553010652473e-06,8.74727775944338e-06,9.62464331759616e-06,1.05755040286237e-05,1.15918176498546e-05,1.27114821524488e-05,1.39609469944684e-05,1.53375046213561e-05,1.68355526265676e-05,1.84720025137103e-05,2.02637388360646e-05,2.22333746026922e-05,2.44026437184668e-05,2.67772778442591e-05,2.93631945547119e-05,3.22105060125286e-05,3.5352859204453e-05,3.87729087027347e-05,4.24903164748475e-05,4.65766716438805e-05,5.10756674163397e-05,5.59996315025945e-05,6.13722677764824e-05,6.72259620380497e-05,7.36485472462695e-05,8.07025556162783e-05,8.83919089160809e-05,9.6734609344393e-05,0.00010587653609277,0.000115905422965076,0.000126858417379913,0.000138724326004719,0.000151632339643024,0.000165725671176342,0.000181186423225496,0.000198008322714838,0.00021626566264764,0.000235990292509321,0.000257509504630214,0.000280962004526222,0.000306478271330377,0.000333973891982624,0.000363772392320349,0.000395974956848981,0.000430995807338439,0.000468863747012206,0.000509716287173924,0.000553475726134529,0.000600646588576294,0.000651578255919092,0.000706336396476855,0.00076458579235626,0.000826994881049503,0.000894182058643696,0.000965843226019193,0.00104128791112346,0.00112107251180642,0.0012061882344429,0.0012965264496364,0.00139123812982972,0.001490091634647,0.0015936325718128,0.00170142777194046,0.00181335890112645,0.00192892359211255,0.00204785878724957,0.00216857689090531,0.00229129078666894,0.00241506011061224,0.00253969085335623,0.00266261919435669,0.00278313591258273,0.00289832934019648,0.003010001409441,0.00311632910393548,0.00321424330204851,0.00329777782904582,0.00337115078962849,0.00343220348772213,0.00347843620825432,0.00350503695742838,0.00351523072505833,0.00350343710631008,0.00347185106323815,0.00342061403053055,0.00334850947229828,0.00325120760842057,0.00313446318252193,0.00300046989554368,0.0028480323591631,0.00267773864723964,0.00249453548036851,0.00230227259705107,0.00210243260953014,0.00189813634323035,0.00169295523574124,0.00149200857838849,0.00129798891708474,0.00111382031486652,0.000939419363384405,0.000779275623860216,0.000637424527344278,0.000514105011937784,0.000404104833815534,0.000309527174548992,0.000233652220780341,0.000174094404665379,0.000125234300029723,8.71176166403254e-05,5.95725608092446e-05,3.95926372615597e-05,2.52196236759698e-05,1.59294473079964e-05,9.70824678787879e-06,5.2143295905272e-06,2.83428380197598e-06,1.79280971150944e-06,9.12100728169628e-07,2.88471644306175e-07,1.7809405151301e-07,1.24244545718872e-07,2.41337757035476e-08,2.70270993201429e-09,1.17983683922613e-08,5.3008734394274e-10,0
100000000,0,1.31647629707317e-08,1.6808198622026e-09,1.80978145384308e-08,6.55129424381838e-10,1.57393339766415e-08,7.37520460894743e-09,2.20544228744353e-08,2.13170540755169e-09,2.54587290974388e-08,1.28358902484296e-08,2.08500302565268e-08,1.95750574009405e-08,2.53495894475791e-08,2.38417357428549e-08,2.89383880276938e-08,3.13078905277764e-08,3.37984928735017e-08,3.78734263358711e-08,4.13797933702518e-08,4.54859114703263e-08,5.05399818807482e-08,5.52733498317236e-08,6.07658147386601e-08,6.69436273042573e-08,7.36720359968325e-08,8.12116514337901e-08,8.93046659079256e-08,9.81717459114409e-08,1.07966009303103e-07,1.18838222260014e-07,1.30824158335467e-07,1.43902106924244e-07,1.58106136629809e-07,1.73842162382785e-07,1.91409189655082e-07,2.10651581384081e-07,2.31326188818478e-07,2.54192311273813e-07,2.79929505867786e-07,3.08067964225359e-07,3.3814186386695e-07,3.71199203142059e-07,4.08625264665035e-07,4.50410623255436e-07,4.95223872550162e-07,5.42894891022665e-07,5.95817191364007e-07,6.5623154240881e-07,7.23075190757804e-07,7.94188417595349e-07,8.70833710100959e-07,9.57073014153305e-07,1.05422138381051e-06,1.1592283502021e-06,1.27165361241166e-06,1.39623839883323e-06,1.53611554884652e-06,1.68905800735637e-06,1.85459384151943e-06,2.03698094105511e-06,2.24003951163035e-06,2.4606799060682e-06,2.69872918515904e-06,2.96468488990608e-06,3.26534981548025e-06,3.58842450203467e-06,3.93176912728345e-06,4.31485842308828e-06,4.74644485490273e-06,5.21395416653618e-06,5.72520719696048e-06,6.29459142392231e-06,6.91473438550957e-06,7.5771692701833e-06,8.31313277577309e-06,9.14509184580082e-06,1.00580600720209e-05,1.10338234363215e-05,1.20993043984467e-05,1.32806952963879e-05,1.45828041241145e-05,1.60158243618783e-05,1.75955977175193e-05,1.93041867215277e-05,2.11548616030348e-05,2.32179664892416e-05,2.55118712608992e-05,2.7979557589628e-05,3.06575424281271e-05,3.36567933454492e-05,3.69654040920603e-05,4.05006408638321e-05,4.43340763719743e-05,4.86290442362571e-05,5.33927281433931e-05,5.85320194289602e-05,6.40755259847673e-05,7.01760431520575e-05,7.69034375664885e-05,8.42613064616171e-05,9.22445933309475e-05,0.000100936768924412,0.000110468869362407,0.000120959613377612,0.000132331766179243,0.000144621718898657,0.000158014932263309,0.000172759227235467,0.000188851017269616,0.00020632801720507,0.000225178850661279,0.000245665430049813,0.000267929959895844,0.000292257329352534,0.00031871007406408,0.000347337965183449,0.000377816757606882,0.00041084739646646,0.000447215249831874,0.000486835801337843,0.000528617376658001,0.000572943818194982,0.000621217835902241,0.000674080468068523,0.000730334323079622,0.000789657798018068,0.000853138128850491,0.000921496618004974,0.000994035239302599,0.00107048653211356,0.00115141874457815,0.00123729564096978,0.00132801291313898,0.00142295490584621,0.00152170203258714,0.00162395123995205,0.0017306351745732,0.001841558733311,0.00195542786368786,0.00207027443235606,0.00218736957878642,0.00230601788281331,0.00242477381432724,0.002541313273161,0.00265663424562462,0.00276786160886974,0.00287437568050063,0.00297421358411112,0.00306761812854881,0.0031492105979975,0.00321930534083438,0.00327605539602267,0.00332041463141134,0.00334662754181623,0.00335595523211114,0.00334505333788934,0.00331551589094241,0.00326524323781716,0.00319578459853705,0.00310488251324252,0.00299420872548343,0.0028646197395898,0.00271850592742956,0.00255729477081065,0.0023834215196609,0.00219949047175425,0.00200794165128579,0.00181342000764062,0.00161916360368548,0.00142769542270763,0.00124070556492782,0.00106383844629533,0.000899515289666493,0.000748812559143423,0.000611357116690726,0.000490550234667571,0.000386617712984815,0.000298980592589809,0.000225766494242458,0.000166619542233001,0.000119958512186665,8.43455332825622e-05,5.76701527901215e-05,3.83170374635921e-05,2.46076728405917e-05,1.51697759510707e-05,9.07501035045801e-06,5.33595769684833e-06,2.97643426582821e-06,1.506920865999e-06,7.91747576093917e-07,4.0928575416234e-07,1.74326228893212e-07,7.11839888367781e-08,4.02224682292856e-08,9.4812083990763e-09,3.43372511510496e-09,2.06538644704198e-09,0
